{
"type": "FeatureCollection",
"name": "bunds",
"crs": { "type": "name", "properties": { "name": "urn:ogc:def:crs:OGC:1.3:CRS84" } },
"features": [
{ "type": "Feature", "properties": { "code": "BND001", "name": "ABAD IOOP BUND" }, "geometry": { "type": "LineString", "coordinates": [ [ 68.226839447000032, 27.386994956000024 ], [ 68.227453021000031, 27.399149765000061 ], [ 68.228975803000083, 27.41871917900005 ], [ 68.228637951000053, 27.428693345000056 ], [ 68.229052909000075, 27.42963667600003 ], [ 68.228458851000028, 27.431957113000067 ], [ 68.227494124000032, 27.448606374000065 ], [ 68.230595085000061, 27.45332780800004 ], [ 68.231440862000056, 27.453912140000057 ], [ 68.231433855000034, 27.454657977000068 ], [ 68.235664949000068, 27.460882325000057 ], [ 68.235494862000053, 27.46652292300007 ], [ 68.236067646000038, 27.46790820700005 ], [ 68.256680291000066, 27.474963575000061 ], [ 68.256502129000069, 27.475186452000059 ], [ 68.235926833000065, 27.467977846000053 ], [ 68.235343263000061, 27.466459932000078 ], [ 68.235595062000073, 27.460929182000029 ], [ 68.23130916100007, 27.454680365000058 ], [ 68.231393543000081, 27.454016858000045 ], [ 68.230539587000067, 27.453450218000057 ], [ 68.227378101000056, 27.44874373600004 ], [ 68.228295207000031, 27.431264929000065 ], [ 68.228829245000043, 27.429976436000061 ], [ 68.228487851000068, 27.428797855000028 ], [ 68.228871942000069, 27.420562387000075 ], [ 68.227261317000057, 27.399441115000059 ], [ 68.22663028900007, 27.386896877000027 ] ] } },
{ "type": "Feature", "properties": { "code": "BND002", "name": "ABAD RING BUND" }, "geometry": { "type": "LineString", "coordinates": [ [ 68.252683922000074, 27.529656461000059 ], [ 68.248590838000041, 27.506680580000079 ], [ 68.245788939000079, 27.50315659100005 ], [ 68.24340204300006, 27.499205848000031 ], [ 68.243700320000073, 27.495842825000068 ], [ 68.246215497000037, 27.486845283000036 ], [ 68.243737297000052, 27.482644264000044 ], [ 68.253962357000034, 27.482146579000073 ], [ 68.257273385000076, 27.479477304000056 ], [ 68.255851464000045, 27.477432516000079 ], [ 68.263058891000071, 27.460445629000048 ], [ 68.262779735000038, 27.460435432000054 ], [ 68.255580518000045, 27.477442706000033 ], [ 68.25691246100007, 27.479277770000067 ], [ 68.253958995000062, 27.482007727000052 ], [ 68.243487980000054, 27.482557254000028 ], [ 68.246011847000034, 27.486890489000075 ], [ 68.243473188000053, 27.495852632000037 ], [ 68.243263870000078, 27.499264994000043 ], [ 68.245560547000082, 27.503228989000036 ], [ 68.248423521000063, 27.506729121000035 ], [ 68.252358116000039, 27.529699868000023 ] ] } },
{ "type": "Feature", "properties": { "code": "BND003", "name": "AQIL LOOP" }, "geometry": { "type": "LineString", "coordinates": [ [ 68.289853279000056, 27.577671654000028 ], [ 68.288364739000031, 27.582150863000038 ], [ 68.265084263000062, 27.570523595000054 ], [ 68.265301712000053, 27.57089376700003 ], [ 68.288234372000034, 27.582611478000047 ], [ 68.286718704000066, 27.586800831000062 ], [ 68.277546822000033, 27.597936448000041 ], [ 68.273825651000038, 27.604456083000059 ], [ 68.273993164000046, 27.604593995000073 ], [ 68.278414876000056, 27.597018899000034 ], [ 68.286793657000032, 27.587134523000032 ], [ 68.290119818000051, 27.578133646000026 ] ] } },
{ "type": "Feature", "properties": { "code": "BND004", "name": "BAGREGI LOOP BUND" }, "geometry": { "type": "LineString", "coordinates": [ [ 68.734919327000057, 27.757834159000026 ], [ 68.738319355000044, 27.763032984000063 ], [ 68.738498423000067, 27.763785497000072 ], [ 68.737519389000056, 27.765227615000072 ], [ 68.737574850000044, 27.766323382000053 ], [ 68.740048680000029, 27.767442756000037 ], [ 68.741150842000081, 27.767606322000063 ], [ 68.728770782000083, 27.776521586000058 ], [ 68.740936404000081, 27.76770906400003 ], [ 68.740189778000058, 27.767536566000047 ], [ 68.738413113000036, 27.76686023700006 ], [ 68.737468648000061, 27.766307961000052 ], [ 68.737434877000055, 27.765217509000024 ], [ 68.738400156000068, 27.763808257000051 ], [ 68.738270643000078, 27.763041271000077 ], [ 68.734770351000066, 27.757879067000033 ] ] } },
{ "type": "Feature", "properties": { "code": "BND005", "name": "DAHAR LOOP BUND" }, "geometry": { "type": "LineString", "coordinates": [ [ 68.846987894000051, 27.875330496000061 ], [ 68.836144015000059, 27.888122410000051 ], [ 68.835466368000084, 27.889957387000038 ], [ 68.840683826000031, 27.898775710000052 ], [ 68.847085720000052, 27.903642876000049 ], [ 68.847090815000058, 27.904377208000028 ], [ 68.84141298600008, 27.900209308000058 ], [ 68.840237798000032, 27.898861857000043 ], [ 68.837155178000046, 27.894241062000049 ], [ 68.834969121000029, 27.890327054000068 ], [ 68.834765248000053, 27.889301523000029 ], [ 68.835701230000041, 27.887531476000049 ], [ 68.84692936700003, 27.874629924000033 ] ] } },
{ "type": "Feature", "properties": { "code": "BND006", "name": "E F LINK BUND" }, "geometry": { "type": "LineString", "coordinates": [ [ 68.85483150400006, 27.896316961000025 ], [ 68.852083811000057, 27.901955899000029 ], [ 68.851604843000075, 27.90216481300007 ], [ 68.848328326000058, 27.901852078000047 ], [ 68.847345382000071, 27.902935531000026 ], [ 68.847853308000083, 27.910577365000051 ], [ 68.848580428000048, 27.912376326000071 ], [ 68.853930069000057, 27.917399272000068 ], [ 68.855656029000045, 27.917963118000046 ], [ 68.856183128000055, 27.918088994000072 ], [ 68.863781703000029, 27.916387556000075 ], [ 68.864110934000053, 27.916671532000066 ], [ 68.856266252000069, 27.918410556000026 ], [ 68.854964746000064, 27.918213063000053 ], [ 68.853225346000045, 27.917198865000046 ], [ 68.848542878000046, 27.912813213000049 ], [ 68.847905886000035, 27.911863847000063 ], [ 68.847609079000051, 27.910877202000052 ], [ 68.847070646000077, 27.902833262000058 ], [ 68.847711161000063, 27.901820471000065 ], [ 68.84824033700005, 27.901576585000043 ], [ 68.851362519000077, 27.901930113000049 ], [ 68.851961883000058, 27.901710835000074 ], [ 68.854694598000037, 27.896050434000074 ] ] } },
{ "type": "Feature", "properties": { "code": "BND007", "name": "Flood Protection" }, "geometry": { "type": "LineString", "coordinates": [ [ 67.830011008000042, 26.398725115000047 ], [ 67.821133788000054, 26.402632565000033 ], [ 67.792235135000055, 26.412792189000072 ], [ 67.74627027300005, 26.418155179000053 ], [ 67.712312343000065, 26.429318445000035 ], [ 67.696403185000065, 26.447871316000032 ], [ 67.687611815000082, 26.467941109000037 ], [ 67.68098647000005, 26.481082459000049 ], [ 67.679240617000062, 26.481043962000058 ], [ 67.673693747000073, 26.479680202000054 ], [ 67.670722289000082, 26.47983849600007 ], [ 67.667622936000043, 26.480934600000069 ], [ 67.660102615000028, 26.48464324300005 ], [ 67.65370536100005, 26.488998800000047 ], [ 67.652852697000071, 26.493046820000075 ], [ 67.64909926100006, 26.496867077000047 ], [ 67.645772177000083, 26.497249970000041 ], [ 67.628224903000046, 26.508251431000076 ], [ 67.620503900000074, 26.511174124000036 ], [ 67.598913118000041, 26.524693691000039 ], [ 67.572980463000079, 26.540086219000045 ], [ 67.56914512000003, 26.54271699800006 ], [ 67.563388099000065, 26.549466233000032 ], [ 67.545849211000075, 26.57154840100003 ], [ 67.542012896000074, 26.584622462000027 ], [ 67.537787156000036, 26.59617614800004 ], [ 67.53727480200007, 26.598463976000062 ], [ 67.537528898000062, 26.608416158000068 ], [ 67.539191647000052, 26.610475864000023 ], [ 67.560951799000065, 26.629618149000066 ], [ 67.571308019000071, 26.639228849000062 ], [ 67.580776869000033, 26.647235766000051 ], [ 67.584999956000047, 26.652838956000039 ], [ 67.593574157000035, 26.672848844000043 ], [ 67.597390399000062, 26.683452711000029 ], [ 67.598526861000039, 26.690188822000039 ], [ 67.598424138000041, 26.700139713000056 ], [ 67.596255213000063, 26.70336874700007 ], [ 67.589853085000072, 26.706597379000073 ], [ 67.586445108000078, 26.708903650000025 ], [ 67.58272727800005, 26.714438146000077 ], [ 67.578904947000069, 26.721541553000066 ], [ 67.577665184000068, 26.725692535000064 ], [ 67.577871285000072, 26.729013645000066 ], [ 67.579729932000077, 26.731689534000054 ], [ 67.583035499000061, 26.738058369000044 ], [ 67.58737367100008, 26.744516207000061 ], [ 67.591815348000068, 26.75457076500004 ], [ 67.594294676000061, 26.765730995000069 ], [ 67.599010999000029, 26.783919234000052 ], [ 67.606208166000044, 26.802511539000079 ], [ 67.609998166000082, 26.815021086000058 ], [ 67.616061759000047, 26.823812982000049 ], [ 67.617583208000042, 26.842075561000058 ], [ 67.621755060000055, 26.851207582000029 ], [ 67.63426798900008, 26.860342057000025 ], [ 67.647165229000052, 26.870830417000036 ], [ 67.653620166000053, 26.881320261000042 ], [ 67.65967931800003, 26.897100100000046 ], [ 67.657786796000039, 26.906909489000043 ], [ 67.655514452000034, 26.915703850000057 ], [ 67.638083983000058, 26.947492507000049 ], [ 67.63467448800003, 26.959326379000061 ], [ 67.631263032000049, 26.966764929000078 ], [ 67.605853429000035, 26.993813588000023 ], [ 67.594472576000044, 27.00361715300005 ], [ 67.585746228000062, 27.010377340000048 ], [ 67.582331256000032, 27.014095320000024 ], [ 67.576259031000063, 27.022883995000029 ], [ 67.569424885000046, 27.036744743000042 ], [ 67.566766750000056, 27.041477839000038 ], [ 67.56562333200003, 27.056017361000045 ], [ 67.566379935000043, 27.064133406000053 ], [ 67.566378057000065, 27.069882517000053 ], [ 67.56447774600008, 27.074955537000051 ], [ 67.561437236000074, 27.081719877000069 ], [ 67.559915913000054, 27.087131707000026 ], [ 67.559913613000049, 27.092543912000053 ], [ 67.561430183000084, 27.09863376900006 ], [ 67.565226976000076, 27.101342875000057 ], [ 67.573580667000044, 27.109469366000042 ], [ 67.575478755000063, 27.114209063000033 ], [ 67.577756472000033, 27.121319539000069 ], [ 67.578141299000038, 27.131949206000058 ], [ 67.580800012000054, 27.141079631000025 ], [ 67.584598496000069, 27.156971620000036 ], [ 67.589157263000061, 27.172183928000038 ], [ 67.588397213000064, 27.178606783000077 ], [ 67.588397003000068, 27.188071773000047 ], [ 67.595617736000065, 27.203282830000035 ], [ 67.602079963000051, 27.215113416000065 ], [ 67.603981333000036, 27.222549877000063 ], [ 67.605882626000039, 27.227282144000071 ], [ 67.606643440000028, 27.231000394000034 ], [ 67.606643977000033, 27.235056710000038 ], [ 67.607785155000045, 27.239450998000052 ], [ 67.619195754000032, 27.254324892000056 ], [ 67.631373767000071, 27.272920115000034 ], [ 67.633659313000067, 27.279006888000026 ], [ 67.634045165000032, 27.289828266000029 ], [ 67.631387033000067, 27.299299576000067 ], [ 67.631011609000041, 27.308433747000038 ], [ 67.629874227000073, 27.316553541000076 ], [ 67.629878832000031, 27.325012720000075 ], [ 67.633308674000034, 27.331104811000046 ], [ 67.642069795000054, 27.343898728000056 ], [ 67.653116021000073, 27.357085955000059 ], [ 67.657688500000063, 27.366217142000039 ], [ 67.670264418000045, 27.387518640000053 ], [ 67.672170923000067, 27.392590684000027 ], [ 67.673315932000037, 27.398339619000069 ], [ 67.673317630000042, 27.402736365000067 ], [ 67.661518862000037, 27.428782202000036 ], [ 67.660378888000082, 27.43419214100004 ], [ 67.660780468000041, 27.467660179000063 ], [ 67.663860426000042, 27.512284586000078 ], [ 67.663103425000031, 27.518371413000068 ], [ 67.664252028000078, 27.523443377000035 ], [ 67.667689348000067, 27.529191017000073 ], [ 67.671889029000056, 27.533924103000061 ], [ 67.688299161000032, 27.540344877000052 ], [ 67.702804493000031, 27.545074815000078 ], [ 67.715786826000055, 27.549804792000032 ], [ 67.727626371000042, 27.552844743000037 ], [ 67.734124633000079, 27.55622610100005 ], [ 67.736809498000071, 27.561640006000061 ], [ 67.739113644000042, 27.567393013000071 ], [ 67.73988943300003, 27.572808551000037 ], [ 67.742189804000077, 27.576531390000071 ], [ 67.743350344000078, 27.582963160000077 ], [ 67.743363995000038, 27.589057211000068 ], [ 67.742993237000064, 27.594135986000026 ], [ 67.745995342000072, 27.606982095000035 ], [ 67.755581445000075, 27.624899337000045 ], [ 67.757504770000082, 27.630986541000027 ], [ 67.759423745000049, 27.634706121000079 ], [ 67.758830110000076, 27.642889688000025 ], [ 67.735182007000049, 27.66481800400004 ], [ 67.728026081000053, 27.671057951000023 ], [ 67.708368643000028, 27.690900814000031 ], [ 67.68444237500006, 27.714053212000067 ], [ 67.644726878000029, 27.749154899000075 ], [ 67.632517168000049, 27.762433456000053 ], [ 67.62638398100006, 27.777396775000057 ], [ 67.618050069000049, 27.799927893000074 ], [ 67.606522080000047, 27.827690073000042 ], [ 67.602685757000074, 27.843671577000066 ], [ 67.60534554700007, 27.870633945000066 ], [ 67.608700997000028, 27.887471123000068 ], [ 67.613615373000073, 27.906113765000043 ], [ 67.623956128000032, 27.92932018700003 ], [ 67.641717569000036, 27.967362090000051 ], [ 67.657858258000033, 27.992896339000026 ], [ 67.67845520000003, 28.020693185000027 ], [ 67.728592171000059, 28.071375648000071 ], [ 67.793917023000063, 28.133187203000034 ], [ 67.821139348000031, 28.153441072000078 ], [ 67.862108220000039, 28.185064075000071 ], [ 67.89185524800007, 28.209787536000078 ], [ 67.911598142000059, 28.215558729000065 ], [ 67.93191273900004, 28.219402943000034 ], [ 68.00678141800006, 28.225690292000024 ], [ 68.081558390000055, 28.230077245000075 ], [ 68.158110424000029, 28.229174658000034 ] ] } },
{ "type": "Feature", "properties": { "code": "BND008", "name": "GARANG LOOP" }, "geometry": { "type": "LineString", "coordinates": [ [ 68.840291161000039, 27.753619302000061 ], [ 68.840358486000071, 27.75623054600004 ], [ 68.83802484000006, 27.75603224200006 ], [ 68.83828916300007, 27.755754137000054 ], [ 68.840198188000045, 27.756128341000078 ], [ 68.840127075000055, 27.753795010000033 ] ] } },
{ "type": "Feature", "properties": { "code": "BND010", "name": "GHOUSPUR LOOP BUND" }, "geometry": { "type": "LineString", "coordinates": [ [ 69.166258586000083, 28.150345383000058 ], [ 69.160748978000072, 28.147226142000079 ], [ 69.162420586000053, 28.143611343000032 ], [ 69.167199053000047, 28.143973256000038 ], [ 69.175233526000056, 28.145164392000027 ], [ 69.173562525000079, 28.146813960000031 ], [ 69.171915949000038, 28.147842761000049 ], [ 69.166775715000028, 28.150039841000023 ], [ 69.16638615800008, 28.150323759000059 ], [ 69.166481927000063, 28.150568046000046 ], [ 69.172338919000083, 28.148079511000049 ], [ 69.175668061000067, 28.144865277000065 ], [ 69.166808552000077, 28.143512287000078 ], [ 69.162146624000059, 28.143140487000039 ], [ 69.160357507000072, 28.147151870000073 ], [ 69.157179730000053, 28.152443049000055 ], [ 69.156234615000074, 28.153454754000052 ], [ 69.154989087000047, 28.153895315000057 ], [ 69.153441036000061, 28.153931612000065 ], [ 69.139617068000064, 28.148980468000047 ], [ 69.138501776000055, 28.149058956000033 ], [ 69.129114429000083, 28.151894888000072 ], [ 69.126745410000069, 28.149001899000041 ], [ 69.122054203000062, 28.145144201000051 ], [ 69.118615807000083, 28.142997656000034 ], [ 69.114328052000076, 28.140899754000031 ], [ 69.10353298900003, 28.137325931000078 ], [ 69.086562288000039, 28.132769311000061 ], [ 69.103776651000032, 28.137656205000042 ], [ 69.113461853000047, 28.140776100000039 ], [ 69.118394834000071, 28.143182170000046 ], [ 69.122512536000045, 28.145770334000076 ], [ 69.126895440000055, 28.14946627300003 ], [ 69.128932832000032, 28.151883103000046 ], [ 69.129477792000046, 28.152235726000072 ], [ 69.138595509000083, 28.149265764000063 ], [ 69.139976795000052, 28.149206280000044 ], [ 69.153383492000046, 28.154125865000026 ], [ 69.155042040000069, 28.154321236000044 ], [ 69.156074687000057, 28.154122232000077 ], [ 69.157060913000066, 28.153272788000038 ], [ 69.16035111900004, 28.147674752000057 ], [ 69.164597776000051, 28.149991808000038 ], [ 69.165962434000051, 28.150567891000037 ], [ 69.166275258000042, 28.15036708100007 ] ] } },
{ "type": "Feature", "properties": { "code": "BND011", "name": "GRANG LOOP  1" }, "geometry": { "type": "LineString", "coordinates": [ [ 68.816773004000083, 27.780020851000074 ], [ 68.815890358000047, 27.785595484000055 ], [ 68.809992167000075, 27.785018649000051 ], [ 68.810407131000034, 27.784692997000036 ], [ 68.81543675000006, 27.785353304000068 ], [ 68.81585655300006, 27.78451354200007 ], [ 68.816358972000046, 27.780325578000031 ] ] } },
{ "type": "Feature", "properties": { "code": "BND012", "name": "GUIDE BUND    2" }, "geometry": { "type": "LineString", "coordinates": [ [ 68.845058340000037, 27.682107017000078 ], [ 68.848174490000076, 27.682133195000063 ], [ 68.850649093000072, 27.68263821100004 ], [ 68.851928663000081, 27.68330665700006 ], [ 68.854430648000061, 27.685659825000073 ], [ 68.859022509000056, 27.687247365000076 ], [ 68.859164960000044, 27.687014332000047 ], [ 68.854712379000034, 27.685544919000051 ], [ 68.851805651000063, 27.683103825000046 ], [ 68.849584694000043, 27.682060014000058 ], [ 68.84705617000003, 27.681608819000076 ], [ 68.845128455000065, 27.681740521000052 ], [ 68.845064621000063, 27.682078464000028 ] ] } },
{ "type": "Feature", "properties": { "code": "BND013", "name": "GUIDE BUND    3" }, "geometry": { "type": "LineString", "coordinates": [ [ 68.847383410000077, 27.673544634000052 ], [ 68.853257923000058, 27.674855748000027 ], [ 68.861801359000083, 27.678293507000035 ], [ 68.869328908000057, 27.682136356000058 ], [ 68.878557633000071, 27.688133987000072 ], [ 68.88250099000004, 27.689449023000066 ], [ 68.883436481000047, 27.690708688000029 ], [ 68.883765628000049, 27.692004533000045 ], [ 68.884971832000076, 27.692485587000078 ], [ 68.883622400000036, 27.692079980000074 ], [ 68.882533727000066, 27.689597672000048 ], [ 68.878782118000061, 27.688451765000025 ], [ 68.868358135000051, 27.681802301000062 ], [ 68.861009324000065, 27.67812499300004 ], [ 68.853126595000049, 27.674879972000042 ], [ 68.847381752000047, 27.673544661000051 ] ] } },
{ "type": "Feature", "properties": { "code": "BND014", "name": "GUIDE BUND   1" }, "geometry": { "type": "LineString", "coordinates": [ [ 68.842379805000064, 27.686156726000036 ], [ 68.844121213000051, 27.686327827000071 ], [ 68.847555032000059, 27.687108316000035 ], [ 68.850878949000048, 27.686096729000042 ], [ 68.85147087100006, 27.686308774000054 ], [ 68.852848664000078, 27.685664348000046 ], [ 68.855562423000038, 27.687446825000052 ], [ 68.86068855700006, 27.688802481000039 ], [ 68.860671098000068, 27.689057280000043 ], [ 68.855463753000038, 27.687522970000032 ], [ 68.852912238000044, 27.685875087000056 ], [ 68.851379774000065, 27.686441282000033 ], [ 68.850858665000032, 27.686238228000036 ], [ 68.847495575000039, 27.687159659000031 ], [ 68.842377138000074, 27.686157052000056 ] ] } },
{ "type": "Feature", "properties": { "code": "BND016", "name": "HABAT BUND" }, "geometry": { "type": "LineString", "coordinates": [ [ 69.23710046900004, 28.189064056000063 ], [ 69.256563576000076, 28.193394182000077 ], [ 69.268049142000052, 28.196231923000028 ], [ 69.269982962000029, 28.197137939000072 ], [ 69.271211017000041, 28.198815555000067 ], [ 69.273462734000077, 28.209852949000037 ], [ 69.289532688000065, 28.221759546000044 ], [ 69.289099108000073, 28.221839405000026 ], [ 69.273023685000055, 28.209657793000076 ], [ 69.271003738000047, 28.199146219000056 ], [ 69.269883193000055, 28.197696513000039 ], [ 69.267193117000033, 28.196377119000033 ], [ 69.237041368000064, 28.189440665000063 ] ] } },
{ "type": "Feature", "properties": { "code": "BND017", "name": "ILLYAS LOOP" }, "geometry": { "type": "LineString", "coordinates": [ [ 68.274235833000034, 27.555083125000067 ], [ 68.279588679000028, 27.562974504000067 ], [ 68.282484362000048, 27.561930498000038 ], [ 68.283883213000081, 27.561824441000056 ], [ 68.285384800000031, 27.562033589000066 ], [ 68.28650850300005, 27.563332643000024 ], [ 68.287083561000031, 27.562685500000043 ], [ 68.287503155000081, 27.561427319000074 ], [ 68.287288654000065, 27.562613783000074 ], [ 68.286592039000084, 27.563423741000065 ], [ 68.286192190000065, 27.56358823100004 ], [ 68.285505020000073, 27.562375796000026 ], [ 68.284047071000032, 27.562058937000074 ], [ 68.281927648000078, 27.562296278000076 ], [ 68.279732288000048, 27.563154862000033 ], [ 68.288953751000065, 27.576905187000023 ], [ 68.290315896000038, 27.577907872000026 ], [ 68.288859032000062, 27.577063612000074 ], [ 68.274096179000082, 27.555389467000055 ] ] } },
{ "type": "Feature", "properties": { "code": "BND018", "name": "K K BUND" }, "geometry": { "type": "MultiLineString", "coordinates": [ [ [ 69.289400040000032, 28.221663297000077 ], [ 69.305960438000056, 28.212343044000079 ], [ 69.327312284000072, 28.210047968000026 ], [ 69.328410269000074, 28.210221445000059 ], [ 69.36401816800003, 28.23868092400005 ], [ 69.394379547000028, 28.255550406000054 ], [ 69.395453886000041, 28.256568839000067 ], [ 69.404239092000068, 28.269244170000036 ], [ 69.42654338400007, 28.27241672100007 ], [ 69.436824873000035, 28.277766950000057 ], [ 69.444804099000066, 28.27923535900004 ], [ 69.445487178000064, 28.280821513000035 ], [ 69.446198458000083, 28.281172710000078 ], [ 69.461753934000058, 28.282498193000038 ], [ 69.497059003000061, 28.284716494000065 ], [ 69.499700761000042, 28.28425340900003 ], [ 69.500250275000042, 28.284343877000026 ], [ 69.503705482000044, 28.286810112000069 ], [ 69.543156403000069, 28.318012209000074 ], [ 69.566226045000064, 28.380638671000042 ], [ 69.572265909000066, 28.423913203000041 ], [ 69.566062662000036, 28.380621398000073 ], [ 69.543140326000071, 28.318134529000076 ], [ 69.509611559000064, 28.291855286000043 ], [ 69.507982680000055, 28.290646914000035 ], [ 69.50728145800008, 28.29091498300005 ], [ 69.50666744800003, 28.290511966000054 ], [ 69.506340877000071, 28.290075467000065 ], [ 69.506526091000069, 28.289513226000054 ], [ 69.506723106000038, 28.289674164000076 ], [ 69.506682851000051, 28.289741302000039 ], [ 69.506640792000042, 28.290010522000046 ], [ 69.50680234500004, 28.290256186000079 ], [ 69.507481734000066, 28.290724387000068 ], [ 69.507837717000029, 28.290569431000051 ], [ 69.502500116000078, 28.286219768000024 ], [ 69.500293751000072, 28.284605053000064 ], [ 69.497166697000068, 28.285007111000027 ], [ 69.491230445000042, 28.284735806000072 ], [ 69.49044987700006, 28.285315380000043 ], [ 69.489459836000037, 28.285059924000052 ], [ 69.489435984000067, 28.285019239000064 ], [ 69.489248343478764, 28.284536971658568 ] ], [ [ 69.489248343478764, 28.284536971658568 ], [ 69.489247211000077, 28.284534061000045 ], [ 69.489505744000041, 28.284552295000026 ], [ 69.48951072924406, 28.284561659348928 ] ], [ [ 69.48951072924406, 28.284561659348928 ], [ 69.489666510000063, 28.284854280000047 ], [ 69.490039766000052, 28.284983489000069 ], [ 69.490862397000058, 28.284953791000078 ], [ 69.490951474000042, 28.284697218000076 ], [ 69.48951072924406, 28.284561659348928 ] ], [ [ 69.48951072924406, 28.284561659348928 ], [ 69.489248343478764, 28.284536971658568 ] ], [ [ 69.489248343478764, 28.284536971658568 ], [ 69.489035156000057, 28.284516913000061 ], [ 69.477759376000051, 28.283635312000058 ], [ 69.456827242000031, 28.282322415000067 ], [ 69.445323450000046, 28.281130937000057 ], [ 69.444301146000043, 28.279383032000055 ], [ 69.43698158400008, 28.278008329000045 ], [ 69.426622389000045, 28.272578385000031 ], [ 69.404202551000083, 28.269448473000068 ], [ 69.395210159000044, 28.256568811000079 ], [ 69.394295274000058, 28.255690049000066 ], [ 69.364169097000058, 28.238952163000079 ], [ 69.328204877000076, 28.210316316000046 ], [ 69.306225487000063, 28.212390084000049 ], [ 69.289608610000073, 28.221767521000061 ] ] ] } },
{ "type": "Feature", "properties": { "code": "BND019", "name": "K K LINK BUND" }, "geometry": { "type": "LineString", "coordinates": [ [ 69.404469979000055, 28.269507891000046 ], [ 69.414069177000044, 28.283679281000047 ], [ 69.431151387000057, 28.27498625000004 ], [ 69.43139369000005, 28.275118999000028 ], [ 69.414045869000063, 28.283891175000065 ], [ 69.404196647000049, 28.269454534000033 ] ] } },
{ "type": "Feature", "properties": { "code": "BND020", "name": "KASHMORE BUND" }, "geometry": { "type": "LineString", "coordinates": [ [ 69.289425961000063, 28.221689329000071 ], [ 69.344083991000048, 28.262416359000042 ], [ 69.369124235000072, 28.268618809000031 ], [ 69.373085925000055, 28.267309985000054 ], [ 69.374969792000059, 28.267759675000036 ], [ 69.378631612000049, 28.267691049000064 ], [ 69.379670875000045, 28.267898531000071 ], [ 69.380457057000058, 28.268397985000036 ], [ 69.380867561000059, 28.269297098000038 ], [ 69.380427619000045, 28.270240142000034 ], [ 69.384746936000056, 28.276113877000057 ], [ 69.385387356000081, 28.277236151000068 ], [ 69.385136924000051, 28.277846307000061 ], [ 69.38533612100008, 28.278509803000077 ], [ 69.386405756000045, 28.280445155000052 ], [ 69.387327080000034, 28.281213956000045 ], [ 69.389104807000081, 28.281952234000073 ], [ 69.400206553000032, 28.297090639000032 ], [ 69.404736116000038, 28.30229853000003 ], [ 69.412417874000084, 28.313320460000057 ], [ 69.416197686000032, 28.319802972000048 ], [ 69.425770941000053, 28.332139540000071 ], [ 69.430856984000059, 28.335642152000048 ], [ 69.448542079000049, 28.344246132000023 ], [ 69.487931742000058, 28.364886487000035 ], [ 69.490677765000044, 28.37405375000003 ], [ 69.498902878000081, 28.38268524700004 ], [ 69.511984666000046, 28.397734898000067 ], [ 69.523130338000044, 28.409576947000062 ], [ 69.536596811000038, 28.414218723000033 ], [ 69.547685854000065, 28.417515114000025 ], [ 69.555632580000065, 28.419422291000046 ], [ 69.564055937000035, 28.420386488000076 ], [ 69.567997684000034, 28.42124031000003 ], [ 69.571374506000041, 28.424122660000023 ], [ 69.56985465300005, 28.423670322000078 ], [ 69.567506845000082, 28.421705969000072 ], [ 69.556577390000029, 28.420365301000061 ], [ 69.551013620000049, 28.419113302000028 ], [ 69.535370084000078, 28.414447358000075 ], [ 69.523651975000064, 28.410582099000067 ], [ 69.521409154000082, 28.409462459000054 ], [ 69.51431470700004, 28.401094217000036 ], [ 69.49396734700008, 28.378281642000047 ], [ 69.489937806000057, 28.374328258000048 ], [ 69.487436267000078, 28.365159887000061 ], [ 69.476682572000072, 28.359201633000055 ], [ 69.467474954000068, 28.354900661000045 ], [ 69.458330038000042, 28.349890895000044 ], [ 69.432634398000062, 28.33712790900006 ], [ 69.427748079000082, 28.334388470000079 ], [ 69.423808517000055, 28.330810671000052 ], [ 69.422380378000071, 28.328451494000035 ], [ 69.414559931000042, 28.319043888000067 ], [ 69.404613552000058, 28.303248138000072 ], [ 69.398010624000051, 28.294305460000032 ], [ 69.389003372000047, 28.282324767000034 ], [ 69.386235316000068, 28.280727094000042 ], [ 69.384770729000081, 28.277856456000052 ], [ 69.385000418000061, 28.277142573000049 ], [ 69.380169434000038, 28.270256602000075 ], [ 69.380681885000058, 28.269256022000036 ], [ 69.380322561000071, 28.268503244000044 ], [ 69.378646913000068, 28.267795298000067 ], [ 69.375190165000049, 28.267979726000078 ], [ 69.373172203000081, 28.267552786000067 ], [ 69.369221804000063, 28.268708056000037 ], [ 69.368760936000058, 28.268654197000046 ], [ 69.344030168000074, 28.262634430000048 ], [ 69.289195208000081, 28.22191278400004 ] ] } },
{ "type": "Feature", "properties": { "code": "BND021", "name": "KHAIR WAH BUND" }, "geometry": { "type": "LineString", "coordinates": [ [ 69.227803393000045, 28.165439310000068 ], [ 69.237242940000044, 28.189341429000024 ], [ 69.237009348000072, 28.189450828000076 ], [ 69.22710550100004, 28.165400902000044 ], [ 69.227767578000055, 28.165413340000043 ] ] } },
{ "type": "Feature", "properties": { "code": "BND022", "name": "L B BUND" }, "geometry": { "type": "LineString", "coordinates": [ [ 69.063797222000062, 28.086585625000055 ], [ 69.063201879000076, 28.086288314000058 ], [ 69.063362890000064, 28.085926853000046 ], [ 69.064444605000062, 28.085535333000053 ], [ 69.070307589000038, 28.088299836000033 ], [ 69.071549417000028, 28.088371954000024 ], [ 69.074605097000074, 28.090471526000044 ], [ 69.081761120000067, 28.093175780000024 ], [ 69.085996340000065, 28.095923579000043 ], [ 69.094468611000082, 28.100492331000055 ], [ 69.095918858000061, 28.100561158000062 ], [ 69.098317481000038, 28.100107761000061 ], [ 69.10205574500003, 28.098972426000046 ], [ 69.105226605000041, 28.098559009000041 ], [ 69.107617356000048, 28.097799887000065 ], [ 69.111844818000066, 28.100005595000027 ], [ 69.114015056000028, 28.101757982000038 ], [ 69.113894508000044, 28.101964727000052 ], [ 69.111611332000052, 28.100107373000071 ], [ 69.107690024000078, 28.097970323000027 ], [ 69.104313773000058, 28.098982140000032 ], [ 69.10261506300003, 28.098984374000054 ], [ 69.098785607000082, 28.10017663900004 ], [ 69.094546620000074, 28.100772286000051 ], [ 69.086171136000075, 28.096222458000057 ], [ 69.081990596000082, 28.093481610000026 ], [ 69.075031164000052, 28.090849508000076 ], [ 69.073370226000065, 28.090038269000047 ], [ 69.071643324000036, 28.088577570000041 ], [ 69.070118821000051, 28.088428881000027 ], [ 69.064359108000076, 28.085705920000066 ], [ 69.063477961000046, 28.08611152800006 ], [ 69.064055916000029, 28.086484178000035 ] ] } },
{ "type": "Feature", "properties": { "code": "BND023", "name": "LARKANA SEHWAN BUND" }, "geometry": { "type": "MultiLineString", "coordinates": [ [ [ 67.829590343000064, 26.399073594000072 ], [ 67.830971945000044, 26.398755332000064 ], [ 67.831397270000082, 26.399342571000034 ], [ 67.83074716200008, 26.401194105000059 ], [ 67.830716534000032, 26.403531164000071 ], [ 67.832113543000048, 26.408080920000032 ], [ 67.835499041000048, 26.411183868000023 ], [ 67.837762047000069, 26.415169906000074 ], [ 67.839662428000054, 26.417750372000057 ], [ 67.840728560000059, 26.420405112000026 ], [ 67.840944616000058, 26.422208247000071 ], [ 67.841758501000072, 26.424608460000059 ], [ 67.845537500000034, 26.429816134000077 ], [ 67.849740856000039, 26.432327405000024 ], [ 67.850223893000077, 26.435063975000048 ], [ 67.853040948000057, 26.436318210000024 ], [ 67.854272153000068, 26.436465752000061 ], [ 67.856287463000058, 26.439264351000077 ], [ 67.856440775000067, 26.440001986000027 ], [ 67.855464379000068, 26.450919073000023 ], [ 67.848125573000061, 26.458784402000049 ], [ 67.850540160000037, 26.464124258000027 ], [ 67.850742896000042, 26.465832651000028 ], [ 67.846810991000041, 26.468867738000029 ], [ 67.841503969615104, 26.473021046042604 ] ], [ [ 67.841503969615104, 26.473021046042604 ], [ 67.841485392000038, 26.473035585000048 ], [ 67.841393856000082, 26.473207362000039 ], [ 67.841521158000035, 26.466159701000038 ], [ 67.845184465000045, 26.461957591000044 ], [ 67.847886125000059, 26.459408116000077 ], [ 67.850430489000075, 26.464168351000069 ], [ 67.850611763000074, 26.465798724000024 ], [ 67.84157547600006, 26.472685492000039 ], [ 67.841503969615104, 26.473021046042604 ] ], [ [ 67.841503969615104, 26.473021046042604 ], [ 67.841192444000058, 26.474482925000075 ], [ 67.840466325000079, 26.478818500000045 ], [ 67.83641717900008, 26.508264884000027 ], [ 67.837507334000065, 26.509762541000043 ], [ 67.837344927000061, 26.511598456000058 ], [ 67.835960779000061, 26.513143237000065 ], [ 67.835201601000051, 26.520027888000072 ], [ 67.834838726000044, 26.520582587000035 ], [ 67.832679268000049, 26.521892139000045 ], [ 67.808917971000028, 26.53538486900004 ], [ 67.808207442000082, 26.537188363000041 ], [ 67.807093723000037, 26.537984430000051 ], [ 67.80480833200005, 26.537894136000034 ], [ 67.804209344000071, 26.538148145000036 ], [ 67.779478721000032, 26.552391301000057 ], [ 67.774162266000076, 26.561290879000069 ], [ 67.780384520000041, 26.605208153000035 ], [ 67.796095244000071, 26.640514747000054 ], [ 67.802220611000052, 26.65245619500007 ], [ 67.813225058000057, 26.670986159000051 ], [ 67.811049852000053, 26.683751450000045 ], [ 67.804006762000029, 26.696824125000035 ], [ 67.797792046000041, 26.707515778000072 ], [ 67.797246585000039, 26.734410284000035 ], [ 67.797276200000056, 26.735476865000066 ], [ 67.79773601800008, 26.735818434000066 ], [ 67.797938622000061, 26.736683800000037 ], [ 67.797262345000036, 26.737612973000068 ], [ 67.796464183000069, 26.772237173000065 ], [ 67.796732709000082, 26.773877431000074 ], [ 67.803494853000075, 26.791493934000073 ], [ 67.809219185000075, 26.804694166000047 ], [ 67.817638330000079, 26.830127487000027 ], [ 67.819697985000062, 26.839256011000032 ], [ 67.822759080000083, 26.856845830000054 ], [ 67.822346247000041, 26.863878802000045 ], [ 67.821132527000032, 26.873646413000074 ], [ 67.814172969000083, 26.880903014000069 ], [ 67.812457044000041, 26.897082639000075 ], [ 67.812852546000045, 26.897833991000027 ], [ 67.827995267000063, 26.912861769000074 ], [ 67.833830306000038, 26.914672750000079 ], [ 67.833643376000055, 26.916611347000071 ], [ 67.833861142000046, 26.917086437000023 ], [ 67.836939655000037, 26.921367198000041 ], [ 67.841417661000037, 26.925901087000057 ], [ 67.84830015600005, 26.92941111600004 ], [ 67.85070464100005, 26.928532179000058 ], [ 67.854487516000063, 26.932533503000059 ], [ 67.858919693000075, 26.934918695000079 ], [ 67.867209391000074, 26.936298166000029 ], [ 67.873768627000061, 26.940541582000037 ], [ 67.876275325000051, 26.940760682000075 ], [ 67.878577088000043, 26.939759112000047 ], [ 67.879213831000072, 26.939615954000033 ], [ 67.879938193000044, 26.939883786000053 ], [ 67.886832006000077, 26.960685096000077 ], [ 67.894003063000071, 26.961760877000074 ], [ 67.894564345000049, 26.962328933000038 ], [ 67.900749849000078, 26.96519822700003 ], [ 67.905690888000038, 26.976662124000029 ], [ 67.905588231992866, 26.976722938470431 ] ], [ [ 67.905588231992866, 26.976722938470431 ], [ 67.905528195000045, 26.976758505000078 ], [ 67.905501651331022, 26.97669547686592 ] ], [ [ 67.905501651331022, 26.97669547686592 ], [ 67.904043711000043, 26.973233587000038 ], [ 67.902021224000066, 26.968483706000029 ], [ 67.900573008000038, 26.965220558000055 ], [ 67.894546016000049, 26.962460441000076 ], [ 67.898810967000031, 26.974397687000078 ], [ 67.899702111000067, 26.974855982000065 ], [ 67.905501651331022, 26.97669547686592 ] ], [ [ 67.905501651331022, 26.97669547686592 ], [ 67.905588231992866, 26.976722938470431 ] ], [ [ 67.905588231992866, 26.976722938470431 ], [ 67.905840646000058, 26.976802999000029 ], [ 67.908028377000051, 26.981871276000049 ], [ 67.908791964000045, 26.982547814000043 ], [ 67.91094649300004, 26.98728307600004 ], [ 67.91271598700007, 26.996237664000034 ], [ 67.914764103000039, 27.000882076000039 ], [ 67.913901214000077, 27.002052631000026 ], [ 67.914170979000062, 27.003470829000037 ], [ 67.91590721700004, 27.007530127000052 ], [ 67.915462439000066, 27.010024128000055 ], [ 67.916979722000065, 27.017642595000041 ], [ 67.917441090000068, 27.018290966000052 ], [ 67.917177425000034, 27.018603510000048 ], [ 67.917659554000068, 27.02160770200004 ], [ 67.910814912000035, 27.032811252000045 ], [ 67.903177778000043, 27.039103322000074 ], [ 67.905348184000047, 27.046243792000041 ], [ 67.906780211000068, 27.053716774000065 ], [ 67.908831096000029, 27.05905421500006 ], [ 67.913793422000083, 27.066261146000045 ], [ 67.915124580000054, 27.067621895000059 ], [ 67.921968350000043, 27.071826375000057 ], [ 67.921813073000067, 27.073793313000067 ], [ 67.922441327000058, 27.075359530000071 ], [ 67.931207527000083, 27.08300173300006 ], [ 67.93386539100004, 27.084262468000077 ], [ 67.944316005000076, 27.086579134000033 ], [ 67.945014008000044, 27.086712879000061 ], [ 67.947056707000058, 27.086101191000068 ], [ 67.948867384000039, 27.087876445000063 ], [ 67.950464816000078, 27.090042969000024 ], [ 67.952681738000081, 27.095833213000049 ], [ 67.954489845000069, 27.095742779000034 ], [ 67.956849170000055, 27.096261268000035 ], [ 67.960075281000059, 27.095473394000066 ], [ 67.964237770000068, 27.096978833000037 ], [ 67.964143467000042, 27.097685833000071 ], [ 67.964568328000041, 27.098314801000072 ], [ 67.965374107000059, 27.102041081000039 ], [ 67.96716964500007, 27.104402555000036 ], [ 67.967871919000061, 27.104728622000039 ], [ 67.969561202000079, 27.106863476000058 ], [ 67.971058508000056, 27.107912839000051 ], [ 67.977464711000039, 27.110590669000032 ], [ 67.983133484000064, 27.111973962000036 ], [ 67.986336878000031, 27.112346631000037 ], [ 67.989994481000053, 27.112284478000049 ], [ 67.992231435000065, 27.112834173000067 ], [ 67.994202335000068, 27.113816365000048 ], [ 67.994678367000063, 27.116090409000037 ], [ 67.996046826000054, 27.119507274000057 ], [ 67.996139998000046, 27.121815532000028 ], [ 67.995114470000033, 27.125670081000067 ], [ 67.995206693000057, 27.126558502000023 ], [ 67.996268091000047, 27.125908809000066 ], [ 67.996621011000059, 27.126141981000046 ], [ 68.00282291700006, 27.132082508000053 ], [ 68.003151249000041, 27.133805800000061 ], [ 68.006850245000066, 27.136953857000037 ], [ 68.007679023000037, 27.141434340000046 ], [ 68.00754446500008, 27.141874906000055 ], [ 67.996438840000053, 27.142967380000073 ], [ 67.995339064000063, 27.145422302000043 ], [ 67.995445232000066, 27.148455271000046 ], [ 68.000397625000062, 27.156187911000075 ], [ 68.00475043800003, 27.15785468200005 ], [ 68.006380791000083, 27.160433275000059 ], [ 68.006481783000083, 27.16570534300007 ], [ 68.003244146000043, 27.17380950300003 ], [ 68.002213911000069, 27.175679534000039 ], [ 67.997978378000028, 27.179479439000033 ], [ 67.996691673000043, 27.181752604000053 ], [ 67.996711263000066, 27.183686091000027 ], [ 67.997892131000071, 27.186082750000025 ], [ 68.001370113000064, 27.189823993000061 ], [ 68.003955125000061, 27.193707819000053 ], [ 68.005654426000035, 27.195594152000069 ], [ 68.007601264000073, 27.196384351000063 ], [ 68.012768317000052, 27.197430580000059 ], [ 68.018699192000042, 27.199200955000038 ], [ 68.020503654000038, 27.200819365000029 ], [ 68.027607482000064, 27.208640541000079 ], [ 68.105429986000047, 27.248895104000042 ], [ 68.106298658000071, 27.251113606000047 ], [ 68.105888810000067, 27.253752855000073 ], [ 68.106219157000055, 27.255197208000027 ], [ 68.107705469000052, 27.257325433000062 ], [ 68.110274283000081, 27.259022192000032 ], [ 68.113440850000075, 27.262422881000077 ], [ 68.113569519000066, 27.267829284000072 ], [ 68.128688453000052, 27.294543324000074 ], [ 68.126148062000084, 27.300399772000048 ], [ 68.125733450000041, 27.301785026000061 ], [ 68.125828823000063, 27.302811204000079 ], [ 68.135107700000049, 27.317347331000065 ], [ 68.135653287000082, 27.317761734000044 ] ] ] } },
{ "type": "Feature", "properties": { "code": "BND024", "name": "LARKANA SEHWAN BUND   1" }, "geometry": { "type": "LineString", "coordinates": [ [ 68.136601618000043, 27.306019218000074 ], [ 68.137820237000028, 27.307643356000028 ], [ 68.139559788000042, 27.308093350000036 ], [ 68.141059119000033, 27.306596607000074 ], [ 68.140926351000076, 27.306082444000026 ], [ 68.141190798000082, 27.306129403000057 ], [ 68.141605758000082, 27.306945894000023 ], [ 68.141224439000041, 27.306899127000065 ], [ 68.140041908000057, 27.308031648000053 ], [ 68.141462598000032, 27.308452181000064 ], [ 68.14215859400008, 27.309409987000038 ], [ 68.144752729000061, 27.314537663000067 ], [ 68.145326991000047, 27.317494120000049 ], [ 68.147152344000062, 27.316681542000026 ], [ 68.147209643000053, 27.316188791000059 ], [ 68.147442324000053, 27.317052959000023 ], [ 68.145443847000081, 27.317843074000052 ], [ 68.14615176600006, 27.323417689000053 ], [ 68.146643407000056, 27.324682426000038 ], [ 68.14702935300005, 27.325044626000079 ], [ 68.151736007000068, 27.322186500000043 ], [ 68.15162218200004, 27.321765685000059 ], [ 68.15185539600003, 27.32168527500005 ], [ 68.152143195000065, 27.322600931000068 ], [ 68.151741376000075, 27.322421183000074 ], [ 68.150633041000049, 27.323010490000058 ], [ 68.147235476000048, 27.325267696000026 ], [ 68.155904808000059, 27.337742802000037 ], [ 68.156355036000036, 27.341571994000049 ], [ 68.156376242000078, 27.356317593000028 ], [ 68.16219800500005, 27.357208814000046 ], [ 68.175421546000052, 27.347501091000026 ], [ 68.178486027000076, 27.348162291000051 ], [ 68.179452172000083, 27.348577184000078 ], [ 68.183263081000064, 27.349717824000038 ], [ 68.188797002000058, 27.351692227000058 ], [ 68.189570265000043, 27.352546142000051 ], [ 68.198055554000064, 27.368476505000046 ], [ 68.211186591000057, 27.377058712000064 ], [ 68.221038297000064, 27.382303796000031 ], [ 68.224192409000068, 27.384634261000031 ], [ 68.226650756000083, 27.386780886000054 ], [ 68.233771287000081, 27.388891227000045 ], [ 68.242468117000044, 27.405346619000056 ], [ 68.246286634000057, 27.408509007000077 ], [ 68.247140212000033, 27.408542836000038 ], [ 68.247739676000037, 27.408888516000047 ], [ 68.24787288400006, 27.409132932000034 ], [ 68.247812186000033, 27.409763460000079 ], [ 68.247565542000075, 27.409534400000041 ], [ 68.247396313000081, 27.408837982000023 ], [ 68.246448039000029, 27.408651691000046 ], [ 68.262529903000029, 27.422112874000049 ], [ 68.273434655000074, 27.425678468000058 ], [ 68.274188535000064, 27.426682127000049 ], [ 68.273930995000057, 27.427035099000079 ], [ 68.273063705000084, 27.425917722000065 ], [ 68.262579751000033, 27.422486708000065 ], [ 68.242288231000032, 27.405419100000074 ], [ 68.233675382000058, 27.388983168000038 ], [ 68.226727140000037, 27.386970031000033 ], [ 68.220874411000068, 27.382383121000032 ], [ 68.211064365000084, 27.37709664700003 ], [ 68.197776089000058, 27.368404662000046 ], [ 68.188870982000083, 27.351861024000073 ], [ 68.18314530300006, 27.349746061000076 ], [ 68.175621718000059, 27.347620900000038 ], [ 68.16226123000007, 27.357370103000051 ], [ 68.156257037000046, 27.356405783000071 ], [ 68.156224356000052, 27.341748531000064 ], [ 68.155807324000079, 27.337879007000026 ], [ 68.147875332000069, 27.326387109000052 ], [ 68.146334595000042, 27.324668379000059 ], [ 68.144643379000058, 27.314866766000023 ], [ 68.141499405000047, 27.308810213000072 ], [ 68.137787945000071, 27.307772297000042 ], [ 68.136588951000078, 27.306200570000044 ] ] } },
{ "type": "Feature", "properties": { "code": "BND025", "name": "LARKANA SEHWAN BUND  1" }, "geometry": { "type": "LineString", "coordinates": [ [ 68.135541103000037, 27.317791472000067 ], [ 68.134444818000077, 27.316560391000053 ], [ 68.125790926000036, 27.303033569000036 ], [ 68.125771034000081, 27.300925598000049 ], [ 68.128522240000052, 27.294504084000039 ], [ 68.113537545000042, 27.268068132000053 ], [ 68.113354204000075, 27.262513027000068 ], [ 68.110234669000079, 27.259137972000076 ], [ 68.107584099000064, 27.257355156000074 ], [ 68.10618002700005, 27.255432173000031 ], [ 68.105720834000067, 27.253692895000029 ], [ 68.106201745000078, 27.251131893000036 ], [ 68.105365744000039, 27.248996319000071 ], [ 68.027087900000083, 27.208459032000064 ], [ 68.020118116000049, 27.20060102900004 ], [ 68.018445614000029, 27.199234435000051 ], [ 68.005473085000062, 27.195721986000024 ], [ 68.001391453000053, 27.189977556000031 ], [ 67.997881465000034, 27.186219164000079 ], [ 67.996910240000034, 27.184759831000065 ], [ 67.996387679000065, 27.182230582000045 ], [ 67.997146306000047, 27.180163088000029 ], [ 68.001916981000079, 27.175758125000073 ], [ 68.003159931000027, 27.173654 ], [ 68.006363251000039, 27.165633626000044 ], [ 68.006280374000028, 27.160551640000051 ], [ 68.004656887000067, 27.157949092000024 ], [ 68.000478869000062, 27.15650424100005 ], [ 67.995294719000071, 27.148447615000066 ], [ 67.995168082000077, 27.145716499000059 ], [ 67.995598586000028, 27.144021688000066 ], [ 67.996475546000056, 27.142725295000048 ], [ 68.007464567000056, 27.14172906500005 ], [ 68.007501233000028, 27.141407542000024 ], [ 68.006668069000057, 27.13711182000003 ], [ 68.002915900000062, 27.133825082000044 ], [ 68.002638757000057, 27.13216606800006 ], [ 67.996247939000057, 27.126095970000051 ], [ 67.995441432000064, 27.126803480000035 ], [ 67.99501319400008, 27.126608942000075 ], [ 67.994884402000082, 27.125603377000061 ], [ 67.995909115000075, 27.121812543000033 ], [ 67.995894519000046, 27.119257898000058 ], [ 67.994749655000078, 27.116872520000072 ], [ 67.994117105000043, 27.114095679000059 ], [ 67.992118927000035, 27.112907158000041 ], [ 67.989938533000043, 27.112382874000048 ], [ 67.987216115000081, 27.112514587000078 ], [ 67.983199605000038, 27.112187021000068 ], [ 67.976362521000055, 27.110437699000045 ], [ 67.970777382000051, 27.10793807500005 ], [ 67.968903591000071, 27.106439938000051 ], [ 67.967695958000036, 27.104779913000073 ], [ 67.966902086000061, 27.10440864900005 ], [ 67.966276986000082, 27.103165912000065 ], [ 67.965288927000074, 27.102269212000067 ], [ 67.964357573000029, 27.098118889000034 ], [ 67.963908562000029, 27.09762098300007 ], [ 67.964128174000052, 27.097119901000042 ], [ 67.961644033000084, 27.09642645200006 ], [ 67.960239707000028, 27.095593915000052 ], [ 67.956934249000028, 27.096369546000062 ], [ 67.954465841000058, 27.095882676000031 ], [ 67.95261535700007, 27.096023320000029 ], [ 67.950296783000056, 27.090040549000037 ], [ 67.946774271000038, 27.086125485000025 ], [ 67.944934119000038, 27.086870766000061 ], [ 67.933946218000074, 27.084418364000044 ], [ 67.93102755600006, 27.083124912000073 ], [ 67.922198609000077, 27.075341577000074 ], [ 67.921616436000079, 27.073633008000058 ], [ 67.921725438000067, 27.071890640000049 ], [ 67.915021316000036, 27.067749774000049 ], [ 67.913444290000029, 27.066003612000031 ], [ 67.908561779000081, 27.059114045000058 ], [ 67.906593853000061, 27.053757507000057 ], [ 67.905229484000074, 27.046508001000063 ], [ 67.902988880000066, 27.039147145000072 ], [ 67.910702966000031, 27.032691483000065 ], [ 67.91752570400007, 27.021641489000046 ], [ 67.915253750000034, 27.009347838000053 ], [ 67.915728952000052, 27.007660140000041 ], [ 67.91370659100005, 27.001947598000072 ], [ 67.914528887000074, 27.001057075000062 ], [ 67.912700949000055, 26.996730351000053 ], [ 67.910807572000067, 26.987335103000078 ], [ 67.908714966000048, 26.982707631000039 ], [ 67.907758265000041, 26.981979094000053 ], [ 67.905746755000052, 26.976939658000049 ], [ 67.898872100000062, 26.974654916000077 ], [ 67.894289101000084, 26.96226746800005 ], [ 67.893818728000042, 26.961945771000046 ], [ 67.886773828000059, 26.960876068000061 ], [ 67.886281244000031, 26.960354180000024 ], [ 67.879975955000077, 26.940192884000055 ], [ 67.878834117000054, 26.939858145000073 ], [ 67.877244565000069, 26.940682250000066 ], [ 67.875996874000066, 26.940926861000037 ], [ 67.873123558000032, 26.940480532000038 ], [ 67.86718700800003, 26.936434830000053 ], [ 67.858979175000059, 26.935041587000057 ], [ 67.854509574000076, 26.932793574000073 ], [ 67.850538236000034, 26.928636942000026 ], [ 67.84835348200005, 26.929594172000066 ], [ 67.841286405000062, 26.926008116000048 ], [ 67.836758931000077, 26.921374817000071 ], [ 67.833370865000063, 26.916592902000048 ], [ 67.833689720000052, 26.914832748000038 ], [ 67.827984739000044, 26.913086523000061 ], [ 67.81262302600004, 26.897824492000041 ], [ 67.81216792500004, 26.896882443000038 ], [ 67.814079784000057, 26.880534488000023 ], [ 67.820898214000067, 26.873942099000033 ], [ 67.822273324000037, 26.863186729000063 ], [ 67.822681254000031, 26.857196870000053 ], [ 67.819650720000084, 26.839370916000064 ], [ 67.817474266000033, 26.829952156000047 ], [ 67.808983541000032, 26.804371484000058 ], [ 67.803301052000052, 26.791203228000029 ], [ 67.796337577000031, 26.772829831000024 ], [ 67.797067417000051, 26.737404966000042 ], [ 67.797700538000072, 26.736757290000071 ], [ 67.797594306000065, 26.735930812000049 ], [ 67.797261357000082, 26.735714983000037 ], [ 67.797067135000077, 26.737372157000038 ], [ 67.797669484000039, 26.707343775000027 ], [ 67.806019794000065, 26.69296690300007 ], [ 67.810932558000047, 26.683698974000038 ], [ 67.813040501000046, 26.671055421000062 ], [ 67.803007517000083, 26.654114636000031 ], [ 67.797131282000066, 26.643108465000068 ], [ 67.780199784000047, 26.605305039000029 ], [ 67.773898063000047, 26.561064374000068 ], [ 67.779268374000083, 26.552232203000074 ], [ 67.80483360900007, 26.537489039000036 ], [ 67.80702278800004, 26.537626684000031 ], [ 67.80775731600005, 26.53699419000003 ], [ 67.80808840900005, 26.535625416000073 ], [ 67.83495578000003, 26.520110834000036 ], [ 67.835770713000045, 26.512807661000068 ], [ 67.837079274000075, 26.511400055000024 ], [ 67.837248284000054, 26.509794064000062 ], [ 67.836097328000051, 26.508495291000031 ], [ 67.841114920000052, 26.473247290000074 ], [ 67.841288567000049, 26.466049777000023 ], [ 67.841599981000059, 26.465383229000054 ], [ 67.855246455000042, 26.450742010000056 ], [ 67.856215015000032, 26.439702282000042 ], [ 67.854066669000076, 26.436679265000066 ], [ 67.853169904000083, 26.436584290000042 ], [ 67.849876796000046, 26.435028346000024 ], [ 67.849581160000071, 26.432551838000052 ], [ 67.848913895000067, 26.431845026000076 ], [ 67.845337225000037, 26.42992804000005 ], [ 67.841642281000077, 26.424809027000038 ], [ 67.839724897000053, 26.41826280500004 ], [ 67.835300332000031, 26.411186487000066 ], [ 67.832113560000039, 26.40848558600004 ], [ 67.831743083000049, 26.407754167000064 ], [ 67.830387449000057, 26.402932965000048 ], [ 67.831079871000043, 26.399148086000025 ], [ 67.830673483000055, 26.399029859000052 ], [ 67.829752202000066, 26.399445479000065 ], [ 67.829563939000082, 26.399092007000036 ] ] } },
{ "type": "Feature", "properties": { "code": "BND026", "name": "M D LOOP BUND" }, "geometry": { "type": "LineString", "coordinates": [ [ 68.853550968000036, 27.917448188000037 ], [ 68.854394896000031, 27.923303064000038 ], [ 68.855443570000034, 27.92503608800007 ], [ 68.860164735000069, 27.930873302000066 ], [ 68.86883853900008, 27.939926154000034 ], [ 68.87035067000005, 27.941152479000039 ], [ 68.871279193000078, 27.942423269000074 ], [ 68.872634602000062, 27.942983811000033 ], [ 68.875066556000036, 27.943287680000026 ], [ 68.879302623000058, 27.941679838000027 ], [ 68.894866320000062, 27.933465083000044 ], [ 68.895858358000055, 27.93248662700006 ], [ 68.896288938000055, 27.93295740800005 ], [ 68.875948244000028, 27.943706097000074 ], [ 68.871583888000032, 27.943423587000041 ], [ 68.86206386200007, 27.933600040000044 ], [ 68.854420842000081, 27.924154268000052 ], [ 68.853804682000032, 27.921820185000058 ], [ 68.853269434000083, 27.917221366000035 ] ] } },
{ "type": "Feature", "properties": { "code": "BND027", "name": "MAGLI BUND" }, "geometry": { "type": "LineString", "coordinates": [ [ 68.81177612700003, 27.806619205000061 ], [ 68.813176082000041, 27.807783421000067 ], [ 68.817644629000029, 27.809726068000032 ], [ 68.817050032000054, 27.814399317000039 ], [ 68.817200188000072, 27.815427849000059 ], [ 68.825724259000083, 27.841787353000029 ], [ 68.827657910000028, 27.844562114000041 ], [ 68.827329494000082, 27.844693863000032 ], [ 68.825559994000059, 27.84188572100004 ], [ 68.816802825000082, 27.814887878000036 ], [ 68.817365062000079, 27.809709510000062 ], [ 68.812921082000059, 27.807875574000036 ], [ 68.811619282000038, 27.807006760000036 ], [ 68.811399239000082, 27.806621102000065 ], [ 68.811761163000028, 27.806598972000074 ] ] } },
{ "type": "Feature", "properties": { "code": "BND028", "name": "MARI  1" }, "geometry": { "type": "LineString", "coordinates": [ [ 68.918693417000043, 27.687494558000026 ], [ 68.923937704000082, 27.684315404000074 ], [ 68.926714214000071, 27.682989703000032 ], [ 68.929520856000067, 27.683166419000031 ], [ 68.938181628000052, 27.684948443000053 ], [ 68.935638549000032, 27.686433417000046 ], [ 68.931623947000048, 27.683714319000046 ], [ 68.931082708000076, 27.683642274000078 ], [ 68.935425383000052, 27.686663622000026 ], [ 68.932699180000043, 27.689474141000062 ], [ 68.925781273000041, 27.688341462000039 ], [ 68.918533622000041, 27.687589725000066 ] ] } },
{ "type": "Feature", "properties": { "code": "BND029", "name": "MORIA IOOP BUND" }, "geometry": { "type": "LineString", "coordinates": [ [ 68.352672341000073, 27.624144209000065 ], [ 68.341945910000049, 27.623590310000054 ], [ 68.339433692000057, 27.623059627000032 ], [ 68.335753252000075, 27.621986667000044 ], [ 68.326426755000057, 27.617377994000037 ], [ 68.323055037000074, 27.617735194000034 ], [ 68.32136392600006, 27.617418941000039 ], [ 68.318848265000042, 27.617343962000064 ], [ 68.316188589000035, 27.617714350000028 ], [ 68.313815727000076, 27.618723156000044 ], [ 68.311684686000035, 27.620107878000056 ], [ 68.31035743800004, 27.621584449000068 ], [ 68.309900674000062, 27.62238999300007 ], [ 68.309687236000059, 27.623400022000055 ], [ 68.309848621000071, 27.624401157000079 ], [ 68.310723544000041, 27.626723044000073 ], [ 68.309791949000044, 27.62386405500007 ], [ 68.309934537000061, 27.622589462000064 ], [ 68.311127286000044, 27.620805615000052 ], [ 68.312964306000083, 27.619391206000046 ], [ 68.317048065000051, 27.617636063000077 ], [ 68.318877791000034, 27.617420910000078 ], [ 68.323945299000059, 27.617858822000073 ], [ 68.326376258000039, 27.617444607000039 ], [ 68.335859329000073, 27.622264444000052 ], [ 68.341577613000084, 27.62367948900004 ], [ 68.352771766000046, 27.624289996000073 ] ] } },
{ "type": "Feature", "properties": { "code": "BND030", "name": "NASIRABAD LOOP BUND" }, "geometry": { "type": "LineString", "coordinates": [ [ 68.838033006000046, 27.755742458000043 ], [ 68.835232938000047, 27.755268357000034 ], [ 68.833551619000048, 27.755544868000072 ], [ 68.817850339000074, 27.764223552000033 ], [ 68.815233510000041, 27.766664381000055 ], [ 68.810166534000075, 27.77192801700005 ], [ 68.809327196000083, 27.773193917000071 ], [ 68.809445488000051, 27.784912333000079 ], [ 68.809881954000048, 27.784582752000063 ], [ 68.809511419000046, 27.773291795000034 ], [ 68.817556557000046, 27.764605626000048 ], [ 68.834246939000082, 27.755536240000026 ], [ 68.835243683000044, 27.755420215000072 ], [ 68.837854395000079, 27.755933527000025 ] ] } },
{ "type": "Feature", "properties": { "code": "BND031", "name": "NEW BECHANI BUND" }, "geometry": { "type": "LineString", "coordinates": [ [ 68.809813493000036, 27.785175044000027 ], [ 68.810090635000051, 27.803196782000043 ], [ 68.811777608000057, 27.80658064000005 ], [ 68.811391481000044, 27.806602802000043 ], [ 68.809868186000074, 27.803250194000043 ], [ 68.80938406100006, 27.785329994000051 ] ] } },
{ "type": "Feature", "properties": { "code": "BND032", "name": "NEW GHORA GHAT BUND" }, "geometry": { "type": "LineString", "coordinates": [ [ 69.167491651000034, 28.151204603000053 ], [ 69.168824636000068, 28.150566603000073 ], [ 69.169510645000059, 28.149688668000067 ], [ 69.170299758000056, 28.149826821000033 ], [ 69.201538262000042, 28.157885652000061 ], [ 69.204158384000038, 28.160657732000061 ], [ 69.213162580000073, 28.172851434000052 ], [ 69.21409757400005, 28.173424959000045 ], [ 69.232046561000061, 28.177720340000064 ], [ 69.232087279000041, 28.178114579000066 ], [ 69.213620862000084, 28.173929780000037 ], [ 69.21227490900003, 28.172778620000031 ], [ 69.201287325000067, 28.158412084000076 ], [ 69.169518591000042, 28.150012858000025 ], [ 69.168936727000073, 28.150854071000026 ], [ 69.167672760000073, 28.151618198000051 ] ] } },
{ "type": "Feature", "properties": { "code": "BND033", "name": "NEW GHOUSPUR LOOP BUNS" }, "geometry": { "type": "LineString", "coordinates": [ [ 69.014481519000071, 28.085873246000062 ], [ 69.038400052000043, 28.11301082500006 ], [ 69.045872160000044, 28.118981165000037 ], [ 69.052074275000052, 28.122523134000062 ], [ 69.059364149000032, 28.125266453000052 ], [ 69.086588612000071, 28.132626465000044 ], [ 69.082502054000031, 28.131907245000036 ], [ 69.059535304000065, 28.125515915000051 ], [ 69.052938243000028, 28.123014316000024 ], [ 69.045812249000051, 28.119137992000049 ], [ 69.039777293000043, 28.114662536000026 ], [ 69.036918366000066, 28.111871719000078 ], [ 69.014371302000029, 28.085931766000044 ] ] } },
{ "type": "Feature", "properties": { "code": "BND034", "name": "NEW MAKHWANI BUND" }, "geometry": { "type": "LineString", "coordinates": [ [ 69.114007850000064, 28.101744857000028 ], [ 69.117705945000068, 28.131563206000067 ], [ 69.118273824000028, 28.132705881000049 ], [ 69.14001539800006, 28.148755078000079 ], [ 69.139876542000081, 28.148988859000042 ], [ 69.118732582000064, 28.133467268000061 ], [ 69.118096024000067, 28.13265222800004 ], [ 69.117613335000044, 28.131652827000039 ], [ 69.117426118000083, 28.13042120700004 ], [ 69.113898243000051, 28.10195305700006 ] ] } },
{ "type": "Feature", "properties": { "code": "BND035", "name": "NEW TORI BUND" }, "geometry": { "type": "LineString", "coordinates": [ [ 69.124667198000054, 28.107841023000049 ], [ 69.133393617000081, 28.107807358000059 ], [ 69.133576226000059, 28.107994283000039 ], [ 69.135862091000035, 28.122867186000065 ], [ 69.135458887000084, 28.121014222000042 ], [ 69.135002479000036, 28.121548828000073 ], [ 69.134981199000038, 28.122315453000056 ], [ 69.134875375000036, 28.122104298000068 ], [ 69.134982497000067, 28.121352451000064 ], [ 69.135374579000029, 28.120867439000051 ], [ 69.135315932000083, 28.120136424000066 ], [ 69.13347346900008, 28.108165679000024 ], [ 69.133089832000053, 28.107934052000076 ], [ 69.124659249000047, 28.107842366000057 ] ] } },
{ "type": "Feature", "properties": { "code": "BND036", "name": "NUSRAT LOOP BUND" }, "geometry": { "type": "LineString", "coordinates": [ [ 68.420740569000031, 27.687972384000034 ], [ 68.427045149000037, 27.699550932000079 ], [ 68.428063123000072, 27.702273708000064 ], [ 68.434784266000065, 27.704753972000049 ], [ 68.436477411000055, 27.705595908000078 ], [ 68.437022718000037, 27.706428974000062 ], [ 68.435165821000055, 27.710656593000067 ], [ 68.434871859000054, 27.713759 ], [ 68.435083555000062, 27.714869814000053 ], [ 68.445861381000043, 27.72144677600005 ], [ 68.434852319000072, 27.714817531000051 ], [ 68.434626284000046, 27.714456099000074 ], [ 68.434832838000034, 27.711449376000076 ], [ 68.436665609000045, 27.706623963000027 ], [ 68.436476088000063, 27.70611481800006 ], [ 68.435947279000061, 27.705557697000074 ], [ 68.427829560000077, 27.702294403000053 ], [ 68.426834821000057, 27.699455474000047 ], [ 68.420297512000047, 27.687555042000042 ] ] } },
{ "type": "Feature", "properties": { "code": "BND037", "name": "OLD BECHANI BUND" }, "geometry": { "type": "LineString", "coordinates": [ [ 68.811993243000074, 27.807319932000041 ], [ 68.813246904000039, 27.815737452000064 ], [ 68.817023669000037, 27.828273025000044 ], [ 68.817498011000055, 27.828773042000023 ], [ 68.821726603000059, 27.829797808000023 ], [ 68.81742016700008, 27.828912025000079 ], [ 68.816885584000033, 27.828411371000072 ], [ 68.812862202000076, 27.815215068000043 ], [ 68.811767803000066, 27.807120292000036 ] ] } },
{ "type": "Feature", "properties": { "code": "BND038", "name": "PALIJA LOOP" }, "geometry": { "type": "LineString", "coordinates": [ [ 68.252356279000082, 27.529691513000046 ], [ 68.25238458900003, 27.530058928000074 ], [ 68.256166740000083, 27.530967859000043 ], [ 68.267470265000043, 27.540763057000049 ], [ 68.267168382000079, 27.544986063000067 ], [ 68.268041801000038, 27.547875602000033 ], [ 68.274073521000048, 27.555382043000066 ], [ 68.274203358000079, 27.555061555000066 ], [ 68.268219662000035, 27.547806814000069 ], [ 68.267350423000039, 27.544940402000066 ], [ 68.267683546000058, 27.540674992000049 ], [ 68.256449319000069, 27.530874346000076 ], [ 68.252679359000069, 27.529648234000035 ] ] } },
{ "type": "Feature", "properties": { "code": "BND039", "name": "R . G .  BANK" }, "geometry": { "type": "LineString", "coordinates": [ [ 69.71009987900004, 28.424937991000036 ], [ 69.714601409000068, 28.428671389000044 ], [ 69.715991991000067, 28.430503151000039 ], [ 69.716765277000036, 28.431973755000058 ], [ 69.717505072000051, 28.435383985000044 ], [ 69.717218678000052, 28.437927900000034 ], [ 69.715946828000028, 28.440900287000034 ], [ 69.714109396000083, 28.443119755000055 ], [ 69.712807283000075, 28.443668125000045 ], [ 69.712215615000048, 28.443572 ], [ 69.713703648000035, 28.443024103000027 ], [ 69.714713876000076, 28.442124685000067 ], [ 69.716459740000062, 28.439201629000024 ], [ 69.716974329000038, 28.437138760000039 ], [ 69.716922856000053, 28.434043420000023 ], [ 69.716330629000083, 28.431986382000048 ], [ 69.715011807000053, 28.429669928000067 ], [ 69.710092537000037, 28.424938466000071 ] ] } },
{ "type": "Feature", "properties": { "code": "BND040", "name": "RIGHT MARGINAL BUND" }, "geometry": { "type": "LineString", "coordinates": [ [ 69.708371817000057, 28.423435981000068 ], [ 69.704667442000073, 28.421739876000061 ], [ 69.703966769000033, 28.421775076000074 ], [ 69.703447140000037, 28.422305258000051 ], [ 69.702792369000065, 28.422160830000053 ], [ 69.701673376000031, 28.422193107000055 ], [ 69.700505546000045, 28.421542104000025 ], [ 69.698290993000057, 28.423810183000057 ], [ 69.697129874000041, 28.424463795000065 ], [ 69.684704198000077, 28.423181893000049 ], [ 69.68310242900003, 28.423493746000076 ], [ 69.680995409000047, 28.424919233000026 ], [ 69.672390460000031, 28.436556547000066 ], [ 69.669740011000044, 28.436596210000062 ], [ 69.67230496600007, 28.436691592000045 ], [ 69.673011729000052, 28.43607828200004 ], [ 69.680971016000058, 28.425241136000068 ], [ 69.682744244000048, 28.423736425000072 ], [ 69.684297732000061, 28.42337979000007 ], [ 69.695539345000043, 28.424657982000042 ], [ 69.697191458000077, 28.424600447000046 ], [ 69.697741612000073, 28.424369370000079 ], [ 69.700577648000035, 28.421675285000049 ], [ 69.701740212000061, 28.422283399000037 ], [ 69.703669451000053, 28.42244293300007 ], [ 69.704110495000066, 28.42188731400006 ], [ 69.704644819000066, 28.421862103000024 ], [ 69.708379975000071, 28.42344735000006 ] ] } },
{ "type": "Feature", "properties": { "code": "BND041", "name": "RIGHT SPUR" }, "geometry": { "type": "LineString", "coordinates": [ [ 69.68733201100008, 28.453176707000068 ], [ 69.695955347000051, 28.459450826000079 ], [ 69.698249230000044, 28.458758708000062 ], [ 69.708091920000072, 28.454495067000039 ], [ 69.713395141000035, 28.452942295000071 ], [ 69.720098130000054, 28.451730784000063 ], [ 69.728616110000075, 28.451397048000047 ], [ 69.73106443000006, 28.448283667000055 ], [ 69.733714889000055, 28.446914670000069 ], [ 69.732925966000039, 28.446156614000074 ], [ 69.733275731000049, 28.446152184000027 ], [ 69.734909583000046, 28.447914247000028 ], [ 69.735104143000058, 28.448816987000043 ], [ 69.734759218000079, 28.449190538000039 ], [ 69.734035506000055, 28.448501724000039 ], [ 69.732278663000045, 28.448079481000036 ], [ 69.730106629000034, 28.449822247000043 ], [ 69.728998189000038, 28.451649435000036 ], [ 69.719853514000079, 28.452056688000027 ], [ 69.711528573000066, 28.45376600700007 ], [ 69.708863584000028, 28.454544178000049 ], [ 69.696406985000067, 28.459842304000063 ], [ 69.695744090000062, 28.459821430000034 ], [ 69.686983269000052, 28.453271682000036 ] ] } },
{ "type": "Feature", "properties": { "code": "BND042", "name": "RUK LOOP BUND" }, "geometry": { "type": "LineString", "coordinates": [ [ 68.651476633000073, 27.814229150000074 ], [ 68.651618818000031, 27.813909537000029 ], [ 68.652460679000058, 27.813160094000068 ], [ 68.65205740600004, 27.812191400000074 ], [ 68.652260984000065, 27.81164876400004 ], [ 68.655228950000037, 27.81034597300004 ], [ 68.657144800000083, 27.809994547000031 ], [ 68.65912485900003, 27.805024250000031 ], [ 68.660052871000062, 27.803228238000031 ], [ 68.66059191800008, 27.802521558000024 ], [ 68.663106063000043, 27.800446230000034 ], [ 68.664150978000066, 27.800026071000048 ], [ 68.666448892000062, 27.800013759000024 ], [ 68.677701953000053, 27.800680114000045 ], [ 68.678124558000036, 27.800726100000077 ], [ 68.682518207000044, 27.80180727100003 ], [ 68.68317677400006, 27.802083260000074 ], [ 68.687442194000027, 27.800631252000073 ], [ 68.683259208000038, 27.802128337000056 ], [ 68.677216904000034, 27.800695241000028 ], [ 68.66484653200007, 27.800032802000032 ], [ 68.663336559000072, 27.80041585400005 ], [ 68.660091182000031, 27.803284505000079 ], [ 68.657320300000038, 27.809954602000062 ], [ 68.656866153000067, 27.810131492000039 ], [ 68.655393307000054, 27.810378582000055 ], [ 68.652432238000074, 27.811632366000026 ], [ 68.652184353000052, 27.811992233000069 ], [ 68.652544608000028, 27.813150044000054 ], [ 68.652485140000067, 27.813365417000057 ], [ 68.651487488000043, 27.814231054000061 ] ] } },
{ "type": "Feature", "properties": { "code": "BND043", "name": "S B BUND" }, "geometry": { "type": "LineString", "coordinates": [ [ 68.88841939100007, 27.702663184000073 ], [ 68.887516146000053, 27.703319176000036 ], [ 68.885941994000063, 27.705352891000075 ], [ 68.881917082000029, 27.709421022000072 ], [ 68.877351591000036, 27.712947012000029 ], [ 68.873907637000059, 27.716216365000037 ], [ 68.86832576200004, 27.719821413000034 ], [ 68.865487787000063, 27.722100133000026 ], [ 68.86404417600005, 27.724011372000064 ], [ 68.861549551000053, 27.725658076000059 ], [ 68.856727915000079, 27.736739502000034 ], [ 68.853594637000072, 27.741369423000037 ], [ 68.849925161000044, 27.742317709000076 ], [ 68.848430428000029, 27.744897870000045 ], [ 68.846123483000042, 27.746092089000058 ], [ 68.844958167000073, 27.748089259000039 ], [ 68.837085783000077, 27.75683239500006 ], [ 68.827841678000084, 27.76648145300004 ], [ 68.826271254000062, 27.768530551000026 ], [ 68.822491687000081, 27.771908218000078 ], [ 68.816636460000041, 27.778175593000071 ], [ 68.816259512000045, 27.780019667000033 ], [ 68.812221321000038, 27.782652939000059 ], [ 68.801674715000047, 27.791031201000067 ], [ 68.796094317000041, 27.796325511000077 ], [ 68.794988037000053, 27.81065884700007 ], [ 68.803290630000049, 27.832216682000023 ], [ 68.80738487900004, 27.833402483000043 ], [ 68.824096805000067, 27.846589798000025 ], [ 68.827679699000043, 27.845182740000041 ], [ 68.844881667000038, 27.868959888000063 ], [ 68.846303272000057, 27.871827658000029 ], [ 68.848062479000077, 27.879736351000076 ], [ 68.854589180000062, 27.895887257000027 ], [ 68.855106453000076, 27.896748223000031 ], [ 68.861698046000072, 27.900878091000038 ], [ 68.861706408000032, 27.902668180000035 ], [ 68.862417389000029, 27.904039165000029 ], [ 68.862362703000031, 27.904615888000023 ], [ 68.85967841300004, 27.90603008100004 ], [ 68.859242578000078, 27.90781813600006 ], [ 68.863453690000028, 27.912887376000072 ], [ 68.863480328000037, 27.913534740000046 ], [ 68.862539261000052, 27.915000535000047 ], [ 68.876478833000078, 27.927830369000048 ], [ 68.88412147400004, 27.927499632000035 ], [ 68.887838600000066, 27.927706538000052 ], [ 68.896600569000043, 27.933036660000027 ], [ 68.896953780000047, 27.932358646000068 ], [ 68.887325106000048, 27.926676176000058 ], [ 68.876810638000052, 27.927010556000027 ], [ 68.862927592000062, 27.915033419000054 ], [ 68.863815793000072, 27.913597278000054 ], [ 68.863786456000071, 27.912849367000035 ], [ 68.859609606000049, 27.907497303000071 ], [ 68.859908526000083, 27.906156931000055 ], [ 68.862618827000063, 27.904803397000023 ], [ 68.862647235000054, 27.903979082000035 ], [ 68.861928570000032, 27.902590625000073 ], [ 68.862142845000051, 27.900903096000036 ], [ 68.855411393000054, 27.896559574000037 ], [ 68.848354861000075, 27.879694864000044 ], [ 68.846541913000067, 27.871367034000059 ], [ 68.844674551000082, 27.867836232000059 ], [ 68.827762003000032, 27.844607102000055 ], [ 68.824364408000065, 27.845901405000063 ], [ 68.81636050600008, 27.839987434000079 ], [ 68.807512329000076, 27.832874728000036 ], [ 68.803570993000051, 27.831969381000079 ], [ 68.79539354700006, 27.810372237000024 ], [ 68.796613770000079, 27.796525189000079 ], [ 68.796980373000054, 27.796095735000051 ], [ 68.803457644000048, 27.790074516000061 ], [ 68.815142490000028, 27.780893078000076 ], [ 68.81672861800007, 27.780012096000064 ], [ 68.817041522000068, 27.77832868400003 ], [ 68.818041583000081, 27.777153762000069 ], [ 68.822780455000043, 27.771869404000029 ], [ 68.826254977000076, 27.768845471000077 ], [ 68.844161101000054, 27.749434192000024 ], [ 68.846311105000041, 27.746326186000033 ], [ 68.848414051000077, 27.745325239000067 ], [ 68.850504167000054, 27.742251332000023 ], [ 68.853544188000058, 27.741634773000044 ], [ 68.856546747000039, 27.737640940000063 ], [ 68.861818695000068, 27.725771188000067 ], [ 68.86412057900003, 27.724236312000073 ], [ 68.865792672000055, 27.72200403100004 ], [ 68.86982684700007, 27.718907175000027 ], [ 68.874304621000078, 27.716127573000051 ], [ 68.878053483000031, 27.712552822000077 ], [ 68.880390979000083, 27.710895913000058 ], [ 68.882895424000083, 27.708684149000078 ], [ 68.888429218000056, 27.702661352000064 ] ] } },
{ "type": "Feature", "properties": { "code": "BND044", "name": "S B BUND  1" }, "geometry": { "type": "LineString", "coordinates": [ [ 68.932261851000078, 27.978763902000026 ], [ 68.941046002000064, 27.984204103000025 ], [ 68.96870903000007, 28.000343120000025 ], [ 68.971095059000049, 28.002135834000057 ], [ 68.976055606000045, 28.005005814000071 ], [ 68.976630858000078, 28.00658390500007 ], [ 68.97867648600004, 28.006571596000072 ], [ 68.991319976000057, 28.013743463000026 ], [ 68.995032953000077, 28.016315908000024 ], [ 69.011505133000071, 28.08208740200007 ], [ 69.012216665000039, 28.083172556000079 ], [ 69.013587228000063, 28.083775331000027 ], [ 69.013525217000051, 28.084063412000035 ], [ 69.012353689000065, 28.083697610000058 ], [ 69.011154954000062, 28.082679658000075 ], [ 68.994785028000081, 28.016532898000037 ], [ 68.97832739100005, 28.006742710000026 ], [ 68.97667567600007, 28.007005709000055 ], [ 68.976271331000078, 28.006705854000074 ], [ 68.975749790000066, 28.005229084000064 ], [ 68.969642169000053, 28.00150495400004 ], [ 68.968735085000048, 28.000572804000058 ], [ 68.931739292000032, 27.979192693000073 ] ] } },
{ "type": "Feature", "properties": { "code": "BND045", "name": "SEC-1" }, "geometry": { "type": "LineString", "coordinates": [ [ 69.001190911000037, 28.04294301300007 ], [ 68.985563809000041, 28.052716174000068 ], [ 68.985778080000046, 28.053273163000028 ], [ 69.00130435300008, 28.043427619000056 ] ] } },
{ "type": "Feature", "properties": { "code": "BND046", "name": "SEC-2 A" }, "geometry": { "type": "LineString", "coordinates": [ [ 68.960100035000039, 27.995674204000068 ], [ 68.943249479000031, 28.02072196000006 ], [ 68.975946820000047, 28.042854737000027 ], [ 68.979538802000036, 28.046499115000074 ], [ 68.995894430000078, 28.066153822000047 ], [ 69.000599348000037, 28.070889774000079 ], [ 69.010528868000051, 28.08251012900007 ], [ 69.009924693000073, 28.080064433000075 ], [ 69.008540443000072, 28.079222519000041 ], [ 68.995724597000049, 28.065004092000038 ], [ 68.976201294000077, 28.042588824000063 ], [ 68.943807397000057, 28.02019225500004 ], [ 68.956468662000077, 28.002047866000055 ], [ 68.960532812000054, 27.995923683000058 ], [ 68.960143144000028, 27.995638553000049 ] ] } },
{ "type": "Feature", "properties": { "code": "BND047", "name": "SEC-3 A" }, "geometry": { "type": "LineString", "coordinates": [ [ 68.899170283000046, 27.963559343000043 ], [ 68.892367254000078, 27.975224728000057 ], [ 68.943043463000038, 28.020528959000046 ], [ 68.943168865000075, 28.020102563000023 ], [ 68.935072500000047, 28.013158565000026 ], [ 68.893092798000055, 27.975484005000055 ], [ 68.892841889000067, 27.974799841000049 ], [ 68.899291594000033, 27.963679268000078 ] ] } },
{ "type": "Feature", "properties": { "code": "BND048", "name": "SEC-4 A" }, "geometry": { "type": "LineString", "coordinates": [ [ 68.897114944000066, 27.933333061000042 ], [ 68.880111954000029, 27.942505609000079 ], [ 68.878935446000071, 27.943555647000039 ], [ 68.880532964000054, 27.956931442000041 ], [ 68.88410632700004, 27.959150327000032 ], [ 68.892238023000061, 27.974883385000055 ], [ 68.892545300000052, 27.974401101000069 ], [ 68.884683554000048, 27.959374872000069 ], [ 68.88420106500007, 27.958617591000063 ], [ 68.880741271000034, 27.956334748000074 ], [ 68.87933931300006, 27.944282827000052 ], [ 68.879459426000039, 27.943547253000077 ], [ 68.880961506000062, 27.942465893000076 ], [ 68.897254337000049, 27.933717010000066 ], [ 68.897146982000038, 27.933336409000049 ] ] } },
{ "type": "Feature", "properties": { "code": "BND049", "name": "SHAH PUR LOOP BUND" }, "geometry": { "type": "LineString", "coordinates": [ [ 68.841353345000073, 27.900146884000037 ], [ 68.837165028000072, 27.910365023000054 ], [ 68.836775998000064, 27.912473808000072 ], [ 68.842627420000042, 27.921721670000068 ], [ 68.843968778000033, 27.922143661000064 ], [ 68.854138469000077, 27.923360134000063 ], [ 68.874840263000067, 27.926528483000027 ], [ 68.875405471000079, 27.927543525000033 ], [ 68.871519070000033, 27.927330277000067 ], [ 68.855339412000035, 27.924436031000027 ], [ 68.842423032000056, 27.922584885000049 ], [ 68.836154135000072, 27.912578402000065 ], [ 68.836400018000063, 27.911001979000048 ], [ 68.841025117000072, 27.899623625000061 ] ] } },
{ "type": "Feature", "properties": { "code": "BND050", "name": "SUKKUR LARKANA BUND" }, "geometry": { "type": "LineString", "coordinates": [ [ 68.290307861000031, 27.577925748000041 ], [ 68.291118429000051, 27.577800725000031 ], [ 68.290432494000072, 27.578074665000031 ], [ 68.290756091000048, 27.579402387000073 ], [ 68.292098262000081, 27.583170547000066 ], [ 68.292813678000073, 27.583089973000028 ], [ 68.292125804000079, 27.583282058000066 ], [ 68.294091968000032, 27.589127054000073 ], [ 68.296283806000076, 27.589261180000051 ], [ 68.300296545000037, 27.594350689000066 ], [ 68.301262509000082, 27.593760949000057 ], [ 68.300366222000036, 27.594456837000052 ], [ 68.303942092000057, 27.598631983000075 ], [ 68.304832217000069, 27.598324254000033 ], [ 68.304042053000046, 27.598790352000037 ], [ 68.306179648000068, 27.601448400000038 ], [ 68.312107311000034, 27.610789394000051 ], [ 68.322648928000035, 27.61310502200007 ], [ 68.32603970200006, 27.617361422000045 ], [ 68.326770808000049, 27.616989199000045 ], [ 68.327609380000069, 27.615930118000051 ], [ 68.348361498000031, 27.618281520000039 ], [ 68.358597243000077, 27.631878262000043 ], [ 68.362545302000058, 27.637767557000075 ], [ 68.375350410000067, 27.654744524000023 ], [ 68.376314355000034, 27.657515382000042 ], [ 68.383128874000079, 27.663413387000048 ], [ 68.383609131000071, 27.66357514300006 ], [ 68.410340932000054, 27.679586301000029 ], [ 68.410989295000036, 27.678576006000071 ], [ 68.411275696000075, 27.679475914000079 ], [ 68.410853459000066, 27.679290961000049 ], [ 68.410627729000055, 27.679680954000048 ], [ 68.411952625000083, 27.680580840000061 ], [ 68.411071409000044, 27.680458565000038 ], [ 68.413671507000061, 27.683277186000055 ], [ 68.41414465500003, 27.683004949000065 ], [ 68.414126361000058, 27.682691595000051 ], [ 68.414466775000051, 27.683181020000063 ], [ 68.413910129000044, 27.683477100000061 ], [ 68.414256370000032, 27.683862895000061 ], [ 68.415026510000075, 27.684523479000063 ], [ 68.416575073000047, 27.685045804000026 ], [ 68.417193096000062, 27.684426578000057 ], [ 68.416553615000055, 27.683996414000035 ], [ 68.41670023000006, 27.683851319000041 ], [ 68.417571702000032, 27.684204392000026 ], [ 68.421696344000054, 27.688744935000045 ], [ 68.424853384000073, 27.686487838000062 ], [ 68.42577805500008, 27.68638057000004 ], [ 68.426890867000054, 27.686795407000034 ], [ 68.426970189000031, 27.685937827000032 ], [ 68.426297770000076, 27.684716926000078 ], [ 68.427096404000054, 27.686064272000067 ], [ 68.427148031000058, 27.686418607000064 ], [ 68.426853786000038, 27.686911638000026 ], [ 68.425883752000061, 27.686514980000027 ], [ 68.424966358000063, 27.686590856000066 ], [ 68.42186792800004, 27.688931283000045 ], [ 68.426036559000067, 27.691860718000044 ], [ 68.430629995000061, 27.693555126000035 ], [ 68.434135638000043, 27.693964143000073 ], [ 68.435737538000069, 27.694912350000038 ], [ 68.437115078000033, 27.692654796000056 ], [ 68.43728935200005, 27.692760847000045 ], [ 68.435858069000062, 27.69500948600006 ], [ 68.441062373000079, 27.698115715000029 ], [ 68.441874194000036, 27.697026119000043 ], [ 68.442217802000073, 27.697211654000057 ], [ 68.441224594000062, 27.698216202000026 ], [ 68.446301971000082, 27.701141293000035 ], [ 68.446365294000032, 27.701542410000059 ], [ 68.445743612000058, 27.709505685000067 ], [ 68.445077397000034, 27.709719442000051 ], [ 68.44469975100003, 27.710344098000064 ], [ 68.445587707000072, 27.710880831000054 ], [ 68.444910953000033, 27.719756489000076 ], [ 68.453736004000064, 27.730620086000044 ], [ 68.452109224000083, 27.734147226000061 ], [ 68.456466780000028, 27.737119242000063 ], [ 68.46168902200003, 27.737678103000064 ], [ 68.464345827000045, 27.741304940000077 ], [ 68.471883096000056, 27.744046282000056 ], [ 68.472977366000066, 27.744080585000063 ], [ 68.473840017000043, 27.744730304000029 ], [ 68.47953126200008, 27.745672112000079 ], [ 68.479751815000043, 27.748441920000062 ], [ 68.483580621000044, 27.751798192000024 ], [ 68.485018809000053, 27.754225283000039 ], [ 68.486778531000084, 27.754975811000065 ], [ 68.49029768500003, 27.754141380000078 ], [ 68.490782161000084, 27.755516177000061 ], [ 68.491893266000034, 27.755305018000058 ], [ 68.495784164000042, 27.756659253000066 ], [ 68.50065139600008, 27.757186484000044 ], [ 68.527742079000063, 27.755264315000034 ], [ 68.540155692000042, 27.75651087600005 ], [ 68.54175543100007, 27.755472611000073 ], [ 68.542753332000075, 27.755378185000041 ], [ 68.544695422000075, 27.75598945400003 ], [ 68.546564404000037, 27.758380195000029 ], [ 68.559474325000053, 27.763605408000046 ], [ 68.561347440000077, 27.763885556000048 ], [ 68.561902546000056, 27.764598153000065 ], [ 68.563402440000061, 27.765493291000041 ], [ 68.56615348400004, 27.768679441000074 ], [ 68.572226347000083, 27.774366128000054 ], [ 68.581255122000073, 27.775252789000035 ], [ 68.585327649000078, 27.776872135000076 ], [ 68.589453698000057, 27.777455245000056 ], [ 68.602666394000039, 27.781408512000041 ], [ 68.603816409000046, 27.782294465000064 ], [ 68.611386743000082, 27.781127931000071 ], [ 68.622694210000077, 27.783914186000061 ], [ 68.63411620200003, 27.785539779000032 ], [ 68.640366567000058, 27.785515321000048 ], [ 68.642254935000039, 27.786236253000027 ], [ 68.645051662000071, 27.781534604000058 ], [ 68.645281357000044, 27.781667499000037 ], [ 68.642445956000074, 27.786345189000031 ], [ 68.651346265000029, 27.79016525000003 ], [ 68.653201472000035, 27.786940738000055 ], [ 68.653211455000076, 27.786399163000056 ], [ 68.653870605000066, 27.786947761000079 ], [ 68.653355616000056, 27.787182365000035 ], [ 68.651603967000028, 27.790339671000027 ], [ 68.657719726000039, 27.792982992000077 ], [ 68.660735685000077, 27.793344242000046 ], [ 68.661205133000067, 27.789504109000063 ], [ 68.660898360000033, 27.789088993000064 ], [ 68.661169440000037, 27.78887267500005 ], [ 68.661902740000073, 27.789371121000045 ], [ 68.661404829000048, 27.789809886000057 ], [ 68.66090672200005, 27.793333974000063 ], [ 68.668753651000031, 27.794070164000061 ], [ 68.669148315000029, 27.790545093000048 ], [ 68.668678205000049, 27.790289606000044 ], [ 68.668874856000059, 27.790207977000023 ], [ 68.669927830000063, 27.79065888100007 ], [ 68.669378234000078, 27.790731506000043 ], [ 68.66896674000003, 27.794068908000042 ], [ 68.674521644000038, 27.794566875000044 ], [ 68.679133056000069, 27.794153962000053 ], [ 68.676151323000056, 27.791333638000026 ], [ 68.676332334000051, 27.791184345000033 ], [ 68.683638806000033, 27.798383278000074 ], [ 68.686167565000062, 27.80048899600007 ], [ 68.68758417600003, 27.800465806000034 ], [ 68.692474025000081, 27.798541097000054 ], [ 68.694467367000072, 27.798009625000077 ], [ 68.694727842000077, 27.797660525000026 ], [ 68.698101818000055, 27.796717547000071 ], [ 68.702719712000032, 27.794548987000042 ], [ 68.705978819000052, 27.791977344000031 ], [ 68.715699457000028, 27.785566879000044 ], [ 68.728493606000029, 27.77629261900006 ], [ 68.728789979000055, 27.775659870000027 ], [ 68.728700395000033, 27.774874604000047 ], [ 68.726609323000048, 27.762601666000023 ], [ 68.727514277000068, 27.761878220000028 ], [ 68.734645546000081, 27.757829284000024 ], [ 68.740303206000078, 27.755209447000027 ], [ 68.743971685000076, 27.745028529000024 ], [ 68.744370616000083, 27.74436223500004 ], [ 68.765312989000051, 27.725240191000069 ], [ 68.770788285000037, 27.720711770000037 ], [ 68.77176806600005, 27.720044305000044 ], [ 68.77384397000003, 27.719053454000061 ], [ 68.777227911000068, 27.718961402000048 ], [ 68.782381584000063, 27.713147624000044 ], [ 68.787734045000036, 27.711496932000045 ], [ 68.797960657000033, 27.706157818000065 ], [ 68.826104305000058, 27.692113757000072 ], [ 68.837598834000062, 27.688966747000052 ], [ 68.838369721000049, 27.686722274000033 ], [ 68.838592113000061, 27.686483877000057 ], [ 68.839963959000045, 27.686134836000065 ], [ 68.842140455000049, 27.686130896000066 ], [ 68.838753086000054, 27.686530412000025 ], [ 68.837674346000028, 27.688994690000072 ], [ 68.830266546000075, 27.691014327000062 ], [ 68.824603190000062, 27.693006962000027 ], [ 68.787016354000059, 27.711917030000052 ], [ 68.783012405000079, 27.713008572000035 ], [ 68.781773092000037, 27.713850241000046 ], [ 68.777537503000076, 27.718922688000077 ], [ 68.776829836000047, 27.719190172000026 ], [ 68.773750286000052, 27.719153182000071 ], [ 68.770899843000052, 27.720765725000035 ], [ 68.765228467000043, 27.725410071000056 ], [ 68.744421463000037, 27.744522264000068 ], [ 68.740391592000037, 27.755298099000072 ], [ 68.734726902000034, 27.757910944000059 ], [ 68.726756513000055, 27.762642723000056 ], [ 68.728935112000045, 27.775414482000031 ], [ 68.728806374000044, 27.776136423000025 ], [ 68.72825838600005, 27.776757081000028 ], [ 68.716062493000038, 27.785453453000059 ], [ 68.708930270000053, 27.790360951000025 ], [ 68.707875928000078, 27.790804867000077 ], [ 68.703653185000064, 27.794031221000068 ], [ 68.701636646000054, 27.795252187000074 ], [ 68.699184942000045, 27.796410192000053 ], [ 68.690560241000071, 27.79951649800006 ], [ 68.687285287000066, 27.800637804000075 ], [ 68.686297760000059, 27.800612731000058 ], [ 68.685140181000065, 27.799961113000052 ], [ 68.679217164000079, 27.794136863000062 ], [ 68.678967166000064, 27.794339421000075 ], [ 68.674449515000049, 27.794665427000041 ], [ 68.657726732000071, 27.793059676000041 ], [ 68.64043429600008, 27.785685909000051 ], [ 68.63358811300003, 27.785633602000075 ], [ 68.625917792000052, 27.784626876000061 ], [ 68.618379966000077, 27.78311049000007 ], [ 68.611218682000072, 27.781236159000059 ], [ 68.603657110000029, 27.782369895000045 ], [ 68.602201759000081, 27.781379842000035 ], [ 68.589247982000074, 27.777621210000063 ], [ 68.585508342000082, 27.77713839300003 ], [ 68.581181273000084, 27.77540966600003 ], [ 68.571738395000068, 27.774450903000059 ], [ 68.563252613000031, 27.765689307000059 ], [ 68.561166447000062, 27.764070402000073 ], [ 68.559686637000084, 27.763962421000031 ], [ 68.546641214000033, 27.758669425000051 ], [ 68.544584787000076, 27.756190764000053 ], [ 68.542610165000042, 27.75553756100004 ], [ 68.541834392000055, 27.755652664000024 ], [ 68.540986113000031, 27.756468866000034 ], [ 68.539486392000072, 27.756729313000051 ], [ 68.52766314400003, 27.755344757000046 ], [ 68.500632754000037, 27.757386213000075 ], [ 68.496030272000041, 27.756790169000055 ], [ 68.491896901000075, 27.755459291000079 ], [ 68.490794321000067, 27.755679640000039 ], [ 68.490135826000028, 27.754342101000077 ], [ 68.486837731000037, 27.75512763200004 ], [ 68.484881501000075, 27.754347364000068 ], [ 68.484475734000057, 27.754051521000065 ], [ 68.483573117000049, 27.752021165000031 ], [ 68.479657140000029, 27.748624721000056 ], [ 68.479295582000077, 27.745793279000054 ], [ 68.473926564000067, 27.744933839000055 ], [ 68.472851518000084, 27.744322494000073 ], [ 68.471502900000075, 27.744216679000033 ], [ 68.464299657000083, 27.741463102000068 ], [ 68.461608133000084, 27.737876524000058 ], [ 68.45652455000004, 27.737235455000075 ], [ 68.451805519000061, 27.734165635000068 ], [ 68.453429994000032, 27.73044959200007 ], [ 68.444727610000029, 27.719708677000028 ], [ 68.44535780800004, 27.711302547000059 ], [ 68.444473308000056, 27.710563591000039 ], [ 68.444499551000035, 27.710146999000074 ], [ 68.445533602000069, 27.709022137000034 ], [ 68.446110568000051, 27.701351459000023 ], [ 68.434113865000029, 27.694073521000064 ], [ 68.430593533000035, 27.69369776800005 ], [ 68.425938702000053, 27.691894944000069 ], [ 68.424816474000068, 27.691247232000023 ], [ 68.421789383000032, 27.688985476000028 ], [ 68.417581276000078, 27.684405057000049 ], [ 68.416820514000051, 27.685160861000043 ], [ 68.414771574000042, 27.684465105000072 ], [ 68.410003832000029, 27.679681448000053 ], [ 68.383021168000028, 27.663424410000061 ], [ 68.38128835100008, 27.662078947000055 ], [ 68.375911334000079, 27.657343581000077 ], [ 68.374998100000028, 27.654642656000078 ], [ 68.362238017000038, 27.637538336000034 ], [ 68.358830043000069, 27.632500820000075 ], [ 68.348363483000071, 27.618429480000032 ], [ 68.327757838000082, 27.616045174000078 ], [ 68.326854112000035, 27.617053924000061 ], [ 68.326099831000079, 27.61746880000004 ], [ 68.322381393000057, 27.613129725000078 ], [ 68.312114723000036, 27.611095824000074 ], [ 68.30608342000005, 27.601733011000078 ], [ 68.296118096000043, 27.589560749000043 ], [ 68.293892993000043, 27.58921405600006 ], [ 68.290034504000062, 27.57789523200006 ] ] } },
{ "type": "Feature", "properties": { "code": "BND051", "name": "TORI  HABAT BUND" }, "geometry": { "type": "MultiLineString", "coordinates": [ [ [ 69.166748221000034, 28.150830339000038 ], [ 69.167511721000039, 28.151220704000025 ], [ 69.167522913000028, 28.151243487000045 ], [ 69.167577810265342, 28.151580267794021 ] ], [ [ 69.167577810265342, 28.151580267794021 ], [ 69.167582269000036, 28.151607621000039 ], [ 69.167517782680775, 28.151766062665597 ] ], [ [ 69.167517782680775, 28.151766062665597 ], [ 69.16718263100006, 28.152589524000064 ], [ 69.167004967000082, 28.153316190000055 ], [ 69.167170640000052, 28.15466076000007 ], [ 69.167674839000028, 28.155100589000028 ], [ 69.169770894000067, 28.155493982000053 ], [ 69.170352858000058, 28.155932875000076 ], [ 69.182099439000069, 28.170254111000077 ], [ 69.187749709000059, 28.176452083000072 ], [ 69.189559165000048, 28.177960405000078 ], [ 69.209095888000036, 28.182501754000043 ], [ 69.215562639000041, 28.184280135000051 ], [ 69.236817444000053, 28.188979901000039 ], [ 69.236754278000035, 28.189528931000041 ], [ 69.206874551000055, 28.182826601000045 ], [ 69.189284654000062, 28.178499976000069 ], [ 69.18592320700003, 28.175860681000074 ], [ 69.169893008000031, 28.155963482000061 ], [ 69.168105830000059, 28.155583385000057 ], [ 69.166671920000056, 28.154435853000052 ], [ 69.16661599400004, 28.153442204000044 ], [ 69.167031875000077, 28.152223166000056 ], [ 69.167517782680775, 28.151766062665597 ] ], [ [ 69.167517782680775, 28.151766062665597 ], [ 69.167676061000066, 28.15161716700004 ], [ 69.167577810265342, 28.151580267794021 ] ], [ [ 69.167577810265342, 28.151580267794021 ], [ 69.167152139000052, 28.151420402000042 ], [ 69.166386676000059, 28.151065929000026 ], [ 69.166670921000048, 28.15079737700006 ] ] ] } },
{ "type": "Feature", "properties": { "code": "BND052", "name": "TORI BUND" }, "geometry": { "type": "LineString", "coordinates": [ [ 69.014305131000071, 28.085772419000023 ], [ 69.016004413000076, 28.084738962000074 ], [ 69.01881231200008, 28.084131187000025 ], [ 69.020246117000056, 28.083162039000058 ], [ 69.027011379000044, 28.080128466000076 ], [ 69.028051381000068, 28.079844840000078 ], [ 69.028953219000073, 28.080184212000063 ], [ 69.030501116000039, 28.082234285000027 ], [ 69.033913109000082, 28.082420007000053 ], [ 69.03505909900008, 28.083726427000045 ], [ 69.03671408200006, 28.082828210000059 ], [ 69.037338359000046, 28.08282015900005 ], [ 69.055304206000073, 28.084658636000029 ], [ 69.061695578000069, 28.087295478000044 ], [ 69.063251089000062, 28.087021140000047 ], [ 69.064214967000055, 28.086426796000069 ], [ 69.070722896000063, 28.090024318000076 ], [ 69.072529293000059, 28.090451389000066 ], [ 69.073894430000053, 28.091316585000072 ], [ 69.078456908000078, 28.093040587000075 ], [ 69.079330104000064, 28.093636479000054 ], [ 69.08068548600005, 28.093930482000076 ], [ 69.093809161000081, 28.101343738000025 ], [ 69.097100071000057, 28.101308169000049 ], [ 69.104801365000071, 28.099546607000036 ], [ 69.107251830000052, 28.099464098000055 ], [ 69.108595041000058, 28.098646751000047 ], [ 69.108764323000059, 28.098834124000064 ], [ 69.106995747000042, 28.099704013000064 ], [ 69.105098214000066, 28.099698467000053 ], [ 69.096542965000083, 28.101608395000028 ], [ 69.094017660000077, 28.101635847000068 ], [ 69.08083719900003, 28.094160975000079 ], [ 69.079439766000064, 28.093897969000068 ], [ 69.078231016000075, 28.093143456000064 ], [ 69.073725119000073, 28.091472078000038 ], [ 69.072031543000037, 28.090420020000067 ], [ 69.070476332000055, 28.09009136800006 ], [ 69.064449704000083, 28.086889761000066 ], [ 69.061679821000041, 28.087478733000069 ], [ 69.055179592000059, 28.084835780000049 ], [ 69.037003287000061, 28.082950904000029 ], [ 69.035678620000056, 28.083864775000052 ], [ 69.034856644000058, 28.083966193000037 ], [ 69.034322225000039, 28.082908554000028 ], [ 69.033810505000076, 28.082554806000076 ], [ 69.030284068000071, 28.082279031000041 ], [ 69.028938396000058, 28.080372673000056 ], [ 69.028157908000082, 28.079942625000058 ], [ 69.020402549000039, 28.083231285000068 ], [ 69.018731743000046, 28.084351100000049 ], [ 69.016256035000083, 28.084820749000073 ], [ 69.014365536000071, 28.085936115000038 ], [ 69.01427829000005, 28.085778738000045 ] ] } },
{ "type": "Feature", "properties": { "code": "BND053", "name": "TORI CROS BUND" }, "geometry": { "type": "LineString", "coordinates": [ [ 69.124828230000048, 28.107984374000068 ], [ 69.127210887000047, 28.128844029000049 ], [ 69.138155170000061, 28.137390762000052 ], [ 69.137377344000072, 28.133475873000066 ], [ 69.137593562000063, 28.133433298000057 ], [ 69.140164710000079, 28.14907497300004 ], [ 69.139735671000039, 28.147983485000054 ], [ 69.138224896000054, 28.137899010000069 ], [ 69.127102535000063, 28.129070166000076 ], [ 69.124623235000058, 28.107931506000057 ] ] } },
{ "type": "Feature", "properties": { "code": "BND054", "name": "U / S RIGHT MARGINAL BUND" }, "geometry": { "type": "LineString", "coordinates": [ [ 69.712604426000041, 28.427392309000027 ], [ 69.689524950000077, 28.452055620000067 ], [ 69.676294158000076, 28.456980394000027 ], [ 69.676419456000076, 28.45724335400007 ], [ 69.689603620000071, 28.452198770000052 ], [ 69.712796264000076, 28.42762996700003 ] ] } },
{ "type": "Feature", "properties": { "code": "BND055", "name": "WEST FEEDER BUND  1" }, "geometry": { "type": "LineString", "coordinates": [ [ 68.787625462000051, 27.639061102000028 ], [ 68.792613666000079, 27.64164461200005 ], [ 68.79561710400003, 27.642193533000068 ], [ 68.808989217000033, 27.646132844000078 ], [ 68.83076654000007, 27.660345068000026 ], [ 68.839129562000039, 27.664837828000032 ], [ 68.846146397000041, 27.669230307000078 ], [ 68.838123468000049, 27.663992151000059 ], [ 68.830799420000062, 27.660144782000032 ], [ 68.808918493000078, 27.645993560000079 ], [ 68.791828518000045, 27.641041441000027 ], [ 68.782679717000065, 27.636097862000042 ], [ 68.780100724000079, 27.635767396000062 ], [ 68.778196002000072, 27.63595471900004 ], [ 68.752639488000057, 27.642363817000046 ], [ 68.731486514000039, 27.642206183000042 ], [ 68.698496320000061, 27.634366125000042 ], [ 68.679792165000038, 27.630304780000074 ], [ 68.677747687000078, 27.630131888000051 ], [ 68.700599634000071, 27.634939499000041 ], [ 68.72645495900008, 27.641400743000077 ], [ 68.730961369000056, 27.642267317000062 ], [ 68.752465380000046, 27.642550708000044 ], [ 68.774120391000054, 27.637279576000026 ] ] } },
{ "type": "Feature", "properties": { "code": "BND056", "name": "A B LINK BUND" }, "geometry": { "type": "LineString", "coordinates": [ [ 68.133801057000028, 27.315509520000035 ], [ 68.127294875000075, 27.327325460000054 ], [ 68.130112505000056, 27.332249628000056 ], [ 68.12996706000007, 27.332460767000043 ], [ 68.127152910000063, 27.327277336000066 ], [ 68.133698252000045, 27.315396077000059 ] ] } },
{ "type": "Feature", "properties": { "code": "BND057", "name": "A B LINK BUND" }, "geometry": { "type": "LineString", "coordinates": [ [ 68.133801057000028, 27.315509520000035 ], [ 68.127294875000075, 27.327325460000054 ], [ 68.130112505000056, 27.332249628000056 ], [ 68.12996706000007, 27.332460767000043 ], [ 68.127152910000063, 27.327277336000066 ], [ 68.133698252000045, 27.315396077000059 ] ] } },
{ "type": "Feature", "properties": { "code": "BND058", "name": "ABAD EXT BUND" }, "geometry": { "type": "LineString", "coordinates": [ [ 68.27399175100004, 27.427062558000046 ], [ 68.27258644300008, 27.429824229000076 ], [ 68.271100415000035, 27.431355214000064 ], [ 68.260852446000058, 27.440039580000075 ], [ 68.256616921000045, 27.44601076400005 ], [ 68.245958090000045, 27.461855990000061 ], [ 68.24555411700004, 27.466846845000077 ], [ 68.243856304000076, 27.470508961000064 ], [ 68.243639869000049, 27.470471940000039 ], [ 68.245338805000074, 27.466796922000071 ], [ 68.245785022000064, 27.461979118000045 ], [ 68.24603056400008, 27.461506608000036 ], [ 68.260100231000081, 27.440678243000036 ], [ 68.272416422000049, 27.42975141200003 ], [ 68.273810597000079, 27.426905749000071 ] ] } },
{ "type": "Feature", "properties": { "code": "BND059", "name": "ABAD IOOP BUND" }, "geometry": { "type": "LineString", "coordinates": [ [ 68.226839447000032, 27.386994956000024 ], [ 68.227453021000031, 27.399149765000061 ], [ 68.228975803000083, 27.41871917900005 ], [ 68.228637951000053, 27.428693345000056 ], [ 68.229052909000075, 27.42963667600003 ], [ 68.228458851000028, 27.431957113000067 ], [ 68.227494124000032, 27.448606374000065 ], [ 68.230595085000061, 27.45332780800004 ], [ 68.231440862000056, 27.453912140000057 ], [ 68.231433855000034, 27.454657977000068 ], [ 68.235664949000068, 27.460882325000057 ], [ 68.235494862000053, 27.46652292300007 ], [ 68.236067646000038, 27.46790820700005 ], [ 68.256680291000066, 27.474963575000061 ], [ 68.256502129000069, 27.475186452000059 ], [ 68.235926833000065, 27.467977846000053 ], [ 68.235343263000061, 27.466459932000078 ], [ 68.235595062000073, 27.460929182000029 ], [ 68.23130916100007, 27.454680365000058 ], [ 68.231393543000081, 27.454016858000045 ], [ 68.230539587000067, 27.453450218000057 ], [ 68.227378101000056, 27.44874373600004 ], [ 68.228295207000031, 27.431264929000065 ], [ 68.228829245000043, 27.429976436000061 ], [ 68.228487851000068, 27.428797855000028 ], [ 68.228871942000069, 27.420562387000075 ], [ 68.227261317000057, 27.399441115000059 ], [ 68.22663028900007, 27.386896877000027 ] ] } },
{ "type": "Feature", "properties": { "code": "BND060", "name": "ABAD LINK BUND" }, "geometry": { "type": "LineString", "coordinates": [ [ 68.259179595000035, 27.419654402000049 ], [ 68.259729701000083, 27.439631156000075 ], [ 68.26006712700007, 27.440705612000045 ], [ 68.25967432200008, 27.44105778900007 ], [ 68.259313736000081, 27.439827337000054 ], [ 68.259007414000052, 27.419522463000078 ] ] } },
{ "type": "Feature", "properties": { "code": "BND061", "name": "ABAD RING BUND" }, "geometry": { "type": "LineString", "coordinates": [ [ 68.252683922000074, 27.529656461000059 ], [ 68.248590838000041, 27.506680580000079 ], [ 68.245788939000079, 27.50315659100005 ], [ 68.24340204300006, 27.499205848000031 ], [ 68.243700320000073, 27.495842825000068 ], [ 68.246215497000037, 27.486845283000036 ], [ 68.243737297000052, 27.482644264000044 ], [ 68.253962357000034, 27.482146579000073 ], [ 68.257273385000076, 27.479477304000056 ], [ 68.255851464000045, 27.477432516000079 ], [ 68.263058891000071, 27.460445629000048 ], [ 68.262779735000038, 27.460435432000054 ], [ 68.255580518000045, 27.477442706000033 ], [ 68.25691246100007, 27.479277770000067 ], [ 68.253958995000062, 27.482007727000052 ], [ 68.243487980000054, 27.482557254000028 ], [ 68.246011847000034, 27.486890489000075 ], [ 68.243473188000053, 27.495852632000037 ], [ 68.243263870000078, 27.499264994000043 ], [ 68.245560547000082, 27.503228989000036 ], [ 68.248423521000063, 27.506729121000035 ], [ 68.252358116000039, 27.529699868000023 ] ] } },
{ "type": "Feature", "properties": { "code": "BND065", "name": "BAHARO BUND" }, "geometry": { "type": "LineString", "coordinates": [ [ 68.427206530000035, 27.481909454000061 ], [ 68.428567830000077, 27.488608241000065 ], [ 68.428061787000047, 27.489551243000051 ], [ 68.428261404000068, 27.490237032000039 ], [ 68.427106989000038, 27.492855473000077 ], [ 68.42772246100003, 27.494414612000071 ], [ 68.43176304800005, 27.50049524800005 ], [ 68.431730917000039, 27.502302357000076 ], [ 68.431285818000049, 27.503348004000031 ], [ 68.43251112400003, 27.505527503000053 ], [ 68.434195765000084, 27.505710704000023 ], [ 68.434877064000034, 27.505426920000048 ], [ 68.437495088000048, 27.505331581000064 ], [ 68.439360591000082, 27.506183075000024 ], [ 68.439732604000028, 27.506576494000058 ], [ 68.44001077300004, 27.508778714000073 ], [ 68.442701123000063, 27.509723849000068 ], [ 68.442560703000083, 27.510555259000057 ], [ 68.448473952000029, 27.513715906000073 ], [ 68.452776476000054, 27.51479445700005 ], [ 68.456196742000031, 27.516114465000044 ], [ 68.461696239000048, 27.518845996000039 ], [ 68.463077779000059, 27.519135133000077 ], [ 68.463691038000036, 27.518737191000071 ], [ 68.471484091000036, 27.518430139000031 ], [ 68.47268530000008, 27.517040490000056 ], [ 68.472907019000047, 27.51728977700003 ], [ 68.47136364000005, 27.518635867000057 ], [ 68.464181451000059, 27.51897094800006 ], [ 68.463351698000054, 27.519385782000029 ], [ 68.461614705000045, 27.519085699000073 ], [ 68.457904900000074, 27.517101584000045 ], [ 68.453810086000033, 27.515385999000046 ], [ 68.448339359000045, 27.513951947000066 ], [ 68.442505826000058, 27.510871457000064 ], [ 68.442190208000056, 27.510638694000079 ], [ 68.442333631000054, 27.509955929000057 ], [ 68.44008298500006, 27.509193443000072 ], [ 68.439348347000077, 27.508559585000057 ], [ 68.439471878000063, 27.506747291000067 ], [ 68.439015754000081, 27.506272863000049 ], [ 68.437382736000075, 27.505605801000058 ], [ 68.43499306800004, 27.505715085000077 ], [ 68.433341268000049, 27.50626771900005 ], [ 68.432553508000069, 27.505914506000067 ], [ 68.430922715000065, 27.50368781800006 ], [ 68.430984820000049, 27.502728021000053 ], [ 68.431363331000057, 27.502153488000033 ], [ 68.431390022000073, 27.50063311200006 ], [ 68.428445125000053, 27.496321245000047 ], [ 68.428428512000039, 27.495826123000029 ], [ 68.427500997000038, 27.494681714000023 ], [ 68.426733395000042, 27.492845350000039 ], [ 68.427992706000055, 27.490275335000035 ], [ 68.427747718000035, 27.489619279000067 ], [ 68.428345074000049, 27.48856242100004 ], [ 68.426777618000074, 27.482091513000057 ], [ 68.427179833000082, 27.481855922000079 ] ] } },
{ "type": "Feature", "properties": { "code": "BND066", "name": "BAHARO BUND" }, "geometry": { "type": "LineString", "coordinates": [ [ 68.427402274000031, 27.482417461000068 ], [ 68.428383455000073, 27.488873557000034 ], [ 68.427960668000082, 27.489674960000059 ], [ 68.42800144000006, 27.490432670000075 ], [ 68.427055493000069, 27.492799047000062 ], [ 68.427772806000064, 27.494620347000023 ], [ 68.430211918000055, 27.498635335000074 ], [ 68.431695156000046, 27.500073546000067 ], [ 68.431745350000028, 27.502157905000047 ], [ 68.431204879000063, 27.503683428000045 ], [ 68.43211920400006, 27.505163288000062 ], [ 68.433059765000053, 27.505969797000034 ], [ 68.434803173000034, 27.505515345000049 ], [ 68.43721957200006, 27.505356271000039 ], [ 68.438877455000068, 27.50597506500003 ], [ 68.439805595000053, 27.506915075000052 ], [ 68.439755165000065, 27.50851571100003 ], [ 68.44017804200007, 27.508947339000031 ], [ 68.442574208000053, 27.509717530000046 ], [ 68.442519359000073, 27.510592877000079 ], [ 68.445178430000055, 27.512068671000065 ], [ 68.448610516000031, 27.513862293000045 ], [ 68.454109602000074, 27.515318921000073 ], [ 68.462795266000057, 27.519076940000048 ], [ 68.463822981000078, 27.518687650000061 ], [ 68.471436733000075, 27.518445439000061 ], [ 68.472738141000036, 27.517011060000073 ], [ 68.472760320000077, 27.517287655000075 ], [ 68.471690645000081, 27.518571929000075 ], [ 68.463903409000068, 27.51892575100004 ], [ 68.463407191000044, 27.51932798100006 ], [ 68.462724274000038, 27.519267307000064 ], [ 68.457871570000066, 27.517000340000038 ], [ 68.452788830000031, 27.515066784000055 ], [ 68.44894589900008, 27.514096751000068 ], [ 68.445374504000029, 27.512368035000065 ], [ 68.442385131000037, 27.510711384000047 ], [ 68.442293689000053, 27.50982035800007 ], [ 68.439838231000067, 27.509031341000025 ], [ 68.43940462300003, 27.508406858000058 ], [ 68.439542574000029, 27.506861839000067 ], [ 68.438373137000042, 27.505968590000066 ], [ 68.436921191000067, 27.505561746000069 ], [ 68.435024912000074, 27.505664699000079 ], [ 68.433215542000028, 27.506219185000077 ], [ 68.432600186000059, 27.505916884000044 ], [ 68.430919515000028, 27.503430858000058 ], [ 68.431650998000066, 27.501922214000047 ], [ 68.43161741800003, 27.50030921900003 ], [ 68.430181275000052, 27.499053065000055 ], [ 68.427571425000053, 27.49458846400006 ], [ 68.426826323000057, 27.492834861000063 ], [ 68.427883657000052, 27.490487881000035 ], [ 68.427832631000058, 27.489555358000075 ], [ 68.428241831000037, 27.488854565000054 ], [ 68.42755356300006, 27.483452629000055 ], [ 68.42709725900005, 27.482536692000053 ], [ 68.427352621000068, 27.482386451000025 ] ] } },
{ "type": "Feature", "properties": { "code": "BND067", "name": "BAHARO BUND" }, "geometry": { "type": "LineString", "coordinates": [ [ 68.427206530000035, 27.481909454000061 ], [ 68.428567830000077, 27.488608241000065 ], [ 68.428061787000047, 27.489551243000051 ], [ 68.428261404000068, 27.490237032000039 ], [ 68.427106989000038, 27.492855473000077 ], [ 68.42772246100003, 27.494414612000071 ], [ 68.43176304800005, 27.50049524800005 ], [ 68.431730917000039, 27.502302357000076 ], [ 68.431285818000049, 27.503348004000031 ], [ 68.43251112400003, 27.505527503000053 ], [ 68.434195765000084, 27.505710704000023 ], [ 68.434877064000034, 27.505426920000048 ], [ 68.437495088000048, 27.505331581000064 ], [ 68.439360591000082, 27.506183075000024 ], [ 68.439732604000028, 27.506576494000058 ], [ 68.44001077300004, 27.508778714000073 ], [ 68.442701123000063, 27.509723849000068 ], [ 68.442560703000083, 27.510555259000057 ], [ 68.448473952000029, 27.513715906000073 ], [ 68.452776476000054, 27.51479445700005 ], [ 68.456196742000031, 27.516114465000044 ], [ 68.461696239000048, 27.518845996000039 ], [ 68.463077779000059, 27.519135133000077 ], [ 68.463691038000036, 27.518737191000071 ], [ 68.471484091000036, 27.518430139000031 ], [ 68.47268530000008, 27.517040490000056 ], [ 68.472907019000047, 27.51728977700003 ], [ 68.47136364000005, 27.518635867000057 ], [ 68.464181451000059, 27.51897094800006 ], [ 68.463351698000054, 27.519385782000029 ], [ 68.461614705000045, 27.519085699000073 ], [ 68.457904900000074, 27.517101584000045 ], [ 68.453810086000033, 27.515385999000046 ], [ 68.448339359000045, 27.513951947000066 ], [ 68.442505826000058, 27.510871457000064 ], [ 68.442190208000056, 27.510638694000079 ], [ 68.442333631000054, 27.509955929000057 ], [ 68.44008298500006, 27.509193443000072 ], [ 68.439348347000077, 27.508559585000057 ], [ 68.439471878000063, 27.506747291000067 ], [ 68.439015754000081, 27.506272863000049 ], [ 68.437382736000075, 27.505605801000058 ], [ 68.43499306800004, 27.505715085000077 ], [ 68.433341268000049, 27.50626771900005 ], [ 68.432553508000069, 27.505914506000067 ], [ 68.430922715000065, 27.50368781800006 ], [ 68.430984820000049, 27.502728021000053 ], [ 68.431363331000057, 27.502153488000033 ], [ 68.431390022000073, 27.50063311200006 ], [ 68.428445125000053, 27.496321245000047 ], [ 68.428428512000039, 27.495826123000029 ], [ 68.427500997000038, 27.494681714000023 ], [ 68.426733395000042, 27.492845350000039 ], [ 68.427992706000055, 27.490275335000035 ], [ 68.427747718000035, 27.489619279000067 ], [ 68.428345074000049, 27.48856242100004 ], [ 68.426777618000074, 27.482091513000057 ], [ 68.427179833000082, 27.481855922000079 ] ] } },
{ "type": "Feature", "properties": { "code": "BND068", "name": "BAHARO BUND" }, "geometry": { "type": "LineString", "coordinates": [ [ 68.427402274000031, 27.482417461000068 ], [ 68.428383455000073, 27.488873557000034 ], [ 68.427960668000082, 27.489674960000059 ], [ 68.42800144000006, 27.490432670000075 ], [ 68.427055493000069, 27.492799047000062 ], [ 68.427772806000064, 27.494620347000023 ], [ 68.430211918000055, 27.498635335000074 ], [ 68.431695156000046, 27.500073546000067 ], [ 68.431745350000028, 27.502157905000047 ], [ 68.431204879000063, 27.503683428000045 ], [ 68.43211920400006, 27.505163288000062 ], [ 68.433059765000053, 27.505969797000034 ], [ 68.434803173000034, 27.505515345000049 ], [ 68.43721957200006, 27.505356271000039 ], [ 68.438877455000068, 27.50597506500003 ], [ 68.439805595000053, 27.506915075000052 ], [ 68.439755165000065, 27.50851571100003 ], [ 68.44017804200007, 27.508947339000031 ], [ 68.442574208000053, 27.509717530000046 ], [ 68.442519359000073, 27.510592877000079 ], [ 68.445178430000055, 27.512068671000065 ], [ 68.448610516000031, 27.513862293000045 ], [ 68.454109602000074, 27.515318921000073 ], [ 68.462795266000057, 27.519076940000048 ], [ 68.463822981000078, 27.518687650000061 ], [ 68.471436733000075, 27.518445439000061 ], [ 68.472738141000036, 27.517011060000073 ], [ 68.472760320000077, 27.517287655000075 ], [ 68.471690645000081, 27.518571929000075 ], [ 68.463903409000068, 27.51892575100004 ], [ 68.463407191000044, 27.51932798100006 ], [ 68.462724274000038, 27.519267307000064 ], [ 68.457871570000066, 27.517000340000038 ], [ 68.452788830000031, 27.515066784000055 ], [ 68.44894589900008, 27.514096751000068 ], [ 68.445374504000029, 27.512368035000065 ], [ 68.442385131000037, 27.510711384000047 ], [ 68.442293689000053, 27.50982035800007 ], [ 68.439838231000067, 27.509031341000025 ], [ 68.43940462300003, 27.508406858000058 ], [ 68.439542574000029, 27.506861839000067 ], [ 68.438373137000042, 27.505968590000066 ], [ 68.436921191000067, 27.505561746000069 ], [ 68.435024912000074, 27.505664699000079 ], [ 68.433215542000028, 27.506219185000077 ], [ 68.432600186000059, 27.505916884000044 ], [ 68.430919515000028, 27.503430858000058 ], [ 68.431650998000066, 27.501922214000047 ], [ 68.43161741800003, 27.50030921900003 ], [ 68.430181275000052, 27.499053065000055 ], [ 68.427571425000053, 27.49458846400006 ], [ 68.426826323000057, 27.492834861000063 ], [ 68.427883657000052, 27.490487881000035 ], [ 68.427832631000058, 27.489555358000075 ], [ 68.428241831000037, 27.488854565000054 ], [ 68.42755356300006, 27.483452629000055 ], [ 68.42709725900005, 27.482536692000053 ], [ 68.427352621000068, 27.482386451000025 ] ] } },
{ "type": "Feature", "properties": { "code": "BND069", "name": "BAHARO BUND" }, "geometry": { "type": "LineString", "coordinates": [ [ 68.427402274000031, 27.482417461000068 ], [ 68.428383455000073, 27.488873557000034 ], [ 68.427960668000082, 27.489674960000059 ], [ 68.42800144000006, 27.490432670000075 ], [ 68.427055493000069, 27.492799047000062 ], [ 68.427772806000064, 27.494620347000023 ], [ 68.430211918000055, 27.498635335000074 ], [ 68.431695156000046, 27.500073546000067 ], [ 68.431745350000028, 27.502157905000047 ], [ 68.431204879000063, 27.503683428000045 ], [ 68.43211920400006, 27.505163288000062 ], [ 68.433059765000053, 27.505969797000034 ], [ 68.434803173000034, 27.505515345000049 ], [ 68.43721957200006, 27.505356271000039 ], [ 68.438877455000068, 27.50597506500003 ], [ 68.439805595000053, 27.506915075000052 ], [ 68.439755165000065, 27.50851571100003 ], [ 68.44017804200007, 27.508947339000031 ], [ 68.442574208000053, 27.509717530000046 ], [ 68.442519359000073, 27.510592877000079 ], [ 68.445178430000055, 27.512068671000065 ], [ 68.448610516000031, 27.513862293000045 ], [ 68.454109602000074, 27.515318921000073 ], [ 68.462795266000057, 27.519076940000048 ], [ 68.463822981000078, 27.518687650000061 ], [ 68.471436733000075, 27.518445439000061 ], [ 68.472738141000036, 27.517011060000073 ], [ 68.472760320000077, 27.517287655000075 ], [ 68.471690645000081, 27.518571929000075 ], [ 68.463903409000068, 27.51892575100004 ], [ 68.463407191000044, 27.51932798100006 ], [ 68.462724274000038, 27.519267307000064 ], [ 68.457871570000066, 27.517000340000038 ], [ 68.452788830000031, 27.515066784000055 ], [ 68.44894589900008, 27.514096751000068 ], [ 68.445374504000029, 27.512368035000065 ], [ 68.442385131000037, 27.510711384000047 ], [ 68.442293689000053, 27.50982035800007 ], [ 68.439838231000067, 27.509031341000025 ], [ 68.43940462300003, 27.508406858000058 ], [ 68.439542574000029, 27.506861839000067 ], [ 68.438373137000042, 27.505968590000066 ], [ 68.436921191000067, 27.505561746000069 ], [ 68.435024912000074, 27.505664699000079 ], [ 68.433215542000028, 27.506219185000077 ], [ 68.432600186000059, 27.505916884000044 ], [ 68.430919515000028, 27.503430858000058 ], [ 68.431650998000066, 27.501922214000047 ], [ 68.43161741800003, 27.50030921900003 ], [ 68.430181275000052, 27.499053065000055 ], [ 68.427571425000053, 27.49458846400006 ], [ 68.426826323000057, 27.492834861000063 ], [ 68.427883657000052, 27.490487881000035 ], [ 68.427832631000058, 27.489555358000075 ], [ 68.428241831000037, 27.488854565000054 ], [ 68.42755356300006, 27.483452629000055 ], [ 68.42709725900005, 27.482536692000053 ], [ 68.427352621000068, 27.482386451000025 ] ] } },
{ "type": "Feature", "properties": { "code": "BND070", "name": "BAIJI BUND" }, "geometry": { "type": "LineString", "coordinates": [ [ 69.095922055000074, 27.899388550000026 ], [ 69.088868356000035, 27.898375057000067 ], [ 69.087691733000042, 27.897860201000071 ], [ 69.087135730000057, 27.897237421000057 ], [ 69.086369255000079, 27.894757855000023 ], [ 69.08519890000008, 27.888642221000055 ], [ 69.08437921400008, 27.886620911000023 ], [ 69.080791056000066, 27.884042599000054 ], [ 69.079329502000064, 27.881730861000051 ], [ 69.071531863000075, 27.874872984000035 ], [ 69.069326032000049, 27.873452402000055 ], [ 69.063345922000053, 27.870817658000078 ], [ 69.061299415000065, 27.869609300000036 ], [ 69.060453714000062, 27.867945192000036 ], [ 69.059404174000065, 27.861281496000061 ], [ 69.058630673000039, 27.859912054000063 ], [ 69.057335692000038, 27.858628356000054 ], [ 69.052502683000057, 27.854615839000076 ], [ 69.040901444000042, 27.847992143000056 ], [ 69.038892892000035, 27.846619130000079 ], [ 69.038459585000055, 27.845975438000039 ], [ 69.034195071000056, 27.832297818000029 ], [ 69.032087498000067, 27.828299619000063 ], [ 69.02917668200007, 27.820758436000062 ], [ 69.031963879000045, 27.813999061000061 ], [ 69.035923442000069, 27.786444677000077 ], [ 69.040933153000083, 27.777740064000056 ], [ 69.034966431000043, 27.770624608000048 ], [ 69.03529792300003, 27.768925815000046 ], [ 69.03489558800004, 27.768038691000072 ], [ 69.033925599000042, 27.767006086000038 ], [ 69.030521686000043, 27.765606435000052 ], [ 69.018638379000038, 27.751746531000038 ], [ 69.014971478000064, 27.746700984000029 ], [ 69.010092899000028, 27.741757611000025 ], [ 69.004180379000047, 27.737194923000061 ], [ 69.002828392000083, 27.73485325200005 ], [ 69.000876264000055, 27.733793902000059 ], [ 68.999342422000041, 27.733601903000078 ], [ 68.98807374900008, 27.724951954000062 ], [ 68.987959147000083, 27.714216352000051 ], [ 68.977815872000065, 27.703590722000058 ], [ 68.959261439000045, 27.701798570000051 ], [ 68.958878743000071, 27.701367437000044 ], [ 68.954180165000082, 27.699845930000038 ], [ 68.953694280000036, 27.699959404000026 ], [ 68.95361273900005, 27.699681353000074 ], [ 68.952045808000037, 27.699141267000073 ], [ 68.946852299000057, 27.698822999000072 ], [ 68.942464308000069, 27.694279580000057 ], [ 68.94483893000006, 27.692788801000063 ], [ 68.945108387000062, 27.692145236000044 ], [ 68.945325350000076, 27.692132665000031 ], [ 68.945018308000044, 27.692966196000043 ], [ 68.942812622000076, 27.694219783000051 ], [ 68.94733231400005, 27.698608543000034 ], [ 68.951909445000069, 27.698774831000037 ], [ 68.959628814000041, 27.701336799000046 ], [ 68.977856164000059, 27.703135733000067 ], [ 68.988155107000068, 27.713937890000068 ], [ 68.988378971000031, 27.724812883000027 ], [ 68.998391130000073, 27.732474023000066 ], [ 68.999727755000038, 27.733368475000077 ], [ 69.001966061000076, 27.734043520000057 ], [ 69.003218700000048, 27.735011850000035 ], [ 69.00446026000003, 27.737114708000036 ], [ 69.010297412000057, 27.741504688000077 ], [ 69.012508810000043, 27.743644119000066 ], [ 69.019821365000041, 27.752671109000062 ], [ 69.030656975000056, 27.765239539000049 ], [ 69.034139816000049, 27.766513243000077 ], [ 69.035460448000038, 27.76784622200006 ], [ 69.035814826000035, 27.768435117000024 ], [ 69.035548050000045, 27.770536882000044 ], [ 69.041282343000034, 27.777328607000072 ], [ 69.041346053000041, 27.777858479000031 ], [ 69.036215524000056, 27.786557488000028 ], [ 69.032411404000072, 27.813814586000035 ], [ 69.029580948000046, 27.820608635000042 ], [ 69.032315182000048, 27.827808014000027 ], [ 69.034472973000049, 27.831849734000059 ], [ 69.039136083000074, 27.846306838000032 ], [ 69.05251247800004, 27.854301933000045 ], [ 69.05763567200006, 27.858414147000076 ], [ 69.059382585000037, 27.86052008200005 ], [ 69.060624605000044, 27.867944526000031 ], [ 69.061714361000043, 27.869548357000042 ], [ 69.069452452000064, 27.873233794000043 ], [ 69.071758134000049, 27.874756473000048 ], [ 69.07948200800007, 27.881440161000057 ], [ 69.081211583000083, 27.884015341000065 ], [ 69.084358035000037, 27.885946377000039 ], [ 69.085099925000065, 27.887005688000045 ], [ 69.087665709000078, 27.896473795000077 ], [ 69.08819068300005, 27.897395179000057 ], [ 69.088961962000042, 27.897864101000039 ], [ 69.095949948000055, 27.899060718000044 ], [ 69.09591812900004, 27.899351122000041 ] ] } },
{ "type": "Feature", "properties": { "code": "BND071", "name": "BAIJI BUND" }, "geometry": { "type": "LineString", "coordinates": [ [ 69.095922055000074, 27.899388550000026 ], [ 69.088868356000035, 27.898375057000067 ], [ 69.087691733000042, 27.897860201000071 ], [ 69.087135730000057, 27.897237421000057 ], [ 69.086369255000079, 27.894757855000023 ], [ 69.08519890000008, 27.888642221000055 ], [ 69.08437921400008, 27.886620911000023 ], [ 69.080791056000066, 27.884042599000054 ], [ 69.079329502000064, 27.881730861000051 ], [ 69.071531863000075, 27.874872984000035 ], [ 69.069326032000049, 27.873452402000055 ], [ 69.063345922000053, 27.870817658000078 ], [ 69.061299415000065, 27.869609300000036 ], [ 69.060453714000062, 27.867945192000036 ], [ 69.059404174000065, 27.861281496000061 ], [ 69.058630673000039, 27.859912054000063 ], [ 69.057335692000038, 27.858628356000054 ], [ 69.052502683000057, 27.854615839000076 ], [ 69.040901444000042, 27.847992143000056 ], [ 69.038892892000035, 27.846619130000079 ], [ 69.038459585000055, 27.845975438000039 ], [ 69.034195071000056, 27.832297818000029 ], [ 69.032087498000067, 27.828299619000063 ], [ 69.02917668200007, 27.820758436000062 ], [ 69.031963879000045, 27.813999061000061 ], [ 69.035923442000069, 27.786444677000077 ], [ 69.040933153000083, 27.777740064000056 ], [ 69.034966431000043, 27.770624608000048 ], [ 69.03529792300003, 27.768925815000046 ], [ 69.03489558800004, 27.768038691000072 ], [ 69.033925599000042, 27.767006086000038 ], [ 69.030521686000043, 27.765606435000052 ], [ 69.018638379000038, 27.751746531000038 ], [ 69.014971478000064, 27.746700984000029 ], [ 69.010092899000028, 27.741757611000025 ], [ 69.004180379000047, 27.737194923000061 ], [ 69.002828392000083, 27.73485325200005 ], [ 69.000876264000055, 27.733793902000059 ], [ 68.999342422000041, 27.733601903000078 ], [ 68.98807374900008, 27.724951954000062 ], [ 68.987959147000083, 27.714216352000051 ], [ 68.977815872000065, 27.703590722000058 ], [ 68.959261439000045, 27.701798570000051 ], [ 68.958878743000071, 27.701367437000044 ], [ 68.954180165000082, 27.699845930000038 ], [ 68.953694280000036, 27.699959404000026 ], [ 68.95361273900005, 27.699681353000074 ], [ 68.952045808000037, 27.699141267000073 ], [ 68.946852299000057, 27.698822999000072 ], [ 68.942464308000069, 27.694279580000057 ], [ 68.94483893000006, 27.692788801000063 ], [ 68.945108387000062, 27.692145236000044 ], [ 68.945325350000076, 27.692132665000031 ], [ 68.945018308000044, 27.692966196000043 ], [ 68.942812622000076, 27.694219783000051 ], [ 68.94733231400005, 27.698608543000034 ], [ 68.951909445000069, 27.698774831000037 ], [ 68.959628814000041, 27.701336799000046 ], [ 68.977856164000059, 27.703135733000067 ], [ 68.988155107000068, 27.713937890000068 ], [ 68.988378971000031, 27.724812883000027 ], [ 68.998391130000073, 27.732474023000066 ], [ 68.999727755000038, 27.733368475000077 ], [ 69.001966061000076, 27.734043520000057 ], [ 69.003218700000048, 27.735011850000035 ], [ 69.00446026000003, 27.737114708000036 ], [ 69.010297412000057, 27.741504688000077 ], [ 69.012508810000043, 27.743644119000066 ], [ 69.019821365000041, 27.752671109000062 ], [ 69.030656975000056, 27.765239539000049 ], [ 69.034139816000049, 27.766513243000077 ], [ 69.035460448000038, 27.76784622200006 ], [ 69.035814826000035, 27.768435117000024 ], [ 69.035548050000045, 27.770536882000044 ], [ 69.041282343000034, 27.777328607000072 ], [ 69.041346053000041, 27.777858479000031 ], [ 69.036215524000056, 27.786557488000028 ], [ 69.032411404000072, 27.813814586000035 ], [ 69.029580948000046, 27.820608635000042 ], [ 69.032315182000048, 27.827808014000027 ], [ 69.034472973000049, 27.831849734000059 ], [ 69.039136083000074, 27.846306838000032 ], [ 69.05251247800004, 27.854301933000045 ], [ 69.05763567200006, 27.858414147000076 ], [ 69.059382585000037, 27.86052008200005 ], [ 69.060624605000044, 27.867944526000031 ], [ 69.061714361000043, 27.869548357000042 ], [ 69.069452452000064, 27.873233794000043 ], [ 69.071758134000049, 27.874756473000048 ], [ 69.07948200800007, 27.881440161000057 ], [ 69.081211583000083, 27.884015341000065 ], [ 69.084358035000037, 27.885946377000039 ], [ 69.085099925000065, 27.887005688000045 ], [ 69.087665709000078, 27.896473795000077 ], [ 69.08819068300005, 27.897395179000057 ], [ 69.088961962000042, 27.897864101000039 ], [ 69.095949948000055, 27.899060718000044 ], [ 69.09591812900004, 27.899351122000041 ] ] } },
{ "type": "Feature", "properties": { "code": "BND072", "name": "BALREJI LOOP BUND" }, "geometry": { "type": "LineString", "coordinates": [ [ 68.128743027000041, 27.294584412000063 ], [ 68.13357532100008, 27.297332272000062 ], [ 68.132592786000032, 27.300004867000041 ], [ 68.13660647200004, 27.305978885000059 ], [ 68.135489313000051, 27.320536147000041 ], [ 68.135236533000068, 27.320635606000053 ], [ 68.136526690000039, 27.306074714000033 ], [ 68.132583147000048, 27.300447993000034 ], [ 68.132530434000046, 27.299529915000051 ], [ 68.13330404800007, 27.297349659000076 ], [ 68.128630325000074, 27.294664578000038 ], [ 68.12869981700004, 27.294504109000059 ] ] } },
{ "type": "Feature", "properties": { "code": "BND073", "name": "BALREJI LOOP BUND" }, "geometry": { "type": "LineString", "coordinates": [ [ 68.128743027000041, 27.294584412000063 ], [ 68.13357532100008, 27.297332272000062 ], [ 68.132592786000032, 27.300004867000041 ], [ 68.13660647200004, 27.305978885000059 ], [ 68.135489313000051, 27.320536147000041 ], [ 68.135236533000068, 27.320635606000053 ], [ 68.136526690000039, 27.306074714000033 ], [ 68.132583147000048, 27.300447993000034 ], [ 68.132530434000046, 27.299529915000051 ], [ 68.13330404800007, 27.297349659000076 ], [ 68.128630325000074, 27.294664578000038 ], [ 68.12869981700004, 27.294504109000059 ] ] } },
{ "type": "Feature", "properties": { "code": "BND074", "name": "DILWARO BUND" }, "geometry": { "type": "LineString", "coordinates": [ [ 69.619614309000042, 28.176060908000068 ], [ 69.620179807000056, 28.178393387000028 ], [ 69.620660243000032, 28.188717546000078 ], [ 69.663938778000045, 28.215211001000057 ], [ 69.66574259600003, 28.216355631000056 ], [ 69.666838935000044, 28.217478336000056 ], [ 69.678856073000077, 28.238794342000062 ], [ 69.678997861000028, 28.24103670900007 ], [ 69.677994014000035, 28.253798049000068 ], [ 69.679474303000063, 28.264129255000057 ], [ 69.680244043000073, 28.265763314000026 ], [ 69.684115688000077, 28.270692133000068 ], [ 69.682545573000084, 28.288109808000058 ], [ 69.68742093700007, 28.291296427000077 ], [ 69.695568027000036, 28.29721055400006 ], [ 69.698139916000059, 28.303041482000026 ], [ 69.701163856000051, 28.30235691300004 ], [ 69.705229446000033, 28.300855565000063 ], [ 69.705487381000069, 28.300546348000069 ], [ 69.705122814000049, 28.297732446000055 ], [ 69.705377325000029, 28.297743217000061 ], [ 69.705727201000059, 28.300503797000033 ], [ 69.70533172100005, 28.300944043000072 ], [ 69.701035457000046, 28.302591886000073 ], [ 69.697960518000059, 28.303193188000023 ], [ 69.695403044000045, 28.297331812000039 ], [ 69.694217475000073, 28.296890542000028 ], [ 69.694101340000032, 28.29666209800007 ], [ 69.694199078000054, 28.296416652000062 ], [ 69.694331203000047, 28.296544818000029 ], [ 69.694353982000052, 28.296846811000023 ], [ 69.694874199000083, 28.296926266000071 ], [ 69.69264445400006, 28.295221687000037 ], [ 69.687441560000082, 28.291406860000052 ], [ 69.682366692000073, 28.288185652000038 ], [ 69.683925124000041, 28.270892821000075 ], [ 69.679425761000061, 28.264888967000047 ], [ 69.677870542000051, 28.253928875000042 ], [ 69.678844661000028, 28.240319754000041 ], [ 69.678698679000036, 28.239118678000068 ], [ 69.675239137000062, 28.232390961000078 ], [ 69.666696169000033, 28.217612938000059 ], [ 69.665212163000035, 28.216137985000046 ], [ 69.620495799000082, 28.188839981000058 ], [ 69.620235587000082, 28.187132751000036 ], [ 69.620212906000063, 28.180252893000045 ], [ 69.619935625000039, 28.177681189000054 ], [ 69.619395663000034, 28.176164570000026 ], [ 69.619591424000077, 28.176045515000055 ] ] } },
{ "type": "Feature", "properties": { "code": "BND075", "name": "FAIZ NAHAR BUND" }, "geometry": { "type": "LineString", "coordinates": [ [ 68.382024204000061, 27.384806198000035 ], [ 68.377576139000041, 27.386218729000063 ], [ 68.377552063000053, 27.389955801000042 ], [ 68.378268284000058, 27.391679905000046 ], [ 68.378208044000075, 27.39310017400004 ], [ 68.378940593000038, 27.396639581000045 ], [ 68.378835206000076, 27.398326922000024 ], [ 68.379208351000045, 27.398840847000031 ], [ 68.384535403000029, 27.402024279000045 ], [ 68.385176152000042, 27.403349045000027 ], [ 68.385198279000065, 27.405826589000071 ], [ 68.384766116000037, 27.406907610000076 ], [ 68.38307383700004, 27.408873227000072 ], [ 68.381754757000067, 27.409708661000025 ], [ 68.380657198000051, 27.411183584000071 ], [ 68.378279414000076, 27.413258133000056 ], [ 68.376953818000061, 27.413827465000054 ], [ 68.376779944000077, 27.413504464000027 ], [ 68.378870457000062, 27.412380402000053 ], [ 68.381838002000052, 27.409305883000059 ], [ 68.383542843000043, 27.408024200000057 ], [ 68.384678029000042, 27.405991568000047 ], [ 68.384957021000048, 27.404196194000065 ], [ 68.384369237000044, 27.402456588000064 ], [ 68.383204786000078, 27.401266587000066 ], [ 68.379736683000033, 27.399557362000053 ], [ 68.378582590000065, 27.39863764100005 ], [ 68.378666349000071, 27.396452460000035 ], [ 68.377855153000041, 27.392905563000056 ], [ 68.377982600000053, 27.391826906000063 ], [ 68.377223903000072, 27.389798574000054 ], [ 68.377224202000036, 27.386046543000077 ], [ 68.381739750000065, 27.384510108000029 ], [ 68.382113223000033, 27.384745536000025 ] ] } },
{ "type": "Feature", "properties": { "code": "BND076", "name": "FAIZ NAHAR BUND" }, "geometry": { "type": "LineString", "coordinates": [ [ 68.382024204000061, 27.384806198000035 ], [ 68.377576139000041, 27.386218729000063 ], [ 68.377552063000053, 27.389955801000042 ], [ 68.378268284000058, 27.391679905000046 ], [ 68.378208044000075, 27.39310017400004 ], [ 68.378940593000038, 27.396639581000045 ], [ 68.378835206000076, 27.398326922000024 ], [ 68.379208351000045, 27.398840847000031 ], [ 68.384535403000029, 27.402024279000045 ], [ 68.385176152000042, 27.403349045000027 ], [ 68.385198279000065, 27.405826589000071 ], [ 68.384766116000037, 27.406907610000076 ], [ 68.38307383700004, 27.408873227000072 ], [ 68.381754757000067, 27.409708661000025 ], [ 68.380657198000051, 27.411183584000071 ], [ 68.378279414000076, 27.413258133000056 ], [ 68.376953818000061, 27.413827465000054 ], [ 68.376779944000077, 27.413504464000027 ], [ 68.378870457000062, 27.412380402000053 ], [ 68.381838002000052, 27.409305883000059 ], [ 68.383542843000043, 27.408024200000057 ], [ 68.384678029000042, 27.405991568000047 ], [ 68.384957021000048, 27.404196194000065 ], [ 68.384369237000044, 27.402456588000064 ], [ 68.383204786000078, 27.401266587000066 ], [ 68.379736683000033, 27.399557362000053 ], [ 68.378582590000065, 27.39863764100005 ], [ 68.378666349000071, 27.396452460000035 ], [ 68.377855153000041, 27.392905563000056 ], [ 68.377982600000053, 27.391826906000063 ], [ 68.377223903000072, 27.389798574000054 ], [ 68.377224202000036, 27.386046543000077 ], [ 68.381739750000065, 27.384510108000029 ], [ 68.382113223000033, 27.384745536000025 ] ] } },
{ "type": "Feature", "properties": { "code": "BND077", "name": "FAREEDABAD BUND" }, "geometry": { "type": "LineString", "coordinates": [ [ 68.496362708000049, 27.547705232000055 ], [ 68.497874546000048, 27.562623796000025 ], [ 68.49736271200004, 27.566961167000045 ], [ 68.496131356000035, 27.569357996000065 ], [ 68.491796388000068, 27.600640465000026 ], [ 68.504276547000075, 27.624313718000053 ], [ 68.521928741000067, 27.628522215000032 ], [ 68.546570264000081, 27.629303524000079 ], [ 68.548549604000073, 27.62957952000005 ], [ 68.550975726000047, 27.630467220000071 ], [ 68.553239125000061, 27.631654272000048 ], [ 68.574464552000052, 27.648437840000042 ], [ 68.575928612000041, 27.64801323100005 ], [ 68.587046882000038, 27.641464298000074 ], [ 68.60502937900003, 27.637418594000053 ], [ 68.598081793000063, 27.639247923000028 ], [ 68.587127912000028, 27.641542615000048 ], [ 68.576601480000079, 27.647845361000066 ], [ 68.574350724000055, 27.648641245000078 ], [ 68.553228670000067, 27.631840400000044 ], [ 68.54837395800007, 27.62967969500005 ], [ 68.535623594000072, 27.629062241000042 ], [ 68.522205814000074, 27.628829259000042 ], [ 68.503981137000039, 27.624455307000062 ], [ 68.491536354000061, 27.60080958900005 ], [ 68.492770612000072, 27.593307937000077 ], [ 68.495752405000076, 27.569552947000034 ], [ 68.496882356000071, 27.56755884100005 ], [ 68.497584797000059, 27.563603148000027 ], [ 68.496009085000082, 27.547736111000063 ] ] } },
{ "type": "Feature", "properties": { "code": "BND078", "name": "FAREEDABAD BUND" }, "geometry": { "type": "LineString", "coordinates": [ [ 68.496362708000049, 27.547705232000055 ], [ 68.497874546000048, 27.562623796000025 ], [ 68.49736271200004, 27.566961167000045 ], [ 68.496131356000035, 27.569357996000065 ], [ 68.491796388000068, 27.600640465000026 ], [ 68.504276547000075, 27.624313718000053 ], [ 68.521928741000067, 27.628522215000032 ], [ 68.546570264000081, 27.629303524000079 ], [ 68.548549604000073, 27.62957952000005 ], [ 68.550975726000047, 27.630467220000071 ], [ 68.553239125000061, 27.631654272000048 ], [ 68.574464552000052, 27.648437840000042 ], [ 68.575928612000041, 27.64801323100005 ], [ 68.587046882000038, 27.641464298000074 ], [ 68.60502937900003, 27.637418594000053 ], [ 68.598081793000063, 27.639247923000028 ], [ 68.587127912000028, 27.641542615000048 ], [ 68.576601480000079, 27.647845361000066 ], [ 68.574350724000055, 27.648641245000078 ], [ 68.553228670000067, 27.631840400000044 ], [ 68.54837395800007, 27.62967969500005 ], [ 68.535623594000072, 27.629062241000042 ], [ 68.522205814000074, 27.628829259000042 ], [ 68.503981137000039, 27.624455307000062 ], [ 68.491536354000061, 27.60080958900005 ], [ 68.492770612000072, 27.593307937000077 ], [ 68.495752405000076, 27.569552947000034 ], [ 68.496882356000071, 27.56755884100005 ], [ 68.497584797000059, 27.563603148000027 ], [ 68.496009085000082, 27.547736111000063 ] ] } },
{ "type": "Feature", "properties": { "code": "BND079", "name": "FAREEDABAD BUND" }, "geometry": { "type": "LineString", "coordinates": [ [ 68.496362708000049, 27.547705232000055 ], [ 68.497874546000048, 27.562623796000025 ], [ 68.49736271200004, 27.566961167000045 ], [ 68.496131356000035, 27.569357996000065 ], [ 68.491796388000068, 27.600640465000026 ], [ 68.504276547000075, 27.624313718000053 ], [ 68.521928741000067, 27.628522215000032 ], [ 68.546570264000081, 27.629303524000079 ], [ 68.548549604000073, 27.62957952000005 ], [ 68.550975726000047, 27.630467220000071 ], [ 68.553239125000061, 27.631654272000048 ], [ 68.574464552000052, 27.648437840000042 ], [ 68.575928612000041, 27.64801323100005 ], [ 68.587046882000038, 27.641464298000074 ], [ 68.60502937900003, 27.637418594000053 ], [ 68.598081793000063, 27.639247923000028 ], [ 68.587127912000028, 27.641542615000048 ], [ 68.576601480000079, 27.647845361000066 ], [ 68.574350724000055, 27.648641245000078 ], [ 68.553228670000067, 27.631840400000044 ], [ 68.54837395800007, 27.62967969500005 ], [ 68.535623594000072, 27.629062241000042 ], [ 68.522205814000074, 27.628829259000042 ], [ 68.503981137000039, 27.624455307000062 ], [ 68.491536354000061, 27.60080958900005 ], [ 68.492770612000072, 27.593307937000077 ], [ 68.495752405000076, 27.569552947000034 ], [ 68.496882356000071, 27.56755884100005 ], [ 68.497584797000059, 27.563603148000027 ], [ 68.496009085000082, 27.547736111000063 ] ] } },
{ "type": "Feature", "properties": { "code": "BND080", "name": "GAJIDERO LOOP BUND" }, "geometry": { "type": "LineString", "coordinates": [ [ 68.113446420000059, 27.262387492000073 ], [ 68.114258681000081, 27.262661943000069 ], [ 68.118988467000065, 27.26585764400005 ], [ 68.120368865000046, 27.266267258000028 ], [ 68.12588031000007, 27.268474889000061 ], [ 68.127156351000053, 27.268553663000034 ], [ 68.133602126000028, 27.270167030000039 ], [ 68.134520482000028, 27.271197135000023 ], [ 68.134325945000057, 27.27180344900006 ], [ 68.123460425000076, 27.285359829000072 ], [ 68.134434770000041, 27.27122804000004 ], [ 68.133407657000078, 27.270189070000072 ], [ 68.125863410000079, 27.268584868000062 ], [ 68.118797996000069, 27.265842361000068 ], [ 68.113459448000071, 27.262416483000038 ] ] } },
{ "type": "Feature", "properties": { "code": "BND081", "name": "GAJIDERO LOOP BUND" }, "geometry": { "type": "LineString", "coordinates": [ [ 68.113446420000059, 27.262387492000073 ], [ 68.114258681000081, 27.262661943000069 ], [ 68.118988467000065, 27.26585764400005 ], [ 68.120368865000046, 27.266267258000028 ], [ 68.12588031000007, 27.268474889000061 ], [ 68.127156351000053, 27.268553663000034 ], [ 68.133602126000028, 27.270167030000039 ], [ 68.134520482000028, 27.271197135000023 ], [ 68.134325945000057, 27.27180344900006 ], [ 68.123460425000076, 27.285359829000072 ], [ 68.134434770000041, 27.27122804000004 ], [ 68.133407657000078, 27.270189070000072 ], [ 68.125863410000079, 27.268584868000062 ], [ 68.118797996000069, 27.265842361000068 ], [ 68.113459448000071, 27.262416483000038 ] ] } },
{ "type": "Feature", "properties": { "code": "BND082", "name": "GEMRO BUND" }, "geometry": { "type": "LineString", "coordinates": [ [ 69.208039857000074, 27.998778833000074 ], [ 69.210771399000066, 28.000799822000033 ], [ 69.213465487000065, 28.004303227000037 ], [ 69.213853363000055, 28.005422748000058 ], [ 69.214080627000044, 28.008381113000041 ], [ 69.220228314000053, 28.01335602100005 ], [ 69.225992915000063, 28.015725689000078 ], [ 69.227737154000067, 28.015644493000025 ], [ 69.22923925200007, 28.015095404000078 ], [ 69.23127056800007, 28.013436091000074 ], [ 69.233092262000071, 28.010822652000058 ], [ 69.234735879000084, 28.009193481000068 ], [ 69.239066405000074, 28.007789149000075 ], [ 69.241466867000042, 28.008338422000065 ], [ 69.243356522000056, 28.010930443000063 ], [ 69.24462457900006, 28.011605 ], [ 69.248986870000067, 28.01107293900003 ], [ 69.253327634000073, 28.009478450000074 ], [ 69.255852668000045, 28.009006856000042 ], [ 69.257253183000046, 28.009022630000061 ], [ 69.258544888000074, 28.009581741000034 ], [ 69.266149779000045, 28.015594840000063 ], [ 69.267224467000062, 28.016804403000037 ], [ 69.268281267000077, 28.018954701000041 ], [ 69.269159932000036, 28.022789717000023 ], [ 69.26980076500007, 28.023802774000046 ], [ 69.301006273000041, 28.043828602000076 ], [ 69.300721519000035, 28.043975958000033 ], [ 69.269620499000041, 28.02418104700007 ], [ 69.268836362000059, 28.022953894000068 ], [ 69.267327984000076, 28.017845849000025 ], [ 69.26657737000005, 28.016633525000032 ], [ 69.258154818000037, 28.00984410500007 ], [ 69.256549745000029, 28.009309853000047 ], [ 69.254708792000031, 28.009587608000061 ], [ 69.248219341000038, 28.011659931000054 ], [ 69.244420823000041, 28.011919614000078 ], [ 69.242800406000072, 28.010720480000032 ], [ 69.241399274000059, 28.008679703000041 ], [ 69.240343194000047, 28.008172816000069 ], [ 69.238151204000076, 28.008287308000035 ], [ 69.236778626000046, 28.008595172000071 ], [ 69.234433247000084, 28.010009160000038 ], [ 69.231714322000073, 28.013830141000028 ], [ 69.230389778000074, 28.015039106000074 ], [ 69.227636336000046, 28.016182048000076 ], [ 69.226347718000056, 28.016297938000037 ], [ 69.225066645000084, 28.016059299000062 ], [ 69.219017284000074, 28.013211556000044 ], [ 69.213540868000052, 28.008223107000049 ], [ 69.212931438000055, 28.004175912000051 ], [ 69.210430039000073, 28.000847682000028 ], [ 69.202780055000062, 27.994787102000032 ], [ 69.201576268000053, 27.993281096000032 ], [ 69.200316919000045, 27.98923237300005 ], [ 69.196206184000062, 27.986371887000075 ], [ 69.179356657000028, 27.978351686000053 ], [ 69.175946159000034, 27.976134546000026 ], [ 69.175044110000044, 27.973952085000064 ], [ 69.175753626000073, 27.970774193000068 ], [ 69.178117262000058, 27.967406994000044 ], [ 69.183148053000082, 27.961345597000047 ], [ 69.184730968000054, 27.95902767900003 ], [ 69.185628745000031, 27.956798035000077 ], [ 69.185986922000041, 27.952053082000077 ], [ 69.183235957000079, 27.947663057000057 ], [ 69.18074626300006, 27.944615958000043 ], [ 69.177629480000064, 27.942977509000059 ], [ 69.17147082300005, 27.940629210000054 ], [ 69.169197766000082, 27.939133075000029 ], [ 69.156227411000032, 27.927897664000056 ], [ 69.153402295000035, 27.924768123000035 ], [ 69.143696569000042, 27.916322283000056 ], [ 69.13906070400003, 27.916281849000029 ], [ 69.136919772000056, 27.914939190000041 ], [ 69.124945066000066, 27.914740301000052 ], [ 69.123531267000033, 27.914356902000065 ], [ 69.12025138000007, 27.914965940000059 ], [ 69.117794927000034, 27.916173055000058 ], [ 69.116760731000056, 27.916232708000052 ], [ 69.101227702000074, 27.911477693000052 ], [ 69.098017258000084, 27.908852640000077 ], [ 69.097740050000084, 27.907460584000034 ], [ 69.098665627000059, 27.904805048000071 ], [ 69.098476880000078, 27.902567967000039 ], [ 69.09596180300008, 27.899239541000043 ], [ 69.096421994000082, 27.89901517900006 ], [ 69.098579013000062, 27.902201158000025 ], [ 69.098897716000067, 27.904708368000058 ], [ 69.097916832000067, 27.907529337000028 ], [ 69.098213785000041, 27.908723097000063 ], [ 69.101324968000029, 27.911297782000076 ], [ 69.115559159000043, 27.915288571000076 ], [ 69.11686274300007, 27.915920958000072 ], [ 69.117821337000066, 27.915844012000036 ], [ 69.120160745000078, 27.914778186000035 ], [ 69.124041831000056, 27.913927945000069 ], [ 69.125154555000051, 27.914459302000068 ], [ 69.137266256000032, 27.914502224000046 ], [ 69.139627761000042, 27.91593692500004 ], [ 69.143433877000064, 27.915932732000044 ], [ 69.144630507000045, 27.916372222000064 ], [ 69.168228638000073, 27.937530547000051 ], [ 69.171726179000075, 27.940293892000057 ], [ 69.18100670900003, 27.944222919000026 ], [ 69.184489554000038, 27.946843715000057 ], [ 69.185773821000055, 27.94831507300006 ], [ 69.187676988000078, 27.952495256000077 ], [ 69.187627772000042, 27.954135884000038 ], [ 69.18659886100005, 27.958546984000066 ], [ 69.185124642000062, 27.960885996000059 ], [ 69.179271511000081, 27.967433006000078 ], [ 69.176485927000044, 27.971153637000043 ], [ 69.175747779000062, 27.97386941600007 ], [ 69.176263383000048, 27.975195221000035 ], [ 69.17660763300006, 27.975892274000046 ], [ 69.179275269000073, 27.977901970000062 ], [ 69.191411113000072, 27.983241717000055 ], [ 69.199114593000047, 27.987594229000024 ], [ 69.200797696000052, 27.989484108000056 ], [ 69.202905715000043, 27.994208988000025 ], [ 69.207994946000042, 27.998728930000027 ] ] } },
{ "type": "Feature", "properties": { "code": "BND083", "name": "GEMRO BUND" }, "geometry": { "type": "LineString", "coordinates": [ [ 69.208039857000074, 27.998778833000074 ], [ 69.210771399000066, 28.000799822000033 ], [ 69.213465487000065, 28.004303227000037 ], [ 69.213853363000055, 28.005422748000058 ], [ 69.214080627000044, 28.008381113000041 ], [ 69.220228314000053, 28.01335602100005 ], [ 69.225992915000063, 28.015725689000078 ], [ 69.227737154000067, 28.015644493000025 ], [ 69.22923925200007, 28.015095404000078 ], [ 69.23127056800007, 28.013436091000074 ], [ 69.233092262000071, 28.010822652000058 ], [ 69.234735879000084, 28.009193481000068 ], [ 69.239066405000074, 28.007789149000075 ], [ 69.241466867000042, 28.008338422000065 ], [ 69.243356522000056, 28.010930443000063 ], [ 69.24462457900006, 28.011605 ], [ 69.248986870000067, 28.01107293900003 ], [ 69.253327634000073, 28.009478450000074 ], [ 69.255852668000045, 28.009006856000042 ], [ 69.257253183000046, 28.009022630000061 ], [ 69.258544888000074, 28.009581741000034 ], [ 69.266149779000045, 28.015594840000063 ], [ 69.267224467000062, 28.016804403000037 ], [ 69.268281267000077, 28.018954701000041 ], [ 69.269159932000036, 28.022789717000023 ], [ 69.26980076500007, 28.023802774000046 ], [ 69.301006273000041, 28.043828602000076 ], [ 69.300721519000035, 28.043975958000033 ], [ 69.269620499000041, 28.02418104700007 ], [ 69.268836362000059, 28.022953894000068 ], [ 69.267327984000076, 28.017845849000025 ], [ 69.26657737000005, 28.016633525000032 ], [ 69.258154818000037, 28.00984410500007 ], [ 69.256549745000029, 28.009309853000047 ], [ 69.254708792000031, 28.009587608000061 ], [ 69.248219341000038, 28.011659931000054 ], [ 69.244420823000041, 28.011919614000078 ], [ 69.242800406000072, 28.010720480000032 ], [ 69.241399274000059, 28.008679703000041 ], [ 69.240343194000047, 28.008172816000069 ], [ 69.238151204000076, 28.008287308000035 ], [ 69.236778626000046, 28.008595172000071 ], [ 69.234433247000084, 28.010009160000038 ], [ 69.231714322000073, 28.013830141000028 ], [ 69.230389778000074, 28.015039106000074 ], [ 69.227636336000046, 28.016182048000076 ], [ 69.226347718000056, 28.016297938000037 ], [ 69.225066645000084, 28.016059299000062 ], [ 69.219017284000074, 28.013211556000044 ], [ 69.213540868000052, 28.008223107000049 ], [ 69.212931438000055, 28.004175912000051 ], [ 69.210430039000073, 28.000847682000028 ], [ 69.202780055000062, 27.994787102000032 ], [ 69.201576268000053, 27.993281096000032 ], [ 69.200316919000045, 27.98923237300005 ], [ 69.196206184000062, 27.986371887000075 ], [ 69.179356657000028, 27.978351686000053 ], [ 69.175946159000034, 27.976134546000026 ], [ 69.175044110000044, 27.973952085000064 ], [ 69.175753626000073, 27.970774193000068 ], [ 69.178117262000058, 27.967406994000044 ], [ 69.183148053000082, 27.961345597000047 ], [ 69.184730968000054, 27.95902767900003 ], [ 69.185628745000031, 27.956798035000077 ], [ 69.185986922000041, 27.952053082000077 ], [ 69.183235957000079, 27.947663057000057 ], [ 69.18074626300006, 27.944615958000043 ], [ 69.177629480000064, 27.942977509000059 ], [ 69.17147082300005, 27.940629210000054 ], [ 69.169197766000082, 27.939133075000029 ], [ 69.156227411000032, 27.927897664000056 ], [ 69.153402295000035, 27.924768123000035 ], [ 69.143696569000042, 27.916322283000056 ], [ 69.13906070400003, 27.916281849000029 ], [ 69.136919772000056, 27.914939190000041 ], [ 69.124945066000066, 27.914740301000052 ], [ 69.123531267000033, 27.914356902000065 ], [ 69.12025138000007, 27.914965940000059 ], [ 69.117794927000034, 27.916173055000058 ], [ 69.116760731000056, 27.916232708000052 ], [ 69.101227702000074, 27.911477693000052 ], [ 69.098017258000084, 27.908852640000077 ], [ 69.097740050000084, 27.907460584000034 ], [ 69.098665627000059, 27.904805048000071 ], [ 69.098476880000078, 27.902567967000039 ], [ 69.09596180300008, 27.899239541000043 ], [ 69.096421994000082, 27.89901517900006 ], [ 69.098579013000062, 27.902201158000025 ], [ 69.098897716000067, 27.904708368000058 ], [ 69.097916832000067, 27.907529337000028 ], [ 69.098213785000041, 27.908723097000063 ], [ 69.101324968000029, 27.911297782000076 ], [ 69.115559159000043, 27.915288571000076 ], [ 69.11686274300007, 27.915920958000072 ], [ 69.117821337000066, 27.915844012000036 ], [ 69.120160745000078, 27.914778186000035 ], [ 69.124041831000056, 27.913927945000069 ], [ 69.125154555000051, 27.914459302000068 ], [ 69.137266256000032, 27.914502224000046 ], [ 69.139627761000042, 27.91593692500004 ], [ 69.143433877000064, 27.915932732000044 ], [ 69.144630507000045, 27.916372222000064 ], [ 69.168228638000073, 27.937530547000051 ], [ 69.171726179000075, 27.940293892000057 ], [ 69.18100670900003, 27.944222919000026 ], [ 69.184489554000038, 27.946843715000057 ], [ 69.185773821000055, 27.94831507300006 ], [ 69.187676988000078, 27.952495256000077 ], [ 69.187627772000042, 27.954135884000038 ], [ 69.18659886100005, 27.958546984000066 ], [ 69.185124642000062, 27.960885996000059 ], [ 69.179271511000081, 27.967433006000078 ], [ 69.176485927000044, 27.971153637000043 ], [ 69.175747779000062, 27.97386941600007 ], [ 69.176263383000048, 27.975195221000035 ], [ 69.17660763300006, 27.975892274000046 ], [ 69.179275269000073, 27.977901970000062 ], [ 69.191411113000072, 27.983241717000055 ], [ 69.199114593000047, 27.987594229000024 ], [ 69.200797696000052, 27.989484108000056 ], [ 69.202905715000043, 27.994208988000025 ], [ 69.207994946000042, 27.998728930000027 ] ] } },
{ "type": "Feature", "properties": { "code": "BND090", "name": "GUD LOOP" }, "geometry": { "type": "LineString", "coordinates": [ [ 68.162737935000052, 27.357373759000041 ], [ 68.198038002000033, 27.36871007600007 ], [ 68.162937859000067, 27.357132407000051 ], [ 68.162605124000038, 27.357404937000069 ] ] } },
{ "type": "Feature", "properties": { "code": "BND095", "name": "HASSAN WAHAN LOOP BUND" }, "geometry": { "type": "LineString", "coordinates": [ [ 68.119419092000044, 27.278469631000064 ], [ 68.103555227000072, 27.295726457000058 ], [ 68.098991411000043, 27.304573129000062 ], [ 68.09893670200006, 27.305468206000057 ], [ 68.100616978000062, 27.311738686000069 ], [ 68.104024329000083, 27.315666255000053 ], [ 68.105372555000031, 27.317570934000059 ], [ 68.108424810000031, 27.32334164100007 ], [ 68.120540797000046, 27.331863621000025 ], [ 68.125683994000042, 27.335808972000052 ], [ 68.129450560000066, 27.342819989000077 ], [ 68.134600661000036, 27.352849096000057 ], [ 68.149026617000061, 27.359654359000046 ], [ 68.156168957000034, 27.356269384000029 ], [ 68.156201576000058, 27.34181415300003 ], [ 68.155809484000031, 27.337820004000037 ], [ 68.154561652000041, 27.336119441000051 ], [ 68.154803590000029, 27.336053434000064 ], [ 68.156005019000077, 27.337796548000028 ], [ 68.156393853000054, 27.341527443000075 ], [ 68.156373881000036, 27.35633950600004 ], [ 68.149306669000055, 27.359836858000051 ], [ 68.134517207000044, 27.352885653000044 ], [ 68.12561616000005, 27.335868267000023 ], [ 68.108254852000073, 27.323289919000047 ], [ 68.105124035000074, 27.317421817000024 ], [ 68.100549285000056, 27.311819574000026 ], [ 68.098741130000064, 27.304795226000067 ], [ 68.103127664000056, 27.296205795000049 ], [ 68.103501532000053, 27.295607838000024 ], [ 68.119394198000066, 27.278374543000041 ] ] } },
{ "type": "Feature", "properties": { "code": "BND100", "name": "JAMSHER LOOP BUND" }, "geometry": { "type": "LineString", "coordinates": [ [ 68.673532241000032, 27.675618458000031 ], [ 68.668069014000082, 27.665371449000077 ], [ 68.662022235000052, 27.656502427000078 ], [ 68.653206082000054, 27.653983744000072 ], [ 68.64703300900004, 27.647828969000045 ], [ 68.638601754000035, 27.644539644000076 ], [ 68.617230987000028, 27.644566830000031 ], [ 68.614475164000055, 27.641975702000025 ], [ 68.606282852000049, 27.641899812000077 ], [ 68.60521155400005, 27.637530920000074 ], [ 68.604799107000076, 27.637584261000029 ], [ 68.606090407000067, 27.642164095000055 ], [ 68.614300018000051, 27.642210391000049 ], [ 68.617187871000056, 27.644782255000052 ], [ 68.63851605900004, 27.644787748000056 ], [ 68.646930378000036, 27.648046969000063 ], [ 68.652981754000052, 27.654177357000037 ], [ 68.652934894000055, 27.654494978000059 ], [ 68.653360771000052, 27.654338900000027 ], [ 68.65540388200003, 27.654833739000026 ], [ 68.662053474000061, 27.656738109000059 ], [ 68.667731995000054, 27.665325870000061 ], [ 68.673138313000038, 27.675702929000067 ], [ 68.673525773000051, 27.675626114000067 ] ] } },
{ "type": "Feature", "properties": { "code": "BND101", "name": "JAMSHER LOOP BUND" }, "geometry": { "type": "LineString", "coordinates": [ [ 68.673532241000032, 27.675618458000031 ], [ 68.668069014000082, 27.665371449000077 ], [ 68.662022235000052, 27.656502427000078 ], [ 68.653206082000054, 27.653983744000072 ], [ 68.64703300900004, 27.647828969000045 ], [ 68.638601754000035, 27.644539644000076 ], [ 68.617230987000028, 27.644566830000031 ], [ 68.614475164000055, 27.641975702000025 ], [ 68.606282852000049, 27.641899812000077 ], [ 68.60521155400005, 27.637530920000074 ], [ 68.604799107000076, 27.637584261000029 ], [ 68.606090407000067, 27.642164095000055 ], [ 68.614300018000051, 27.642210391000049 ], [ 68.617187871000056, 27.644782255000052 ], [ 68.63851605900004, 27.644787748000056 ], [ 68.646930378000036, 27.648046969000063 ], [ 68.652981754000052, 27.654177357000037 ], [ 68.652934894000055, 27.654494978000059 ], [ 68.653360771000052, 27.654338900000027 ], [ 68.65540388200003, 27.654833739000026 ], [ 68.662053474000061, 27.656738109000059 ], [ 68.667731995000054, 27.665325870000061 ], [ 68.673138313000038, 27.675702929000067 ], [ 68.673525773000051, 27.675626114000067 ] ] } },
{ "type": "Feature", "properties": { "code": "BND102", "name": "JAMSHER LOOP BUND" }, "geometry": { "type": "LineString", "coordinates": [ [ 68.673532241000032, 27.675618458000031 ], [ 68.668069014000082, 27.665371449000077 ], [ 68.662022235000052, 27.656502427000078 ], [ 68.653206082000054, 27.653983744000072 ], [ 68.64703300900004, 27.647828969000045 ], [ 68.638601754000035, 27.644539644000076 ], [ 68.617230987000028, 27.644566830000031 ], [ 68.614475164000055, 27.641975702000025 ], [ 68.606282852000049, 27.641899812000077 ], [ 68.60521155400005, 27.637530920000074 ], [ 68.604799107000076, 27.637584261000029 ], [ 68.606090407000067, 27.642164095000055 ], [ 68.614300018000051, 27.642210391000049 ], [ 68.617187871000056, 27.644782255000052 ], [ 68.63851605900004, 27.644787748000056 ], [ 68.646930378000036, 27.648046969000063 ], [ 68.652981754000052, 27.654177357000037 ], [ 68.652934894000055, 27.654494978000059 ], [ 68.653360771000052, 27.654338900000027 ], [ 68.65540388200003, 27.654833739000026 ], [ 68.662053474000061, 27.656738109000059 ], [ 68.667731995000054, 27.665325870000061 ], [ 68.673138313000038, 27.675702929000067 ], [ 68.673525773000051, 27.675626114000067 ] ] } },
{ "type": "Feature", "properties": { "code": "BND105", "name": "KADIR PUR BUND" }, "geometry": { "type": "LineString", "coordinates": [ [ 69.352920004000055, 28.075100429000031 ], [ 69.33929050900008, 28.08582831700005 ], [ 69.327257558000042, 28.078479626000046 ], [ 69.321247202000052, 28.074177798000051 ], [ 69.315582472000074, 28.071939220000047 ], [ 69.303810193000061, 28.063802605000035 ], [ 69.280764881000039, 28.050517248000062 ], [ 69.239691253000046, 28.057696333000024 ], [ 69.237455098000055, 28.057702612000071 ], [ 69.212004828000033, 28.054747454000051 ], [ 69.212488299000029, 28.04422420700007 ], [ 69.207654155000057, 28.002916511000024 ], [ 69.207601922000038, 28.001963987000067 ], [ 69.208212674000038, 28.00096340500005 ], [ 69.207409674000075, 28.000276889000077 ], [ 69.207203594000077, 27.998267398000053 ], [ 69.206884324000043, 27.998168701000054 ], [ 69.207159404000038, 28.000300891000052 ], [ 69.207963285000062, 28.001122426000052 ], [ 69.207351829000061, 28.001930056000049 ], [ 69.212191758000074, 28.044401019000077 ], [ 69.211915306000037, 28.054807861000029 ], [ 69.238793092000037, 28.057968192000033 ], [ 69.280725162000067, 28.050692491000063 ], [ 69.303756470000053, 28.064035125000032 ], [ 69.315117423000061, 28.071837393000067 ], [ 69.321214960000077, 28.074313614000062 ], [ 69.327491638000083, 28.07874124500006 ], [ 69.339308505000076, 28.085910959000046 ], [ 69.353124130000083, 28.075148162000062 ], [ 69.352911156000062, 28.075081560000058 ] ] } },
{ "type": "Feature", "properties": { "code": "BND106", "name": "KADIR PUR BUND" }, "geometry": { "type": "LineString", "coordinates": [ [ 69.352840507000053, 28.075094635000028 ], [ 69.341507995000029, 28.083981954000024 ], [ 69.339377004000028, 28.085822725000071 ], [ 69.339505106000047, 28.08607592900006 ], [ 69.353243470000052, 28.075186276000068 ] ] } },
{ "type": "Feature", "properties": { "code": "BND111", "name": "L M BUND" }, "geometry": { "type": "LineString", "coordinates": [ [ 69.411481342000059, 28.087616602000026 ], [ 69.422995251000032, 28.092162795000036 ], [ 69.45760073200006, 28.109026653000058 ], [ 69.456909566000036, 28.108959133000042 ], [ 69.426323436000075, 28.093851346000065 ], [ 69.41146214500003, 28.087610088000076 ] ] } },
{ "type": "Feature", "properties": { "code": "BND112", "name": "L M BUND NEW" }, "geometry": { "type": "LineString", "coordinates": [ [ 69.619561408000038, 28.176004155000044 ], [ 69.601988858000084, 28.158382260000053 ], [ 69.600191470000084, 28.157117117000041 ], [ 69.547989980000068, 28.129326066000033 ], [ 69.49869913200007, 28.104318406000061 ], [ 69.497192614000028, 28.103770499000063 ], [ 69.49275668100006, 28.103649413000028 ], [ 69.464496976000078, 28.109063273000061 ], [ 69.460244574000058, 28.109282819000043 ], [ 69.457586542000058, 28.108775653000066 ], [ 69.457875748000049, 28.109231583000053 ], [ 69.458645611000065, 28.109383516000037 ], [ 69.461709875000054, 28.109683292000057 ], [ 69.463328061000084, 28.109501728000055 ], [ 69.488203977000069, 28.104726400000061 ], [ 69.492592417000083, 28.104128483000068 ], [ 69.497224095000036, 28.104173702000026 ], [ 69.521780377000084, 28.116310214000066 ], [ 69.552344323000057, 28.13199166000004 ], [ 69.599616192000042, 28.157092071000079 ], [ 69.601739346000045, 28.15861030800005 ], [ 69.619567439000036, 28.176019133000068 ] ] } },
{ "type": "Feature", "properties": { "code": "BND113", "name": "L M BUND NEW" }, "geometry": { "type": "LineString", "coordinates": [ [ 69.619561408000038, 28.176004155000044 ], [ 69.601988858000084, 28.158382260000053 ], [ 69.600191470000084, 28.157117117000041 ], [ 69.547989980000068, 28.129326066000033 ], [ 69.49869913200007, 28.104318406000061 ], [ 69.497192614000028, 28.103770499000063 ], [ 69.49275668100006, 28.103649413000028 ], [ 69.464496976000078, 28.109063273000061 ], [ 69.460244574000058, 28.109282819000043 ], [ 69.457586542000058, 28.108775653000066 ], [ 69.457875748000049, 28.109231583000053 ], [ 69.458645611000065, 28.109383516000037 ], [ 69.461709875000054, 28.109683292000057 ], [ 69.463328061000084, 28.109501728000055 ], [ 69.488203977000069, 28.104726400000061 ], [ 69.492592417000083, 28.104128483000068 ], [ 69.497224095000036, 28.104173702000026 ], [ 69.521780377000084, 28.116310214000066 ], [ 69.552344323000057, 28.13199166000004 ], [ 69.599616192000042, 28.157092071000079 ], [ 69.601739346000045, 28.15861030800005 ], [ 69.619567439000036, 28.176019133000068 ] ] } },
{ "type": "Feature", "properties": { "code": "BND114", "name": "L M BUND OLD" }, "geometry": { "type": "LineString", "coordinates": [ [ 69.301072869000052, 28.043852141000059 ], [ 69.31953128300006, 28.056165929000031 ], [ 69.319973929000071, 28.056958749000046 ], [ 69.335971865000033, 28.068995404000077 ], [ 69.356997162000084, 28.07605127100004 ], [ 69.387430240000072, 28.078146202000028 ], [ 69.411264518000053, 28.087592899000072 ], [ 69.411176539000053, 28.087811844000043 ], [ 69.387842964000072, 28.078581432000078 ], [ 69.357713543000045, 28.076405976000046 ], [ 69.346414236000044, 28.072962372000063 ], [ 69.335601974000042, 28.069193442000028 ], [ 69.332373726000071, 28.067036178000023 ], [ 69.319577134000042, 28.05703982700004 ], [ 69.319226090000029, 28.056323501000065 ], [ 69.306239209000069, 28.047792646000062 ], [ 69.301411459000064, 28.044386951000035 ], [ 69.301046294000059, 28.043842023000025 ] ] } },
{ "type": "Feature", "properties": { "code": "BND115", "name": "L M BUND OLD" }, "geometry": { "type": "LineString", "coordinates": [ [ 69.301072869000052, 28.043852141000059 ], [ 69.31953128300006, 28.056165929000031 ], [ 69.319973929000071, 28.056958749000046 ], [ 69.335971865000033, 28.068995404000077 ], [ 69.356997162000084, 28.07605127100004 ], [ 69.387430240000072, 28.078146202000028 ], [ 69.411416130000077, 28.087368509000044 ], [ 69.411176539000053, 28.087811844000043 ], [ 69.387842964000072, 28.078581432000078 ], [ 69.357713543000045, 28.076405976000046 ], [ 69.346414236000044, 28.072962372000063 ], [ 69.335601974000042, 28.069193442000028 ], [ 69.332373726000071, 28.067036178000023 ], [ 69.319577134000042, 28.05703982700004 ], [ 69.319226090000029, 28.056323501000065 ], [ 69.306239209000069, 28.047792646000062 ], [ 69.301411459000064, 28.044386951000035 ], [ 69.301046294000059, 28.043842023000025 ] ] } },
{ "type": "Feature", "properties": { "code": "BND116", "name": "LARKANA SEHWAN BUND" }, "geometry": { "type": "MultiLineString", "coordinates": [ [ [ 67.829590343000064, 26.399073594000072 ], [ 67.830971945000044, 26.398755332000064 ], [ 67.831397270000082, 26.399342571000034 ], [ 67.83074716200008, 26.401194105000059 ], [ 67.830716534000032, 26.403531164000071 ], [ 67.832113543000048, 26.408080920000032 ], [ 67.835499041000048, 26.411183868000023 ], [ 67.837762047000069, 26.415169906000074 ], [ 67.839662428000054, 26.417750372000057 ], [ 67.840728560000059, 26.420405112000026 ], [ 67.840944616000058, 26.422208247000071 ], [ 67.841758501000072, 26.424608460000059 ], [ 67.845537500000034, 26.429816134000077 ], [ 67.849740856000039, 26.432327405000024 ], [ 67.850223893000077, 26.435063975000048 ], [ 67.853040948000057, 26.436318210000024 ], [ 67.854272153000068, 26.436465752000061 ], [ 67.856287463000058, 26.439264351000077 ], [ 67.856440775000067, 26.440001986000027 ], [ 67.855464379000068, 26.450919073000023 ], [ 67.848125573000061, 26.458784402000049 ], [ 67.850540160000037, 26.464124258000027 ], [ 67.850742896000042, 26.465832651000028 ], [ 67.846810991000041, 26.468867738000029 ], [ 67.841503969615104, 26.473021046042604 ] ], [ [ 67.841503969615104, 26.473021046042604 ], [ 67.841485392000038, 26.473035585000048 ], [ 67.841393856000082, 26.473207362000039 ], [ 67.841521158000035, 26.466159701000038 ], [ 67.845184465000045, 26.461957591000044 ], [ 67.847886125000059, 26.459408116000077 ], [ 67.850430489000075, 26.464168351000069 ], [ 67.850611763000074, 26.465798724000024 ], [ 67.84157547600006, 26.472685492000039 ], [ 67.841503969615104, 26.473021046042604 ] ], [ [ 67.841503969615104, 26.473021046042604 ], [ 67.841192444000058, 26.474482925000075 ], [ 67.840466325000079, 26.478818500000045 ], [ 67.83641717900008, 26.508264884000027 ], [ 67.837507334000065, 26.509762541000043 ], [ 67.837344927000061, 26.511598456000058 ], [ 67.835960779000061, 26.513143237000065 ], [ 67.835201601000051, 26.520027888000072 ], [ 67.834838726000044, 26.520582587000035 ], [ 67.832679268000049, 26.521892139000045 ], [ 67.808917971000028, 26.53538486900004 ], [ 67.808207442000082, 26.537188363000041 ], [ 67.807093723000037, 26.537984430000051 ], [ 67.80480833200005, 26.537894136000034 ], [ 67.804209344000071, 26.538148145000036 ], [ 67.779478721000032, 26.552391301000057 ], [ 67.774162266000076, 26.561290879000069 ], [ 67.780384520000041, 26.605208153000035 ], [ 67.796095244000071, 26.640514747000054 ], [ 67.802220611000052, 26.65245619500007 ], [ 67.813225058000057, 26.670986159000051 ], [ 67.811049852000053, 26.683751450000045 ], [ 67.804006762000029, 26.696824125000035 ], [ 67.797792046000041, 26.707515778000072 ], [ 67.797246585000039, 26.734410284000035 ], [ 67.797276200000056, 26.735476865000066 ], [ 67.79773601800008, 26.735818434000066 ], [ 67.797938622000061, 26.736683800000037 ], [ 67.797262345000036, 26.737612973000068 ], [ 67.796464183000069, 26.772237173000065 ], [ 67.796732709000082, 26.773877431000074 ], [ 67.803494853000075, 26.791493934000073 ], [ 67.809219185000075, 26.804694166000047 ], [ 67.817638330000079, 26.830127487000027 ], [ 67.819697985000062, 26.839256011000032 ], [ 67.822759080000083, 26.856845830000054 ], [ 67.822346247000041, 26.863878802000045 ], [ 67.821132527000032, 26.873646413000074 ], [ 67.814172969000083, 26.880903014000069 ], [ 67.812457044000041, 26.897082639000075 ], [ 67.812852546000045, 26.897833991000027 ], [ 67.827995267000063, 26.912861769000074 ], [ 67.833830306000038, 26.914672750000079 ], [ 67.833643376000055, 26.916611347000071 ], [ 67.833861142000046, 26.917086437000023 ], [ 67.836939655000037, 26.921367198000041 ], [ 67.841417661000037, 26.925901087000057 ], [ 67.84830015600005, 26.92941111600004 ], [ 67.85070464100005, 26.928532179000058 ], [ 67.854487516000063, 26.932533503000059 ], [ 67.858919693000075, 26.934918695000079 ], [ 67.867209391000074, 26.936298166000029 ], [ 67.873768627000061, 26.940541582000037 ], [ 67.876275325000051, 26.940760682000075 ], [ 67.878577088000043, 26.939759112000047 ], [ 67.879213831000072, 26.939615954000033 ], [ 67.879938193000044, 26.939883786000053 ], [ 67.886832006000077, 26.960685096000077 ], [ 67.894003063000071, 26.961760877000074 ], [ 67.894564345000049, 26.962328933000038 ], [ 67.900749849000078, 26.96519822700003 ], [ 67.905690888000038, 26.976662124000029 ], [ 67.905588231992866, 26.976722938470431 ] ], [ [ 67.905588231992866, 26.976722938470431 ], [ 67.905528195000045, 26.976758505000078 ], [ 67.905501651331022, 26.97669547686592 ] ], [ [ 67.905501651331022, 26.97669547686592 ], [ 67.904043711000043, 26.973233587000038 ], [ 67.902021224000066, 26.968483706000029 ], [ 67.900573008000038, 26.965220558000055 ], [ 67.894546016000049, 26.962460441000076 ], [ 67.898810967000031, 26.974397687000078 ], [ 67.899702111000067, 26.974855982000065 ], [ 67.905501651331022, 26.97669547686592 ] ], [ [ 67.905501651331022, 26.97669547686592 ], [ 67.905588231992866, 26.976722938470431 ] ], [ [ 67.905588231992866, 26.976722938470431 ], [ 67.905840646000058, 26.976802999000029 ], [ 67.908028377000051, 26.981871276000049 ], [ 67.908791964000045, 26.982547814000043 ], [ 67.91094649300004, 26.98728307600004 ], [ 67.91271598700007, 26.996237664000034 ], [ 67.914764103000039, 27.000882076000039 ], [ 67.913901214000077, 27.002052631000026 ], [ 67.914170979000062, 27.003470829000037 ], [ 67.91590721700004, 27.007530127000052 ], [ 67.915462439000066, 27.010024128000055 ], [ 67.916979722000065, 27.017642595000041 ], [ 67.917441090000068, 27.018290966000052 ], [ 67.917177425000034, 27.018603510000048 ], [ 67.917659554000068, 27.02160770200004 ], [ 67.910814912000035, 27.032811252000045 ], [ 67.903177778000043, 27.039103322000074 ], [ 67.905348184000047, 27.046243792000041 ], [ 67.906780211000068, 27.053716774000065 ], [ 67.908831096000029, 27.05905421500006 ], [ 67.913793422000083, 27.066261146000045 ], [ 67.915124580000054, 27.067621895000059 ], [ 67.921968350000043, 27.071826375000057 ], [ 67.921813073000067, 27.073793313000067 ], [ 67.922441327000058, 27.075359530000071 ], [ 67.931207527000083, 27.08300173300006 ], [ 67.93386539100004, 27.084262468000077 ], [ 67.944316005000076, 27.086579134000033 ], [ 67.945014008000044, 27.086712879000061 ], [ 67.947056707000058, 27.086101191000068 ], [ 67.948867384000039, 27.087876445000063 ], [ 67.950464816000078, 27.090042969000024 ], [ 67.952681738000081, 27.095833213000049 ], [ 67.954489845000069, 27.095742779000034 ], [ 67.956849170000055, 27.096261268000035 ], [ 67.960075281000059, 27.095473394000066 ], [ 67.964237770000068, 27.096978833000037 ], [ 67.964143467000042, 27.097685833000071 ], [ 67.964568328000041, 27.098314801000072 ], [ 67.965374107000059, 27.102041081000039 ], [ 67.96716964500007, 27.104402555000036 ], [ 67.967871919000061, 27.104728622000039 ], [ 67.969561202000079, 27.106863476000058 ], [ 67.971058508000056, 27.107912839000051 ], [ 67.977464711000039, 27.110590669000032 ], [ 67.983133484000064, 27.111973962000036 ], [ 67.986336878000031, 27.112346631000037 ], [ 67.989994481000053, 27.112284478000049 ], [ 67.992231435000065, 27.112834173000067 ], [ 67.994202335000068, 27.113816365000048 ], [ 67.994678367000063, 27.116090409000037 ], [ 67.996046826000054, 27.119507274000057 ], [ 67.996139998000046, 27.121815532000028 ], [ 67.995114470000033, 27.125670081000067 ], [ 67.995206693000057, 27.126558502000023 ], [ 67.996268091000047, 27.125908809000066 ], [ 67.996621011000059, 27.126141981000046 ], [ 68.00282291700006, 27.132082508000053 ], [ 68.003151249000041, 27.133805800000061 ], [ 68.006850245000066, 27.136953857000037 ], [ 68.007679023000037, 27.141434340000046 ], [ 68.00754446500008, 27.141874906000055 ], [ 67.996438840000053, 27.142967380000073 ], [ 67.995339064000063, 27.145422302000043 ], [ 67.995445232000066, 27.148455271000046 ], [ 68.000397625000062, 27.156187911000075 ], [ 68.00475043800003, 27.15785468200005 ], [ 68.006380791000083, 27.160433275000059 ], [ 68.006481783000083, 27.16570534300007 ], [ 68.003244146000043, 27.17380950300003 ], [ 68.002213911000069, 27.175679534000039 ], [ 67.997978378000028, 27.179479439000033 ], [ 67.996691673000043, 27.181752604000053 ], [ 67.996711263000066, 27.183686091000027 ], [ 67.997892131000071, 27.186082750000025 ], [ 68.001370113000064, 27.189823993000061 ], [ 68.003955125000061, 27.193707819000053 ], [ 68.005654426000035, 27.195594152000069 ], [ 68.007601264000073, 27.196384351000063 ], [ 68.012768317000052, 27.197430580000059 ], [ 68.018699192000042, 27.199200955000038 ], [ 68.020503654000038, 27.200819365000029 ], [ 68.027607482000064, 27.208640541000079 ], [ 68.105429986000047, 27.248895104000042 ], [ 68.106298658000071, 27.251113606000047 ], [ 68.105888810000067, 27.253752855000073 ], [ 68.106219157000055, 27.255197208000027 ], [ 68.107705469000052, 27.257325433000062 ], [ 68.110274283000081, 27.259022192000032 ], [ 68.113440850000075, 27.262422881000077 ], [ 68.113569519000066, 27.267829284000072 ], [ 68.128688453000052, 27.294543324000074 ], [ 68.126148062000084, 27.300399772000048 ], [ 68.125733450000041, 27.301785026000061 ], [ 68.125828823000063, 27.302811204000079 ], [ 68.135107700000049, 27.317347331000065 ], [ 68.135653287000082, 27.317761734000044 ] ] ] } },
{ "type": "Feature", "properties": { "code": "BND117", "name": "LARKANA SEHWAN BUND" }, "geometry": { "type": "MultiLineString", "coordinates": [ [ [ 67.829590343000064, 26.399073594000072 ], [ 67.830971945000044, 26.398755332000064 ], [ 67.831397270000082, 26.399342571000034 ], [ 67.83074716200008, 26.401194105000059 ], [ 67.830716534000032, 26.403531164000071 ], [ 67.832113543000048, 26.408080920000032 ], [ 67.835499041000048, 26.411183868000023 ], [ 67.837762047000069, 26.415169906000074 ], [ 67.839662428000054, 26.417750372000057 ], [ 67.840728560000059, 26.420405112000026 ], [ 67.840944616000058, 26.422208247000071 ], [ 67.841758501000072, 26.424608460000059 ], [ 67.845537500000034, 26.429816134000077 ], [ 67.849740856000039, 26.432327405000024 ], [ 67.850223893000077, 26.435063975000048 ], [ 67.853040948000057, 26.436318210000024 ], [ 67.854272153000068, 26.436465752000061 ], [ 67.856287463000058, 26.439264351000077 ], [ 67.856440775000067, 26.440001986000027 ], [ 67.855464379000068, 26.450919073000023 ], [ 67.848125573000061, 26.458784402000049 ], [ 67.850540160000037, 26.464124258000027 ], [ 67.850742896000042, 26.465832651000028 ], [ 67.846810991000041, 26.468867738000029 ], [ 67.841503969615104, 26.473021046042604 ] ], [ [ 67.841503969615104, 26.473021046042604 ], [ 67.841485392000038, 26.473035585000048 ], [ 67.841393856000082, 26.473207362000039 ], [ 67.841521158000035, 26.466159701000038 ], [ 67.845184465000045, 26.461957591000044 ], [ 67.847886125000059, 26.459408116000077 ], [ 67.850430489000075, 26.464168351000069 ], [ 67.850611763000074, 26.465798724000024 ], [ 67.84157547600006, 26.472685492000039 ], [ 67.841503969615104, 26.473021046042604 ] ], [ [ 67.841503969615104, 26.473021046042604 ], [ 67.841192444000058, 26.474482925000075 ], [ 67.840466325000079, 26.478818500000045 ], [ 67.83641717900008, 26.508264884000027 ], [ 67.837507334000065, 26.509762541000043 ], [ 67.837344927000061, 26.511598456000058 ], [ 67.835960779000061, 26.513143237000065 ], [ 67.835201601000051, 26.520027888000072 ], [ 67.834838726000044, 26.520582587000035 ], [ 67.832679268000049, 26.521892139000045 ], [ 67.808917971000028, 26.53538486900004 ], [ 67.808207442000082, 26.537188363000041 ], [ 67.807093723000037, 26.537984430000051 ], [ 67.80480833200005, 26.537894136000034 ], [ 67.804209344000071, 26.538148145000036 ], [ 67.779478721000032, 26.552391301000057 ], [ 67.774162266000076, 26.561290879000069 ], [ 67.780384520000041, 26.605208153000035 ], [ 67.796095244000071, 26.640514747000054 ], [ 67.802220611000052, 26.65245619500007 ], [ 67.813225058000057, 26.670986159000051 ], [ 67.811049852000053, 26.683751450000045 ], [ 67.804006762000029, 26.696824125000035 ], [ 67.797792046000041, 26.707515778000072 ], [ 67.797246585000039, 26.734410284000035 ], [ 67.797276200000056, 26.735476865000066 ], [ 67.79773601800008, 26.735818434000066 ], [ 67.797938622000061, 26.736683800000037 ], [ 67.797262345000036, 26.737612973000068 ], [ 67.796464183000069, 26.772237173000065 ], [ 67.796732709000082, 26.773877431000074 ], [ 67.803494853000075, 26.791493934000073 ], [ 67.809219185000075, 26.804694166000047 ], [ 67.817638330000079, 26.830127487000027 ], [ 67.819697985000062, 26.839256011000032 ], [ 67.822759080000083, 26.856845830000054 ], [ 67.822346247000041, 26.863878802000045 ], [ 67.821132527000032, 26.873646413000074 ], [ 67.814172969000083, 26.880903014000069 ], [ 67.812457044000041, 26.897082639000075 ], [ 67.812852546000045, 26.897833991000027 ], [ 67.827995267000063, 26.912861769000074 ], [ 67.833830306000038, 26.914672750000079 ], [ 67.833643376000055, 26.916611347000071 ], [ 67.833861142000046, 26.917086437000023 ], [ 67.836939655000037, 26.921367198000041 ], [ 67.841417661000037, 26.925901087000057 ], [ 67.84830015600005, 26.92941111600004 ], [ 67.85070464100005, 26.928532179000058 ], [ 67.854487516000063, 26.932533503000059 ], [ 67.858919693000075, 26.934918695000079 ], [ 67.867209391000074, 26.936298166000029 ], [ 67.873768627000061, 26.940541582000037 ], [ 67.876275325000051, 26.940760682000075 ], [ 67.878577088000043, 26.939759112000047 ], [ 67.879213831000072, 26.939615954000033 ], [ 67.879938193000044, 26.939883786000053 ], [ 67.886832006000077, 26.960685096000077 ], [ 67.894003063000071, 26.961760877000074 ], [ 67.894564345000049, 26.962328933000038 ], [ 67.900749849000078, 26.96519822700003 ], [ 67.905690888000038, 26.976662124000029 ], [ 67.905588231992866, 26.976722938470431 ] ], [ [ 67.905588231992866, 26.976722938470431 ], [ 67.905528195000045, 26.976758505000078 ], [ 67.905501651331022, 26.97669547686592 ] ], [ [ 67.905501651331022, 26.97669547686592 ], [ 67.904043711000043, 26.973233587000038 ], [ 67.902021224000066, 26.968483706000029 ], [ 67.900573008000038, 26.965220558000055 ], [ 67.894546016000049, 26.962460441000076 ], [ 67.898810967000031, 26.974397687000078 ], [ 67.899702111000067, 26.974855982000065 ], [ 67.905501651331022, 26.97669547686592 ] ], [ [ 67.905501651331022, 26.97669547686592 ], [ 67.905588231992866, 26.976722938470431 ] ], [ [ 67.905588231992866, 26.976722938470431 ], [ 67.905840646000058, 26.976802999000029 ], [ 67.908028377000051, 26.981871276000049 ], [ 67.908791964000045, 26.982547814000043 ], [ 67.91094649300004, 26.98728307600004 ], [ 67.91271598700007, 26.996237664000034 ], [ 67.914764103000039, 27.000882076000039 ], [ 67.913901214000077, 27.002052631000026 ], [ 67.914170979000062, 27.003470829000037 ], [ 67.91590721700004, 27.007530127000052 ], [ 67.915462439000066, 27.010024128000055 ], [ 67.916979722000065, 27.017642595000041 ], [ 67.917441090000068, 27.018290966000052 ], [ 67.917177425000034, 27.018603510000048 ], [ 67.917659554000068, 27.02160770200004 ], [ 67.910814912000035, 27.032811252000045 ], [ 67.903177778000043, 27.039103322000074 ], [ 67.905348184000047, 27.046243792000041 ], [ 67.906780211000068, 27.053716774000065 ], [ 67.908831096000029, 27.05905421500006 ], [ 67.913793422000083, 27.066261146000045 ], [ 67.915124580000054, 27.067621895000059 ], [ 67.921968350000043, 27.071826375000057 ], [ 67.921813073000067, 27.073793313000067 ], [ 67.922441327000058, 27.075359530000071 ], [ 67.931207527000083, 27.08300173300006 ], [ 67.93386539100004, 27.084262468000077 ], [ 67.944316005000076, 27.086579134000033 ], [ 67.945014008000044, 27.086712879000061 ], [ 67.947056707000058, 27.086101191000068 ], [ 67.948867384000039, 27.087876445000063 ], [ 67.950464816000078, 27.090042969000024 ], [ 67.952681738000081, 27.095833213000049 ], [ 67.954489845000069, 27.095742779000034 ], [ 67.956849170000055, 27.096261268000035 ], [ 67.960075281000059, 27.095473394000066 ], [ 67.964237770000068, 27.096978833000037 ], [ 67.964143467000042, 27.097685833000071 ], [ 67.964568328000041, 27.098314801000072 ], [ 67.965374107000059, 27.102041081000039 ], [ 67.96716964500007, 27.104402555000036 ], [ 67.967871919000061, 27.104728622000039 ], [ 67.969561202000079, 27.106863476000058 ], [ 67.971058508000056, 27.107912839000051 ], [ 67.977464711000039, 27.110590669000032 ], [ 67.983133484000064, 27.111973962000036 ], [ 67.986336878000031, 27.112346631000037 ], [ 67.989994481000053, 27.112284478000049 ], [ 67.992231435000065, 27.112834173000067 ], [ 67.994202335000068, 27.113816365000048 ], [ 67.994678367000063, 27.116090409000037 ], [ 67.996046826000054, 27.119507274000057 ], [ 67.996139998000046, 27.121815532000028 ], [ 67.995114470000033, 27.125670081000067 ], [ 67.995206693000057, 27.126558502000023 ], [ 67.996268091000047, 27.125908809000066 ], [ 67.996621011000059, 27.126141981000046 ], [ 68.00282291700006, 27.132082508000053 ], [ 68.003151249000041, 27.133805800000061 ], [ 68.006850245000066, 27.136953857000037 ], [ 68.007679023000037, 27.141434340000046 ], [ 68.00754446500008, 27.141874906000055 ], [ 67.996438840000053, 27.142967380000073 ], [ 67.995339064000063, 27.145422302000043 ], [ 67.995445232000066, 27.148455271000046 ], [ 68.000397625000062, 27.156187911000075 ], [ 68.00475043800003, 27.15785468200005 ], [ 68.006380791000083, 27.160433275000059 ], [ 68.006481783000083, 27.16570534300007 ], [ 68.003244146000043, 27.17380950300003 ], [ 68.002213911000069, 27.175679534000039 ], [ 67.997978378000028, 27.179479439000033 ], [ 67.996691673000043, 27.181752604000053 ], [ 67.996711263000066, 27.183686091000027 ], [ 67.997892131000071, 27.186082750000025 ], [ 68.001370113000064, 27.189823993000061 ], [ 68.003955125000061, 27.193707819000053 ], [ 68.005654426000035, 27.195594152000069 ], [ 68.007601264000073, 27.196384351000063 ], [ 68.012768317000052, 27.197430580000059 ], [ 68.018699192000042, 27.199200955000038 ], [ 68.020503654000038, 27.200819365000029 ], [ 68.027607482000064, 27.208640541000079 ], [ 68.105429986000047, 27.248895104000042 ], [ 68.106298658000071, 27.251113606000047 ], [ 68.105888810000067, 27.253752855000073 ], [ 68.106219157000055, 27.255197208000027 ], [ 68.107705469000052, 27.257325433000062 ], [ 68.110274283000081, 27.259022192000032 ], [ 68.113440850000075, 27.262422881000077 ], [ 68.113569519000066, 27.267829284000072 ], [ 68.128688453000052, 27.294543324000074 ], [ 68.126148062000084, 27.300399772000048 ], [ 68.125733450000041, 27.301785026000061 ], [ 68.125828823000063, 27.302811204000079 ], [ 68.135107700000049, 27.317347331000065 ], [ 68.135653287000082, 27.317761734000044 ] ] ] } },
{ "type": "Feature", "properties": { "code": "BND118", "name": "LARKANA SEHWAN BUND" }, "geometry": { "type": "MultiLineString", "coordinates": [ [ [ 67.829590343000064, 26.399073594000072 ], [ 67.830971945000044, 26.398755332000064 ], [ 67.831397270000082, 26.399342571000034 ], [ 67.83074716200008, 26.401194105000059 ], [ 67.830716534000032, 26.403531164000071 ], [ 67.832113543000048, 26.408080920000032 ], [ 67.835499041000048, 26.411183868000023 ], [ 67.837762047000069, 26.415169906000074 ], [ 67.839662428000054, 26.417750372000057 ], [ 67.840728560000059, 26.420405112000026 ], [ 67.840944616000058, 26.422208247000071 ], [ 67.841758501000072, 26.424608460000059 ], [ 67.845537500000034, 26.429816134000077 ], [ 67.849740856000039, 26.432327405000024 ], [ 67.850223893000077, 26.435063975000048 ], [ 67.853040948000057, 26.436318210000024 ], [ 67.854272153000068, 26.436465752000061 ], [ 67.856287463000058, 26.439264351000077 ], [ 67.856440775000067, 26.440001986000027 ], [ 67.855464379000068, 26.450919073000023 ], [ 67.848125573000061, 26.458784402000049 ], [ 67.850540160000037, 26.464124258000027 ], [ 67.850742896000042, 26.465832651000028 ], [ 67.846810991000041, 26.468867738000029 ], [ 67.841503969615104, 26.473021046042604 ] ], [ [ 67.841503969615104, 26.473021046042604 ], [ 67.841485392000038, 26.473035585000048 ], [ 67.841393856000082, 26.473207362000039 ], [ 67.841521158000035, 26.466159701000038 ], [ 67.845184465000045, 26.461957591000044 ], [ 67.847886125000059, 26.459408116000077 ], [ 67.850430489000075, 26.464168351000069 ], [ 67.850611763000074, 26.465798724000024 ], [ 67.84157547600006, 26.472685492000039 ], [ 67.841503969615104, 26.473021046042604 ] ], [ [ 67.841503969615104, 26.473021046042604 ], [ 67.841192444000058, 26.474482925000075 ], [ 67.840466325000079, 26.478818500000045 ], [ 67.83641717900008, 26.508264884000027 ], [ 67.837507334000065, 26.509762541000043 ], [ 67.837344927000061, 26.511598456000058 ], [ 67.835960779000061, 26.513143237000065 ], [ 67.835201601000051, 26.520027888000072 ], [ 67.834838726000044, 26.520582587000035 ], [ 67.832679268000049, 26.521892139000045 ], [ 67.808917971000028, 26.53538486900004 ], [ 67.808207442000082, 26.537188363000041 ], [ 67.807093723000037, 26.537984430000051 ], [ 67.80480833200005, 26.537894136000034 ], [ 67.804209344000071, 26.538148145000036 ], [ 67.779478721000032, 26.552391301000057 ], [ 67.774162266000076, 26.561290879000069 ], [ 67.780384520000041, 26.605208153000035 ], [ 67.796095244000071, 26.640514747000054 ], [ 67.802220611000052, 26.65245619500007 ], [ 67.813225058000057, 26.670986159000051 ], [ 67.811049852000053, 26.683751450000045 ], [ 67.804006762000029, 26.696824125000035 ], [ 67.797792046000041, 26.707515778000072 ], [ 67.797246585000039, 26.734410284000035 ], [ 67.797276200000056, 26.735476865000066 ], [ 67.79773601800008, 26.735818434000066 ], [ 67.797938622000061, 26.736683800000037 ], [ 67.797262345000036, 26.737612973000068 ], [ 67.796464183000069, 26.772237173000065 ], [ 67.796732709000082, 26.773877431000074 ], [ 67.803494853000075, 26.791493934000073 ], [ 67.809219185000075, 26.804694166000047 ], [ 67.817638330000079, 26.830127487000027 ], [ 67.819697985000062, 26.839256011000032 ], [ 67.822759080000083, 26.856845830000054 ], [ 67.822346247000041, 26.863878802000045 ], [ 67.821132527000032, 26.873646413000074 ], [ 67.814172969000083, 26.880903014000069 ], [ 67.812457044000041, 26.897082639000075 ], [ 67.812852546000045, 26.897833991000027 ], [ 67.827995267000063, 26.912861769000074 ], [ 67.833830306000038, 26.914672750000079 ], [ 67.833643376000055, 26.916611347000071 ], [ 67.833861142000046, 26.917086437000023 ], [ 67.836939655000037, 26.921367198000041 ], [ 67.841417661000037, 26.925901087000057 ], [ 67.84830015600005, 26.92941111600004 ], [ 67.85070464100005, 26.928532179000058 ], [ 67.854487516000063, 26.932533503000059 ], [ 67.858919693000075, 26.934918695000079 ], [ 67.867209391000074, 26.936298166000029 ], [ 67.873768627000061, 26.940541582000037 ], [ 67.876275325000051, 26.940760682000075 ], [ 67.878577088000043, 26.939759112000047 ], [ 67.879213831000072, 26.939615954000033 ], [ 67.879938193000044, 26.939883786000053 ], [ 67.886832006000077, 26.960685096000077 ], [ 67.894003063000071, 26.961760877000074 ], [ 67.894564345000049, 26.962328933000038 ], [ 67.900749849000078, 26.96519822700003 ], [ 67.905690888000038, 26.976662124000029 ], [ 67.905588231992866, 26.976722938470431 ] ], [ [ 67.905588231992866, 26.976722938470431 ], [ 67.905528195000045, 26.976758505000078 ], [ 67.905501651331022, 26.97669547686592 ] ], [ [ 67.905501651331022, 26.97669547686592 ], [ 67.904043711000043, 26.973233587000038 ], [ 67.902021224000066, 26.968483706000029 ], [ 67.900573008000038, 26.965220558000055 ], [ 67.894546016000049, 26.962460441000076 ], [ 67.898810967000031, 26.974397687000078 ], [ 67.899702111000067, 26.974855982000065 ], [ 67.905501651331022, 26.97669547686592 ] ], [ [ 67.905501651331022, 26.97669547686592 ], [ 67.905588231992866, 26.976722938470431 ] ], [ [ 67.905588231992866, 26.976722938470431 ], [ 67.905840646000058, 26.976802999000029 ], [ 67.908028377000051, 26.981871276000049 ], [ 67.908791964000045, 26.982547814000043 ], [ 67.91094649300004, 26.98728307600004 ], [ 67.91271598700007, 26.996237664000034 ], [ 67.914764103000039, 27.000882076000039 ], [ 67.913901214000077, 27.002052631000026 ], [ 67.914170979000062, 27.003470829000037 ], [ 67.91590721700004, 27.007530127000052 ], [ 67.915462439000066, 27.010024128000055 ], [ 67.916979722000065, 27.017642595000041 ], [ 67.917441090000068, 27.018290966000052 ], [ 67.917177425000034, 27.018603510000048 ], [ 67.917659554000068, 27.02160770200004 ], [ 67.910814912000035, 27.032811252000045 ], [ 67.903177778000043, 27.039103322000074 ], [ 67.905348184000047, 27.046243792000041 ], [ 67.906780211000068, 27.053716774000065 ], [ 67.908831096000029, 27.05905421500006 ], [ 67.913793422000083, 27.066261146000045 ], [ 67.915124580000054, 27.067621895000059 ], [ 67.921968350000043, 27.071826375000057 ], [ 67.921813073000067, 27.073793313000067 ], [ 67.922441327000058, 27.075359530000071 ], [ 67.931207527000083, 27.08300173300006 ], [ 67.93386539100004, 27.084262468000077 ], [ 67.944316005000076, 27.086579134000033 ], [ 67.945014008000044, 27.086712879000061 ], [ 67.947056707000058, 27.086101191000068 ], [ 67.948867384000039, 27.087876445000063 ], [ 67.950464816000078, 27.090042969000024 ], [ 67.952681738000081, 27.095833213000049 ], [ 67.954489845000069, 27.095742779000034 ], [ 67.956849170000055, 27.096261268000035 ], [ 67.960075281000059, 27.095473394000066 ], [ 67.964237770000068, 27.096978833000037 ], [ 67.964143467000042, 27.097685833000071 ], [ 67.964568328000041, 27.098314801000072 ], [ 67.965374107000059, 27.102041081000039 ], [ 67.96716964500007, 27.104402555000036 ], [ 67.967871919000061, 27.104728622000039 ], [ 67.969561202000079, 27.106863476000058 ], [ 67.971058508000056, 27.107912839000051 ], [ 67.977464711000039, 27.110590669000032 ], [ 67.983133484000064, 27.111973962000036 ], [ 67.986336878000031, 27.112346631000037 ], [ 67.989994481000053, 27.112284478000049 ], [ 67.992231435000065, 27.112834173000067 ], [ 67.994202335000068, 27.113816365000048 ], [ 67.994678367000063, 27.116090409000037 ], [ 67.996046826000054, 27.119507274000057 ], [ 67.996139998000046, 27.121815532000028 ], [ 67.995114470000033, 27.125670081000067 ], [ 67.995206693000057, 27.126558502000023 ], [ 67.996268091000047, 27.125908809000066 ], [ 67.996621011000059, 27.126141981000046 ], [ 68.00282291700006, 27.132082508000053 ], [ 68.003151249000041, 27.133805800000061 ], [ 68.006850245000066, 27.136953857000037 ], [ 68.007679023000037, 27.141434340000046 ], [ 68.00754446500008, 27.141874906000055 ], [ 67.996438840000053, 27.142967380000073 ], [ 67.995339064000063, 27.145422302000043 ], [ 67.995445232000066, 27.148455271000046 ], [ 68.000397625000062, 27.156187911000075 ], [ 68.00475043800003, 27.15785468200005 ], [ 68.006380791000083, 27.160433275000059 ], [ 68.006481783000083, 27.16570534300007 ], [ 68.003244146000043, 27.17380950300003 ], [ 68.002213911000069, 27.175679534000039 ], [ 67.997978378000028, 27.179479439000033 ], [ 67.996691673000043, 27.181752604000053 ], [ 67.996711263000066, 27.183686091000027 ], [ 67.997892131000071, 27.186082750000025 ], [ 68.001370113000064, 27.189823993000061 ], [ 68.003955125000061, 27.193707819000053 ], [ 68.005654426000035, 27.195594152000069 ], [ 68.007601264000073, 27.196384351000063 ], [ 68.012768317000052, 27.197430580000059 ], [ 68.018699192000042, 27.199200955000038 ], [ 68.020503654000038, 27.200819365000029 ], [ 68.027607482000064, 27.208640541000079 ], [ 68.105429986000047, 27.248895104000042 ], [ 68.106298658000071, 27.251113606000047 ], [ 68.105888810000067, 27.253752855000073 ], [ 68.106219157000055, 27.255197208000027 ], [ 68.107705469000052, 27.257325433000062 ], [ 68.110274283000081, 27.259022192000032 ], [ 68.113440850000075, 27.262422881000077 ], [ 68.113569519000066, 27.267829284000072 ], [ 68.128688453000052, 27.294543324000074 ], [ 68.126148062000084, 27.300399772000048 ], [ 68.125733450000041, 27.301785026000061 ], [ 68.125828823000063, 27.302811204000079 ], [ 68.135107700000049, 27.317347331000065 ], [ 68.135653287000082, 27.317761734000044 ] ] ] } },
{ "type": "Feature", "properties": { "code": "BND119", "name": "LARKANA SEHWAN BUND   1" }, "geometry": { "type": "LineString", "coordinates": [ [ 68.136601618000043, 27.306019218000074 ], [ 68.137820237000028, 27.307643356000028 ], [ 68.139559788000042, 27.308093350000036 ], [ 68.141059119000033, 27.306596607000074 ], [ 68.140926351000076, 27.306082444000026 ], [ 68.141190798000082, 27.306129403000057 ], [ 68.141605758000082, 27.306945894000023 ], [ 68.141224439000041, 27.306899127000065 ], [ 68.140041908000057, 27.308031648000053 ], [ 68.141462598000032, 27.308452181000064 ], [ 68.14215859400008, 27.309409987000038 ], [ 68.144752729000061, 27.314537663000067 ], [ 68.145326991000047, 27.317494120000049 ], [ 68.147152344000062, 27.316681542000026 ], [ 68.147209643000053, 27.316188791000059 ], [ 68.147442324000053, 27.317052959000023 ], [ 68.145443847000081, 27.317843074000052 ], [ 68.14615176600006, 27.323417689000053 ], [ 68.146643407000056, 27.324682426000038 ], [ 68.14702935300005, 27.325044626000079 ], [ 68.151736007000068, 27.322186500000043 ], [ 68.15162218200004, 27.321765685000059 ], [ 68.15185539600003, 27.32168527500005 ], [ 68.152143195000065, 27.322600931000068 ], [ 68.151741376000075, 27.322421183000074 ], [ 68.150633041000049, 27.323010490000058 ], [ 68.147235476000048, 27.325267696000026 ], [ 68.155904808000059, 27.337742802000037 ], [ 68.156355036000036, 27.341571994000049 ], [ 68.156376242000078, 27.356317593000028 ], [ 68.16219800500005, 27.357208814000046 ], [ 68.175421546000052, 27.347501091000026 ], [ 68.178486027000076, 27.348162291000051 ], [ 68.179452172000083, 27.348577184000078 ], [ 68.183263081000064, 27.349717824000038 ], [ 68.188797002000058, 27.351692227000058 ], [ 68.189570265000043, 27.352546142000051 ], [ 68.198055554000064, 27.368476505000046 ], [ 68.211186591000057, 27.377058712000064 ], [ 68.221038297000064, 27.382303796000031 ], [ 68.224192409000068, 27.384634261000031 ], [ 68.226650756000083, 27.386780886000054 ], [ 68.233771287000081, 27.388891227000045 ], [ 68.242468117000044, 27.405346619000056 ], [ 68.246286634000057, 27.408509007000077 ], [ 68.247140212000033, 27.408542836000038 ], [ 68.247739676000037, 27.408888516000047 ], [ 68.24787288400006, 27.409132932000034 ], [ 68.247812186000033, 27.409763460000079 ], [ 68.247565542000075, 27.409534400000041 ], [ 68.247396313000081, 27.408837982000023 ], [ 68.246448039000029, 27.408651691000046 ], [ 68.262529903000029, 27.422112874000049 ], [ 68.273434655000074, 27.425678468000058 ], [ 68.274188535000064, 27.426682127000049 ], [ 68.273930995000057, 27.427035099000079 ], [ 68.273063705000084, 27.425917722000065 ], [ 68.262579751000033, 27.422486708000065 ], [ 68.242288231000032, 27.405419100000074 ], [ 68.233675382000058, 27.388983168000038 ], [ 68.226727140000037, 27.386970031000033 ], [ 68.220874411000068, 27.382383121000032 ], [ 68.211064365000084, 27.37709664700003 ], [ 68.197776089000058, 27.368404662000046 ], [ 68.188870982000083, 27.351861024000073 ], [ 68.18314530300006, 27.349746061000076 ], [ 68.175621718000059, 27.347620900000038 ], [ 68.16226123000007, 27.357370103000051 ], [ 68.156257037000046, 27.356405783000071 ], [ 68.156224356000052, 27.341748531000064 ], [ 68.155807324000079, 27.337879007000026 ], [ 68.147875332000069, 27.326387109000052 ], [ 68.146334595000042, 27.324668379000059 ], [ 68.144643379000058, 27.314866766000023 ], [ 68.141499405000047, 27.308810213000072 ], [ 68.137787945000071, 27.307772297000042 ], [ 68.136588951000078, 27.306200570000044 ] ] } },
{ "type": "Feature", "properties": { "code": "BND120", "name": "LARKANA SEHWAN BUND   1" }, "geometry": { "type": "LineString", "coordinates": [ [ 68.136601618000043, 27.306019218000074 ], [ 68.137820237000028, 27.307643356000028 ], [ 68.139559788000042, 27.308093350000036 ], [ 68.141059119000033, 27.306596607000074 ], [ 68.140926351000076, 27.306082444000026 ], [ 68.141190798000082, 27.306129403000057 ], [ 68.141605758000082, 27.306945894000023 ], [ 68.141224439000041, 27.306899127000065 ], [ 68.140041908000057, 27.308031648000053 ], [ 68.141462598000032, 27.308452181000064 ], [ 68.14215859400008, 27.309409987000038 ], [ 68.144752729000061, 27.314537663000067 ], [ 68.145326991000047, 27.317494120000049 ], [ 68.147152344000062, 27.316681542000026 ], [ 68.147209643000053, 27.316188791000059 ], [ 68.147442324000053, 27.317052959000023 ], [ 68.145443847000081, 27.317843074000052 ], [ 68.14615176600006, 27.323417689000053 ], [ 68.146643407000056, 27.324682426000038 ], [ 68.14702935300005, 27.325044626000079 ], [ 68.151736007000068, 27.322186500000043 ], [ 68.15162218200004, 27.321765685000059 ], [ 68.15185539600003, 27.32168527500005 ], [ 68.152143195000065, 27.322600931000068 ], [ 68.151741376000075, 27.322421183000074 ], [ 68.150633041000049, 27.323010490000058 ], [ 68.147235476000048, 27.325267696000026 ], [ 68.155904808000059, 27.337742802000037 ], [ 68.156355036000036, 27.341571994000049 ], [ 68.156376242000078, 27.356317593000028 ], [ 68.16219800500005, 27.357208814000046 ], [ 68.175421546000052, 27.347501091000026 ], [ 68.178486027000076, 27.348162291000051 ], [ 68.179452172000083, 27.348577184000078 ], [ 68.183263081000064, 27.349717824000038 ], [ 68.188797002000058, 27.351692227000058 ], [ 68.189570265000043, 27.352546142000051 ], [ 68.198055554000064, 27.368476505000046 ], [ 68.211186591000057, 27.377058712000064 ], [ 68.221038297000064, 27.382303796000031 ], [ 68.224192409000068, 27.384634261000031 ], [ 68.226650756000083, 27.386780886000054 ], [ 68.233771287000081, 27.388891227000045 ], [ 68.242468117000044, 27.405346619000056 ], [ 68.246286634000057, 27.408509007000077 ], [ 68.247140212000033, 27.408542836000038 ], [ 68.247739676000037, 27.408888516000047 ], [ 68.24787288400006, 27.409132932000034 ], [ 68.247812186000033, 27.409763460000079 ], [ 68.247565542000075, 27.409534400000041 ], [ 68.247396313000081, 27.408837982000023 ], [ 68.246448039000029, 27.408651691000046 ], [ 68.262529903000029, 27.422112874000049 ], [ 68.273434655000074, 27.425678468000058 ], [ 68.274188535000064, 27.426682127000049 ], [ 68.273930995000057, 27.427035099000079 ], [ 68.273063705000084, 27.425917722000065 ], [ 68.262579751000033, 27.422486708000065 ], [ 68.242288231000032, 27.405419100000074 ], [ 68.233675382000058, 27.388983168000038 ], [ 68.226727140000037, 27.386970031000033 ], [ 68.220874411000068, 27.382383121000032 ], [ 68.211064365000084, 27.37709664700003 ], [ 68.197776089000058, 27.368404662000046 ], [ 68.188870982000083, 27.351861024000073 ], [ 68.18314530300006, 27.349746061000076 ], [ 68.175621718000059, 27.347620900000038 ], [ 68.16226123000007, 27.357370103000051 ], [ 68.156257037000046, 27.356405783000071 ], [ 68.156224356000052, 27.341748531000064 ], [ 68.155807324000079, 27.337879007000026 ], [ 68.147875332000069, 27.326387109000052 ], [ 68.146334595000042, 27.324668379000059 ], [ 68.144643379000058, 27.314866766000023 ], [ 68.141499405000047, 27.308810213000072 ], [ 68.137787945000071, 27.307772297000042 ], [ 68.136588951000078, 27.306200570000044 ] ] } },
{ "type": "Feature", "properties": { "code": "BND124", "name": "M J PROTECTION BUND" }, "geometry": { "type": "LineString", "coordinates": [ [ 68.135703558000046, 27.318296752000037 ], [ 68.140889166000079, 27.319763138000042 ], [ 68.141663400000084, 27.321080194000047 ], [ 68.144895740000038, 27.317081666000036 ], [ 68.141732391000062, 27.321198978000041 ], [ 68.142134014000078, 27.322740257000078 ], [ 68.141150602000039, 27.328643419000059 ], [ 68.15280443000006, 27.333803722000027 ], [ 68.140892114000053, 27.328695451000044 ], [ 68.141944617000036, 27.323128834000045 ], [ 68.141228359000081, 27.320665550000058 ], [ 68.140718714000059, 27.319880045000048 ], [ 68.135688413000082, 27.318338203000053 ] ] } },
{ "type": "Feature", "properties": { "code": "BND125", "name": "M J PROTECTION BUND" }, "geometry": { "type": "LineString", "coordinates": [ [ 68.135703558000046, 27.318296752000037 ], [ 68.140889166000079, 27.319763138000042 ], [ 68.141663400000084, 27.321080194000047 ], [ 68.142258757000036, 27.320270637000078 ], [ 68.142457128000046, 27.320434414000033 ], [ 68.141732391000062, 27.321198978000041 ], [ 68.142134014000078, 27.322740257000078 ], [ 68.141150602000039, 27.328643419000059 ], [ 68.145287938000081, 27.33038834000007 ], [ 68.145432773000039, 27.330633538000029 ], [ 68.140892114000053, 27.328695451000044 ], [ 68.141944617000036, 27.323128834000045 ], [ 68.140911223000046, 27.320049758000039 ], [ 68.135688413000082, 27.318338203000053 ] ] } },
{ "type": "Feature", "properties": { "code": "BND126", "name": "M J PROTECTION BUND" }, "geometry": { "type": "LineString", "coordinates": [ [ 68.135703558000046, 27.318296752000037 ], [ 68.140889166000079, 27.319763138000042 ], [ 68.141663400000084, 27.321080194000047 ], [ 68.142258757000036, 27.320270637000078 ], [ 68.142457128000046, 27.320434414000033 ], [ 68.141732391000062, 27.321198978000041 ], [ 68.142134014000078, 27.322740257000078 ], [ 68.141150602000039, 27.328643419000059 ], [ 68.145287938000081, 27.33038834000007 ], [ 68.145432773000039, 27.330633538000029 ], [ 68.140892114000053, 27.328695451000044 ], [ 68.141944617000036, 27.323128834000045 ], [ 68.140911223000046, 27.320049758000039 ], [ 68.135688413000082, 27.318338203000053 ] ] } },
{ "type": "Feature", "properties": { "code": "BND134", "name": "MACHCA BUND" }, "geometry": { "type": "LineString", "coordinates": [ [ 69.705261193000069, 28.297635731000071 ], [ 69.714265290000071, 28.297314261000054 ], [ 69.721525722000081, 28.298590908000051 ], [ 69.721302411000067, 28.299154400000077 ], [ 69.721415233000073, 28.30031559400004 ], [ 69.724296215000038, 28.304404489000035 ], [ 69.725738381000042, 28.307286803000068 ], [ 69.730236915000035, 28.313052686000049 ], [ 69.735161791000053, 28.317754174000072 ], [ 69.743901066000035, 28.322669095000037 ], [ 69.74649290900004, 28.327310511000064 ], [ 69.747325808000028, 28.328399755000078 ], [ 69.751440051000031, 28.329968263000069 ], [ 69.753666376000069, 28.330068848000053 ], [ 69.760697634000053, 28.329814182000064 ], [ 69.766075804000081, 28.330547540000055 ], [ 69.771038720000035, 28.330436087000066 ], [ 69.771825517000082, 28.330240125000046 ], [ 69.779426570000055, 28.326701376000074 ], [ 69.786025918000064, 28.324237921000076 ], [ 69.788227456000072, 28.323105598000041 ], [ 69.779195771000047, 28.326673387000028 ], [ 69.771021334000068, 28.330337583000073 ], [ 69.766112605000046, 28.330392037000024 ], [ 69.761291415000073, 28.329623340000069 ], [ 69.752548691000072, 28.329992689000051 ], [ 69.75104108000005, 28.329669255000056 ], [ 69.747166764000042, 28.328161800000032 ], [ 69.743931996000072, 28.322481703000051 ], [ 69.735643906000064, 28.317828238000061 ], [ 69.730078035000076, 28.312584988000026 ], [ 69.725570164000032, 28.306810386000052 ], [ 69.724378029000036, 28.304326323000055 ], [ 69.721643331000053, 28.300320999000064 ], [ 69.721415622000052, 28.299899991000075 ], [ 69.721600918000036, 28.298442140000077 ], [ 69.71501341000004, 28.297158836000051 ], [ 69.705067474000032, 28.297563242000024 ] ] } },
{ "type": "Feature", "properties": { "code": "BND135", "name": "MAIN RIVER BUND" }, "geometry": { "type": "LineString", "coordinates": [ [ 68.78761927000005, 27.639045349000071 ], [ 68.785704706000047, 27.642544226000041 ], [ 68.782726096000033, 27.642147790000024 ], [ 68.779801185000053, 27.643304229000023 ], [ 68.772661013000061, 27.643844995000052 ], [ 68.771929665000073, 27.644555965000052 ], [ 68.771013057000062, 27.646427438000046 ], [ 68.768371107000064, 27.645949858000051 ], [ 68.766544147000047, 27.646802788000059 ], [ 68.765715168000042, 27.646905607000065 ], [ 68.763034526000069, 27.645869422000033 ], [ 68.761998168000048, 27.649530661000028 ], [ 68.75087364500007, 27.648584800000037 ], [ 68.731673770000043, 27.662656973000026 ], [ 68.71587889500006, 27.69077432000006 ], [ 68.702814406000073, 27.707101616000045 ], [ 68.690388336000069, 27.723662963000038 ], [ 68.679878703000043, 27.726154551000036 ], [ 68.667968487000053, 27.730521659000033 ], [ 68.666756773000031, 27.730077994000055 ], [ 68.663971081000057, 27.727569017000064 ], [ 68.663844109000081, 27.727215550000039 ], [ 68.664104780000059, 27.727025848000039 ], [ 68.66429819800004, 27.72748169700003 ], [ 68.667214633000071, 27.72987958300007 ], [ 68.668309921000059, 27.730138772000032 ], [ 68.679624172000047, 27.726063794000027 ], [ 68.689709232000041, 27.72369791400007 ], [ 68.705898940000054, 27.702642237000077 ], [ 68.71530690700007, 27.691072525000038 ], [ 68.731424597000057, 27.662519759000077 ], [ 68.746792824000067, 27.651462765000076 ], [ 68.75066249300005, 27.648355493000054 ], [ 68.75596532600008, 27.648718408000036 ], [ 68.762249721000046, 27.647476297000026 ], [ 68.762194472000033, 27.647771103000025 ], [ 68.756710635000047, 27.648852134000037 ], [ 68.761851762000049, 27.649221174000047 ], [ 68.762796944000058, 27.645767628000044 ], [ 68.765881045000071, 27.646814714000072 ], [ 68.768383706000066, 27.645793307000076 ], [ 68.770781876000058, 27.646250418000079 ], [ 68.771747743000049, 27.644346549000034 ], [ 68.772594475000062, 27.64363167700003 ], [ 68.779620780000073, 27.643100618000062 ], [ 68.78262550200003, 27.641963968000027 ], [ 68.785481856000047, 27.642265469000051 ], [ 68.787315235000051, 27.638880542000038 ], [ 68.787624587000039, 27.639039567000054 ] ] } },
{ "type": "Feature", "properties": { "code": "BND136", "name": "MAIN RIVER BUND" }, "geometry": { "type": "LineString", "coordinates": [ [ 68.78761927000005, 27.639045349000071 ], [ 68.785704706000047, 27.642544226000041 ], [ 68.782726096000033, 27.642147790000024 ], [ 68.779801185000053, 27.643304229000023 ], [ 68.772661013000061, 27.643844995000052 ], [ 68.771929665000073, 27.644555965000052 ], [ 68.771013057000062, 27.646427438000046 ], [ 68.768371107000064, 27.645949858000051 ], [ 68.766544147000047, 27.646802788000059 ], [ 68.765715168000042, 27.646905607000065 ], [ 68.763034526000069, 27.645869422000033 ], [ 68.761998168000048, 27.649530661000028 ], [ 68.75087364500007, 27.648584800000037 ], [ 68.731673770000043, 27.662656973000026 ], [ 68.71587889500006, 27.69077432000006 ], [ 68.702814406000073, 27.707101616000045 ], [ 68.690388336000069, 27.723662963000038 ], [ 68.679878703000043, 27.726154551000036 ], [ 68.667968487000053, 27.730521659000033 ], [ 68.666756773000031, 27.730077994000055 ], [ 68.663971081000057, 27.727569017000064 ], [ 68.663844109000081, 27.727215550000039 ], [ 68.664104780000059, 27.727025848000039 ], [ 68.66429819800004, 27.72748169700003 ], [ 68.667214633000071, 27.72987958300007 ], [ 68.668309921000059, 27.730138772000032 ], [ 68.679624172000047, 27.726063794000027 ], [ 68.689709232000041, 27.72369791400007 ], [ 68.705898940000054, 27.702642237000077 ], [ 68.71530690700007, 27.691072525000038 ], [ 68.731424597000057, 27.662519759000077 ], [ 68.746792824000067, 27.651462765000076 ], [ 68.75066249300005, 27.648355493000054 ], [ 68.75596532600008, 27.648718408000036 ], [ 68.762249721000046, 27.647476297000026 ], [ 68.762194472000033, 27.647771103000025 ], [ 68.756710635000047, 27.648852134000037 ], [ 68.761851762000049, 27.649221174000047 ], [ 68.762796944000058, 27.645767628000044 ], [ 68.765881045000071, 27.646814714000072 ], [ 68.768383706000066, 27.645793307000076 ], [ 68.770781876000058, 27.646250418000079 ], [ 68.771747743000049, 27.644346549000034 ], [ 68.772594475000062, 27.64363167700003 ], [ 68.779620780000073, 27.643100618000062 ], [ 68.78262550200003, 27.641963968000027 ], [ 68.785481856000047, 27.642265469000051 ], [ 68.787315235000051, 27.638880542000038 ], [ 68.787624587000039, 27.639039567000054 ] ] } },
{ "type": "Feature", "properties": { "code": "BND137", "name": "MAIN RIVER BUND" }, "geometry": { "type": "MultiLineString", "coordinates": [ [ [ 68.78761927000005, 27.639045349000071 ], [ 68.785704706000047, 27.642544226000041 ], [ 68.782726096000033, 27.642147790000024 ], [ 68.779801185000053, 27.643304229000023 ], [ 68.772661013000061, 27.643844995000052 ], [ 68.771929665000073, 27.644555965000052 ], [ 68.771013057000062, 27.646427438000046 ], [ 68.768371107000064, 27.645949858000051 ], [ 68.766544147000047, 27.646802788000059 ], [ 68.765715168000042, 27.646905607000065 ], [ 68.763034526000069, 27.645869422000033 ], [ 68.761998168000048, 27.649530661000028 ], [ 68.75087364500007, 27.648584800000037 ], [ 68.731673770000043, 27.662656973000026 ], [ 68.71587889500006, 27.69077432000006 ], [ 68.702814406000073, 27.707101616000045 ], [ 68.690388336000069, 27.723662963000038 ], [ 68.679878703000043, 27.726154551000036 ], [ 68.667968487000053, 27.730521659000033 ], [ 68.666756773000031, 27.730077994000055 ], [ 68.663971081000057, 27.727569017000064 ], [ 68.663844109000081, 27.727215550000039 ], [ 68.664104780000059, 27.727025848000039 ], [ 68.66429819800004, 27.72748169700003 ], [ 68.667214633000071, 27.72987958300007 ], [ 68.668309921000059, 27.730138772000032 ], [ 68.677816538000059, 27.726612145000047 ], [ 68.689093806000074, 27.723919229000046 ], [ 68.689987385000052, 27.723438639000051 ], [ 68.705898940000054, 27.702642237000077 ], [ 68.71530690700007, 27.691072525000038 ], [ 68.731424597000057, 27.662519759000077 ], [ 68.746792824000067, 27.651462765000076 ], [ 68.750843873000065, 27.648241237000036 ], [ 68.750844, 27.648240500257714 ] ], [ [ 68.750844, 27.648240500257714 ], [ 68.751112606000049, 27.646682284000065 ], [ 68.751491283000064, 27.643941494000046 ], [ 68.751574113000061, 27.64267742800007 ], [ 68.751244692000057, 27.642659459000072 ], [ 68.750545878000082, 27.648469857000066 ], [ 68.750844, 27.648240500257714 ] ], [ [ 68.750844, 27.648240500257714 ], [ 68.750849960000039, 27.648235915000043 ], [ 68.75596532600008, 27.648718408000036 ], [ 68.762249721000046, 27.647476297000026 ], [ 68.762194472000033, 27.647771103000025 ], [ 68.756710635000047, 27.648852134000037 ], [ 68.761851762000049, 27.649221174000047 ], [ 68.762796944000058, 27.645767628000044 ], [ 68.765881045000071, 27.646814714000072 ], [ 68.768383706000066, 27.645793307000076 ], [ 68.770781876000058, 27.646250418000079 ], [ 68.771747743000049, 27.644346549000034 ], [ 68.772594475000062, 27.64363167700003 ], [ 68.779620780000073, 27.643100618000062 ], [ 68.78262550200003, 27.641963968000027 ], [ 68.785481856000047, 27.642265469000051 ], [ 68.787315235000051, 27.638880542000038 ], [ 68.787624587000039, 27.639039567000054 ] ] ] } },
{ "type": "Feature", "properties": { "code": "BND138", "name": "MARI" }, "geometry": { "type": "LineString", "coordinates": [ [ 68.902870411000038, 27.692053429000055 ], [ 68.905525659000034, 27.689854018000062 ], [ 68.906962400000054, 27.689043281000068 ], [ 68.907557917000076, 27.688264545000038 ], [ 68.91229426600006, 27.686227817000031 ], [ 68.913937968000084, 27.686996623000027 ], [ 68.91404035100004, 27.686664944000029 ], [ 68.914959911000039, 27.687180394000052 ], [ 68.915471668000066, 27.686893919000056 ], [ 68.915561436000075, 27.687298235000071 ], [ 68.918062786000064, 27.687640354000052 ], [ 68.925551918000053, 27.683180327000059 ], [ 68.926874232000046, 27.682781453000075 ], [ 68.929561669000066, 27.683039848000078 ], [ 68.945255302000078, 27.686070179000069 ], [ 68.945502699000031, 27.686496764000026 ], [ 68.945033865000028, 27.691576725000061 ], [ 68.944675990000064, 27.691254350000065 ], [ 68.945122035000054, 27.686526399000059 ], [ 68.938941773000067, 27.685132116000034 ], [ 68.94127654600004, 27.687564795000071 ], [ 68.941755112000067, 27.687612180000031 ], [ 68.941610026000035, 27.687845486000072 ], [ 68.944578493000051, 27.691194123000059 ], [ 68.944367734000082, 27.691374689000043 ], [ 68.938461932000052, 27.685240978000024 ], [ 68.936047989000031, 27.686633416000063 ], [ 68.936524674000054, 27.687244102000079 ], [ 68.935759197000039, 27.686830525000062 ], [ 68.933099629000083, 27.689422970000066 ], [ 68.936869946000058, 27.690122599000063 ], [ 68.936852248000037, 27.690469433000032 ], [ 68.924202574000049, 27.688515552000069 ], [ 68.915118677000066, 27.687505025000064 ], [ 68.91245514700006, 27.686370693000072 ], [ 68.907703250000054, 27.688357648000078 ], [ 68.907626320000077, 27.688690260000044 ], [ 68.902871356000048, 27.69205855000007 ] ] } },
{ "type": "Feature", "properties": { "code": "BND139", "name": "MARI" }, "geometry": { "type": "LineString", "coordinates": [ [ 68.902870411000038, 27.692053429000055 ], [ 68.905525659000034, 27.689854018000062 ], [ 68.906962400000054, 27.689043281000068 ], [ 68.907557917000076, 27.688264545000038 ], [ 68.91229426600006, 27.686227817000031 ], [ 68.913937968000084, 27.686996623000027 ], [ 68.91404035100004, 27.686664944000029 ], [ 68.914959911000039, 27.687180394000052 ], [ 68.915471668000066, 27.686893919000056 ], [ 68.915561436000075, 27.687298235000071 ], [ 68.918062786000064, 27.687640354000052 ], [ 68.925551918000053, 27.683180327000059 ], [ 68.926874232000046, 27.682781453000075 ], [ 68.929561669000066, 27.683039848000078 ], [ 68.945255302000078, 27.686070179000069 ], [ 68.945502699000031, 27.686496764000026 ], [ 68.945033865000028, 27.691576725000061 ], [ 68.944675990000064, 27.691254350000065 ], [ 68.945122035000054, 27.686526399000059 ], [ 68.938941773000067, 27.685132116000034 ], [ 68.94127654600004, 27.687564795000071 ], [ 68.941755112000067, 27.687612180000031 ], [ 68.941610026000035, 27.687845486000072 ], [ 68.944578493000051, 27.691194123000059 ], [ 68.944367734000082, 27.691374689000043 ], [ 68.938461932000052, 27.685240978000024 ], [ 68.936047989000031, 27.686633416000063 ], [ 68.936524674000054, 27.687244102000079 ], [ 68.935759197000039, 27.686830525000062 ], [ 68.933099629000083, 27.689422970000066 ], [ 68.936869946000058, 27.690122599000063 ], [ 68.936852248000037, 27.690469433000032 ], [ 68.924202574000049, 27.688515552000069 ], [ 68.915118677000066, 27.687505025000064 ], [ 68.91245514700006, 27.686370693000072 ], [ 68.907703250000054, 27.688357648000078 ], [ 68.907626320000077, 27.688690260000044 ], [ 68.902871356000048, 27.69205855000007 ] ] } },
{ "type": "Feature", "properties": { "code": "BND140", "name": "O G D C BUND" }, "geometry": { "type": "LineString", "coordinates": [ [ 69.339360276000036, 28.085935354000071 ], [ 69.33167291500007, 28.091950344000054 ], [ 69.34570416400004, 28.109903839000026 ], [ 69.348387287000037, 28.112661548000062 ], [ 69.350463140000045, 28.113872101000027 ], [ 69.353535459000057, 28.114872963000039 ], [ 69.377692772000046, 28.118915386000026 ], [ 69.379674557000044, 28.118292201000031 ], [ 69.388720038000031, 28.114034695000043 ], [ 69.391321366000057, 28.112159484000074 ], [ 69.411363087000041, 28.087780687000077 ], [ 69.411561898000059, 28.087907511000026 ], [ 69.391551628000059, 28.112081141000033 ], [ 69.389523924000059, 28.113642708000043 ], [ 69.388091136000071, 28.114454685000055 ], [ 69.379975147000039, 28.118263259000059 ], [ 69.377462987000058, 28.119000826000047 ], [ 69.352504831000033, 28.114758077000033 ], [ 69.349547824000069, 28.113592580000045 ], [ 69.347424851000028, 28.112036643000067 ], [ 69.346513992000041, 28.111160515000051 ], [ 69.331510685000069, 28.092133027000045 ], [ 69.331462873000078, 28.091898982000032 ], [ 69.339238610000052, 28.085880814000063 ] ] } },
{ "type": "Feature", "properties": { "code": "BND143", "name": "PIR QASIM BUND" }, "geometry": { "type": "LineString", "coordinates": [ [ 68.472872602000052, 27.517028301000039 ], [ 68.474220753000054, 27.517252376000044 ], [ 68.47466778900008, 27.520083620000037 ], [ 68.476866538000081, 27.524093702000073 ], [ 68.47859204100007, 27.526738604000059 ], [ 68.480489997000063, 27.527856415000031 ], [ 68.481183313000031, 27.528915587000029 ], [ 68.481570351000073, 27.530649023000024 ], [ 68.481458356000076, 27.531103482000049 ], [ 68.480785396000044, 27.531427574000077 ], [ 68.480987565000078, 27.533336357000053 ], [ 68.482250954000051, 27.536204593000036 ], [ 68.482314324000072, 27.538862018000032 ], [ 68.482668936000039, 27.539334794000069 ], [ 68.486900641000034, 27.542103524000026 ], [ 68.488142245000063, 27.543462881000039 ], [ 68.490583389000051, 27.544252534000066 ], [ 68.491203853000059, 27.545316103000062 ], [ 68.49303532600004, 27.546132813000042 ], [ 68.493189689000076, 27.547058078000077 ], [ 68.493655519000072, 27.547393111000076 ], [ 68.496164027000077, 27.547513409000032 ], [ 68.494586767000044, 27.547725208000031 ], [ 68.493592512000077, 27.547521637000045 ], [ 68.492850082000075, 27.547014240000067 ], [ 68.492862322000065, 27.546294678000038 ], [ 68.490851569000029, 27.545380750000049 ], [ 68.489797451000072, 27.544132789000059 ], [ 68.487566319000052, 27.543449363000036 ], [ 68.486695909000048, 27.542205664000051 ], [ 68.484068806000039, 27.540652531000035 ], [ 68.48215907000008, 27.53900288400007 ], [ 68.482048072000055, 27.536296758000049 ], [ 68.480930534000038, 27.534218229000032 ], [ 68.480533654000055, 27.531670569000028 ], [ 68.481358341000032, 27.530216550000034 ], [ 68.481073939000055, 27.529141969000079 ], [ 68.480275427000038, 27.527925011000036 ], [ 68.478687921000073, 27.527051860000029 ], [ 68.474487084000032, 27.52048645800005 ], [ 68.474159559000043, 27.517482716000075 ], [ 68.473211130000038, 27.517431074000058 ], [ 68.472788851000075, 27.517015111000035 ] ] } },
{ "type": "Feature", "properties": { "code": "BND144", "name": "PIR QASIM BUND" }, "geometry": { "type": "LineString", "coordinates": [ [ 68.472872602000052, 27.517028301000039 ], [ 68.474220753000054, 27.517252376000044 ], [ 68.47466778900008, 27.520083620000037 ], [ 68.476866538000081, 27.524093702000073 ], [ 68.47859204100007, 27.526738604000059 ], [ 68.480489997000063, 27.527856415000031 ], [ 68.481183313000031, 27.528915587000029 ], [ 68.481570351000073, 27.530649023000024 ], [ 68.481458356000076, 27.531103482000049 ], [ 68.480785396000044, 27.531427574000077 ], [ 68.480987565000078, 27.533336357000053 ], [ 68.482250954000051, 27.536204593000036 ], [ 68.482314324000072, 27.538862018000032 ], [ 68.482668936000039, 27.539334794000069 ], [ 68.486900641000034, 27.542103524000026 ], [ 68.488142245000063, 27.543462881000039 ], [ 68.490583389000051, 27.544252534000066 ], [ 68.491203853000059, 27.545316103000062 ], [ 68.49303532600004, 27.546132813000042 ], [ 68.493189689000076, 27.547058078000077 ], [ 68.493655519000072, 27.547393111000076 ], [ 68.496164027000077, 27.547513409000032 ], [ 68.494586767000044, 27.547725208000031 ], [ 68.493592512000077, 27.547521637000045 ], [ 68.492850082000075, 27.547014240000067 ], [ 68.492862322000065, 27.546294678000038 ], [ 68.490851569000029, 27.545380750000049 ], [ 68.489797451000072, 27.544132789000059 ], [ 68.487566319000052, 27.543449363000036 ], [ 68.486695909000048, 27.542205664000051 ], [ 68.484068806000039, 27.540652531000035 ], [ 68.48215907000008, 27.53900288400007 ], [ 68.482048072000055, 27.536296758000049 ], [ 68.480930534000038, 27.534218229000032 ], [ 68.480533654000055, 27.531670569000028 ], [ 68.481358341000032, 27.530216550000034 ], [ 68.481073939000055, 27.529141969000079 ], [ 68.480275427000038, 27.527925011000036 ], [ 68.478687921000073, 27.527051860000029 ], [ 68.474487084000032, 27.52048645800005 ], [ 68.474159559000043, 27.517482716000075 ], [ 68.473211130000038, 27.517431074000058 ], [ 68.472788851000075, 27.517015111000035 ] ] } },
{ "type": "Feature", "properties": { "code": "BND145", "name": "PIR QASIM BUND" }, "geometry": { "type": "LineString", "coordinates": [ [ 68.472872602000052, 27.517028301000039 ], [ 68.474220753000054, 27.517252376000044 ], [ 68.47466778900008, 27.520083620000037 ], [ 68.476866538000081, 27.524093702000073 ], [ 68.47859204100007, 27.526738604000059 ], [ 68.480489997000063, 27.527856415000031 ], [ 68.481183313000031, 27.528915587000029 ], [ 68.481570351000073, 27.530649023000024 ], [ 68.481458356000076, 27.531103482000049 ], [ 68.480785396000044, 27.531427574000077 ], [ 68.480987565000078, 27.533336357000053 ], [ 68.482250954000051, 27.536204593000036 ], [ 68.482314324000072, 27.538862018000032 ], [ 68.482668936000039, 27.539334794000069 ], [ 68.486900641000034, 27.542103524000026 ], [ 68.488142245000063, 27.543462881000039 ], [ 68.490583389000051, 27.544252534000066 ], [ 68.491203853000059, 27.545316103000062 ], [ 68.49303532600004, 27.546132813000042 ], [ 68.493189689000076, 27.547058078000077 ], [ 68.493655519000072, 27.547393111000076 ], [ 68.496164027000077, 27.547513409000032 ], [ 68.494586767000044, 27.547725208000031 ], [ 68.493592512000077, 27.547521637000045 ], [ 68.492850082000075, 27.547014240000067 ], [ 68.492862322000065, 27.546294678000038 ], [ 68.490851569000029, 27.545380750000049 ], [ 68.489797451000072, 27.544132789000059 ], [ 68.487566319000052, 27.543449363000036 ], [ 68.486695909000048, 27.542205664000051 ], [ 68.484068806000039, 27.540652531000035 ], [ 68.48215907000008, 27.53900288400007 ], [ 68.482048072000055, 27.536296758000049 ], [ 68.480930534000038, 27.534218229000032 ], [ 68.480533654000055, 27.531670569000028 ], [ 68.481358341000032, 27.530216550000034 ], [ 68.481073939000055, 27.529141969000079 ], [ 68.480275427000038, 27.527925011000036 ], [ 68.478687921000073, 27.527051860000029 ], [ 68.474487084000032, 27.52048645800005 ], [ 68.474159559000043, 27.517482716000075 ], [ 68.473211130000038, 27.517431074000058 ], [ 68.472788851000075, 27.517015111000035 ] ] } },
{ "type": "Feature", "properties": { "code": "BND146", "name": "R. N. BUND" }, "geometry": { "type": "LineString", "coordinates": [ [ 69.041628010000068, 27.777834547000054 ], [ 69.059972087000062, 27.798804457000074 ], [ 69.062965918000032, 27.798768686000074 ], [ 69.064673510000034, 27.801005659000054 ], [ 69.063706151000076, 27.802924239000049 ], [ 69.063940320000029, 27.803440097000077 ], [ 69.072376245000044, 27.813288567000029 ], [ 69.073105406000082, 27.813694439000074 ], [ 69.072870712000054, 27.813303911000048 ], [ 69.076174566000077, 27.816655030000049 ], [ 69.079664695000076, 27.818221541000071 ], [ 69.082865647000062, 27.821185171000025 ], [ 69.08749006000005, 27.828097072000048 ], [ 69.08779624500005, 27.828855297000075 ], [ 69.087824217000048, 27.832854353000073 ], [ 69.088873147000072, 27.834011951000036 ], [ 69.089638439000055, 27.835979756000029 ], [ 69.090145084000028, 27.839323662000027 ], [ 69.088896744000067, 27.842926416000068 ], [ 69.089100701000064, 27.844821060000072 ], [ 69.087504194000076, 27.847574321000025 ], [ 69.087288431000047, 27.849839107000037 ], [ 69.087889580000081, 27.854563236000047 ], [ 69.08770518700004, 27.859048327000039 ], [ 69.088327800000059, 27.861694692000071 ], [ 69.094177647000038, 27.865824317000033 ], [ 69.09604994700004, 27.868410543000039 ], [ 69.096193311000036, 27.87102283300004 ], [ 69.095062316000053, 27.873703400000068 ], [ 69.095896878000076, 27.874468690000072 ], [ 69.094495409000046, 27.878348609000057 ], [ 69.093137898000066, 27.883465962000059 ], [ 69.092987575000052, 27.887910649000048 ], [ 69.094741938000084, 27.895245912000064 ], [ 69.096379461000083, 27.89899785800003 ], [ 69.09521652400008, 27.897888039000065 ], [ 69.094455794000055, 27.89569784400004 ], [ 69.092378694000047, 27.887493108000058 ], [ 69.092305270000054, 27.884072285000059 ], [ 69.092885033000073, 27.881035528000041 ], [ 69.09563890700008, 27.874595098000043 ], [ 69.09484554800008, 27.87389317700007 ], [ 69.09599761700008, 27.871086950000063 ], [ 69.095974884000043, 27.869196751000061 ], [ 69.094621324000059, 27.866785071000038 ], [ 69.093599424000047, 27.865863081000043 ], [ 69.088183411000045, 27.862177081000027 ], [ 69.087449036000066, 27.86004328000007 ], [ 69.087281351000058, 27.858494054000062 ], [ 69.087566630000083, 27.854630439000061 ], [ 69.086994060000052, 27.850177964000068 ], [ 69.087216927000043, 27.847955703000025 ], [ 69.088846776000082, 27.84459398100006 ], [ 69.088580494000041, 27.843107391000046 ], [ 69.089825442000063, 27.839441534000059 ], [ 69.08889821300005, 27.834692165000035 ], [ 69.087535205000052, 27.833027682000079 ], [ 69.087391118000028, 27.828997162000064 ], [ 69.08657732000006, 27.82715151900004 ], [ 69.08214382400007, 27.820898481000029 ], [ 69.08094901000004, 27.819724600000029 ], [ 69.079200993000029, 27.818269051000073 ], [ 69.075321832000043, 27.816298630000063 ], [ 69.070459763000031, 27.811541050000073 ], [ 69.063337798000077, 27.80324072600007 ], [ 69.064307730000053, 27.800957086000039 ], [ 69.062437559000045, 27.799030726000069 ], [ 69.059959599000081, 27.799277439000036 ], [ 69.059361796000076, 27.798855482000079 ], [ 69.045470187000035, 27.783066055000063 ], [ 69.041386257000056, 27.778077891000066 ], [ 69.041579866000063, 27.77772834600006 ] ] } },
{ "type": "Feature", "properties": { "code": "BND147", "name": "R. N. BUND" }, "geometry": { "type": "LineString", "coordinates": [ [ 69.041628010000068, 27.777834547000054 ], [ 69.059972087000062, 27.798804457000074 ], [ 69.062965918000032, 27.798768686000074 ], [ 69.064673510000034, 27.801005659000054 ], [ 69.063706151000076, 27.802924239000049 ], [ 69.063940320000029, 27.803440097000077 ], [ 69.072376245000044, 27.813288567000029 ], [ 69.073105406000082, 27.813694439000074 ], [ 69.072870712000054, 27.813303911000048 ], [ 69.076174566000077, 27.816655030000049 ], [ 69.079664695000076, 27.818221541000071 ], [ 69.082865647000062, 27.821185171000025 ], [ 69.08749006000005, 27.828097072000048 ], [ 69.08779624500005, 27.828855297000075 ], [ 69.087824217000048, 27.832854353000073 ], [ 69.088873147000072, 27.834011951000036 ], [ 69.089638439000055, 27.835979756000029 ], [ 69.090145084000028, 27.839323662000027 ], [ 69.088896744000067, 27.842926416000068 ], [ 69.089100701000064, 27.844821060000072 ], [ 69.087504194000076, 27.847574321000025 ], [ 69.087288431000047, 27.849839107000037 ], [ 69.087889580000081, 27.854563236000047 ], [ 69.08770518700004, 27.859048327000039 ], [ 69.088327800000059, 27.861694692000071 ], [ 69.094177647000038, 27.865824317000033 ], [ 69.09604994700004, 27.868410543000039 ], [ 69.096193311000036, 27.87102283300004 ], [ 69.095062316000053, 27.873703400000068 ], [ 69.095896878000076, 27.874468690000072 ], [ 69.094495409000046, 27.878348609000057 ], [ 69.093137898000066, 27.883465962000059 ], [ 69.092987575000052, 27.887910649000048 ], [ 69.094741938000084, 27.895245912000064 ], [ 69.096379461000083, 27.89899785800003 ], [ 69.09521652400008, 27.897888039000065 ], [ 69.094455794000055, 27.89569784400004 ], [ 69.092378694000047, 27.887493108000058 ], [ 69.092305270000054, 27.884072285000059 ], [ 69.092885033000073, 27.881035528000041 ], [ 69.09563890700008, 27.874595098000043 ], [ 69.09484554800008, 27.87389317700007 ], [ 69.09599761700008, 27.871086950000063 ], [ 69.095974884000043, 27.869196751000061 ], [ 69.094621324000059, 27.866785071000038 ], [ 69.093599424000047, 27.865863081000043 ], [ 69.088183411000045, 27.862177081000027 ], [ 69.087449036000066, 27.86004328000007 ], [ 69.087281351000058, 27.858494054000062 ], [ 69.087566630000083, 27.854630439000061 ], [ 69.086994060000052, 27.850177964000068 ], [ 69.087216927000043, 27.847955703000025 ], [ 69.088846776000082, 27.84459398100006 ], [ 69.088580494000041, 27.843107391000046 ], [ 69.089825442000063, 27.839441534000059 ], [ 69.08889821300005, 27.834692165000035 ], [ 69.087535205000052, 27.833027682000079 ], [ 69.087391118000028, 27.828997162000064 ], [ 69.08657732000006, 27.82715151900004 ], [ 69.08214382400007, 27.820898481000029 ], [ 69.08094901000004, 27.819724600000029 ], [ 69.079200993000029, 27.818269051000073 ], [ 69.075321832000043, 27.816298630000063 ], [ 69.070459763000031, 27.811541050000073 ], [ 69.063337798000077, 27.80324072600007 ], [ 69.064307730000053, 27.800957086000039 ], [ 69.062437559000045, 27.799030726000069 ], [ 69.059959599000081, 27.799277439000036 ], [ 69.059361796000076, 27.798855482000079 ], [ 69.045470187000035, 27.783066055000063 ], [ 69.041386257000056, 27.778077891000066 ], [ 69.041579866000063, 27.77772834600006 ] ] } },
{ "type": "Feature", "properties": { "code": "BND148", "name": "RANWATI BUND" }, "geometry": { "type": "LineString", "coordinates": [ [ 69.457393724000042, 28.109235968000064 ], [ 69.457619659000045, 28.111615049000079 ], [ 69.457919696000033, 28.112369602000058 ], [ 69.458857247000083, 28.113666443000056 ], [ 69.462593065000078, 28.117499889000044 ], [ 69.463946091000082, 28.118866971000045 ], [ 69.468264401000056, 28.121139150000033 ], [ 69.474042924000059, 28.126139843000033 ], [ 69.498990007000032, 28.139488712000059 ], [ 69.507790835000037, 28.143841623000071 ], [ 69.601767775000042, 28.188916298000038 ], [ 69.606450438000081, 28.190475497000023 ], [ 69.608533402000035, 28.190829739000037 ], [ 69.612880491000055, 28.190904243000034 ], [ 69.616530965000038, 28.190813578000075 ], [ 69.620025725000062, 28.190261951000025 ], [ 69.620766383000046, 28.188995940000041 ], [ 69.620209465000073, 28.188925685000072 ], [ 69.619466231000047, 28.190136240000072 ], [ 69.609086865000052, 28.190697432000036 ], [ 69.600910793000082, 28.188308669000037 ], [ 69.590281206000043, 28.182604771000058 ], [ 69.510707277000051, 28.144985276000057 ], [ 69.497888314000079, 28.138708023000049 ], [ 69.474585058000059, 28.126326376000065 ], [ 69.46755190600004, 28.120400062000044 ], [ 69.464247061000037, 28.118858390000071 ], [ 69.463444008000067, 28.118138037000051 ], [ 69.458828434000054, 28.113419281000063 ], [ 69.457709722000061, 28.111491779000062 ], [ 69.457638018000068, 28.109102695000047 ], [ 69.457398199000068, 28.109217828000055 ] ] } },
{ "type": "Feature", "properties": { "code": "BND149", "name": "RAZIDERO BUND" }, "geometry": { "type": "LineString", "coordinates": [ [ 68.37690260800008, 27.413774020000062 ], [ 68.376042447000032, 27.414261164000038 ], [ 68.373669714000073, 27.417060742000047 ], [ 68.372100266000075, 27.419122555000058 ], [ 68.371676715000035, 27.420394203000058 ], [ 68.372777798000072, 27.422138293000046 ], [ 68.374432891000083, 27.427494309000053 ], [ 68.379226285000072, 27.435289988000079 ], [ 68.384811063000029, 27.443132469000034 ], [ 68.384363209000071, 27.446646997000073 ], [ 68.385146448000057, 27.450961834000054 ], [ 68.386495316000037, 27.454291642000044 ], [ 68.387742057000082, 27.455822045000048 ], [ 68.391234330000032, 27.458033359000069 ], [ 68.395271559000037, 27.462021820000075 ], [ 68.397801289000029, 27.463412161000065 ], [ 68.403639457000054, 27.464132630000051 ], [ 68.410015459000078, 27.469309076000059 ], [ 68.421080868000047, 27.480060759000025 ], [ 68.426368363000051, 27.481219586000066 ], [ 68.427074880000077, 27.481803375000027 ], [ 68.426677513000072, 27.481973928000059 ], [ 68.424654264000083, 27.481078748000073 ], [ 68.421559346000038, 27.48061049100005 ], [ 68.420228844000064, 27.479880599000069 ], [ 68.418825718000051, 27.478156226000067 ], [ 68.411309406000044, 27.470935969000038 ], [ 68.403440695000029, 27.464471676000073 ], [ 68.397610188000044, 27.463692684000023 ], [ 68.392719622000072, 27.460425603000033 ], [ 68.386413796000056, 27.455210977000036 ], [ 68.385058127000036, 27.45277715900005 ], [ 68.384108673000071, 27.448264091000055 ], [ 68.383814574000041, 27.446001887000023 ], [ 68.384125183000037, 27.443196916000034 ], [ 68.37923907000004, 27.436031540000045 ], [ 68.374056566000036, 27.427470507000066 ], [ 68.372553036000056, 27.422646564000047 ], [ 68.371274782000057, 27.420368788000076 ], [ 68.372209549000047, 27.418262359000039 ], [ 68.375313296000058, 27.414557995000052 ], [ 68.376719483000045, 27.41345711200006 ], [ 68.376891139000065, 27.413751563000062 ] ] } },
{ "type": "Feature", "properties": { "code": "BND150", "name": "RAZIDERO BUND" }, "geometry": { "type": "LineString", "coordinates": [ [ 68.37690260800008, 27.413774020000062 ], [ 68.376042447000032, 27.414261164000038 ], [ 68.373669714000073, 27.417060742000047 ], [ 68.372100266000075, 27.419122555000058 ], [ 68.371676715000035, 27.420394203000058 ], [ 68.372777798000072, 27.422138293000046 ], [ 68.374432891000083, 27.427494309000053 ], [ 68.379226285000072, 27.435289988000079 ], [ 68.384811063000029, 27.443132469000034 ], [ 68.384363209000071, 27.446646997000073 ], [ 68.385146448000057, 27.450961834000054 ], [ 68.386495316000037, 27.454291642000044 ], [ 68.387742057000082, 27.455822045000048 ], [ 68.391234330000032, 27.458033359000069 ], [ 68.395271559000037, 27.462021820000075 ], [ 68.397801289000029, 27.463412161000065 ], [ 68.403639457000054, 27.464132630000051 ], [ 68.410015459000078, 27.469309076000059 ], [ 68.421080868000047, 27.480060759000025 ], [ 68.426368363000051, 27.481219586000066 ], [ 68.427074880000077, 27.481803375000027 ], [ 68.426677513000072, 27.481973928000059 ], [ 68.424654264000083, 27.481078748000073 ], [ 68.421559346000038, 27.48061049100005 ], [ 68.420228844000064, 27.479880599000069 ], [ 68.418825718000051, 27.478156226000067 ], [ 68.411309406000044, 27.470935969000038 ], [ 68.403440695000029, 27.464471676000073 ], [ 68.397610188000044, 27.463692684000023 ], [ 68.392719622000072, 27.460425603000033 ], [ 68.386413796000056, 27.455210977000036 ], [ 68.385058127000036, 27.45277715900005 ], [ 68.384108673000071, 27.448264091000055 ], [ 68.383814574000041, 27.446001887000023 ], [ 68.384125183000037, 27.443196916000034 ], [ 68.37923907000004, 27.436031540000045 ], [ 68.374056566000036, 27.427470507000066 ], [ 68.372553036000056, 27.422646564000047 ], [ 68.371274782000057, 27.420368788000076 ], [ 68.372209549000047, 27.418262359000039 ], [ 68.375313296000058, 27.414557995000052 ], [ 68.376719483000045, 27.41345711200006 ], [ 68.376891139000065, 27.413751563000062 ] ] } },
{ "type": "Feature", "properties": { "code": "BND151", "name": "S M BUND" }, "geometry": { "type": "LineString", "coordinates": [ [ 68.14994181477833, 26.115985925333522 ], [ 68.149247987000081, 26.119237486000031 ], [ 68.148193865000053, 26.120184732000041 ], [ 68.143025539000064, 26.122794771000031 ], [ 68.142920776000039, 26.123590740000054 ], [ 68.137264670000036, 26.133791125000073 ], [ 68.137226703000067, 26.134757429000047 ], [ 68.137583171000074, 26.136716695000075 ], [ 68.138524321000034, 26.140067377000037 ], [ 68.137379638000084, 26.142146793000052 ], [ 68.136518272000046, 26.142631952000045 ], [ 68.136673472000041, 26.143233205000058 ], [ 68.136679481000044, 26.142646858000035 ], [ 68.137177655000073, 26.142467905000046 ], [ 68.136161941000069, 26.144057532000033 ], [ 68.134914554000034, 26.145693240000071 ], [ 68.132853968000063, 26.147403684000039 ], [ 68.12618472500003, 26.149834507000037 ], [ 68.119333280000035, 26.153913044000035 ], [ 68.11681804400007, 26.156918423000036 ], [ 68.109290718000068, 26.167881911000052 ], [ 68.108088717000044, 26.168594596000048 ], [ 68.106514633000074, 26.169809378000025 ], [ 68.095747323000069, 26.178480851000074 ], [ 68.093617297000037, 26.184753017000048 ], [ 68.086868626000069, 26.200893932000042 ], [ 68.086665409000034, 26.202587742000048 ], [ 68.086921630000063, 26.207785412000078 ], [ 68.084814170000072, 26.209876476000034 ], [ 68.079158798000037, 26.216258314000072 ], [ 68.077813164000077, 26.227288153000075 ], [ 68.075778919000072, 26.23408747600007 ], [ 68.054343324000058, 26.245960685000057 ], [ 68.05386960800007, 26.246344032000025 ], [ 68.046391795000034, 26.257993768000063 ], [ 68.040802159000066, 26.26548592100005 ], [ 68.033171114000083, 26.272853749000035 ], [ 68.032622459000038, 26.273177819000068 ], [ 68.031712423000045, 26.273236107000059 ], [ 68.031039881000083, 26.273516400000062 ], [ 68.030394203000071, 26.274401907000026 ], [ 68.02910999900007, 26.275010242000064 ], [ 68.028495890000045, 26.275465980000035 ], [ 68.028460065000047, 26.276052735000064 ], [ 68.028677672000072, 26.276477373000034 ], [ 68.030457501000058, 26.278770689000055 ], [ 68.031528948000073, 26.282185478000031 ], [ 68.032255687000031, 26.283312561000059 ], [ 68.032495721000032, 26.288260784000045 ], [ 68.019925262000072, 26.310062324000057 ], [ 67.992256969000039, 26.320470189000048 ], [ 67.980513765000069, 26.330005361000076 ], [ 67.979246270000033, 26.33175420300006 ], [ 67.976405635000049, 26.339654104000033 ], [ 67.976098680000064, 26.341216815000053 ], [ 67.976453696000078, 26.343110861000071 ], [ 67.978217165000046, 26.347235952000062 ], [ 67.980451347000042, 26.402115447000028 ], [ 67.977788737000083, 26.408179780000069 ], [ 67.971174176000034, 26.420998943000029 ], [ 67.967552126000044, 26.430293865000067 ], [ 67.961716448000061, 26.459296946000052 ], [ 67.961018398000078, 26.460812697000051 ], [ 67.959784696000042, 26.462328586000069 ], [ 67.953723246000038, 26.469070506000037 ], [ 67.952150300000028, 26.472864172000072 ], [ 67.957874797000045, 26.496719605000067 ], [ 67.959205488000066, 26.501124322000067 ], [ 67.960961225000062, 26.50296882400005 ], [ 67.964236910000068, 26.502877838000074 ], [ 67.966291926000054, 26.502624036000043 ], [ 67.966850873000055, 26.503477713000052 ], [ 67.968863648000081, 26.510490763000064 ], [ 67.967635998000048, 26.516110002000062 ], [ 67.965560376000042, 26.522060872000054 ], [ 67.964627418000077, 26.523639845000048 ], [ 67.964772263000043, 26.526258024000072 ], [ 67.964493902000072, 26.527382129000046 ], [ 67.956173640000031, 26.552749406000032 ], [ 67.954769184000043, 26.557404332000033 ], [ 67.956672103000074, 26.628997757000036 ], [ 67.951146422000079, 26.661355553000078 ], [ 67.95137614500004, 26.663823258000036 ], [ 67.952363915000035, 26.668295790000059 ], [ 67.952471537000065, 26.671700755000074 ], [ 67.952046154000072, 26.672649793000062 ], [ 67.949684982000065, 26.675551580000047 ], [ 67.938464084000032, 26.687397402000045 ], [ 67.936853823000035, 26.689224172000024 ], [ 67.926282795000077, 26.703107212000077 ], [ 67.904357246000075, 26.715646875000061 ], [ 67.903221511000083, 26.716076385000065 ], [ 67.897131731000059, 26.716955160000055 ], [ 67.903332942000077, 26.716135490000056 ], [ 67.904773856000077, 26.71560437100004 ], [ 67.92606233600003, 26.703446110000073 ], [ 67.921153661000062, 26.726298963000033 ], [ 67.91413202800004, 26.749417935000054 ], [ 67.913872791000074, 26.752167675000067 ], [ 67.914183491000074, 26.753666988000077 ], [ 67.915265041000055, 26.756211177000068 ], [ 67.937543565000055, 26.795084578000058 ], [ 67.939371158000029, 26.797067587000072 ], [ 67.943703122000045, 26.799535472000059 ], [ 67.954865009000059, 26.811227106000047 ], [ 67.955089641000029, 26.81178781400007 ], [ 67.954838386000063, 26.813038811000069 ], [ 67.955404906000069, 26.813423878000037 ], [ 67.955444464000038, 26.81383547400003 ], [ 67.952811072000031, 26.820232937000071 ], [ 67.950031970000055, 26.824141247000057 ], [ 67.949500734000083, 26.82538646200004 ], [ 67.948591555000064, 26.831340365000074 ], [ 67.951282675000073, 26.839462065000077 ], [ 67.951497243000063, 26.839640351000071 ], [ 67.952243404000058, 26.839584477000074 ], [ 67.953112332000046, 26.840675050000073 ], [ 67.954781695000065, 26.84211771300005 ], [ 67.957799375000036, 26.847459222000055 ], [ 67.958499761000041, 26.854444725000064 ], [ 67.958173528000032, 26.855016023000076 ], [ 67.958359231000031, 26.856848727000056 ], [ 67.957815828000037, 26.859779609000043 ], [ 67.963471464000065, 26.860127351000074 ], [ 67.96832188500008, 26.860030412000071 ], [ 67.958057894000035, 26.859621360000062 ], [ 67.958876665000048, 26.854915996000045 ], [ 67.960163672000078, 26.855249116000039 ], [ 67.968541023000057, 26.860069913000075 ], [ 67.97407697500006, 26.86002099600006 ], [ 67.972591314000056, 26.865553180000063 ], [ 67.972138477000044, 26.868343508000066 ], [ 67.972688324000046, 26.871307881000064 ], [ 67.973663146000035, 26.872857958000054 ], [ 67.975602586000036, 26.874684442000046 ], [ 67.971275166000055, 26.87660151700004 ], [ 67.969739823000054, 26.875063347000037 ], [ 67.970962662000034, 26.876537496000026 ], [ 67.971231683000042, 26.876816986000051 ], [ 67.975684974000046, 26.874861648000035 ], [ 67.993345414000032, 26.882117508000078 ], [ 67.993472968000049, 26.892301477000046 ], [ 67.994502176000083, 26.89540071600004 ], [ 67.995424796000066, 26.901492670000039 ], [ 67.994331911000074, 26.905733841000028 ], [ 67.992764496000063, 26.907673660000057 ], [ 67.991495404000034, 26.909510469000054 ], [ 67.988785164000035, 26.912225697000054 ], [ 67.988508860000081, 26.912762048000047 ], [ 67.989858801000082, 26.926308794000079 ], [ 67.989872598000034, 26.930459725000048 ], [ 67.998388921000071, 26.936263346000032 ], [ 68.003768115000071, 26.937445226000023 ], [ 68.011262534000082, 26.938114252000048 ], [ 68.014688420000084, 26.94676598500007 ], [ 68.016999202000079, 26.947727362000023 ], [ 68.021990083000048, 26.951473415000066 ], [ 68.023033500000054, 26.951390273000072 ], [ 68.031137929000067, 26.965081988000065 ], [ 68.031249476000028, 26.967933758000072 ], [ 68.03146606200005, 26.968587153000044 ], [ 68.037081034000039, 26.973971145000064 ], [ 68.03960971500004, 26.976993657000037 ], [ 68.04929887000003, 26.98915379500005 ], [ 68.051368509000042, 26.992733413000053 ], [ 68.052122254000039, 26.992797895000024 ], [ 68.058781307000061, 26.988236851000067 ], [ 68.060675687000071, 26.988173080000024 ], [ 68.103151168000068, 27.007515970000043 ], [ 68.101592863000064, 27.010815150000042 ], [ 68.101585495000052, 27.011215423000067 ], [ 68.102916796000045, 27.015284721000057 ], [ 68.104546621000054, 27.017247582000039 ], [ 68.110066205000066, 27.021425365000027 ], [ 68.117148426000028, 27.022828999000069 ], [ 68.117567464000047, 27.023343414000067 ], [ 68.111858478000045, 27.034261246000028 ], [ 68.109706286000062, 27.039050097000029 ], [ 68.128093018000072, 27.059277665000025 ], [ 68.13573636600006, 27.056118219000041 ], [ 68.12807248200005, 27.059179503000053 ], [ 68.109834565000028, 27.039003177000041 ], [ 68.112433306000071, 27.033307270000023 ], [ 68.117735337000056, 27.023443309000072 ], [ 68.117238225000051, 27.022694910000041 ], [ 68.11012128200008, 27.021266628000035 ], [ 68.104863072000057, 27.017279637000058 ], [ 68.103227525000079, 27.015549165000039 ], [ 68.101676802000043, 27.010790716000031 ], [ 68.103283998000052, 27.007604023000056 ], [ 68.103538779000075, 27.007574982000051 ], [ 68.121489573000076, 27.014958985000078 ], [ 68.121314777000066, 27.015538018000029 ], [ 68.121317971000053, 27.016069129000073 ], [ 68.12165701400005, 27.017189741000038 ], [ 68.123243137000031, 27.019488797000065 ], [ 68.123818761000052, 27.019838882000045 ], [ 68.124668235000058, 27.020173410000041 ], [ 68.125055982000049, 27.020813426000075 ], [ 68.125187417000063, 27.022298253000031 ], [ 68.124816072000044, 27.023590212000045 ], [ 68.119014487000072, 27.022906999000043 ], [ 68.11809945400006, 27.023168340000041 ], [ 68.117782866000084, 27.023432371000069 ], [ 68.117627880000043, 27.023802774000046 ], [ 68.122068083000045, 27.028425932000061 ], [ 68.130852951000065, 27.044286732000046 ], [ 68.131028269000069, 27.044581395000023 ], [ 68.132029163000084, 27.045253683000055 ], [ 68.132672409000065, 27.046299055000077 ], [ 68.135738918000072, 27.055994396000074 ], [ 68.139745532000063, 27.066096281000057 ], [ 68.150303044000054, 27.091318505000061 ], [ 68.157079872000054, 27.112452134000023 ], [ 68.169758771000033, 27.114794294000035 ], [ 68.170008335000034, 27.118082833000074 ], [ 68.173087463000059, 27.125258404000078 ], [ 68.173683441000037, 27.129310077000071 ], [ 68.168279554000037, 27.149306384000056 ], [ 68.179248334000079, 27.152887796000073 ], [ 68.194594857000084, 27.166897425000059 ], [ 68.197289073000036, 27.174280898000063 ], [ 68.198221109000031, 27.174875073000067 ], [ 68.201788516000079, 27.176383613000041 ], [ 68.206615076000048, 27.177407555000059 ], [ 68.210561404000032, 27.180724065000049 ], [ 68.213505965000081, 27.182299073000024 ], [ 68.215088108000032, 27.183615700000075 ], [ 68.215617547000079, 27.184563006000076 ], [ 68.219180796000046, 27.187319127000023 ], [ 68.221883518000084, 27.191727531000026 ], [ 68.221369732000028, 27.19610655200006 ], [ 68.222121433000041, 27.198363267000047 ], [ 68.222680475000061, 27.199086847000046 ], [ 68.224511272000029, 27.20076970100007 ], [ 68.22684262100006, 27.206328489000043 ], [ 68.227479756000037, 27.206889099000023 ], [ 68.22664381900006, 27.217189573000041 ], [ 68.226598805000037, 27.219170491000057 ], [ 68.226831913000069, 27.22009679100006 ], [ 68.227421957000047, 27.221159215000057 ], [ 68.228466388000072, 27.222252451000031 ], [ 68.234235978000072, 27.226839820000066 ], [ 68.235711682000044, 27.227698971000052 ], [ 68.236263099000041, 27.227770141000065 ], [ 68.237465861000032, 27.227631644000041 ], [ 68.240394324000079, 27.226739747000067 ], [ 68.27347870300008, 27.246578145000058 ], [ 68.292541550000067, 27.257688893000079 ], [ 68.291601429000082, 27.259770898000056 ], [ 68.29033759400005, 27.262980886000037 ], [ 68.288865903000044, 27.267716164000035 ], [ 68.289110038000047, 27.26819524800004 ], [ 68.291271564000056, 27.270857257000046 ], [ 68.293671074000031, 27.27333666100003 ], [ 68.295236248000037, 27.274604902000078 ], [ 68.295691593000072, 27.274702261000073 ], [ 68.30059667900008, 27.274740661000067 ], [ 68.304724413000031, 27.274611470000025 ], [ 68.308057144000031, 27.275818810000032 ], [ 68.309079616000076, 27.27593732400004 ], [ 68.310901347000083, 27.275913165000077 ], [ 68.318445323000049, 27.274409431000038 ], [ 68.323430591000033, 27.274173843000028 ], [ 68.32609599400007, 27.276851474000068 ], [ 68.327754282000058, 27.276705509000067 ], [ 68.331301833000055, 27.275931738000054 ], [ 68.334897948000048, 27.27601704500006 ], [ 68.337496398000042, 27.27648679400005 ], [ 68.341451780000057, 27.277990824000028 ], [ 68.34422881100005, 27.280812895000054 ], [ 68.344861703000049, 27.28163492300007 ], [ 68.345437164000032, 27.283979870000053 ], [ 68.348082114000078, 27.287907326000038 ], [ 68.349680558000045, 27.292219861000035 ], [ 68.349251332000051, 27.293614453000032 ], [ 68.348402560000068, 27.294722161000038 ], [ 68.348419049000029, 27.298079261000055 ], [ 68.348793017000048, 27.30009440200007 ], [ 68.349421393000057, 27.30170963300003 ], [ 68.35024732100004, 27.308160880000059 ], [ 68.349220347000028, 27.309755513000027 ], [ 68.345456772000034, 27.312873014000047 ], [ 68.344678787000078, 27.31435947500006 ], [ 68.344568486000071, 27.316090220000035 ], [ 68.345400832000053, 27.318378664000079 ], [ 68.346482362000074, 27.320473752000055 ], [ 68.348518494000075, 27.323050119000072 ], [ 68.349943579000069, 27.327040808000049 ], [ 68.350749958000051, 27.328449915000078 ], [ 68.351000513000031, 27.329636767000068 ], [ 68.350623647000077, 27.330828015000066 ], [ 68.350809625000068, 27.333325442000046 ], [ 68.350247173000071, 27.335586450000051 ], [ 68.352240119000044, 27.341467273000035 ], [ 68.352557094000076, 27.342036570000062 ], [ 68.35492673400006, 27.344671697000024 ], [ 68.377114814000038, 27.368322615000068 ], [ 68.381953146000058, 27.384507984000038 ], [ 68.377447722000056, 27.368260564000025 ], [ 68.355443351000076, 27.34506314500004 ], [ 68.35298483300005, 27.34236075900003 ], [ 68.352174113000046, 27.340863073000037 ], [ 68.350329569000053, 27.335631277000061 ], [ 68.350848924000047, 27.333417632000078 ], [ 68.350684062000028, 27.330822004000026 ], [ 68.351089969000043, 27.329929764000042 ], [ 68.35089238200004, 27.328681783000036 ], [ 68.34862217500006, 27.323039773000062 ], [ 68.346501292000028, 27.320269007000036 ], [ 68.345193683000048, 27.317594597000038 ], [ 68.344699825000077, 27.315851532000067 ], [ 68.344774744000063, 27.314409777000037 ], [ 68.345695180000064, 27.312797068000066 ], [ 68.349316589000068, 27.309843114000046 ], [ 68.350420835000079, 27.308323578000056 ], [ 68.349540475000083, 27.301743627000064 ], [ 68.348916290000034, 27.300166886000056 ], [ 68.348484946000042, 27.297716732000026 ], [ 68.348490168000069, 27.294822442000054 ], [ 68.349672934000068, 27.292962524000075 ], [ 68.349745426000084, 27.292220586000042 ], [ 68.348148479000031, 27.287870544000043 ], [ 68.34554001500004, 27.284029679000071 ], [ 68.344924667000043, 27.281600218000051 ], [ 68.344086415000049, 27.280547613000067 ], [ 68.34148704200004, 27.277939738000043 ], [ 68.337920410000038, 27.276562928000033 ], [ 68.335000450000052, 27.27597520300003 ], [ 68.331285526000045, 27.275892054000053 ], [ 68.326237359000061, 27.276799764000032 ], [ 68.323428212000067, 27.274127045000057 ], [ 68.318431862000068, 27.274367937000079 ], [ 68.311946326000054, 27.275704414000074 ], [ 68.309148531000062, 27.275868188000061 ], [ 68.307533945000046, 27.275571758000069 ], [ 68.30516499600003, 27.274573047000047 ], [ 68.299125773000071, 27.274559276000048 ], [ 68.298006497000074, 27.273012711000035 ], [ 68.295830786000067, 27.271142069000064 ], [ 68.289912737000066, 27.268948608000073 ], [ 68.290301236000062, 27.269368782000072 ], [ 68.295112733000053, 27.271063494000032 ], [ 68.296600832000081, 27.27203494400004 ], [ 68.298967161000064, 27.274618341000064 ], [ 68.29527276400006, 27.274566845000038 ], [ 68.290942977000043, 27.270311550000031 ], [ 68.289546360000031, 27.268632548000028 ], [ 68.288969018000046, 27.267682767000053 ], [ 68.29109820900004, 27.261187135000057 ], [ 68.292668434000063, 27.257644133000042 ], [ 68.293392135000033, 27.258131950000063 ], [ 68.293869247000032, 27.258239704000061 ], [ 68.299987782000073, 27.258264288000078 ], [ 68.323729754000055, 27.274149417000046 ], [ 68.299867088000042, 27.258077095000033 ], [ 68.29337687900005, 27.258036220000065 ], [ 68.240446981000048, 27.226527399000076 ], [ 68.237508682000055, 27.227524926000058 ], [ 68.235682328000053, 27.227611887000023 ], [ 68.22926504000003, 27.222833269000034 ], [ 68.227519938000057, 27.221128852000049 ], [ 68.226786003000029, 27.219709775000069 ], [ 68.226714088000051, 27.217373440000074 ], [ 68.22757011200008, 27.206630405000055 ], [ 68.226894063000032, 27.20614375100007 ], [ 68.224652474000038, 27.20083336700003 ], [ 68.222257441000068, 27.198352444000079 ], [ 68.221525672000041, 27.196105091000049 ], [ 68.221987814000045, 27.191475984000078 ], [ 68.219206813000028, 27.186986653000076 ], [ 68.215650402000051, 27.184470108000028 ], [ 68.215101269000058, 27.183420746000024 ], [ 68.21316881100006, 27.181994506000024 ], [ 68.210850847000074, 27.180837221000047 ], [ 68.206736945000046, 27.177395458000035 ], [ 68.201963582000076, 27.176358494000056 ], [ 68.19735453100003, 27.174230135000073 ], [ 68.194699619000062, 27.166740467000068 ], [ 68.178974097000037, 27.152507012000058 ], [ 68.168471885000031, 27.149351721000073 ], [ 68.17383638900003, 27.129252950000023 ], [ 68.173362155000063, 27.125817193000046 ], [ 68.170066900000052, 27.118069338000055 ], [ 68.169865516000073, 27.114638702000036 ], [ 68.157212008000045, 27.112443986000073 ], [ 68.150711016000059, 27.092077995000068 ], [ 68.139184366000052, 27.064566177000074 ], [ 68.135848343000077, 27.055751594000071 ], [ 68.132642087000079, 27.046097668000073 ], [ 68.131948253000076, 27.045074408000062 ], [ 68.131014505000053, 27.044436666000024 ], [ 68.122352115000069, 27.028610437000054 ], [ 68.11771439100005, 27.023653521000028 ], [ 68.119180690000064, 27.022968045000027 ], [ 68.12466584100008, 27.023815680000041 ], [ 68.124891389000084, 27.023590128000023 ], [ 68.125276525000061, 27.022014089000038 ], [ 68.125072548000048, 27.02059795100007 ], [ 68.12474667500004, 27.020138944000053 ], [ 68.123299819000067, 27.019445205000068 ], [ 68.122199434000038, 27.01784787400004 ], [ 68.121448405000081, 27.016411375000075 ], [ 68.121528459000046, 27.014879705000055 ], [ 68.104694643000073, 27.007989632000033 ], [ 68.103435886000057, 27.007494911000038 ], [ 68.103158566000047, 27.007449432000044 ], [ 68.060747638000066, 26.988058393000074 ], [ 68.058658226000034, 26.988123998000049 ], [ 68.051967527000045, 26.992704166000067 ], [ 68.051524703000041, 26.992654747000074 ], [ 68.048997614000029, 26.988447430000065 ], [ 68.038469186000043, 26.975483316000066 ], [ 68.03713017900003, 26.973898056000053 ], [ 68.031589250000081, 26.968572092000045 ], [ 68.031142118000048, 26.964816260000077 ], [ 68.023154680000061, 26.951251275000061 ], [ 68.022059655000078, 26.95137178300007 ], [ 68.017111379000028, 26.947645666000028 ], [ 68.014813715000059, 26.946718831000055 ], [ 68.011341472000083, 26.938021125000034 ], [ 68.005111935000059, 26.937544045000038 ], [ 67.99889031400005, 26.936276419000023 ], [ 67.996513262000065, 26.934927505000076 ], [ 67.990131678000068, 26.930316082000047 ], [ 67.990014019000057, 26.925440705000028 ], [ 67.988650909000057, 26.912699774000032 ], [ 67.991454077000071, 26.909709285000076 ], [ 67.994463967000058, 26.905710724000073 ], [ 67.99556281100007, 26.901579046000052 ], [ 67.994742247000033, 26.895866471000033 ], [ 67.993682556000067, 26.89242138700007 ], [ 67.993436898000084, 26.881893518000027 ], [ 67.977631923000047, 26.875583585000072 ], [ 67.97503895400007, 26.874007395000035 ], [ 67.972800894000045, 26.871232685000052 ], [ 67.972343967000029, 26.868937589000041 ], [ 67.972423110000079, 26.866773437000063 ], [ 67.974287485000048, 26.859885696000049 ], [ 67.968526675000078, 26.859953959000052 ], [ 67.960430743000074, 26.855194144000052 ], [ 67.958859094000047, 26.85476385000004 ], [ 67.958347128000071, 26.852558759000033 ], [ 67.958068671000035, 26.848090059000072 ], [ 67.957476498000062, 26.846325672000035 ], [ 67.957801192000034, 26.846019621000039 ], [ 67.966280557000061, 26.841335629000071 ], [ 67.966768698000067, 26.840935761000026 ], [ 67.967880845000082, 26.838860793000038 ], [ 67.973271768000075, 26.826912614000037 ], [ 67.973803004000047, 26.825669507000043 ], [ 67.973676184000055, 26.825212217000058 ], [ 67.967891893000058, 26.817093435000061 ], [ 67.959435752000047, 26.805919931000062 ], [ 67.971274867000034, 26.821956764000049 ], [ 67.973650785000075, 26.825695562000078 ], [ 67.966909325000074, 26.840594329000055 ], [ 67.965851625000028, 26.841513527000075 ], [ 67.957379737000053, 26.846105998000041 ], [ 67.954914775000077, 26.842061414000057 ], [ 67.952378251000027, 26.839611620000028 ], [ 67.952081897000028, 26.839451874000076 ], [ 67.951463193000052, 26.83953559400004 ], [ 67.948808729000064, 26.831067954000048 ], [ 67.949979102000043, 26.824527009000064 ], [ 67.952869733000057, 26.820376374000034 ], [ 67.95566601400003, 26.813368139000033 ], [ 67.955822973000068, 26.813345999000035 ], [ 67.957056933000047, 26.811306033000051 ], [ 67.958307940000054, 26.810005140000044 ], [ 67.959458415000029, 26.806200847000071 ], [ 67.959342356000036, 26.805776976000061 ], [ 67.932158111000035, 26.768785337000054 ], [ 67.930391973000042, 26.766174938000063 ], [ 67.928603789000078, 26.762281141000074 ], [ 67.92594181100003, 26.765542405000076 ], [ 67.926172719000078, 26.766988285000025 ], [ 67.925902503000032, 26.767554547000032 ], [ 67.922124711000038, 26.767631387000051 ], [ 67.925959100000057, 26.76757083900003 ], [ 67.926253876000033, 26.766876940000031 ], [ 67.926027679000072, 26.765597814000046 ], [ 67.928642041000046, 26.762689180000052 ], [ 67.93065131700007, 26.766919597000026 ], [ 67.959200681000084, 26.805739662000065 ], [ 67.959084639000082, 26.807258771000079 ], [ 67.958343596000077, 26.809655095000039 ], [ 67.956423473000029, 26.812044129000071 ], [ 67.955725654000048, 26.813313715000049 ], [ 67.955041168000037, 26.812988434000033 ], [ 67.95519089700008, 26.811918217000027 ], [ 67.954861777000076, 26.811069603000078 ], [ 67.944444520000047, 26.800141577000034 ], [ 67.942850029000056, 26.79880797800007 ], [ 67.939371382000047, 26.796775822000029 ], [ 67.938026338000043, 26.795459526000059 ], [ 67.915363267000032, 26.756093670000041 ], [ 67.914475147000076, 26.754286476000061 ], [ 67.913942723000048, 26.751982118000058 ], [ 67.914279804000046, 26.749286082000026 ], [ 67.921580752000068, 26.725010903000054 ], [ 67.92615921600003, 26.703477396000039 ], [ 67.936816946000079, 26.689349540000023 ], [ 67.950106939000079, 26.675166732000037 ], [ 67.951989016000084, 26.672830407000049 ], [ 67.952610417000074, 26.671583592000047 ], [ 67.952521105000073, 26.668438112000047 ], [ 67.951257184000042, 26.661444077000056 ], [ 67.956803076000028, 26.629095667000058 ], [ 67.954971577000038, 26.557138024000039 ], [ 67.96478363600005, 26.526876655000024 ], [ 67.96472973300007, 26.523788485000068 ], [ 67.96569885100007, 26.522094068000058 ], [ 67.967791727000076, 26.516040277000059 ], [ 67.968954516000053, 26.510422332000076 ], [ 67.966900015000078, 26.503464326000028 ], [ 67.966321659000073, 26.502567302000045 ], [ 67.96098517300004, 26.502916029000062 ], [ 67.959251531000064, 26.501077727000052 ], [ 67.955505229000039, 26.486811524000075 ], [ 67.952333413000076, 26.47269103900004 ], [ 67.953984229000071, 26.46892463000006 ], [ 67.96113699600005, 26.460813084000051 ], [ 67.96212934600004, 26.458531520000065 ], [ 67.967819958000064, 26.430091011000059 ], [ 67.971326583000064, 26.421027490000029 ], [ 67.977775983000072, 26.408501125000043 ], [ 67.980585188000077, 26.401986210000075 ], [ 67.978329043000031, 26.347202864000053 ], [ 67.976545338000051, 26.343028812000057 ], [ 67.976213872000073, 26.341197948000058 ], [ 67.976506824000069, 26.339701998000066 ], [ 67.979397473000063, 26.331783276000067 ], [ 67.980160098000056, 26.330612152000072 ], [ 67.981765745000075, 26.329173485000069 ], [ 67.992437352000081, 26.320519406000074 ], [ 68.018850454000074, 26.310756260000062 ], [ 68.020254561000058, 26.309887759000048 ], [ 68.03260670700007, 26.288240574000042 ], [ 68.032440145000066, 26.283608775000062 ], [ 68.031408839000051, 26.281614278000063 ], [ 68.030582180000067, 26.278834921000055 ], [ 68.028569817000061, 26.276068604000045 ], [ 68.028628709000031, 26.27546230300004 ], [ 68.030439890000082, 26.274528973000031 ], [ 68.031240049000075, 26.273500649000027 ], [ 68.032879102000038, 26.273150353000062 ], [ 68.03348561200005, 26.272694253000054 ], [ 68.040676942000061, 26.265806689000044 ], [ 68.04560547400007, 26.259370303000026 ], [ 68.053931472000045, 26.24640378600003 ], [ 68.075910677000081, 26.234064874000069 ], [ 68.077899978000062, 26.227261533000046 ], [ 68.079257489000042, 26.216289931000063 ], [ 68.087021137000079, 26.207833389000029 ], [ 68.086828218000051, 26.20140841400007 ], [ 68.095428169000058, 26.180620202000057 ], [ 68.095848394000029, 26.178585211000041 ], [ 68.107980103000045, 26.168774192000058 ], [ 68.109314829000084, 26.167987627000059 ], [ 68.116858849000039, 26.156997237000041 ], [ 68.119236431000047, 26.15409451000005 ], [ 68.12614945100006, 26.149949124000045 ], [ 68.132880942000043, 26.147555609000051 ], [ 68.135016403000066, 26.145852500000046 ], [ 68.137124354000036, 26.142795119000027 ], [ 68.138679649000039, 26.140038684000046 ], [ 68.137319091000052, 26.134658840000043 ], [ 68.137351711000065, 26.133885 ], [ 68.138089361000084, 26.132328781000069 ], [ 68.142058348000035, 26.125483505000034 ], [ 68.143157647000066, 26.12336560500006 ], [ 68.143254439000032, 26.122793923000074 ], [ 68.148240312000041, 26.12025697200005 ], [ 68.149320261000071, 26.119400392000045 ], [ 68.150053572906145, 26.115985925333522 ] ] } },
{ "type": "Feature", "properties": { "code": "BND152", "name": "S M BUND" }, "geometry": { "type": "LineString", "coordinates": [ [ 68.14994181477833, 26.115985925333522 ], [ 68.149247987000081, 26.119237486000031 ], [ 68.148193865000053, 26.120184732000041 ], [ 68.143025539000064, 26.122794771000031 ], [ 68.142920776000039, 26.123590740000054 ], [ 68.137264670000036, 26.133791125000073 ], [ 68.137226703000067, 26.134757429000047 ], [ 68.137583171000074, 26.136716695000075 ], [ 68.138524321000034, 26.140067377000037 ], [ 68.137379638000084, 26.142146793000052 ], [ 68.136518272000046, 26.142631952000045 ], [ 68.136673472000041, 26.143233205000058 ], [ 68.136679481000044, 26.142646858000035 ], [ 68.137177655000073, 26.142467905000046 ], [ 68.136161941000069, 26.144057532000033 ], [ 68.134914554000034, 26.145693240000071 ], [ 68.132853968000063, 26.147403684000039 ], [ 68.12618472500003, 26.149834507000037 ], [ 68.119333280000035, 26.153913044000035 ], [ 68.11681804400007, 26.156918423000036 ], [ 68.109290718000068, 26.167881911000052 ], [ 68.108088717000044, 26.168594596000048 ], [ 68.106514633000074, 26.169809378000025 ], [ 68.095747323000069, 26.178480851000074 ], [ 68.093617297000037, 26.184753017000048 ], [ 68.086868626000069, 26.200893932000042 ], [ 68.086665409000034, 26.202587742000048 ], [ 68.086921630000063, 26.207785412000078 ], [ 68.084814170000072, 26.209876476000034 ], [ 68.079158798000037, 26.216258314000072 ], [ 68.077813164000077, 26.227288153000075 ], [ 68.075778919000072, 26.23408747600007 ], [ 68.054343324000058, 26.245960685000057 ], [ 68.05386960800007, 26.246344032000025 ], [ 68.046391795000034, 26.257993768000063 ], [ 68.040802159000066, 26.26548592100005 ], [ 68.033171114000083, 26.272853749000035 ], [ 68.032622459000038, 26.273177819000068 ], [ 68.031712423000045, 26.273236107000059 ], [ 68.031039881000083, 26.273516400000062 ], [ 68.030394203000071, 26.274401907000026 ], [ 68.02910999900007, 26.275010242000064 ], [ 68.028495890000045, 26.275465980000035 ], [ 68.028460065000047, 26.276052735000064 ], [ 68.028677672000072, 26.276477373000034 ], [ 68.030457501000058, 26.278770689000055 ], [ 68.031528948000073, 26.282185478000031 ], [ 68.032255687000031, 26.283312561000059 ], [ 68.032495721000032, 26.288260784000045 ], [ 68.019925262000072, 26.310062324000057 ], [ 67.992256969000039, 26.320470189000048 ], [ 67.980513765000069, 26.330005361000076 ], [ 67.979246270000033, 26.33175420300006 ], [ 67.976405635000049, 26.339654104000033 ], [ 67.976098680000064, 26.341216815000053 ], [ 67.976453696000078, 26.343110861000071 ], [ 67.978217165000046, 26.347235952000062 ], [ 67.980451347000042, 26.402115447000028 ], [ 67.977788737000083, 26.408179780000069 ], [ 67.971174176000034, 26.420998943000029 ], [ 67.967552126000044, 26.430293865000067 ], [ 67.961716448000061, 26.459296946000052 ], [ 67.961018398000078, 26.460812697000051 ], [ 67.959784696000042, 26.462328586000069 ], [ 67.953723246000038, 26.469070506000037 ], [ 67.952150300000028, 26.472864172000072 ], [ 67.957874797000045, 26.496719605000067 ], [ 67.959205488000066, 26.501124322000067 ], [ 67.960961225000062, 26.50296882400005 ], [ 67.964236910000068, 26.502877838000074 ], [ 67.966291926000054, 26.502624036000043 ], [ 67.966850873000055, 26.503477713000052 ], [ 67.968863648000081, 26.510490763000064 ], [ 67.967635998000048, 26.516110002000062 ], [ 67.965560376000042, 26.522060872000054 ], [ 67.964627418000077, 26.523639845000048 ], [ 67.964772263000043, 26.526258024000072 ], [ 67.964493902000072, 26.527382129000046 ], [ 67.956173640000031, 26.552749406000032 ], [ 67.954769184000043, 26.557404332000033 ], [ 67.956672103000074, 26.628997757000036 ], [ 67.951146422000079, 26.661355553000078 ], [ 67.95137614500004, 26.663823258000036 ], [ 67.952363915000035, 26.668295790000059 ], [ 67.952471537000065, 26.671700755000074 ], [ 67.952046154000072, 26.672649793000062 ], [ 67.949684982000065, 26.675551580000047 ], [ 67.938464084000032, 26.687397402000045 ], [ 67.936853823000035, 26.689224172000024 ], [ 67.926282795000077, 26.703107212000077 ], [ 67.904357246000075, 26.715646875000061 ], [ 67.903221511000083, 26.716076385000065 ], [ 67.897131731000059, 26.716955160000055 ], [ 67.903332942000077, 26.716135490000056 ], [ 67.904773856000077, 26.71560437100004 ], [ 67.92606233600003, 26.703446110000073 ], [ 67.921153661000062, 26.726298963000033 ], [ 67.91413202800004, 26.749417935000054 ], [ 67.913872791000074, 26.752167675000067 ], [ 67.914183491000074, 26.753666988000077 ], [ 67.915265041000055, 26.756211177000068 ], [ 67.937543565000055, 26.795084578000058 ], [ 67.939371158000029, 26.797067587000072 ], [ 67.943703122000045, 26.799535472000059 ], [ 67.954865009000059, 26.811227106000047 ], [ 67.955089641000029, 26.81178781400007 ], [ 67.954838386000063, 26.813038811000069 ], [ 67.955404906000069, 26.813423878000037 ], [ 67.955444464000038, 26.81383547400003 ], [ 67.952811072000031, 26.820232937000071 ], [ 67.950031970000055, 26.824141247000057 ], [ 67.949500734000083, 26.82538646200004 ], [ 67.948591555000064, 26.831340365000074 ], [ 67.951282675000073, 26.839462065000077 ], [ 67.951497243000063, 26.839640351000071 ], [ 67.952243404000058, 26.839584477000074 ], [ 67.953112332000046, 26.840675050000073 ], [ 67.954781695000065, 26.84211771300005 ], [ 67.957799375000036, 26.847459222000055 ], [ 67.958499761000041, 26.854444725000064 ], [ 67.958173528000032, 26.855016023000076 ], [ 67.958359231000031, 26.856848727000056 ], [ 67.957815828000037, 26.859779609000043 ], [ 67.963471464000065, 26.860127351000074 ], [ 67.96832188500008, 26.860030412000071 ], [ 67.958057894000035, 26.859621360000062 ], [ 67.958876665000048, 26.854915996000045 ], [ 67.960163672000078, 26.855249116000039 ], [ 67.968541023000057, 26.860069913000075 ], [ 67.97407697500006, 26.86002099600006 ], [ 67.972591314000056, 26.865553180000063 ], [ 67.972138477000044, 26.868343508000066 ], [ 67.972688324000046, 26.871307881000064 ], [ 67.973663146000035, 26.872857958000054 ], [ 67.975602586000036, 26.874684442000046 ], [ 67.971275166000055, 26.87660151700004 ], [ 67.969739823000054, 26.875063347000037 ], [ 67.970962662000034, 26.876537496000026 ], [ 67.971231683000042, 26.876816986000051 ], [ 67.975684974000046, 26.874861648000035 ], [ 67.993345414000032, 26.882117508000078 ], [ 67.993472968000049, 26.892301477000046 ], [ 67.994502176000083, 26.89540071600004 ], [ 67.995424796000066, 26.901492670000039 ], [ 67.994331911000074, 26.905733841000028 ], [ 67.992764496000063, 26.907673660000057 ], [ 67.991495404000034, 26.909510469000054 ], [ 67.988785164000035, 26.912225697000054 ], [ 67.988508860000081, 26.912762048000047 ], [ 67.989858801000082, 26.926308794000079 ], [ 67.989872598000034, 26.930459725000048 ], [ 67.998388921000071, 26.936263346000032 ], [ 68.003768115000071, 26.937445226000023 ], [ 68.011262534000082, 26.938114252000048 ], [ 68.014688420000084, 26.94676598500007 ], [ 68.016999202000079, 26.947727362000023 ], [ 68.021990083000048, 26.951473415000066 ], [ 68.023033500000054, 26.951390273000072 ], [ 68.031137929000067, 26.965081988000065 ], [ 68.031249476000028, 26.967933758000072 ], [ 68.03146606200005, 26.968587153000044 ], [ 68.037081034000039, 26.973971145000064 ], [ 68.03960971500004, 26.976993657000037 ], [ 68.04929887000003, 26.98915379500005 ], [ 68.051368509000042, 26.992733413000053 ], [ 68.052122254000039, 26.992797895000024 ], [ 68.058781307000061, 26.988236851000067 ], [ 68.060675687000071, 26.988173080000024 ], [ 68.103151168000068, 27.007515970000043 ], [ 68.101592863000064, 27.010815150000042 ], [ 68.101585495000052, 27.011215423000067 ], [ 68.102916796000045, 27.015284721000057 ], [ 68.104546621000054, 27.017247582000039 ], [ 68.110066205000066, 27.021425365000027 ], [ 68.117148426000028, 27.022828999000069 ], [ 68.117567464000047, 27.023343414000067 ], [ 68.111858478000045, 27.034261246000028 ], [ 68.109706286000062, 27.039050097000029 ], [ 68.128093018000072, 27.059277665000025 ], [ 68.13573636600006, 27.056118219000041 ], [ 68.12807248200005, 27.059179503000053 ], [ 68.109834565000028, 27.039003177000041 ], [ 68.112433306000071, 27.033307270000023 ], [ 68.117735337000056, 27.023443309000072 ], [ 68.117238225000051, 27.022694910000041 ], [ 68.11012128200008, 27.021266628000035 ], [ 68.104863072000057, 27.017279637000058 ], [ 68.103227525000079, 27.015549165000039 ], [ 68.101676802000043, 27.010790716000031 ], [ 68.103283998000052, 27.007604023000056 ], [ 68.103538779000075, 27.007574982000051 ], [ 68.121489573000076, 27.014958985000078 ], [ 68.121314777000066, 27.015538018000029 ], [ 68.121317971000053, 27.016069129000073 ], [ 68.12165701400005, 27.017189741000038 ], [ 68.123243137000031, 27.019488797000065 ], [ 68.123818761000052, 27.019838882000045 ], [ 68.124668235000058, 27.020173410000041 ], [ 68.125055982000049, 27.020813426000075 ], [ 68.125187417000063, 27.022298253000031 ], [ 68.124816072000044, 27.023590212000045 ], [ 68.119014487000072, 27.022906999000043 ], [ 68.11809945400006, 27.023168340000041 ], [ 68.117782866000084, 27.023432371000069 ], [ 68.117627880000043, 27.023802774000046 ], [ 68.122068083000045, 27.028425932000061 ], [ 68.130852951000065, 27.044286732000046 ], [ 68.131028269000069, 27.044581395000023 ], [ 68.132029163000084, 27.045253683000055 ], [ 68.132672409000065, 27.046299055000077 ], [ 68.135738918000072, 27.055994396000074 ], [ 68.139745532000063, 27.066096281000057 ], [ 68.150303044000054, 27.091318505000061 ], [ 68.157079872000054, 27.112452134000023 ], [ 68.169758771000033, 27.114794294000035 ], [ 68.170008335000034, 27.118082833000074 ], [ 68.173087463000059, 27.125258404000078 ], [ 68.173683441000037, 27.129310077000071 ], [ 68.168279554000037, 27.149306384000056 ], [ 68.179248334000079, 27.152887796000073 ], [ 68.194594857000084, 27.166897425000059 ], [ 68.197289073000036, 27.174280898000063 ], [ 68.198221109000031, 27.174875073000067 ], [ 68.201788516000079, 27.176383613000041 ], [ 68.206615076000048, 27.177407555000059 ], [ 68.210561404000032, 27.180724065000049 ], [ 68.213505965000081, 27.182299073000024 ], [ 68.215088108000032, 27.183615700000075 ], [ 68.215617547000079, 27.184563006000076 ], [ 68.219180796000046, 27.187319127000023 ], [ 68.221883518000084, 27.191727531000026 ], [ 68.221369732000028, 27.19610655200006 ], [ 68.222121433000041, 27.198363267000047 ], [ 68.222680475000061, 27.199086847000046 ], [ 68.224511272000029, 27.20076970100007 ], [ 68.22684262100006, 27.206328489000043 ], [ 68.227479756000037, 27.206889099000023 ], [ 68.22664381900006, 27.217189573000041 ], [ 68.226598805000037, 27.219170491000057 ], [ 68.226831913000069, 27.22009679100006 ], [ 68.227421957000047, 27.221159215000057 ], [ 68.228466388000072, 27.222252451000031 ], [ 68.234235978000072, 27.226839820000066 ], [ 68.235711682000044, 27.227698971000052 ], [ 68.236263099000041, 27.227770141000065 ], [ 68.237465861000032, 27.227631644000041 ], [ 68.240394324000079, 27.226739747000067 ], [ 68.27347870300008, 27.246578145000058 ], [ 68.292541550000067, 27.257688893000079 ], [ 68.291601429000082, 27.259770898000056 ], [ 68.29033759400005, 27.262980886000037 ], [ 68.288865903000044, 27.267716164000035 ], [ 68.289110038000047, 27.26819524800004 ], [ 68.291271564000056, 27.270857257000046 ], [ 68.293671074000031, 27.27333666100003 ], [ 68.295236248000037, 27.274604902000078 ], [ 68.295691593000072, 27.274702261000073 ], [ 68.30059667900008, 27.274740661000067 ], [ 68.304724413000031, 27.274611470000025 ], [ 68.308057144000031, 27.275818810000032 ], [ 68.309079616000076, 27.27593732400004 ], [ 68.310901347000083, 27.275913165000077 ], [ 68.318445323000049, 27.274409431000038 ], [ 68.323430591000033, 27.274173843000028 ], [ 68.32609599400007, 27.276851474000068 ], [ 68.327754282000058, 27.276705509000067 ], [ 68.331301833000055, 27.275931738000054 ], [ 68.334897948000048, 27.27601704500006 ], [ 68.337496398000042, 27.27648679400005 ], [ 68.341451780000057, 27.277990824000028 ], [ 68.34422881100005, 27.280812895000054 ], [ 68.344861703000049, 27.28163492300007 ], [ 68.345437164000032, 27.283979870000053 ], [ 68.348082114000078, 27.287907326000038 ], [ 68.349680558000045, 27.292219861000035 ], [ 68.349251332000051, 27.293614453000032 ], [ 68.348402560000068, 27.294722161000038 ], [ 68.348419049000029, 27.298079261000055 ], [ 68.348793017000048, 27.30009440200007 ], [ 68.349421393000057, 27.30170963300003 ], [ 68.35024732100004, 27.308160880000059 ], [ 68.349220347000028, 27.309755513000027 ], [ 68.345456772000034, 27.312873014000047 ], [ 68.344678787000078, 27.31435947500006 ], [ 68.344568486000071, 27.316090220000035 ], [ 68.345400832000053, 27.318378664000079 ], [ 68.346482362000074, 27.320473752000055 ], [ 68.348518494000075, 27.323050119000072 ], [ 68.349943579000069, 27.327040808000049 ], [ 68.350749958000051, 27.328449915000078 ], [ 68.351000513000031, 27.329636767000068 ], [ 68.350623647000077, 27.330828015000066 ], [ 68.350809625000068, 27.333325442000046 ], [ 68.350247173000071, 27.335586450000051 ], [ 68.352240119000044, 27.341467273000035 ], [ 68.352557094000076, 27.342036570000062 ], [ 68.35492673400006, 27.344671697000024 ], [ 68.377114814000038, 27.368322615000068 ], [ 68.381953146000058, 27.384507984000038 ], [ 68.377447722000056, 27.368260564000025 ], [ 68.355443351000076, 27.34506314500004 ], [ 68.35298483300005, 27.34236075900003 ], [ 68.352174113000046, 27.340863073000037 ], [ 68.350329569000053, 27.335631277000061 ], [ 68.350848924000047, 27.333417632000078 ], [ 68.350684062000028, 27.330822004000026 ], [ 68.351089969000043, 27.329929764000042 ], [ 68.35089238200004, 27.328681783000036 ], [ 68.34862217500006, 27.323039773000062 ], [ 68.346501292000028, 27.320269007000036 ], [ 68.345193683000048, 27.317594597000038 ], [ 68.344699825000077, 27.315851532000067 ], [ 68.344774744000063, 27.314409777000037 ], [ 68.345695180000064, 27.312797068000066 ], [ 68.349316589000068, 27.309843114000046 ], [ 68.350420835000079, 27.308323578000056 ], [ 68.349540475000083, 27.301743627000064 ], [ 68.348916290000034, 27.300166886000056 ], [ 68.348484946000042, 27.297716732000026 ], [ 68.348490168000069, 27.294822442000054 ], [ 68.349672934000068, 27.292962524000075 ], [ 68.349745426000084, 27.292220586000042 ], [ 68.348148479000031, 27.287870544000043 ], [ 68.34554001500004, 27.284029679000071 ], [ 68.344924667000043, 27.281600218000051 ], [ 68.344086415000049, 27.280547613000067 ], [ 68.34148704200004, 27.277939738000043 ], [ 68.337920410000038, 27.276562928000033 ], [ 68.335000450000052, 27.27597520300003 ], [ 68.331285526000045, 27.275892054000053 ], [ 68.326237359000061, 27.276799764000032 ], [ 68.323428212000067, 27.274127045000057 ], [ 68.318431862000068, 27.274367937000079 ], [ 68.311946326000054, 27.275704414000074 ], [ 68.309148531000062, 27.275868188000061 ], [ 68.307533945000046, 27.275571758000069 ], [ 68.30516499600003, 27.274573047000047 ], [ 68.299125773000071, 27.274559276000048 ], [ 68.298006497000074, 27.273012711000035 ], [ 68.295830786000067, 27.271142069000064 ], [ 68.289912737000066, 27.268948608000073 ], [ 68.290301236000062, 27.269368782000072 ], [ 68.295112733000053, 27.271063494000032 ], [ 68.296600832000081, 27.27203494400004 ], [ 68.298967161000064, 27.274618341000064 ], [ 68.29527276400006, 27.274566845000038 ], [ 68.290942977000043, 27.270311550000031 ], [ 68.289546360000031, 27.268632548000028 ], [ 68.288969018000046, 27.267682767000053 ], [ 68.29109820900004, 27.261187135000057 ], [ 68.292668434000063, 27.257644133000042 ], [ 68.293392135000033, 27.258131950000063 ], [ 68.293869247000032, 27.258239704000061 ], [ 68.299987782000073, 27.258264288000078 ], [ 68.323729754000055, 27.274149417000046 ], [ 68.299867088000042, 27.258077095000033 ], [ 68.29337687900005, 27.258036220000065 ], [ 68.240446981000048, 27.226527399000076 ], [ 68.237508682000055, 27.227524926000058 ], [ 68.235682328000053, 27.227611887000023 ], [ 68.22926504000003, 27.222833269000034 ], [ 68.227519938000057, 27.221128852000049 ], [ 68.226786003000029, 27.219709775000069 ], [ 68.226714088000051, 27.217373440000074 ], [ 68.22757011200008, 27.206630405000055 ], [ 68.226894063000032, 27.20614375100007 ], [ 68.224652474000038, 27.20083336700003 ], [ 68.222257441000068, 27.198352444000079 ], [ 68.221525672000041, 27.196105091000049 ], [ 68.221987814000045, 27.191475984000078 ], [ 68.219206813000028, 27.186986653000076 ], [ 68.215650402000051, 27.184470108000028 ], [ 68.215101269000058, 27.183420746000024 ], [ 68.21316881100006, 27.181994506000024 ], [ 68.210850847000074, 27.180837221000047 ], [ 68.206736945000046, 27.177395458000035 ], [ 68.201963582000076, 27.176358494000056 ], [ 68.19735453100003, 27.174230135000073 ], [ 68.194699619000062, 27.166740467000068 ], [ 68.178974097000037, 27.152507012000058 ], [ 68.168471885000031, 27.149351721000073 ], [ 68.17383638900003, 27.129252950000023 ], [ 68.173362155000063, 27.125817193000046 ], [ 68.170066900000052, 27.118069338000055 ], [ 68.169865516000073, 27.114638702000036 ], [ 68.157212008000045, 27.112443986000073 ], [ 68.150711016000059, 27.092077995000068 ], [ 68.139184366000052, 27.064566177000074 ], [ 68.135848343000077, 27.055751594000071 ], [ 68.132642087000079, 27.046097668000073 ], [ 68.131948253000076, 27.045074408000062 ], [ 68.131014505000053, 27.044436666000024 ], [ 68.122352115000069, 27.028610437000054 ], [ 68.11771439100005, 27.023653521000028 ], [ 68.119180690000064, 27.022968045000027 ], [ 68.12466584100008, 27.023815680000041 ], [ 68.124891389000084, 27.023590128000023 ], [ 68.125276525000061, 27.022014089000038 ], [ 68.125072548000048, 27.02059795100007 ], [ 68.12474667500004, 27.020138944000053 ], [ 68.123299819000067, 27.019445205000068 ], [ 68.122199434000038, 27.01784787400004 ], [ 68.121448405000081, 27.016411375000075 ], [ 68.121528459000046, 27.014879705000055 ], [ 68.104694643000073, 27.007989632000033 ], [ 68.103435886000057, 27.007494911000038 ], [ 68.103158566000047, 27.007449432000044 ], [ 68.060747638000066, 26.988058393000074 ], [ 68.058658226000034, 26.988123998000049 ], [ 68.051967527000045, 26.992704166000067 ], [ 68.051524703000041, 26.992654747000074 ], [ 68.048997614000029, 26.988447430000065 ], [ 68.038469186000043, 26.975483316000066 ], [ 68.03713017900003, 26.973898056000053 ], [ 68.031589250000081, 26.968572092000045 ], [ 68.031142118000048, 26.964816260000077 ], [ 68.023154680000061, 26.951251275000061 ], [ 68.022059655000078, 26.95137178300007 ], [ 68.017111379000028, 26.947645666000028 ], [ 68.014813715000059, 26.946718831000055 ], [ 68.011341472000083, 26.938021125000034 ], [ 68.005111935000059, 26.937544045000038 ], [ 67.99889031400005, 26.936276419000023 ], [ 67.996513262000065, 26.934927505000076 ], [ 67.990131678000068, 26.930316082000047 ], [ 67.990014019000057, 26.925440705000028 ], [ 67.988650909000057, 26.912699774000032 ], [ 67.991454077000071, 26.909709285000076 ], [ 67.994463967000058, 26.905710724000073 ], [ 67.99556281100007, 26.901579046000052 ], [ 67.994742247000033, 26.895866471000033 ], [ 67.993682556000067, 26.89242138700007 ], [ 67.993436898000084, 26.881893518000027 ], [ 67.977631923000047, 26.875583585000072 ], [ 67.97503895400007, 26.874007395000035 ], [ 67.972800894000045, 26.871232685000052 ], [ 67.972343967000029, 26.868937589000041 ], [ 67.972423110000079, 26.866773437000063 ], [ 67.974287485000048, 26.859885696000049 ], [ 67.968526675000078, 26.859953959000052 ], [ 67.960430743000074, 26.855194144000052 ], [ 67.958859094000047, 26.85476385000004 ], [ 67.958347128000071, 26.852558759000033 ], [ 67.958068671000035, 26.848090059000072 ], [ 67.957476498000062, 26.846325672000035 ], [ 67.957801192000034, 26.846019621000039 ], [ 67.966280557000061, 26.841335629000071 ], [ 67.966768698000067, 26.840935761000026 ], [ 67.967880845000082, 26.838860793000038 ], [ 67.973271768000075, 26.826912614000037 ], [ 67.973803004000047, 26.825669507000043 ], [ 67.973676184000055, 26.825212217000058 ], [ 67.967891893000058, 26.817093435000061 ], [ 67.959435752000047, 26.805919931000062 ], [ 67.971274867000034, 26.821956764000049 ], [ 67.973650785000075, 26.825695562000078 ], [ 67.966909325000074, 26.840594329000055 ], [ 67.965851625000028, 26.841513527000075 ], [ 67.957379737000053, 26.846105998000041 ], [ 67.954914775000077, 26.842061414000057 ], [ 67.952378251000027, 26.839611620000028 ], [ 67.952081897000028, 26.839451874000076 ], [ 67.951463193000052, 26.83953559400004 ], [ 67.948808729000064, 26.831067954000048 ], [ 67.949979102000043, 26.824527009000064 ], [ 67.952869733000057, 26.820376374000034 ], [ 67.95566601400003, 26.813368139000033 ], [ 67.955822973000068, 26.813345999000035 ], [ 67.957056933000047, 26.811306033000051 ], [ 67.958307940000054, 26.810005140000044 ], [ 67.959458415000029, 26.806200847000071 ], [ 67.959342356000036, 26.805776976000061 ], [ 67.932158111000035, 26.768785337000054 ], [ 67.930391973000042, 26.766174938000063 ], [ 67.928603789000078, 26.762281141000074 ], [ 67.92594181100003, 26.765542405000076 ], [ 67.926172719000078, 26.766988285000025 ], [ 67.925902503000032, 26.767554547000032 ], [ 67.922124711000038, 26.767631387000051 ], [ 67.925959100000057, 26.76757083900003 ], [ 67.926253876000033, 26.766876940000031 ], [ 67.926027679000072, 26.765597814000046 ], [ 67.928642041000046, 26.762689180000052 ], [ 67.93065131700007, 26.766919597000026 ], [ 67.959200681000084, 26.805739662000065 ], [ 67.959084639000082, 26.807258771000079 ], [ 67.958343596000077, 26.809655095000039 ], [ 67.956423473000029, 26.812044129000071 ], [ 67.955725654000048, 26.813313715000049 ], [ 67.955041168000037, 26.812988434000033 ], [ 67.95519089700008, 26.811918217000027 ], [ 67.954861777000076, 26.811069603000078 ], [ 67.944444520000047, 26.800141577000034 ], [ 67.942850029000056, 26.79880797800007 ], [ 67.939371382000047, 26.796775822000029 ], [ 67.938026338000043, 26.795459526000059 ], [ 67.915363267000032, 26.756093670000041 ], [ 67.914475147000076, 26.754286476000061 ], [ 67.913942723000048, 26.751982118000058 ], [ 67.914279804000046, 26.749286082000026 ], [ 67.921580752000068, 26.725010903000054 ], [ 67.92615921600003, 26.703477396000039 ], [ 67.936816946000079, 26.689349540000023 ], [ 67.950106939000079, 26.675166732000037 ], [ 67.951989016000084, 26.672830407000049 ], [ 67.952610417000074, 26.671583592000047 ], [ 67.952521105000073, 26.668438112000047 ], [ 67.951257184000042, 26.661444077000056 ], [ 67.956803076000028, 26.629095667000058 ], [ 67.954971577000038, 26.557138024000039 ], [ 67.96478363600005, 26.526876655000024 ], [ 67.96472973300007, 26.523788485000068 ], [ 67.96569885100007, 26.522094068000058 ], [ 67.967791727000076, 26.516040277000059 ], [ 67.968954516000053, 26.510422332000076 ], [ 67.966900015000078, 26.503464326000028 ], [ 67.966321659000073, 26.502567302000045 ], [ 67.96098517300004, 26.502916029000062 ], [ 67.959251531000064, 26.501077727000052 ], [ 67.955505229000039, 26.486811524000075 ], [ 67.952333413000076, 26.47269103900004 ], [ 67.953984229000071, 26.46892463000006 ], [ 67.96113699600005, 26.460813084000051 ], [ 67.96212934600004, 26.458531520000065 ], [ 67.967819958000064, 26.430091011000059 ], [ 67.971326583000064, 26.421027490000029 ], [ 67.977775983000072, 26.408501125000043 ], [ 67.980585188000077, 26.401986210000075 ], [ 67.978329043000031, 26.347202864000053 ], [ 67.976545338000051, 26.343028812000057 ], [ 67.976213872000073, 26.341197948000058 ], [ 67.976506824000069, 26.339701998000066 ], [ 67.979397473000063, 26.331783276000067 ], [ 67.980160098000056, 26.330612152000072 ], [ 67.981765745000075, 26.329173485000069 ], [ 67.992437352000081, 26.320519406000074 ], [ 68.018850454000074, 26.310756260000062 ], [ 68.020254561000058, 26.309887759000048 ], [ 68.03260670700007, 26.288240574000042 ], [ 68.032440145000066, 26.283608775000062 ], [ 68.031408839000051, 26.281614278000063 ], [ 68.030582180000067, 26.278834921000055 ], [ 68.028569817000061, 26.276068604000045 ], [ 68.028628709000031, 26.27546230300004 ], [ 68.030439890000082, 26.274528973000031 ], [ 68.031240049000075, 26.273500649000027 ], [ 68.032879102000038, 26.273150353000062 ], [ 68.03348561200005, 26.272694253000054 ], [ 68.040676942000061, 26.265806689000044 ], [ 68.04560547400007, 26.259370303000026 ], [ 68.053931472000045, 26.24640378600003 ], [ 68.075910677000081, 26.234064874000069 ], [ 68.077899978000062, 26.227261533000046 ], [ 68.079257489000042, 26.216289931000063 ], [ 68.087021137000079, 26.207833389000029 ], [ 68.086828218000051, 26.20140841400007 ], [ 68.095428169000058, 26.180620202000057 ], [ 68.095848394000029, 26.178585211000041 ], [ 68.107980103000045, 26.168774192000058 ], [ 68.109314829000084, 26.167987627000059 ], [ 68.116858849000039, 26.156997237000041 ], [ 68.119236431000047, 26.15409451000005 ], [ 68.12614945100006, 26.149949124000045 ], [ 68.132880942000043, 26.147555609000051 ], [ 68.135016403000066, 26.145852500000046 ], [ 68.137124354000036, 26.142795119000027 ], [ 68.138679649000039, 26.140038684000046 ], [ 68.137319091000052, 26.134658840000043 ], [ 68.137351711000065, 26.133885 ], [ 68.138089361000084, 26.132328781000069 ], [ 68.142058348000035, 26.125483505000034 ], [ 68.143157647000066, 26.12336560500006 ], [ 68.143254439000032, 26.122793923000074 ], [ 68.148240312000041, 26.12025697200005 ], [ 68.149320261000071, 26.119400392000045 ], [ 68.150053572906145, 26.115985925333522 ] ] } },
{ "type": "Feature", "properties": { "code": "BND153", "name": "SEHWAN PROTECTION BUND" }, "geometry": { "type": "LineString", "coordinates": [ [ 67.864844290000065, 26.400715593000029 ], [ 67.866105731000061, 26.40549108700003 ], [ 67.866046022000035, 26.410362045000056 ], [ 67.865872869000043, 26.411808863000033 ], [ 67.865483059000042, 26.412990112000045 ], [ 67.867059450000056, 26.419854573000066 ], [ 67.868621989000076, 26.422140469000055 ], [ 67.868582604000039, 26.424087633000056 ], [ 67.868135123000059, 26.426607190000027 ], [ 67.867455524000036, 26.428427751000072 ], [ 67.867423639000037, 26.430008797000028 ], [ 67.86617798900005, 26.432180277000043 ], [ 67.864633228000059, 26.433986103000052 ], [ 67.862666120000029, 26.43497719800007 ], [ 67.861542041000064, 26.435198151000066 ], [ 67.852812297000071, 26.434933559000058 ], [ 67.851654678000045, 26.433674014000076 ], [ 67.84995092500003, 26.430810575000066 ], [ 67.846391377000032, 26.429004908000024 ], [ 67.842839936000075, 26.424341671000036 ], [ 67.840954952000061, 26.417798179000044 ], [ 67.838982117000057, 26.415009816000065 ], [ 67.836187875000064, 26.410652931000072 ], [ 67.833054726000057, 26.407311697000068 ], [ 67.833233564000068, 26.403228588000047 ], [ 67.832139501000029, 26.400658718000045 ], [ 67.833168870000065, 26.397247427000025 ], [ 67.832983510000076, 26.395916822000061 ], [ 67.837335711000037, 26.397170106000033 ], [ 67.845587601000034, 26.396396781000078 ], [ 67.849938540000039, 26.397596042000032 ], [ 67.857561066000073, 26.398037804000069 ], [ 67.858788293000032, 26.398291959000062 ], [ 67.862062853000054, 26.400058325000032 ], [ 67.863371380000046, 26.400231269000074 ], [ 67.864835074000041, 26.400720352000064 ], [ 67.861931444000049, 26.400123199000063 ], [ 67.857999522000057, 26.398260352000023 ], [ 67.850065882000081, 26.397795505000033 ], [ 67.844846664000045, 26.39655523600004 ], [ 67.838194527000041, 26.397363669000072 ], [ 67.835107424000057, 26.396880561000046 ], [ 67.833146019000083, 26.39620207400003 ], [ 67.83341718500003, 26.397153618000061 ], [ 67.832261929000083, 26.400736455000072 ], [ 67.833377674000076, 26.403040919000034 ], [ 67.833260994000057, 26.407439879000037 ], [ 67.836789260000046, 26.411140156000044 ], [ 67.838943273000041, 26.414799385000038 ], [ 67.841123089000064, 26.41774446900007 ], [ 67.843003081000063, 26.424395853000078 ], [ 67.845126264000044, 26.426785258000052 ], [ 67.846498436000047, 26.428895517000058 ], [ 67.849997600000052, 26.430694844000072 ], [ 67.851941017000058, 26.433769106000057 ], [ 67.853355039000064, 26.434901051000054 ], [ 67.859813532000032, 26.434749757000077 ], [ 67.861196217000042, 26.435003796000046 ], [ 67.862775488000068, 26.434770423000032 ], [ 67.864582960000064, 26.43391271400003 ], [ 67.866039348000072, 26.432219392000036 ], [ 67.867394216000037, 26.429906747000075 ], [ 67.867349016000048, 26.428415317000031 ], [ 67.868034750000049, 26.426696956000058 ], [ 67.868502681000052, 26.423975346000077 ], [ 67.86851116400004, 26.42209407100006 ], [ 67.867013752000048, 26.419990016000042 ], [ 67.865366728000083, 26.412708903000066 ], [ 67.865953551000075, 26.41044253900003 ], [ 67.865998365000053, 26.405553269000052 ], [ 67.86478270200007, 26.400855825000065 ] ] } },
{ "type": "Feature", "properties": { "code": "BND154", "name": "SEHWAN PROTECTION BUND" }, "geometry": { "type": "LineString", "coordinates": [ [ 67.864844290000065, 26.400715593000029 ], [ 67.866105731000061, 26.40549108700003 ], [ 67.866046022000035, 26.410362045000056 ], [ 67.865872869000043, 26.411808863000033 ], [ 67.865483059000042, 26.412990112000045 ], [ 67.867059450000056, 26.419854573000066 ], [ 67.868621989000076, 26.422140469000055 ], [ 67.868582604000039, 26.424087633000056 ], [ 67.868135123000059, 26.426607190000027 ], [ 67.867455524000036, 26.428427751000072 ], [ 67.867423639000037, 26.430008797000028 ], [ 67.86617798900005, 26.432180277000043 ], [ 67.864633228000059, 26.433986103000052 ], [ 67.862666120000029, 26.43497719800007 ], [ 67.861542041000064, 26.435198151000066 ], [ 67.852812297000071, 26.434933559000058 ], [ 67.851654678000045, 26.433674014000076 ], [ 67.84995092500003, 26.430810575000066 ], [ 67.846391377000032, 26.429004908000024 ], [ 67.842839936000075, 26.424341671000036 ], [ 67.840954952000061, 26.417798179000044 ], [ 67.838982117000057, 26.415009816000065 ], [ 67.836187875000064, 26.410652931000072 ], [ 67.833054726000057, 26.407311697000068 ], [ 67.833233564000068, 26.403228588000047 ], [ 67.832139501000029, 26.400658718000045 ], [ 67.833168870000065, 26.397247427000025 ], [ 67.832983510000076, 26.395916822000061 ], [ 67.837335711000037, 26.397170106000033 ], [ 67.845587601000034, 26.396396781000078 ], [ 67.849938540000039, 26.397596042000032 ], [ 67.857561066000073, 26.398037804000069 ], [ 67.858788293000032, 26.398291959000062 ], [ 67.862062853000054, 26.400058325000032 ], [ 67.863371380000046, 26.400231269000074 ], [ 67.864835074000041, 26.400720352000064 ], [ 67.861931444000049, 26.400123199000063 ], [ 67.857999522000057, 26.398260352000023 ], [ 67.850065882000081, 26.397795505000033 ], [ 67.844846664000045, 26.39655523600004 ], [ 67.838194527000041, 26.397363669000072 ], [ 67.835107424000057, 26.396880561000046 ], [ 67.833146019000083, 26.39620207400003 ], [ 67.83341718500003, 26.397153618000061 ], [ 67.832261929000083, 26.400736455000072 ], [ 67.833377674000076, 26.403040919000034 ], [ 67.833260994000057, 26.407439879000037 ], [ 67.836789260000046, 26.411140156000044 ], [ 67.838943273000041, 26.414799385000038 ], [ 67.841123089000064, 26.41774446900007 ], [ 67.843003081000063, 26.424395853000078 ], [ 67.845126264000044, 26.426785258000052 ], [ 67.846498436000047, 26.428895517000058 ], [ 67.849997600000052, 26.430694844000072 ], [ 67.851941017000058, 26.433769106000057 ], [ 67.853355039000064, 26.434901051000054 ], [ 67.859813532000032, 26.434749757000077 ], [ 67.861196217000042, 26.435003796000046 ], [ 67.862775488000068, 26.434770423000032 ], [ 67.864582960000064, 26.43391271400003 ], [ 67.866039348000072, 26.432219392000036 ], [ 67.867394216000037, 26.429906747000075 ], [ 67.867349016000048, 26.428415317000031 ], [ 67.868034750000049, 26.426696956000058 ], [ 67.868502681000052, 26.423975346000077 ], [ 67.86851116400004, 26.42209407100006 ], [ 67.867013752000048, 26.419990016000042 ], [ 67.865366728000083, 26.412708903000066 ], [ 67.865953551000075, 26.41044253900003 ], [ 67.865998365000053, 26.405553269000052 ], [ 67.86478270200007, 26.400855825000065 ] ] } },
{ "type": "Feature", "properties": { "code": "BND155", "name": "SEHWAN PROTECTION BUND" }, "geometry": { "type": "LineString", "coordinates": [ [ 67.864844290000065, 26.400715593000029 ], [ 67.866105731000061, 26.40549108700003 ], [ 67.866046022000035, 26.410362045000056 ], [ 67.865872869000043, 26.411808863000033 ], [ 67.865483059000042, 26.412990112000045 ], [ 67.867059450000056, 26.419854573000066 ], [ 67.868621989000076, 26.422140469000055 ], [ 67.868582604000039, 26.424087633000056 ], [ 67.868135123000059, 26.426607190000027 ], [ 67.867455524000036, 26.428427751000072 ], [ 67.867423639000037, 26.430008797000028 ], [ 67.86617798900005, 26.432180277000043 ], [ 67.864633228000059, 26.433986103000052 ], [ 67.862666120000029, 26.43497719800007 ], [ 67.861542041000064, 26.435198151000066 ], [ 67.852812297000071, 26.434933559000058 ], [ 67.851654678000045, 26.433674014000076 ], [ 67.84995092500003, 26.430810575000066 ], [ 67.846391377000032, 26.429004908000024 ], [ 67.842839936000075, 26.424341671000036 ], [ 67.840954952000061, 26.417798179000044 ], [ 67.838982117000057, 26.415009816000065 ], [ 67.836187875000064, 26.410652931000072 ], [ 67.833054726000057, 26.407311697000068 ], [ 67.833233564000068, 26.403228588000047 ], [ 67.832139501000029, 26.400658718000045 ], [ 67.833168870000065, 26.397247427000025 ], [ 67.832983510000076, 26.395916822000061 ], [ 67.837335711000037, 26.397170106000033 ], [ 67.845587601000034, 26.396396781000078 ], [ 67.849938540000039, 26.397596042000032 ], [ 67.857561066000073, 26.398037804000069 ], [ 67.858788293000032, 26.398291959000062 ], [ 67.862062853000054, 26.400058325000032 ], [ 67.863371380000046, 26.400231269000074 ], [ 67.864835074000041, 26.400720352000064 ], [ 67.861931444000049, 26.400123199000063 ], [ 67.857999522000057, 26.398260352000023 ], [ 67.850065882000081, 26.397795505000033 ], [ 67.844846664000045, 26.39655523600004 ], [ 67.838194527000041, 26.397363669000072 ], [ 67.835107424000057, 26.396880561000046 ], [ 67.833146019000083, 26.39620207400003 ], [ 67.83341718500003, 26.397153618000061 ], [ 67.832261929000083, 26.400736455000072 ], [ 67.833377674000076, 26.403040919000034 ], [ 67.833260994000057, 26.407439879000037 ], [ 67.836789260000046, 26.411140156000044 ], [ 67.838943273000041, 26.414799385000038 ], [ 67.841123089000064, 26.41774446900007 ], [ 67.843003081000063, 26.424395853000078 ], [ 67.845126264000044, 26.426785258000052 ], [ 67.846498436000047, 26.428895517000058 ], [ 67.849997600000052, 26.430694844000072 ], [ 67.851941017000058, 26.433769106000057 ], [ 67.853355039000064, 26.434901051000054 ], [ 67.859813532000032, 26.434749757000077 ], [ 67.861196217000042, 26.435003796000046 ], [ 67.862775488000068, 26.434770423000032 ], [ 67.864582960000064, 26.43391271400003 ], [ 67.866039348000072, 26.432219392000036 ], [ 67.867394216000037, 26.429906747000075 ], [ 67.867349016000048, 26.428415317000031 ], [ 67.868034750000049, 26.426696956000058 ], [ 67.868502681000052, 26.423975346000077 ], [ 67.86851116400004, 26.42209407100006 ], [ 67.867013752000048, 26.419990016000042 ], [ 67.865366728000083, 26.412708903000066 ], [ 67.865953551000075, 26.41044253900003 ], [ 67.865998365000053, 26.405553269000052 ], [ 67.86478270200007, 26.400855825000065 ] ] } },
{ "type": "Feature", "properties": { "code": "BND159", "name": "U / S MARGINAL BUND" }, "geometry": { "type": "LineString", "coordinates": [ [ 69.932174796000083, 28.428474508000079 ], [ 69.931071104000068, 28.429907447000062 ], [ 69.930081337000047, 28.430480762000059 ], [ 69.92673374900005, 28.430189821000056 ], [ 69.914473451000049, 28.428636850000032 ], [ 69.902168113000073, 28.423672053000075 ], [ 69.900148763000061, 28.423276872000031 ], [ 69.889573701000074, 28.423981873000059 ], [ 69.888092887000084, 28.424346066000055 ], [ 69.870151841000052, 28.435038396000039 ], [ 69.86808278400008, 28.434762785000032 ], [ 69.866538412000068, 28.434354734000067 ], [ 69.846007068000063, 28.423048458000039 ], [ 69.843288575000031, 28.417438784000069 ], [ 69.834987672000068, 28.418112166000071 ], [ 69.832541688000049, 28.417494574000045 ], [ 69.82842714700007, 28.414312776000031 ], [ 69.817389484000046, 28.409626235000076 ], [ 69.816348024000035, 28.408816199000057 ], [ 69.815190925000081, 28.407162897000035 ], [ 69.814359725000031, 28.404257866000023 ], [ 69.814218071000084, 28.402028158000064 ], [ 69.813182639000047, 28.40159198300006 ], [ 69.792800990000046, 28.383303690000048 ], [ 69.788409558000069, 28.38046967300005 ], [ 69.785489538000036, 28.379241223000065 ], [ 69.78178893200004, 28.378139744000066 ], [ 69.777811463000035, 28.377649495000071 ], [ 69.77301281900003, 28.377837896000074 ], [ 69.769313066000052, 28.378631056000074 ], [ 69.764699699000062, 28.380406436000044 ], [ 69.762371913000038, 28.381873098000028 ], [ 69.744869792000031, 28.395079115000044 ], [ 69.739721969000072, 28.400013061000038 ], [ 69.722639279000077, 28.417678760000058 ], [ 69.719887388000075, 28.415696472000036 ], [ 69.720151509000061, 28.41552226500005 ], [ 69.722449750000067, 28.417268827000044 ], [ 69.743386642000075, 28.396086847000049 ], [ 69.763466192000067, 28.38095723400005 ], [ 69.765093123000042, 28.380039461000024 ], [ 69.769765894000045, 28.378296265000074 ], [ 69.774867335000067, 28.377468691000047 ], [ 69.779057643000044, 28.377530960000058 ], [ 69.783288908000031, 28.378308161000064 ], [ 69.786953527000037, 28.379609861000063 ], [ 69.791225334000046, 28.381908046000035 ], [ 69.794086450000066, 28.38417314700007 ], [ 69.813183970000068, 28.401331792000065 ], [ 69.814171384000076, 28.401603270000066 ], [ 69.814451021000082, 28.402199070000052 ], [ 69.814512526000044, 28.404513181000027 ], [ 69.815203857000029, 28.406892546000051 ], [ 69.816095128000029, 28.408347525000067 ], [ 69.81757920900003, 28.409532359000025 ], [ 69.829309171000034, 28.41450756100005 ], [ 69.832734970000047, 28.417362501000071 ], [ 69.834562609000045, 28.417929610000044 ], [ 69.843316006000066, 28.417270192000046 ], [ 69.845775824000043, 28.422525059000066 ], [ 69.846317917000079, 28.423138231000053 ], [ 69.867048853000028, 28.434429934000036 ], [ 69.870286413000031, 28.434831602000031 ], [ 69.888115098000071, 28.424078586000064 ], [ 69.89129562800008, 28.423647374000041 ], [ 69.900499078000053, 28.423160861000042 ], [ 69.902034226000069, 28.423511570000073 ], [ 69.913528497000073, 28.428181537000057 ], [ 69.918767736000063, 28.429095934000031 ], [ 69.929927688000078, 28.430277389000025 ], [ 69.93069132800008, 28.429897280000034 ], [ 69.931963168000038, 28.428336132000027 ], [ 69.932198879000055, 28.428465404000065 ] ] } },
{ "type": "Feature", "properties": { "code": "BND160", "name": "U / S MARGINAL BUND" }, "geometry": { "type": "LineString", "coordinates": [ [ 69.932174796000083, 28.428474508000079 ], [ 69.931071104000068, 28.429907447000062 ], [ 69.930081337000047, 28.430480762000059 ], [ 69.92673374900005, 28.430189821000056 ], [ 69.914473451000049, 28.428636850000032 ], [ 69.902168113000073, 28.423672053000075 ], [ 69.900148763000061, 28.423276872000031 ], [ 69.889573701000074, 28.423981873000059 ], [ 69.888092887000084, 28.424346066000055 ], [ 69.870151841000052, 28.435038396000039 ], [ 69.86808278400008, 28.434762785000032 ], [ 69.866538412000068, 28.434354734000067 ], [ 69.846007068000063, 28.423048458000039 ], [ 69.843288575000031, 28.417438784000069 ], [ 69.834987672000068, 28.418112166000071 ], [ 69.832541688000049, 28.417494574000045 ], [ 69.82842714700007, 28.414312776000031 ], [ 69.817389484000046, 28.409626235000076 ], [ 69.816348024000035, 28.408816199000057 ], [ 69.815190925000081, 28.407162897000035 ], [ 69.814359725000031, 28.404257866000023 ], [ 69.814218071000084, 28.402028158000064 ], [ 69.813182639000047, 28.40159198300006 ], [ 69.792800990000046, 28.383303690000048 ], [ 69.788409558000069, 28.38046967300005 ], [ 69.785489538000036, 28.379241223000065 ], [ 69.78178893200004, 28.378139744000066 ], [ 69.777811463000035, 28.377649495000071 ], [ 69.77301281900003, 28.377837896000074 ], [ 69.769313066000052, 28.378631056000074 ], [ 69.764699699000062, 28.380406436000044 ], [ 69.762371913000038, 28.381873098000028 ], [ 69.744869792000031, 28.395079115000044 ], [ 69.739721969000072, 28.400013061000038 ], [ 69.722639279000077, 28.417678760000058 ], [ 69.719887388000075, 28.415696472000036 ], [ 69.720151509000061, 28.41552226500005 ], [ 69.722449750000067, 28.417268827000044 ], [ 69.743386642000075, 28.396086847000049 ], [ 69.763466192000067, 28.38095723400005 ], [ 69.765093123000042, 28.380039461000024 ], [ 69.769765894000045, 28.378296265000074 ], [ 69.774867335000067, 28.377468691000047 ], [ 69.779057643000044, 28.377530960000058 ], [ 69.783288908000031, 28.378308161000064 ], [ 69.786953527000037, 28.379609861000063 ], [ 69.791225334000046, 28.381908046000035 ], [ 69.794086450000066, 28.38417314700007 ], [ 69.813183970000068, 28.401331792000065 ], [ 69.814171384000076, 28.401603270000066 ], [ 69.814451021000082, 28.402199070000052 ], [ 69.814512526000044, 28.404513181000027 ], [ 69.815203857000029, 28.406892546000051 ], [ 69.816095128000029, 28.408347525000067 ], [ 69.81757920900003, 28.409532359000025 ], [ 69.829309171000034, 28.41450756100005 ], [ 69.832734970000047, 28.417362501000071 ], [ 69.834562609000045, 28.417929610000044 ], [ 69.843316006000066, 28.417270192000046 ], [ 69.845775824000043, 28.422525059000066 ], [ 69.846317917000079, 28.423138231000053 ], [ 69.867048853000028, 28.434429934000036 ], [ 69.870286413000031, 28.434831602000031 ], [ 69.888115098000071, 28.424078586000064 ], [ 69.89129562800008, 28.423647374000041 ], [ 69.900499078000053, 28.423160861000042 ], [ 69.902034226000069, 28.423511570000073 ], [ 69.913528497000073, 28.428181537000057 ], [ 69.918767736000063, 28.429095934000031 ], [ 69.929927688000078, 28.430277389000025 ], [ 69.93069132800008, 28.429897280000034 ], [ 69.931963168000038, 28.428336132000027 ], [ 69.932198879000055, 28.428465404000065 ] ] } },
{ "type": "Feature", "properties": { "code": "BND161", "name": "ULRA LOOP BUND" }, "geometry": { "type": "LineString", "coordinates": [ [ 68.721692446000077, 27.679578112000058 ], [ 68.717858008000064, 27.682757103000029 ], [ 68.70640252700008, 27.685101751000047 ], [ 68.696355636000078, 27.686156029000074 ], [ 68.692690291000076, 27.685867457000029 ], [ 68.69181511000005, 27.686329242000056 ], [ 68.685829145000071, 27.691466391000063 ], [ 68.685889160000045, 27.706603962000031 ] ] } },
{ "type": "Feature", "properties": { "code": "BND162", "name": "ULRA LOOP BUND" }, "geometry": { "type": "LineString", "coordinates": [ [ 68.721692446000077, 27.679578112000058 ], [ 68.717858008000064, 27.682757103000029 ], [ 68.70640252700008, 27.685101751000047 ], [ 68.696355636000078, 27.686156029000074 ], [ 68.692690291000076, 27.685867457000029 ], [ 68.69181511000005, 27.686329242000056 ], [ 68.685829145000071, 27.691466391000063 ], [ 68.685889160000045, 27.706603962000031 ] ] } },
{ "type": "Feature", "properties": { "code": "BND163", "name": "ULRA LOOP BUND" }, "geometry": { "type": "LineString", "coordinates": [ [ 68.721692446000077, 27.679578112000058 ], [ 68.717858008000064, 27.682757103000029 ], [ 68.70640252700008, 27.685101751000047 ], [ 68.696355636000078, 27.686156029000074 ], [ 68.692690291000076, 27.685867457000029 ], [ 68.69181511000005, 27.686329242000056 ], [ 68.685829145000071, 27.691466391000063 ], [ 68.685889160000045, 27.706603962000031 ] ] } },
{ "type": "Feature", "properties": { "code": "BND164", "name": "WEST FEEDER BUND" }, "geometry": { "type": "LineString", "coordinates": [ [ 68.731597924000084, 27.662285234000024 ], [ 68.728371874000061, 27.660943477000046 ], [ 68.722760534000031, 27.657187060000069 ], [ 68.721321178000039, 27.656534988000033 ], [ 68.720670062000067, 27.655817537000075 ], [ 68.720591244000047, 27.656183016000057 ], [ 68.721134576000054, 27.656647599000053 ], [ 68.727172230000065, 27.660473293000052 ], [ 68.730196447000083, 27.662035316000072 ], [ 68.731600365000077, 27.662299344000076 ] ] } },
{ "type": "Feature", "properties": { "code": "BND165", "name": "WEST FEEDER BUND" }, "geometry": { "type": "LineString", "coordinates": [ [ 68.731597924000084, 27.662285234000024 ], [ 68.728371874000061, 27.660943477000046 ], [ 68.722760534000031, 27.657187060000069 ], [ 68.721321178000039, 27.656534988000033 ], [ 68.720670062000067, 27.655817537000075 ], [ 68.720591244000047, 27.656183016000057 ], [ 68.721134576000054, 27.656647599000053 ], [ 68.727172230000065, 27.660473293000052 ], [ 68.730196447000083, 27.662035316000072 ], [ 68.731600365000077, 27.662299344000076 ] ] } },
{ "type": "Feature", "properties": { "code": "BND166", "name": "WEST FEEDER BUND" }, "geometry": { "type": "MultiLineString", "coordinates": [ [ [ 68.677671212000064, 27.630080176000035 ], [ 68.67110572100006, 27.630191073000049 ], [ 68.62154048900004, 27.621714608000048 ], [ 68.593513689000076, 27.609798561000048 ], [ 68.593494822283617, 27.609830167963896 ] ], [ [ 68.593494822283617, 27.609830167963896 ], [ 68.593431727000052, 27.609935870000072 ], [ 68.593240523000077, 27.610277445000065 ], [ 68.592823338000073, 27.610990583000046 ], [ 68.592659557000047, 27.611162346000071 ], [ 68.592454155000041, 27.611240785000064 ], [ 68.579717451000079, 27.610670031000041 ], [ 68.576129623000043, 27.611500894000073 ], [ 68.575822137000046, 27.611464772000033 ], [ 68.575483223000049, 27.610952609000037 ], [ 68.574588404000053, 27.610648043000026 ], [ 68.573444728000084, 27.610814921000042 ], [ 68.571169399000041, 27.610660207000024 ], [ 68.569565118000071, 27.610408378000045 ], [ 68.560499838000055, 27.601206328000046 ], [ 68.556292185000075, 27.598709348000057 ], [ 68.552279812000052, 27.597444559000053 ], [ 68.546987487000081, 27.597463029000039 ], [ 68.543309707000049, 27.598801562000062 ], [ 68.540530943000078, 27.598379274000024 ], [ 68.539225194000039, 27.597914899000045 ], [ 68.538910305000059, 27.597388405000061 ], [ 68.539058348000083, 27.593516684000065 ], [ 68.540136479000068, 27.591542243000049 ], [ 68.540088548000028, 27.590250322000031 ], [ 68.540709495000044, 27.588279446000058 ], [ 68.540181732000065, 27.586710288000063 ], [ 68.540721753000071, 27.584020124000062 ], [ 68.54038336900004, 27.582378452000057 ], [ 68.540691413000047, 27.57580557600005 ], [ 68.539756208000028, 27.572216123000032 ], [ 68.537559295000051, 27.569567813000049 ], [ 68.532573015000082, 27.56459972600004 ], [ 68.527523957000028, 27.562157484000068 ], [ 68.526195091000034, 27.561353036000071 ], [ 68.522090487000071, 27.556732657000055 ], [ 68.521238364000055, 27.554946154000049 ], [ 68.51768476400008, 27.550592354000059 ], [ 68.515507982000031, 27.548980125000071 ], [ 68.512918257000081, 27.547849 ], [ 68.508488789000069, 27.547417322000058 ], [ 68.50543424600005, 27.546462385000041 ], [ 68.503994903000034, 27.546705020000047 ], [ 68.503505041000039, 27.547394870000062 ], [ 68.503141407000044, 27.547538979000024 ], [ 68.500440648000051, 27.547035594000079 ], [ 68.499854402000039, 27.546583879000025 ], [ 68.49817575000003, 27.54689329200005 ], [ 68.49638132900003, 27.547683284000072 ], [ 68.496251508000057, 27.547430623000025 ], [ 68.497049797000045, 27.547303551000027 ], [ 68.498053668000068, 27.546616411000059 ], [ 68.499882405000051, 27.546350128000029 ], [ 68.500597098000071, 27.546884046000059 ], [ 68.503281242000071, 27.547358484000029 ], [ 68.503973011000028, 27.546554096000023 ], [ 68.505204904000038, 27.546325695000064 ], [ 68.508629804000066, 27.54727467400005 ], [ 68.513158216000079, 27.547731722000037 ], [ 68.516022785000075, 27.549003357000061 ], [ 68.517919057000029, 27.550601655000037 ], [ 68.521290718000046, 27.554745506000074 ], [ 68.522228504000054, 27.556633507000072 ], [ 68.52589071500006, 27.560855219000075 ], [ 68.527503591000084, 27.562066599000048 ], [ 68.532824414000061, 27.564571627000078 ], [ 68.53785685400004, 27.569670708000046 ], [ 68.540016199000036, 27.572324266000066 ], [ 68.540833464000059, 27.575722986000073 ], [ 68.540670894000073, 27.58215853400003 ], [ 68.540975690000039, 27.583960681000065 ], [ 68.540554465000071, 27.585023937000074 ], [ 68.540515585000037, 27.587184290000039 ], [ 68.540977399000042, 27.588102818000038 ], [ 68.540292492000049, 27.590127772000073 ], [ 68.54020446800007, 27.591963305000036 ], [ 68.539303620000055, 27.593476224000028 ], [ 68.539029314000061, 27.59737984700007 ], [ 68.539723368000068, 27.598063170000046 ], [ 68.543638446000045, 27.598659593000036 ], [ 68.546909999000036, 27.597258010000076 ], [ 68.552468387000033, 27.597153288000072 ], [ 68.557130812000082, 27.59878382900007 ], [ 68.560703580000052, 27.601112960000023 ], [ 68.562233493000065, 27.602488408000056 ], [ 68.567163898000047, 27.607312766000064 ], [ 68.56983355400007, 27.610401409000076 ], [ 68.574589669000034, 27.610608278000029 ], [ 68.575544583000067, 27.610918983000033 ], [ 68.576043797000068, 27.611423028000047 ], [ 68.57966375400008, 27.610627178000072 ], [ 68.59226889100006, 27.61117781300004 ], [ 68.592652646000033, 27.611121910000065 ], [ 68.59345471000006, 27.609774668000057 ], [ 68.593507714000054, 27.609792193000033 ], [ 68.593494822283617, 27.609830167963896 ] ], [ [ 68.593494822283617, 27.609830167963896 ], [ 68.593485049000037, 27.609858957000029 ], [ 68.59371083700006, 27.609971200000075 ], [ 68.596235903000036, 27.611143202000051 ], [ 68.621003891000043, 27.621659433000048 ], [ 68.671104224000032, 27.630315808000034 ], [ 68.677703338000072, 27.630201456000066 ] ] ] } },
{ "type": "Feature", "properties": { "code": "BND167", "name": "WEST FEEDER BUND" }, "geometry": { "type": "LineString", "coordinates": [ [ 68.619145250000031, 27.620961598000065 ], [ 68.618604231000063, 27.622455840000043 ], [ 68.618678314000078, 27.625767513000028 ], [ 68.613585790000059, 27.640791863000061 ], [ 68.612811151000074, 27.641913152000029 ], [ 68.614228242000081, 27.638705449000042 ], [ 68.61853108400004, 27.625759213000038 ], [ 68.61850174500006, 27.62222110700003 ], [ 68.618900817000053, 27.620913742000027 ] ] } },
{ "type": "Feature", "properties": { "code": "BND168", "name": "WEST FEEDER BUND" }, "geometry": { "type": "LineString", "coordinates": [ [ 68.731597924000084, 27.662285234000024 ], [ 68.728371874000061, 27.660943477000046 ], [ 68.722760534000031, 27.657187060000069 ], [ 68.721321178000039, 27.656534988000033 ], [ 68.719177157000047, 27.653838005000068 ], [ 68.715378515000054, 27.651959877000024 ], [ 68.714579333000074, 27.650540680000063 ], [ 68.713393265000036, 27.649835794000069 ], [ 68.712949163000076, 27.649029934000055 ], [ 68.712304307000068, 27.648529781000036 ], [ 68.710933454000042, 27.647729025000046 ], [ 68.711156845000062, 27.647890969000059 ], [ 68.706092259000059, 27.645454519000054 ], [ 68.703624939000065, 27.644582138000033 ], [ 68.70264811100003, 27.644329783000046 ], [ 68.701014203000057, 27.644057811000039 ], [ 68.699934245000065, 27.643992312000023 ], [ 68.698674064000045, 27.643611729000042 ], [ 68.697019404000059, 27.643256401000031 ], [ 68.695311739000033, 27.643091928000047 ], [ 68.694771689000049, 27.64275604200003 ], [ 68.694593189000045, 27.642696326000078 ], [ 68.692749663000029, 27.642976376000036 ], [ 68.692409692000069, 27.642248247000055 ], [ 68.692005911000081, 27.641966668000066 ], [ 68.683541008000077, 27.637813812000047 ], [ 68.679106918000059, 27.633921069000053 ], [ 68.677983877000031, 27.633320945000037 ], [ 68.676683282000056, 27.632247407000023 ], [ 68.675241854000035, 27.631422851000025 ], [ 68.675989195000056, 27.630798245000051 ], [ 68.677700386000083, 27.630602884000041 ], [ 68.677784036000048, 27.630192494000028 ], [ 68.677604421000069, 27.630547389000071 ], [ 68.676181220000046, 27.63069478500006 ], [ 68.675379748000069, 27.631064244000072 ], [ 68.675241941000081, 27.631237976000023 ], [ 68.675158372000055, 27.631448703000046 ], [ 68.677949323000064, 27.633353963000047 ], [ 68.679034196000032, 27.633923743000025 ], [ 68.683589896000058, 27.637936729000046 ], [ 68.692123696000067, 27.642082759000061 ], [ 68.692482424000048, 27.642811251000069 ], [ 68.692812096000068, 27.643029484000067 ], [ 68.694645369000057, 27.642745200000036 ], [ 68.695272300000056, 27.643116530000043 ], [ 68.696847580000053, 27.643262402000062 ], [ 68.699986356000068, 27.644053889000077 ], [ 68.70366819000003, 27.644626233000054 ], [ 68.710913917000028, 27.647792690000074 ], [ 68.712655251000058, 27.648954808000042 ], [ 68.713365446000068, 27.649977397000043 ], [ 68.714506223000058, 27.650605092000035 ], [ 68.71537681600006, 27.652107614000045 ], [ 68.719004042000051, 27.653889149000065 ], [ 68.721134576000054, 27.656647599000053 ], [ 68.728735713000049, 27.661345156000039 ], [ 68.731600365000077, 27.662299344000076 ] ] } }
]
}
