{
"type": "FeatureCollection",
"name": "canals",
"crs": { "type": "name", "properties": { "name": "urn:ogc:def:crs:OGC:1.3:CRS84" } },
"features": [
{ "type": "Feature", "properties": { "name": "Rice Canal", "descriptio": "Unknown Line Type<BR><BR><B>NAME</B> = Pinyari Feeder Lower<BR><BR><B>TYPE</B> = Canal<BR><BR><B>NAME</B> = Rice Canal<BR><B>LAYER</B> = Unknown Line Type<BR><BR><B>NAME</B> = Rice Canal<BR><BR><B>TYPE</B> = Canal<BR><B>GM_TYPE</B> = Unknown Line Type" }, "geometry": { "type": "LineString", "coordinates": [ [ 68.84603281, 27.68671195, 0.0 ], [ 68.84402951, 27.69453539, 0.0 ], [ 68.84260595, 27.69773885, 0.0 ], [ 68.84124314, 27.70000242, 0.0 ], [ 68.83903885, 27.70275113, 0.0 ], [ 68.83635119, 27.70560772, 0.0 ], [ 68.83349381, 27.70771744, 0.0 ], [ 68.808117, 27.72270318, 0.0 ], [ 68.77870433, 27.74355393, 0.0 ], [ 68.77201426, 27.74857646, 0.0 ], [ 68.76668438, 27.75333082, 0.0 ], [ 68.7579326, 27.761934, 0.0 ], [ 68.75261935, 27.76591893, 0.0 ], [ 68.7438687, 27.77120389, 0.0 ], [ 68.73553103, 27.7750881, 0.0 ], [ 68.72920999, 27.77863172, 0.0 ], [ 68.6915207, 27.80514576, 0.0 ], [ 68.68583518, 27.80821972, 0.0 ], [ 68.67909499, 27.81126382, 0.0 ], [ 68.6726329, 27.81326796, 0.0 ], [ 68.66090158, 27.81571059, 0.0 ], [ 68.6538095, 27.8163571, 0.0 ], [ 68.64645823, 27.81624668, 0.0 ], [ 68.63782348, 27.81546805, 0.0 ], [ 68.62760475, 27.81363567, 0.0 ], [ 68.61927995, 27.81136415, 0.0 ], [ 68.55809005, 27.78938571, 0.0 ], [ 68.52190663, 27.77935709, 0.0 ], [ 68.51677167, 27.77729566, 0.0 ], [ 68.38322958, 27.70371241, 0.0 ], [ 68.3796823, 27.70098989, 0.0 ], [ 68.35842853, 27.68055454, 0.0 ], [ 68.35215358, 27.67514105, 0.0 ], [ 68.34168165, 27.66461204, 0.0 ], [ 68.337257, 27.66066727, 0.0 ], [ 68.33132698, 27.65637981, 0.0 ], [ 68.29949041, 27.63574887, 0.0 ], [ 68.24950201, 27.61146905, 0.0 ], [ 68.24626566, 27.60938503, 0.0 ], [ 68.2430358, 27.60642351, 0.0 ], [ 68.24023346, 27.60302119, 0.0 ], [ 68.21437987, 27.56617319, 0.0 ], [ 68.21164675, 27.56397254, 0.0 ], [ 68.20305191, 27.55967121, 0.0 ], [ 68.1997683, 27.55767394, 0.0 ], [ 68.19679718, 27.55532009, 0.0 ], [ 68.1940393, 27.55236324, 0.0 ], [ 68.19166256, 27.54883787, 0.0 ], [ 68.19038278, 27.54633135, 0.0 ], [ 68.18896172, 27.54228278, 0.0 ], [ 68.18745921, 27.53548229, 0.0 ], [ 68.18549844, 27.53153874, 0.0 ], [ 68.18175195, 27.52720922, 0.0 ], [ 68.15844615, 27.50435051, 0.0 ], [ 68.15594801, 27.5012166, 0.0 ], [ 68.08080142, 27.39142942, 0.0 ], [ 68.03768196, 27.34087936, 0.0 ], [ 68.0345253, 27.33828493, 0.0 ], [ 68.02458139, 27.33244309, 0.0 ], [ 68.0216901, 27.32948569, 0.0 ], [ 68.02071487, 27.32771824, 0.0 ], [ 68.01981976, 27.32506079, 0.0 ], [ 68.01627661, 27.30899267, 0.0 ], [ 68.01356085, 27.30096765, 0.0 ], [ 67.99175945, 27.25553187, 0.0 ], [ 67.9840474, 27.24377233, 0.0 ], [ 67.98242818, 27.23988371, 0.0 ], [ 67.97950114, 27.2303578, 0.0 ], [ 67.97073783, 27.21193837, 0.0 ], [ 67.96947177, 27.20967762, 0.0 ], [ 67.966261, 27.20649491, 0.0 ], [ 67.96351657, 27.20509083, 0.0 ], [ 67.95992089, 27.20439295, 0.0 ] ] } },
{ "type": "Feature", "properties": { "name": "Khairpur Feeder West", "descriptio": "Unknown Line Type<BR><BR><B>NAME</B> = Pinyari Feeder Lower<BR><BR><B>TYPE</B> = Canal<BR><BR><B>NAME</B> = Khairpur Feeder West<BR><B>LAYER</B> = Unknown Line Type<BR><BR><B>NAME</B> = Khairpur Feeder West<BR><BR><B>TYPE</B> = Canal<BR><B>GM_TYPE</B> =" }, "geometry": { "type": "LineString", "coordinates": [ [ 68.47279903, 27.51631395, 0.0 ], [ 68.47484644, 27.51617683, 0.0 ], [ 68.47658073, 27.51665867, 0.0 ], [ 68.48462578, 27.52199385, 0.0 ], [ 68.50943157, 27.53423927, 0.0 ], [ 68.51235594, 27.53610573, 0.0 ], [ 68.56117272, 27.59246828, 0.0 ], [ 68.56521252, 27.59657746, 0.0 ], [ 68.56831152, 27.59827442, 0.0 ], [ 68.61951272, 27.62078549, 0.0 ], [ 68.62307387, 27.62181134, 0.0 ], [ 68.64717767, 27.62576027, 0.0 ], [ 68.67107777, 27.63008001, 0.0 ], [ 68.67935127, 27.63013495, 0.0 ], [ 68.70015696, 27.63456119, 0.0 ], [ 68.73089515, 27.64202988, 0.0 ], [ 68.75144622, 27.64228811, 0.0 ], [ 68.75905806, 27.64071786, 0.0 ], [ 68.77756975, 27.63604016, 0.0 ], [ 68.78007099, 27.6357388, 0.0 ], [ 68.7830034, 27.6359595, 0.0 ], [ 68.79230181, 27.64105108, 0.0 ], [ 68.8069575, 27.64518725, 0.0 ], [ 68.80987946, 27.64631411, 0.0 ], [ 68.83139484, 27.66024506, 0.0 ], [ 68.84056636, 27.66517213, 0.0 ], [ 68.84551558, 27.6685331, 0.0 ], [ 68.84770685, 27.67058377, 0.0 ], [ 68.84805518, 27.67215249, 0.0 ], [ 68.84784264, 27.67377402, 0.0 ] ] } },
{ "type": "Feature", "properties": { "name": "Khairpur East Feeder", "descriptio": "Unknown Line Type<BR><BR><B>NAME</B> = Pinyari Feeder Lower<BR><BR><B>TYPE</B> = Canal<BR><BR><B>NAME</B> = Khairpur East Feeder<BR><B>LAYER</B> = Unknown Line Type<BR><BR><B>NAME</B> = Khairpur East Feeder<BR><BR><B>TYPE</B> = Canal<BR><B>GM_TYPE</B> =" }, "geometry": { "type": "LineString", "coordinates": [ [ 68.84990106, 27.67427233, 0.0 ], [ 68.85523443, 27.65511804, 0.0 ], [ 68.85635155, 27.646249, 0.0 ], [ 68.85617985, 27.63812785, 0.0 ], [ 68.85455108, 27.62920375, 0.0 ], [ 68.85197226, 27.62157664, 0.0 ], [ 68.8505424, 27.61835799, 0.0 ], [ 68.84574074, 27.61000365, 0.0 ], [ 68.8405823, 27.60335796, 0.0 ], [ 68.8363707, 27.59893449, 0.0 ], [ 68.8314567, 27.5946522, 0.0 ], [ 68.81959585, 27.58712336, 0.0 ], [ 68.81411822, 27.58445248, 0.0 ], [ 68.80736526, 27.58185381, 0.0 ], [ 68.77816125, 27.57382053, 0.0 ], [ 68.76936965, 27.5708623, 0.0 ], [ 68.76184137, 27.56730022, 0.0 ], [ 68.75393633, 27.56262281, 0.0 ], [ 68.75053021, 27.55922983, 0.0 ], [ 68.74828175, 27.55512436, 0.0 ], [ 68.74736864, 27.55075557, 0.0 ], [ 68.74784269, 27.54658876, 0.0 ], [ 68.74913313, 27.54316772, 0.0 ], [ 68.75237434, 27.53695695, 0.0 ], [ 68.75367433, 27.53363119, 0.0 ], [ 68.7530593, 27.53075152, 0.0 ], [ 68.75464534, 27.52623165, 0.0 ], [ 68.75951031, 27.51535493, 0.0 ], [ 68.76252572, 27.51103085, 0.0 ], [ 68.7631579, 27.51053017, 0.0 ], [ 68.76522584, 27.51070671, 0.0 ], [ 68.77215883, 27.50965316, 0.0 ], [ 68.77368528, 27.50871261, 0.0 ], [ 68.77593665, 27.5083859, 0.0 ], [ 68.77736533, 27.5077134, 0.0 ], [ 68.77818484, 27.5063497, 0.0 ], [ 68.77936133, 27.50552099, 0.0 ], [ 68.77982946, 27.50450079, 0.0 ], [ 68.78059785, 27.50026003, 0.0 ], [ 68.78112474, 27.49898042, 0.0 ], [ 68.78095284, 27.49750935, 0.0 ], [ 68.78169365, 27.49640518, 0.0 ], [ 68.78191896, 27.49539325, 0.0 ], [ 68.78130623, 27.49175243, 0.0 ], [ 68.78122603, 27.48781847, 0.0 ], [ 68.78301814, 27.48474329, 0.0 ], [ 68.78343374, 27.48128658, 0.0 ], [ 68.78184578, 27.47889877, 0.0 ], [ 68.78159517, 27.4779899, 0.0 ], [ 68.78235487, 27.47663591, 0.0 ], [ 68.78324409, 27.47382819, 0.0 ], [ 68.78201868, 27.46976119, 0.0 ], [ 68.78126164, 27.46425028, 0.0 ], [ 68.78001571, 27.46085287, 0.0 ], [ 68.77810781, 27.45801573, 0.0 ], [ 68.77561287, 27.45678111, 0.0 ], [ 68.7751956, 27.45604779, 0.0 ], [ 68.77552952, 27.45413623, 0.0 ], [ 68.774847, 27.45076269, 0.0 ], [ 68.77499798, 27.44823941, 0.0 ], [ 68.77450454, 27.4425572, 0.0 ], [ 68.77583716, 27.43173319, 0.0 ], [ 68.7753075, 27.42457956, 0.0 ], [ 68.77457293, 27.42281601, 0.0 ], [ 68.77348902, 27.42145581, 0.0 ], [ 68.77065654, 27.41915141, 0.0 ], [ 68.77052336, 27.41783607, 0.0 ], [ 68.76953684, 27.4163463, 0.0 ], [ 68.76928793, 27.41473047, 0.0 ], [ 68.76640791, 27.40818503, 0.0 ], [ 68.76566784, 27.40451789, 0.0 ], [ 68.76394063, 27.39958018, 0.0 ], [ 68.76232209, 27.39733153, 0.0 ], [ 68.75931847, 27.39410953, 0.0 ], [ 68.75269217, 27.39171819, 0.0 ], [ 68.74811455, 27.38935091, 0.0 ], [ 68.74668255, 27.38779094, 0.0 ], [ 68.74607651, 27.38504866, 0.0 ], [ 68.74252541, 27.37946748, 0.0 ], [ 68.73360544, 27.3739452, 0.0 ], [ 68.73284219, 27.37297432, 0.0 ], [ 68.73191938, 27.3708467, 0.0 ], [ 68.72820152, 27.36745061, 0.0 ], [ 68.7236579, 27.36483149, 0.0 ], [ 68.71415439, 27.36168621, 0.0 ], [ 68.70883092, 27.35846918, 0.0 ], [ 68.70468702, 27.35794102, 0.0 ], [ 68.70098299, 27.3547717, 0.0 ], [ 68.69946804, 27.35157975, 0.0 ], [ 68.69911504, 27.34951488, 0.0 ], [ 68.69763194, 27.34842672, 0.0 ], [ 68.69573776, 27.3463074, 0.0 ], [ 68.69482342, 27.34468267, 0.0 ], [ 68.69488219, 27.3429818, 0.0 ], [ 68.69349451, 27.33613208, 0.0 ], [ 68.69448647, 27.33045142, 0.0 ], [ 68.69380832, 27.3292563, 0.0 ], [ 68.69360168, 27.32749997, 0.0 ], [ 68.69218053, 27.32450662, 0.0 ], [ 68.69134588, 27.32031443, 0.0 ], [ 68.69015774, 27.31891228, 0.0 ], [ 68.68586611, 27.31635395, 0.0 ], [ 68.68543372, 27.31558249, 0.0 ], [ 68.68437748, 27.3110269, 0.0 ], [ 68.68363312, 27.30948533, 0.0 ], [ 68.68163739, 27.3066841, 0.0 ], [ 68.67810155, 27.3036235, 0.0 ], [ 68.67714868, 27.30219036, 0.0 ], [ 68.67373225, 27.29893793, 0.0 ], [ 68.67277241, 27.2973866, 0.0 ], [ 68.67205726, 27.29463651, 0.0 ], [ 68.67289236, 27.29017677, 0.0 ], [ 68.672318, 27.28787787, 0.0 ], [ 68.67226306, 27.28135939, 0.0 ], [ 68.6718897, 27.28037014, 0.0 ], [ 68.67194054, 27.27900277, 0.0 ], [ 68.67266413, 27.27721779, 0.0 ], [ 68.67305942, 27.27281875, 0.0 ], [ 68.6741241, 27.27123594, 0.0 ], [ 68.67392299, 27.26889323, 0.0 ], [ 68.67545702, 27.26539982, 0.0 ], [ 68.67518739, 27.26395597, 0.0 ], [ 68.67661249, 27.2566149, 0.0 ], [ 68.67819817, 27.24512728, 0.0 ], [ 68.67966432, 27.23891356, 0.0 ], [ 68.67957955, 27.23198445, 0.0 ], [ 68.67907444, 27.22806467, 0.0 ], [ 68.67965146, 27.22629628, 0.0 ], [ 68.67931863, 27.22532744, 0.0 ], [ 68.67948027, 27.22299963, 0.0 ], [ 68.68020985, 27.22060398, 0.0 ], [ 68.6782279, 27.21517458, 0.0 ], [ 68.67694296, 27.21318915, 0.0 ], [ 68.67627424, 27.21238083, 0.0 ], [ 68.67472706, 27.21189325, 0.0 ], [ 68.67136862, 27.21000693, 0.0 ], [ 68.66951862, 27.20719041, 0.0 ], [ 68.66550003, 27.20255385, 0.0 ], [ 68.66465609, 27.19994699, 0.0 ], [ 68.66524003, 27.19502114, 0.0 ], [ 68.66581372, 27.18396423, 0.0 ], [ 68.66672724, 27.18214957, 0.0 ], [ 68.66696674, 27.17970668, 0.0 ], [ 68.66658741, 27.17637195, 0.0 ], [ 68.6656884, 27.1750098, 0.0 ], [ 68.66471628, 27.17224133, 0.0 ], [ 68.66304478, 27.16894899, 0.0 ], [ 68.6624851, 27.16629675, 0.0 ], [ 68.66063714, 27.16200942, 0.0 ], [ 68.66020599, 27.1595419, 0.0 ], [ 68.66017873, 27.15207704, 0.0 ], [ 68.66049195, 27.15090228, 0.0 ], [ 68.66095777, 27.15039621, 0.0 ], [ 68.66062538, 27.14786492, 0.0 ], [ 68.65720895, 27.14313108, 0.0 ], [ 68.65635999, 27.14087265, 0.0 ], [ 68.65363643, 27.13740819, 0.0 ], [ 68.65361506, 27.13481121, 0.0 ], [ 68.65171291, 27.13268574, 0.0 ], [ 68.65086629, 27.13123145, 0.0 ], [ 68.64837245, 27.1255834, 0.0 ], [ 68.64683143, 27.12352799, 0.0 ], [ 68.64234793, 27.11969699, 0.0 ], [ 68.63993444, 27.11637151, 0.0 ], [ 68.63769885, 27.11243147, 0.0 ], [ 68.63662397, 27.10989306, 0.0 ], [ 68.63632149, 27.10664724, 0.0 ], [ 68.63563291, 27.10429423, 0.0 ], [ 68.63393904, 27.10184644, 0.0 ], [ 68.63358343, 27.09977582, 0.0 ], [ 68.63109915, 27.09465183, 0.0 ], [ 68.6298741, 27.09006656, 0.0 ], [ 68.62964909, 27.08792226, 0.0 ], [ 68.62889932, 27.08707413, 0.0 ], [ 68.62824082, 27.08347631, 0.0 ], [ 68.62739212, 27.08282858, 0.0 ], [ 68.62572824, 27.07773653, 0.0 ], [ 68.62349004, 27.07393308, 0.0 ], [ 68.62164212, 27.07150775, 0.0 ], [ 68.61299433, 27.06261671, 0.0 ], [ 68.61124493, 27.06162077, 0.0 ], [ 68.61003441, 27.06136377, 0.0 ], [ 68.60817554, 27.06221153, 0.0 ], [ 68.60523557, 27.06261817, 0.0 ], [ 68.60243097, 27.06118119, 0.0 ], [ 68.60188403, 27.05984867, 0.0 ], [ 68.59996063, 27.05710005, 0.0 ], [ 68.59817043, 27.05265054, 0.0 ], [ 68.5930053, 27.04457498, 0.0 ], [ 68.59146337, 27.04337187, 0.0 ], [ 68.58788775, 27.04151732, 0.0 ], [ 68.58346758, 27.04012974, 0.0 ], [ 68.58055705, 27.03970623, 0.0 ], [ 68.57749932, 27.03729972, 0.0 ], [ 68.57133098, 27.03404045, 0.0 ], [ 68.56847871, 27.03193405, 0.0 ], [ 68.56397271, 27.03097508, 0.0 ], [ 68.56245214, 27.03103951, 0.0 ], [ 68.55678773, 27.02980004, 0.0 ], [ 68.55561084, 27.02922874, 0.0 ] ] } },
{ "type": "Feature", "properties": { "name": "North West Canal", "descriptio": "Unknown Line Type<BR><BR><B>NAME</B> = Pinyari Feeder Lower<BR><BR><B>TYPE</B> = Canal<BR><BR><B>NAME</B> = North West Canal<BR><B>LAYER</B> = Unknown Line Type<BR><BR><B>NAME</B> = North West Canal<BR><BR><B>TYPE</B> = Canal<BR><B>GM_TYPE</B> = Unknown" }, "geometry": { "type": "LineString", "coordinates": [ [ 68.84757034, 27.6871264, 0.0 ], [ 68.84495368, 27.69644629, 0.0 ], [ 68.8423021, 27.70141292, 0.0 ], [ 68.83857819, 27.70569599, 0.0 ], [ 68.83482886, 27.70878346, 0.0 ], [ 68.81032466, 27.72328423, 0.0 ], [ 68.78069039, 27.74416056, 0.0 ], [ 68.77244178, 27.75036715, 0.0 ], [ 68.76158596, 27.76078722, 0.0 ], [ 68.75822162, 27.76372386, 0.0 ], [ 68.75205848, 27.76821587, 0.0 ], [ 68.74993289, 27.76962114, 0.0 ], [ 68.73847328, 27.77513053, 0.0 ], [ 68.72992572, 27.77982487, 0.0 ], [ 68.69633952, 27.80383418, 0.0 ], [ 68.68996157, 27.80795854, 0.0 ], [ 68.68194648, 27.81182991, 0.0 ], [ 68.67828605, 27.81315199, 0.0 ], [ 68.57032469, 27.84312663, 0.0 ], [ 68.5632869, 27.84579135, 0.0 ], [ 68.5548315, 27.84993538, 0.0 ], [ 68.54814084, 27.85404216, 0.0 ], [ 68.53990641, 27.86015625, 0.0 ], [ 68.53243295, 27.867106, 0.0 ], [ 68.48471433, 27.92187544, 0.0 ], [ 68.41538895, 27.98104859, 0.0 ] ] } },
{ "type": "Feature", "properties": { "name": "Nara Canal", "descriptio": "Unknown Line Type<BR><BR><B>NAME</B> = Pinyari Feeder Lower<BR><BR><B>TYPE</B> = Canal<BR><BR><B>NAME</B> = Nara Canal<BR><B>LAYER</B> = Unknown Line Type<BR><BR><B>NAME</B> = Nara Canal<BR><BR><B>TYPE</B> = Canal<BR><B>GM_TYPE</B> = Unknown Line Type" }, "geometry": { "type": "LineString", "coordinates": [ [ 68.982293453537693, 26.2, 0.0 ], [ 68.98282709, 26.20224304, 0.0 ], [ 68.98385837, 26.20410414, 0.0 ], [ 68.98479302, 26.20477835, 0.0 ], [ 68.98724515, 26.20551507, 0.0 ], [ 68.98918776, 26.20659143, 0.0 ], [ 68.9907322, 26.20810414, 0.0 ], [ 68.99168757, 26.20976377, 0.0 ], [ 68.99185552, 26.21235177, 0.0 ], [ 68.99059791, 26.2151521, 0.0 ], [ 68.98954868, 26.21884808, 0.0 ], [ 68.98970743, 26.22056716, 0.0 ], [ 68.99101051, 26.22328911, 0.0 ], [ 68.99314018, 26.22581059, 0.0 ], [ 68.99523821, 26.22718596, 0.0 ], [ 68.99833743, 26.22852764, 0.0 ], [ 69.00034022, 26.23079108, 0.0 ], [ 69.00116671, 26.23265341, 0.0 ], [ 69.00088065, 26.23417197, 0.0 ], [ 68.99986328, 26.23649273, 0.0 ], [ 68.99712914, 26.23915723, 0.0 ], [ 68.99627074, 26.23935781, 0.0 ], [ 68.99305102, 26.23848823, 0.0 ], [ 68.99171574, 26.23851677, 0.0 ], [ 68.99041222, 26.2389465, 0.0 ], [ 68.9894583, 26.23980597, 0.0 ], [ 68.98901315, 26.2403503, 0.0 ], [ 68.9889177, 26.24129577, 0.0 ], [ 68.9892991, 26.24275703, 0.0 ], [ 68.99047539, 26.24381723, 0.0 ], [ 68.99225582, 26.24404655, 0.0 ], [ 68.99454498, 26.24355961, 0.0 ], [ 68.99581682, 26.24370284, 0.0 ], [ 68.99607107, 26.24499218, 0.0 ], [ 68.99368631, 26.24800049, 0.0 ], [ 68.99359089, 26.24906061, 0.0 ], [ 68.99401113, 26.25125861, 0.0 ], [ 68.99480599, 26.25254789, 0.0 ], [ 68.99795385, 26.25392325, 0.0 ], [ 69.00037034, 26.25584291, 0.0 ], [ 69.00075192, 26.25647322, 0.0 ], [ 69.00033956, 26.26024066, 0.0 ], [ 68.99916298, 26.26327767, 0.0 ], [ 68.99963995, 26.26445235, 0.0 ], [ 69.00157978, 26.26562703, 0.0 ], [ 69.00177063, 26.26640061, 0.0 ], [ 69.00138903, 26.26694498, 0.0 ], [ 68.99938765, 26.2680832, 0.0 ], [ 68.99890916, 26.26874005, 0.0 ], [ 68.99863571, 26.27011542, 0.0 ], [ 68.99906861, 26.27122393, 0.0 ], [ 69.00084585, 26.27300979, 0.0 ], [ 69.00109651, 26.27461093, 0.0 ], [ 69.0007091, 26.27547308, 0.0 ], [ 68.99936084, 26.27698224, 0.0 ], [ 68.9968316, 26.27823443, 0.0 ], [ 68.98452751, 26.28012484, 0.0 ], [ 68.98280136, 26.28059408, 0.0 ], [ 68.98131936, 26.28150344, 0.0 ], [ 68.98030946, 26.28273558, 0.0 ], [ 68.97959039, 26.28564979, 0.0 ], [ 68.97848264, 26.28779144, 0.0 ], [ 68.9753837, 26.29129042, 0.0 ], [ 68.97252679, 26.29323275, 0.0 ], [ 68.96995292, 26.2956381, 0.0 ], [ 68.9632015, 26.30035573, 0.0 ], [ 68.96099692, 26.30306191, 0.0 ], [ 68.9587325, 26.30419081, 0.0 ], [ 68.95887864, 26.30556983, 0.0 ], [ 68.9606722, 26.30745792, 0.0 ], [ 68.96106265, 26.30885162, 0.0 ], [ 68.96072014, 26.31006918, 0.0 ], [ 68.95893794, 26.31218945, 0.0 ], [ 68.9572761, 26.31323048, 0.0 ], [ 68.95424616, 26.31399238, 0.0 ], [ 68.95255071, 26.31829828, 0.0 ], [ 68.95139362, 26.31951553, 0.0 ], [ 68.94826939, 26.32060778, 0.0 ], [ 68.94416291, 26.32356946, 0.0 ], [ 68.94299004, 26.32351032, 0.0 ], [ 68.94185, 26.32289373, 0.0 ], [ 68.94064462, 26.32274653, 0.0 ], [ 68.93903162, 26.32334737, 0.0 ], [ 68.93821311, 26.32439485, 0.0 ], [ 68.93821135, 26.32911322, 0.0 ], [ 68.93991994, 26.33285481, 0.0 ], [ 68.9399192, 26.33427774, 0.0 ], [ 68.93929934, 26.33597268, 0.0 ], [ 68.93709921, 26.337204, 0.0 ], [ 68.93646638, 26.33862159, 0.0 ], [ 68.93698704, 26.33986871, 0.0 ], [ 68.93858288, 26.34154177, 0.0 ], [ 68.93947878, 26.34192357, 0.0 ], [ 68.94164563, 26.3421005, 0.0 ], [ 68.94353591, 26.34141182, 0.0 ], [ 68.94457209, 26.34205933, 0.0 ], [ 68.94495859, 26.34273763, 0.0 ], [ 68.9446523, 26.34473513, 0.0 ], [ 68.94497903, 26.34599659, 0.0 ], [ 68.9449374, 26.34786592, 0.0 ], [ 68.9444886, 26.34991844, 0.0 ], [ 68.94501583, 26.35398241, 0.0 ], [ 68.94491362, 26.35499039, 0.0 ], [ 68.94273315, 26.35946134, 0.0 ], [ 68.93480286, 26.3694985, 0.0 ], [ 68.93136669, 26.37223982, 0.0 ], [ 68.92427986, 26.3745455, 0.0 ], [ 68.92106977, 26.37658318, 0.0 ], [ 68.91838136, 26.37773629, 0.0 ], [ 68.91477671, 26.37861393, 0.0 ], [ 68.91123475, 26.37743882, 0.0 ], [ 68.90944678, 26.37768813, 0.0 ], [ 68.90694692, 26.3794951, 0.0 ], [ 68.89906886, 26.3825204, 0.0 ], [ 68.89754705, 26.38369245, 0.0 ], [ 68.89651381, 26.38510921, 0.0 ], [ 68.89510159, 26.38505934, 0.0 ], [ 68.89466741, 26.38471679, 0.0 ], [ 68.8943967, 26.38369016, 0.0 ], [ 68.89298567, 26.38246705, 0.0 ], [ 68.89146505, 26.38222153, 0.0 ], [ 68.89059567, 26.38266078, 0.0 ], [ 68.88972537, 26.38397985, 0.0 ], [ 68.88983191, 26.38617958, 0.0 ], [ 68.89080804, 26.3878423, 0.0 ], [ 68.89243633, 26.38911442, 0.0 ], [ 68.89520316, 26.39213889, 0.0 ], [ 68.89503942, 26.39301868, 0.0 ], [ 68.89406051, 26.39428886, 0.0 ], [ 68.89264754, 26.39502102, 0.0 ], [ 68.89074613, 26.39521512, 0.0 ], [ 68.8885737, 26.39482237, 0.0 ], [ 68.88612899, 26.39506482, 0.0 ], [ 68.8842813, 26.39584548, 0.0 ], [ 68.88275903, 26.39716398, 0.0 ], [ 68.88156229, 26.39872719, 0.0 ], [ 68.88090767, 26.40146396, 0.0 ], [ 68.87937131, 26.41200571, 0.0 ], [ 68.88007296, 26.41650326, 0.0 ], [ 68.87691905, 26.41909129, 0.0 ], [ 68.87604691, 26.42173008, 0.0 ], [ 68.87609852, 26.4242719, 0.0 ], [ 68.87908119, 26.42974899, 0.0 ], [ 68.8799284, 26.43264987, 0.0 ], [ 68.88011394, 26.43587851, 0.0 ], [ 68.88149677, 26.43825858, 0.0 ], [ 68.88961351, 26.44455208, 0.0 ], [ 68.89383014, 26.44716068, 0.0 ], [ 68.89855185, 26.44852347, 0.0 ], [ 68.9004394, 26.45045053, 0.0 ], [ 68.9012704, 26.45210999, 0.0 ], [ 68.90138671, 26.45365042, 0.0 ], [ 68.89930377, 26.45908638, 0.0 ], [ 68.89949152, 26.46044586, 0.0 ], [ 68.90213334, 26.46435576, 0.0 ], [ 68.9025082, 26.46792438, 0.0 ], [ 68.90219222, 26.46917022, 0.0 ], [ 68.89910241, 26.4747667, 0.0 ], [ 68.89632751, 26.47861617, 0.0 ], [ 68.89456078, 26.48195664, 0.0 ], [ 68.89064435, 26.49350814, 0.0 ], [ 68.89026528, 26.49728382, 0.0 ], [ 68.88944415, 26.4994921, 0.0 ], [ 68.88906251, 26.50328665, 0.0 ], [ 68.88981641, 26.50549614, 0.0 ], [ 68.89113771, 26.50742296, 0.0 ], [ 68.8918278, 26.51059526, 0.0 ], [ 68.89277071, 26.51291817, 0.0 ], [ 68.89497359, 26.5155818, 0.0 ] ] } },
{ "type": "Feature", "properties": { "name": "Nara Canal", "descriptio": "Unknown Line Type<BR><BR><B>NAME</B> = Pinyari Feeder Lower<BR><BR><B>TYPE</B> = Canal<BR><BR><B>NAME</B> = Nara Canal<BR><B>LAYER</B> = Unknown Line Type<BR><BR><B>NAME</B> = Nara Canal<BR><BR><B>TYPE</B> = Canal<BR><B>GM_TYPE</B> = Unknown Line Type" }, "geometry": { "type": "LineString", "coordinates": [ [ 68.92457962, 26.71632199, 0.0 ], [ 68.92339737, 26.71032176, 0.0 ], [ 68.91724783, 26.7026178, 0.0 ], [ 68.91691868, 26.70168186, 0.0 ], [ 68.91699768, 26.70018746, 0.0 ], [ 68.91734069, 26.69925624, 0.0 ], [ 68.91819505, 26.69868361, 0.0 ], [ 68.91949524, 26.6986161, 0.0 ], [ 68.92104111, 26.69916302, 0.0 ], [ 68.92186381, 26.69879066, 0.0 ], [ 68.92196515, 26.69688897, 0.0 ], [ 68.92102485, 26.69304974, 0.0 ], [ 68.92131122, 26.69015923, 0.0 ], [ 68.92310717, 26.68854842, 0.0 ], [ 68.92576852, 26.68770634, 0.0 ], [ 68.92766743, 26.68656655, 0.0 ], [ 68.92905527, 26.68419013, 0.0 ], [ 68.92942051, 26.68179126, 0.0 ], [ 68.92900635, 26.68087154, 0.0 ], [ 68.92747536, 26.67914776, 0.0 ], [ 68.925242, 26.67837712, 0.0 ], [ 68.92319831, 26.67708966, 0.0 ], [ 68.92185859, 26.6749559, 0.0 ], [ 68.9192457, 26.67290582, 0.0 ], [ 68.91704706, 26.67205392, 0.0 ], [ 68.91525704, 26.67024571, 0.0 ], [ 68.91488873, 26.66961865, 0.0 ], [ 68.91398838, 26.66383078, 0.0 ], [ 68.91417849, 26.66159712, 0.0 ], [ 68.91501024, 26.65817938, 0.0 ], [ 68.91637387, 26.65616415, 0.0 ], [ 68.91822177, 26.6546084, 0.0 ], [ 68.92255712, 26.65399472, 0.0 ], [ 68.92358603, 26.65340499, 0.0 ], [ 68.92429423, 26.65251194, 0.0 ], [ 68.92455525, 26.65123239, 0.0 ], [ 68.9237312, 26.64804616, 0.0 ], [ 68.92359865, 26.64441192, 0.0 ], [ 68.92178949, 26.6419883, 0.0 ], [ 68.91886608, 26.64136415, 0.0 ], [ 68.9140277, 26.64220833, 0.0 ], [ 68.90590421, 26.64195728, 0.0 ], [ 68.90429809, 26.64145213, 0.0 ], [ 68.90083656, 26.63904518, 0.0 ], [ 68.89920941, 26.63727452, 0.0 ], [ 68.897885, 26.63497922, 0.0 ], [ 68.89651373, 26.62902685, 0.0 ], [ 68.8949716, 26.62700606, 0.0 ], [ 68.89076698, 26.62216033, 0.0 ], [ 68.88950268, 26.62111518, 0.0 ], [ 68.88417088, 26.61828631, 0.0 ], [ 68.88291368, 26.61638306, 0.0 ], [ 68.88291515, 26.61494349, 0.0 ], [ 68.88354822, 26.61396122, 0.0 ], [ 68.88691325, 26.61304126, 0.0 ], [ 68.88769472, 26.61230525, 0.0 ], [ 68.88757741, 26.60927724, 0.0 ], [ 68.88806983, 26.60636291, 0.0 ], [ 68.88684977, 26.60213069, 0.0 ], [ 68.88756424, 26.60089173, 0.0 ], [ 68.89004413, 26.59811011, 0.0 ], [ 68.88984948, 26.59520571, 0.0 ], [ 68.89014773, 26.59048387, 0.0 ], [ 68.89378286, 26.5828806, 0.0 ], [ 68.8937315, 26.5815578, 0.0 ], [ 68.89325949, 26.58023468, 0.0 ], [ 68.89283958, 26.57952572, 0.0 ], [ 68.88974034, 26.57668888, 0.0 ], [ 68.88896317, 26.57409094, 0.0 ], [ 68.88947976, 26.57142919, 0.0 ], [ 68.89034687, 26.57060811, 0.0 ], [ 68.89237596, 26.5697703, 0.0 ], [ 68.89277343, 26.56910095, 0.0 ], [ 68.89274467, 26.56834264, 0.0 ], [ 68.88636094, 26.56272289, 0.0 ], [ 68.88497635, 26.56003642, 0.0 ], [ 68.88423472, 26.55466503, 0.0 ], [ 68.88615878, 26.55130986, 0.0 ], [ 68.88664787, 26.54869991, 0.0 ], [ 68.88885232, 26.54523587, 0.0 ], [ 68.88960015, 26.54161252, 0.0 ], [ 68.89277119, 26.53742409, 0.0 ], [ 68.89522341, 26.53494493, 0.0 ], [ 68.8978214, 26.53307238, 0.0 ], [ 68.89885493, 26.53132353, 0.0 ], [ 68.89961685, 26.52673944, 0.0 ], [ 68.89944035, 26.52421517, 0.0 ], [ 68.89878723, 26.52178888, 0.0 ], [ 68.89708976, 26.51825734, 0.0 ], [ 68.89496077, 26.51558161, 0.0 ] ] } },
{ "type": "Feature", "properties": { "name": "Nara Canal", "descriptio": "Unknown Line Type<BR><BR><B>NAME</B> = Pinyari Feeder Lower<BR><BR><B>TYPE</B> = Canal<BR><BR><B>NAME</B> = Nara Canal<BR><B>LAYER</B> = Unknown Line Type<BR><BR><B>NAME</B> = Nara Canal<BR><BR><B>TYPE</B> = Canal<BR><B>GM_TYPE</B> = Unknown Line Type" }, "geometry": { "type": "LineString", "coordinates": [ [ 68.85081958, 27.67494223, 0.0 ], [ 68.85459925, 27.66142702, 0.0 ], [ 68.8564988, 27.65800367, 0.0 ], [ 68.85915468, 27.65500574, 0.0 ], [ 68.86415852, 27.65153847, 0.0 ], [ 68.89741573, 27.63235684, 0.0 ], [ 68.899364, 27.63159675, 0.0 ], [ 68.90180824, 27.63146103, 0.0 ], [ 68.90337724, 27.63175981, 0.0 ], [ 68.91487436, 27.63547673, 0.0 ], [ 68.92649121, 27.64242819, 0.0 ], [ 68.93886863, 27.64929363, 0.0 ], [ 68.94150302, 27.64987811, 0.0 ], [ 68.9442179, 27.64988176, 0.0 ], [ 68.94648827, 27.64942134, 0.0 ], [ 68.94893378, 27.64837128, 0.0 ], [ 68.96412912, 27.63625053, 0.0 ], [ 68.97259699, 27.62821892, 0.0 ], [ 68.97884062, 27.62286113, 0.0 ], [ 68.99055228, 27.61149539, 0.0 ], [ 69.00346301, 27.59752129, 0.0 ], [ 69.00560317, 27.59445609, 0.0 ], [ 69.01484649, 27.58586564, 0.0 ], [ 69.0204766, 27.58172975, 0.0 ], [ 69.02829875, 27.57717358, 0.0 ], [ 69.03317512, 27.57319726, 0.0 ], [ 69.03444178, 27.57123434, 0.0 ], [ 69.03590384, 27.56532544, 0.0 ], [ 69.03594328, 27.56382639, 0.0 ], [ 69.03543138, 27.56220373, 0.0 ], [ 69.03166518, 27.5560997, 0.0 ], [ 69.03036243, 27.55275052, 0.0 ], [ 69.0296968, 27.54670285, 0.0 ], [ 69.02971605, 27.54376658, 0.0 ], [ 69.03043868, 27.54181562, 0.0 ], [ 69.03194622, 27.5392572, 0.0 ], [ 69.03215237, 27.53681182, 0.0 ], [ 69.03085007, 27.53430918, 0.0 ], [ 69.0288248, 27.53173304, 0.0 ], [ 69.02861763, 27.52952467, 0.0 ], [ 69.02938677, 27.52657181, 0.0 ], [ 69.02924202, 27.52357996, 0.0 ], [ 69.02542577, 27.5170118, 0.0 ], [ 69.0253484, 27.51388084, 0.0 ], [ 69.02606667, 27.50668691, 0.0 ], [ 69.02452509, 27.49552712, 0.0 ], [ 69.0205167, 27.48547086, 0.0 ], [ 69.01979715, 27.48440245, 0.0 ], [ 69.0156484, 27.48102649, 0.0 ], [ 69.01283713, 27.47714508, 0.0 ], [ 69.01206972, 27.47532864, 0.0 ], [ 69.01103464, 27.46999725, 0.0 ], [ 69.01191963, 27.4580998, 0.0 ], [ 69.01316551, 27.45342557, 0.0 ], [ 69.01333181, 27.44502859, 0.0 ], [ 69.01371487, 27.44145969, 0.0 ], [ 69.01997376, 27.42640802, 0.0 ], [ 69.02105191, 27.42476229, 0.0 ], [ 69.0239752, 27.4221546, 0.0 ], [ 69.027122, 27.41818953, 0.0 ], [ 69.02882524, 27.41443969, 0.0 ], [ 69.02901609, 27.41116999, 0.0 ], [ 69.02880017, 27.41006577, 0.0 ], [ 69.02467726, 27.40436063, 0.0 ], [ 69.01762215, 27.38628663, 0.0 ], [ 69.01651938, 27.38115786, 0.0 ], [ 69.01522072, 27.37162627, 0.0 ], [ 69.01454968, 27.36951067, 0.0 ], [ 69.00891243, 27.3558893, 0.0 ], [ 69.00555499, 27.34869433, 0.0 ], [ 68.99886772, 27.33635014, 0.0 ], [ 68.99757195, 27.3331743, 0.0 ], [ 68.99709314, 27.33046025, 0.0 ], [ 68.99706925, 27.32892153, 0.0 ], [ 68.99773866, 27.32568019, 0.0 ], [ 68.99881618, 27.3228165, 0.0 ], [ 69.00018095, 27.32065813, 0.0 ], [ 69.00236146, 27.31829438, 0.0 ], [ 69.00858625, 27.3135071, 0.0 ], [ 69.01063293, 27.31105666, 0.0 ], [ 69.01142277, 27.30958197, 0.0 ], [ 69.01281143, 27.3027302, 0.0 ], [ 69.01494496, 27.29641117, 0.0 ], [ 69.01456125, 27.29091884, 0.0 ], [ 69.01463138, 27.27029406, 0.0 ], [ 69.01489444, 27.26877669, 0.0 ], [ 69.01757498, 27.26115519, 0.0 ], [ 69.01769451, 27.26002254, 0.0 ], [ 69.01719001, 27.25667407, 0.0 ], [ 69.01632824, 27.25481491, 0.0 ], [ 69.01522744, 27.25419528, 0.0 ], [ 69.01036988, 27.25428121, 0.0 ], [ 69.00804867, 27.25317011, 0.0 ], [ 69.00728279, 27.2512895, 0.0 ], [ 69.00703168, 27.24768345, 0.0 ], [ 69.00485415, 27.2444352, 0.0 ], [ 69.00442336, 27.24227672, 0.0 ], [ 69.00490229, 27.23678997, 0.0 ], [ 69.00566763, 27.23232338, 0.0 ], [ 69.00777338, 27.22454554, 0.0 ], [ 69.00923519, 27.22107549, 0.0 ] ] } },
{ "type": "Feature", "properties": { "name": "Nara Canal", "descriptio": "Unknown Line Type<BR><BR><B>NAME</B> = Pinyari Feeder Lower<BR><BR><B>TYPE</B> = Canal<BR><BR><B>NAME</B> = Nara Canal<BR><B>LAYER</B> = Unknown Line Type<BR><BR><B>NAME</B> = Nara Canal<BR><BR><B>TYPE</B> = Canal<BR><B>GM_TYPE</B> = Unknown Line Type" }, "geometry": { "type": "LineString", "coordinates": [ [ 69.00921845, 27.22111025, 0.0 ], [ 69.01023596, 27.21819174, 0.0 ], [ 69.0108887, 27.21441356, 0.0 ], [ 69.01080717, 27.20651323, 0.0 ], [ 69.01222745, 27.19561415, 0.0 ], [ 69.01217091, 27.19097877, 0.0 ], [ 69.01424093, 27.18545237, 0.0 ], [ 69.01489245, 27.18117264, 0.0 ], [ 69.01586835, 27.17782767, 0.0 ], [ 69.01812492, 27.17346288, 0.0 ], [ 69.01920701, 27.16904461, 0.0 ], [ 69.01967653, 27.15473106, 0.0 ], [ 69.0193676, 27.15179097, 0.0 ], [ 69.01871974, 27.14949966, 0.0 ], [ 69.01742898, 27.14678166, 0.0 ], [ 69.01291279, 27.13979946, 0.0 ], [ 69.00776924, 27.13464485, 0.0 ], [ 69.00557226, 27.13167493, 0.0 ], [ 68.99832755, 27.12427602, 0.0 ], [ 68.99558716, 27.12091509, 0.0 ], [ 68.98991654, 27.11494848, 0.0 ], [ 68.98771991, 27.11209364, 0.0 ], [ 68.97789371, 27.10144491, 0.0 ], [ 68.97061431, 27.09188807, 0.0 ], [ 68.96835481, 27.0878876, 0.0 ], [ 68.96736792, 27.0824945, 0.0 ], [ 68.96733945, 27.08057326, 0.0 ], [ 68.96782238, 27.07926315, 0.0 ], [ 68.96865398, 27.07838369, 0.0 ], [ 68.97463437, 27.07471592, 0.0 ], [ 68.98260318, 27.06801646, 0.0 ], [ 68.98438244, 27.06536445, 0.0 ], [ 68.98546995, 27.06182819, 0.0 ], [ 68.98517382, 27.05935268, 0.0 ], [ 68.98330372, 27.05622951, 0.0 ], [ 68.98172964, 27.05270719, 0.0 ], [ 68.97990342, 27.05042454, 0.0 ], [ 68.9779832, 27.04619768, 0.0 ], [ 68.97574002, 27.03778063, 0.0 ], [ 68.97494019, 27.03607291, 0.0 ], [ 68.97272459, 27.0339793, 0.0 ], [ 68.97124745, 27.03326291, 0.0 ], [ 68.96933922, 27.03337264, 0.0 ], [ 68.96730322, 27.03401389, 0.0 ], [ 68.96466611, 27.03413005, 0.0 ], [ 68.96163365, 27.03365608, 0.0 ], [ 68.95971961, 27.03274249, 0.0 ], [ 68.95745297, 27.03024395, 0.0 ], [ 68.95505847, 27.02548667, 0.0 ], [ 68.9536066, 27.02371678, 0.0 ], [ 68.95037981, 27.0210797, 0.0 ], [ 68.94358362, 27.01698911, 0.0 ], [ 68.94211033, 27.01541263, 0.0 ], [ 68.94157911, 27.01328688, 0.0 ], [ 68.94293191, 27.01013575, 0.0 ], [ 68.94301471, 27.00844995, 0.0 ], [ 68.94281376, 27.00759169, 0.0 ], [ 68.93958175, 27.00282612, 0.0 ], [ 68.9378381, 27.00151531, 0.0 ], [ 68.92803322, 26.99737079, 0.0 ], [ 68.9260029, 26.99553983, 0.0 ], [ 68.92509047, 26.99353523, 0.0 ], [ 68.92508381, 26.99203958, 0.0 ], [ 68.92569969, 26.99067181, 0.0 ], [ 68.92675706, 26.98970496, 0.0 ], [ 68.92833045, 26.98905269, 0.0 ], [ 68.93385069, 26.98894454, 0.0 ], [ 68.93622359, 26.99027771, 0.0 ], [ 68.93797423, 26.99046363, 0.0 ], [ 68.94028608, 26.98955545, 0.0 ], [ 68.94297443, 26.98778976, 0.0 ], [ 68.94809769, 26.98553676, 0.0 ], [ 68.950267, 26.9853979, 0.0 ], [ 68.95373389, 26.98629887, 0.0 ], [ 68.95493652, 26.98609372, 0.0 ], [ 68.95580018, 26.98546455, 0.0 ], [ 68.95694206, 26.98262066, 0.0 ], [ 68.95849923, 26.9812663, 0.0 ], [ 68.95889005, 26.98054183, 0.0 ], [ 68.95912336, 26.97830597, 0.0 ], [ 68.95870589, 26.97466236, 0.0 ], [ 68.9589493, 26.97158845, 0.0 ], [ 68.95857519, 26.96875411, 0.0 ], [ 68.95915284, 26.96683807, 0.0 ], [ 68.96051012, 26.96476049, 0.0 ], [ 68.96076646, 26.96349572, 0.0 ], [ 68.96066675, 26.96159492, 0.0 ], [ 68.95913533, 26.95618408, 0.0 ], [ 68.95907838, 26.95447656, 0.0 ], [ 68.96570232, 26.94752361, 0.0 ], [ 68.97128737, 26.94253672, 0.0 ], [ 68.97413979, 26.93663634, 0.0 ], [ 68.97772591, 26.93162913, 0.0 ], [ 68.9781791, 26.9298167, 0.0 ], [ 68.977847, 26.92826981, 0.0 ], [ 68.97615799, 26.92524391, 0.0 ], [ 68.97444594, 26.92384283, 0.0 ], [ 68.97162117, 26.91881676, 0.0 ], [ 68.97111037, 26.91735801, 0.0 ], [ 68.97136201, 26.91206895, 0.0 ], [ 68.97189434, 26.9110446, 0.0 ], [ 68.97334902, 26.90975756, 0.0 ], [ 68.97374034, 26.90898935, 0.0 ], [ 68.97391067, 26.90714546, 0.0 ], [ 68.97344902, 26.90545735, 0.0 ], [ 68.97247461, 26.904083, 0.0 ], [ 68.97123182, 26.90311408, 0.0 ], [ 68.96686582, 26.90179042, 0.0 ], [ 68.96506039, 26.90071759, 0.0 ], [ 68.96274027, 26.89806824, 0.0 ], [ 68.96189626, 26.89617615, 0.0 ], [ 68.96162655, 26.89449609, 0.0 ], [ 68.96216445, 26.88923509, 0.0 ], [ 68.96183529, 26.88612839, 0.0 ], [ 68.96266166, 26.88358402, 0.0 ], [ 68.96335534, 26.88281493, 0.0 ], [ 68.96598265, 26.88145062, 0.0 ], [ 68.96744501, 26.88123766, 0.0 ], [ 68.96945741, 26.88159693, 0.0 ], [ 68.97063973, 26.8810441, 0.0 ], [ 68.97260053, 26.87745088, 0.0 ], [ 68.97382362, 26.87625252, 0.0 ], [ 68.97557661, 26.87114892, 0.0 ], [ 68.97562035, 26.87001632, 0.0 ], [ 68.97309403, 26.86509502, 0.0 ], [ 68.97108999, 26.86298575, 0.0 ], [ 68.9666859, 26.86120413, 0.0 ], [ 68.96441026, 26.85969951, 0.0 ], [ 68.96322128, 26.85450781, 0.0 ], [ 68.96246521, 26.8526941, 0.0 ], [ 68.96103652, 26.85089193, 0.0 ], [ 68.9572243, 26.84769502, 0.0 ], [ 68.95568175, 26.84515905, 0.0 ], [ 68.95516691, 26.84202248, 0.0 ], [ 68.95616348, 26.83824491, 0.0 ], [ 68.95592948, 26.83685018, 0.0 ], [ 68.95498918, 26.8358292, 0.0 ], [ 68.95248495, 26.83479678, 0.0 ], [ 68.95073127, 26.83352374, 0.0 ], [ 68.94938163, 26.83163121, 0.0 ], [ 68.94890313, 26.82976236, 0.0 ], [ 68.94936867, 26.8277367, 0.0 ], [ 68.95279245, 26.82213113, 0.0 ], [ 68.95391473, 26.82077375, 0.0 ], [ 68.95973154, 26.81578153, 0.0 ], [ 68.97329726, 26.80022625, 0.0 ], [ 68.97452739, 26.79719448, 0.0 ], [ 68.97444797, 26.79396875, 0.0 ], [ 68.97383043, 26.79249516, 0.0 ], [ 68.97274968, 26.79125518, 0.0 ], [ 68.97140265, 26.79043382, 0.0 ], [ 68.96890542, 26.78999981, 0.0 ], [ 68.96624298, 26.78834635, 0.0 ], [ 68.96456064, 26.78698413, 0.0 ], [ 68.96070236, 26.78254091, 0.0 ], [ 68.95639403, 26.77903589, 0.0 ], [ 68.95516536, 26.77846355, 0.0 ], [ 68.95364524, 26.77826221, 0.0 ], [ 68.95002244, 26.77924087, 0.0 ], [ 68.94577757, 26.7756358, 0.0 ], [ 68.94554181, 26.77236991, 0.0 ], [ 68.94648949, 26.76910446, 0.0 ], [ 68.94709535, 26.76864503, 0.0 ], [ 68.95100671, 26.76767188, 0.0 ], [ 68.95162201, 26.76698576, 0.0 ], [ 68.95166019, 26.76612297, 0.0 ], [ 68.9512054, 26.76543387, 0.0 ], [ 68.94739698, 26.76239192, 0.0 ], [ 68.9461864, 26.76069917, 0.0 ], [ 68.94302999, 26.75845335, 0.0 ], [ 68.93841296, 26.75120413, 0.0 ], [ 68.9364122, 26.7500411, 0.0 ], [ 68.93404808, 26.74976876, 0.0 ], [ 68.93244246, 26.75013766, 0.0 ], [ 68.92942754, 26.75266107, 0.0 ], [ 68.92834489, 26.75266341, 0.0 ], [ 68.92755885, 26.75206127, 0.0 ], [ 68.92746713, 26.75087479, 0.0 ], [ 68.92921077, 26.74862739, 0.0 ], [ 68.92997043, 26.74653006, 0.0 ], [ 68.93324229, 26.74363457, 0.0 ], [ 68.93724316, 26.74170397, 0.0 ], [ 68.93960744, 26.7410666, 0.0 ], [ 68.94206618, 26.74100715, 0.0 ], [ 68.94433505, 26.74157541, 0.0 ], [ 68.94648283, 26.74119042, 0.0 ], [ 68.94775726, 26.74044174, 0.0 ], [ 68.9487134, 26.73937734, 0.0 ], [ 68.94922013, 26.73824904, 0.0 ], [ 68.94935382, 26.7368869, 0.0 ], [ 68.94891116, 26.73569029, 0.0 ], [ 68.94461311, 26.73177101, 0.0 ], [ 68.94221131, 26.73029485, 0.0 ], [ 68.93866892, 26.7288678, 0.0 ], [ 68.93732687, 26.72726364, 0.0 ], [ 68.93712465, 26.72603857, 0.0 ], [ 68.9374925, 26.72473007, 0.0 ], [ 68.94039668, 26.72182315, 0.0 ], [ 68.94173723, 26.71918418, 0.0 ], [ 68.9420077, 26.71651281, 0.0 ], [ 68.9411804, 26.71475209, 0.0 ], [ 68.93914524, 26.71440098, 0.0 ], [ 68.93654366, 26.71490057, 0.0 ], [ 68.93419211, 26.71781734, 0.0 ], [ 68.93292256, 26.72140249, 0.0 ], [ 68.93202659, 26.72207675, 0.0 ], [ 68.9309894, 26.72237207, 0.0 ], [ 68.92925156, 26.72198458, 0.0 ], [ 68.92656889, 26.71982529, 0.0 ], [ 68.92468954, 26.71772848, 0.0 ], [ 68.92457938, 26.71632082, 0.0 ] ] } },
{ "type": "Feature", "properties": { "name": "Rohri Canal", "descriptio": "Unknown Line Type<BR><BR><B>NAME</B> = Pinyari Feeder Lower<BR><BR><B>TYPE</B> = Canal<BR><BR><B>NAME</B> = Rohri Canal<BR><B>LAYER</B> = Unknown Line Type<BR><BR><B>NAME</B> = Rohri Canal<BR><BR><B>TYPE</B> = Canal<BR><B>GM_TYPE</B> = Unknown Line Type" }, "geometry": { "type": "LineString", "coordinates": [ [ 68.21780488, 27.04009518, 0.0 ], [ 68.21164449, 27.03297198, 0.0 ], [ 68.20839906, 27.02579138, 0.0 ], [ 68.20701919, 27.02114911, 0.0 ], [ 68.20641525, 27.01777513, 0.0 ], [ 68.20369698, 26.98040269, 0.0 ], [ 68.20671685, 26.94982439, 0.0 ], [ 68.20837049, 26.93761529, 0.0 ], [ 68.20856849, 26.93171788, 0.0 ], [ 68.20782371, 26.92609598, 0.0 ], [ 68.20599534, 26.91850186, 0.0 ], [ 68.2022938, 26.90977364, 0.0 ], [ 68.17126055, 26.84536907, 0.0 ], [ 68.15755457, 26.82149977, 0.0 ], [ 68.14182612, 26.79140702, 0.0 ], [ 68.14017125, 26.78760498, 0.0 ], [ 68.13871541, 26.78237291, 0.0 ], [ 68.13782783, 26.77548585, 0.0 ], [ 68.13803981, 26.76814891, 0.0 ], [ 68.13974623, 26.76018739, 0.0 ], [ 68.14182105, 26.7549333, 0.0 ], [ 68.15225573, 26.73605065, 0.0 ], [ 68.15449224, 26.73094543, 0.0 ], [ 68.15716362, 26.72136235, 0.0 ], [ 68.15781929, 26.71725095, 0.0 ], [ 68.15821419, 26.70996292, 0.0 ], [ 68.15767881, 26.68985273, 0.0 ], [ 68.15662976, 26.68023185, 0.0 ], [ 68.15611953, 26.66976981, 0.0 ], [ 68.1549526, 26.60971992, 0.0 ], [ 68.15432147, 26.60329433, 0.0 ], [ 68.15512122, 26.60043221, 0.0 ], [ 68.15512906, 26.5993644, 0.0 ], [ 68.15483006, 26.59816379, 0.0 ], [ 68.15361706, 26.59612134, 0.0 ], [ 68.151328, 26.57473684, 0.0 ], [ 68.14958889, 26.56638092, 0.0 ], [ 68.14257414, 26.53751963, 0.0 ], [ 68.14264696, 26.53584001, 0.0 ], [ 68.14307767, 26.53465035, 0.0 ], [ 68.14342596, 26.51576116, 0.0 ], [ 68.15412387, 26.47618939, 0.0 ], [ 68.16191689, 26.44111643, 0.0 ], [ 68.16835287, 26.40988707, 0.0 ], [ 68.16930701, 26.40339349, 0.0 ], [ 68.16929757, 26.39629365, 0.0 ], [ 68.1681491, 26.38853698, 0.0 ], [ 68.16512704, 26.37248226, 0.0 ], [ 68.16528904, 26.36668419, 0.0 ], [ 68.16591933, 26.36273152, 0.0 ], [ 68.16781995, 26.35786493, 0.0 ], [ 68.17001488, 26.35392131, 0.0 ], [ 68.20405307, 26.31323005, 0.0 ], [ 68.2156642, 26.29571018, 0.0 ], [ 68.22628219, 26.28144859, 0.0 ], [ 68.2478406, 26.25354787, 0.0 ], [ 68.25515099, 26.2481661, 0.0 ], [ 68.26094044, 26.24548611, 0.0 ], [ 68.27218718, 26.24164735, 0.0 ], [ 68.2773139, 26.23907166, 0.0 ], [ 68.28136112, 26.23600263, 0.0 ], [ 68.2851098, 26.23255268, 0.0 ], [ 68.2919553, 26.22402317, 0.0 ], [ 68.30174177, 26.21063547, 0.0 ], [ 68.30338371, 26.20744576, 0.0 ], [ 68.305143719451564, 26.2, 0.0 ] ] } },
{ "type": "Feature", "properties": { "name": "Rohri Canal", "descriptio": "Unknown Line Type<BR><BR><B>NAME</B> = Pinyari Feeder Lower<BR><BR><B>TYPE</B> = Canal<BR><BR><B>NAME</B> = Rohri Canal<BR><B>LAYER</B> = Unknown Line Type<BR><BR><B>NAME</B> = Rohri Canal<BR><BR><B>TYPE</B> = Canal<BR><B>GM_TYPE</B> = Unknown Line Type" }, "geometry": { "type": "LineString", "coordinates": [ [ 68.21780488, 27.04009518, 0.0 ], [ 68.21862616, 27.0400491, 0.0 ], [ 68.21972108, 27.0405277, 0.0 ], [ 68.22150181, 27.04181116, 0.0 ], [ 68.22276053, 27.0431707, 0.0 ], [ 68.22293877, 27.04460856, 0.0 ] ] } },
{ "type": "Feature", "properties": { "name": "Rohri Canal", "descriptio": "Unknown Line Type<BR><BR><B>NAME</B> = Pinyari Feeder Lower<BR><BR><B>TYPE</B> = Canal<BR><BR><B>NAME</B> = Rohri Canal<BR><B>LAYER</B> = Unknown Line Type<BR><BR><B>NAME</B> = Rohri Canal<BR><BR><B>TYPE</B> = Canal<BR><B>GM_TYPE</B> = Unknown Line Type" }, "geometry": { "type": "LineString", "coordinates": [ [ 68.21780488, 27.04009518, 0.0 ], [ 68.22293877, 27.04460856, 0.0 ] ] } },
{ "type": "Feature", "properties": { "name": "Rohri Canal", "descriptio": "Unknown Line Type<BR><BR><B>NAME</B> = Pinyari Feeder Lower<BR><BR><B>TYPE</B> = Canal<BR><BR><B>NAME</B> = Rohri Canal<BR><B>LAYER</B> = Unknown Line Type<BR><BR><B>NAME</B> = Rohri Canal<BR><BR><B>TYPE</B> = Canal<BR><B>GM_TYPE</B> = Unknown Line Type" }, "geometry": { "type": "LineString", "coordinates": [ [ 68.38925751, 27.11447288, 0.0 ], [ 68.38961032, 27.11554809, 0.0 ], [ 68.39049679, 27.11636819, 0.0 ], [ 68.39682465, 27.11975465, 0.0 ], [ 68.39895018, 27.11993589, 0.0 ] ] } },
{ "type": "Feature", "properties": { "name": "Beero Distry", "descriptio": "Unknown Line Type<BR><BR><B>NAME</B> = Gharghagi Distry<BR><BR><B>TYPE</B> = Distry<BR><BR><B>NAME</B> = Beero Distry<BR><B>LAYER</B> = Unknown Line Type<BR><BR><B>NAME</B> = Beero Distry<BR><BR><B>TYPE</B> = Distry<BR><B>GM_TYPE</B> = Unknown Line Type" }, "geometry": { "type": "LineString", "coordinates": [ [ 68.41715849, 28.04828267, 0.0 ], [ 68.41715866, 28.04828276, 0.0 ] ] } },
{ "type": "Feature", "properties": { "name": "Rohri Canal", "descriptio": "Unknown Line Type<BR><BR><B>NAME</B> = Pinyari Feeder Lower<BR><BR><B>TYPE</B> = Canal<BR><BR><B>NAME</B> = Rohri Canal<BR><B>LAYER</B> = Unknown Line Type<BR><BR><B>NAME</B> = Rohri Canal<BR><BR><B>TYPE</B> = Canal<BR><B>GM_TYPE</B> = Unknown Line Type" }, "geometry": { "type": "LineString", "coordinates": [ [ 68.84881566, 27.6739603, 0.0 ], [ 68.85434314, 27.65248741, 0.0 ], [ 68.85485691, 27.64724851, 0.0 ], [ 68.85470872, 27.64274145, 0.0 ], [ 68.85352355, 27.63886032, 0.0 ], [ 68.85046086, 27.62424291, 0.0 ], [ 68.84879173, 27.61798639, 0.0 ], [ 68.84564058, 27.61248766, 0.0 ], [ 68.84235341, 27.6078865, 0.0 ], [ 68.83787171, 27.6024164, 0.0 ], [ 68.83113016, 27.59602429, 0.0 ], [ 68.82774325, 27.59355659, 0.0 ], [ 68.82020503, 27.58864918, 0.0 ], [ 68.81516992, 27.58613876, 0.0 ], [ 68.80440927, 27.58209149, 0.0 ], [ 68.7860314, 27.577443, 0.0 ], [ 68.77562028, 27.57438337, 0.0 ], [ 68.76614742, 27.57097759, 0.0 ], [ 68.75108526, 27.56248577, 0.0 ], [ 68.74451148, 27.55785894, 0.0 ], [ 68.74096405, 27.55468462, 0.0 ], [ 68.73505149, 27.54844906, 0.0 ], [ 68.72937977, 27.54041185, 0.0 ], [ 68.72806153, 27.53789364, 0.0 ], [ 68.72509095, 27.53189029, 0.0 ], [ 68.72291416, 27.52433769, 0.0 ], [ 68.72179466, 27.51863119, 0.0 ], [ 68.72075039, 27.50744954, 0.0 ], [ 68.71839185, 27.49888719, 0.0 ], [ 68.71632554, 27.49438269, 0.0 ], [ 68.71254814, 27.48760468, 0.0 ], [ 68.70483288, 27.47724258, 0.0 ], [ 68.7009723, 27.47272058, 0.0 ], [ 68.69535543, 27.46751986, 0.0 ], [ 68.68807909, 27.46202429, 0.0 ], [ 68.68600671, 27.46001358, 0.0 ], [ 68.67728315, 27.45323635, 0.0 ], [ 68.66106472, 27.44089465, 0.0 ], [ 68.65431567, 27.43680558, 0.0 ], [ 68.65115626, 27.43446762, 0.0 ], [ 68.62934715, 27.41768606, 0.0 ], [ 68.62183735, 27.41302801, 0.0 ], [ 68.6044626, 27.40478437, 0.0 ], [ 68.595359, 27.39954938, 0.0 ], [ 68.56062726, 27.37483508, 0.0 ], [ 68.55454972, 27.36966994, 0.0 ], [ 68.55137105, 27.36655008, 0.0 ], [ 68.547022, 27.36154296, 0.0 ], [ 68.54203246, 27.35389635, 0.0 ], [ 68.53963733, 27.34916609, 0.0 ], [ 68.51997703, 27.30000204, 0.0 ], [ 68.49930893, 27.2500254, 0.0 ], [ 68.47604078, 27.20578586, 0.0 ], [ 68.4719366, 27.19947959, 0.0 ], [ 68.45240094, 27.17589878, 0.0 ], [ 68.44813341, 27.1696846, 0.0 ], [ 68.44147147, 27.15775851, 0.0 ], [ 68.43609738, 27.14925897, 0.0 ], [ 68.42730668, 27.13918585, 0.0 ], [ 68.4186285, 27.13106947, 0.0 ], [ 68.39012651, 27.11493826, 0.0 ], [ 68.30637712, 27.06991887, 0.0 ], [ 68.29603923, 27.06607566, 0.0 ], [ 68.25920183, 27.05760046, 0.0 ], [ 68.23412793, 27.05128685, 0.0 ], [ 68.22693074, 27.04787692, 0.0 ], [ 68.22293877, 27.04460856, 0.0 ] ] } },
{ "type": "Feature", "properties": { "name": "B.S Feeder", "descriptio": "Unknown Line Type<BR><BR><B>NAME</B> = Pinyari Feeder Lower<BR><BR><B>TYPE</B> = Canal<BR><BR><B>NAME</B> = B.S Feeder<BR><B>LAYER</B> = Unknown Line Type<BR><BR><B>NAME</B> = B.S Feeder<BR><BR><B>TYPE</B> = Canal<BR><B>GM_TYPE</B> = Unknown Line Type" }, "geometry": { "type": "LineString", "coordinates": [ [ 69.11474061, 28.14191813, 0.0 ], [ 69.12013411, 28.14478742, 0.0 ], [ 69.12259419, 28.14644833, 0.0 ], [ 69.12684552, 28.15027983, 0.0 ], [ 69.13305064, 28.15777194, 0.0 ], [ 69.13858199, 28.16527202, 0.0 ], [ 69.14638599, 28.17494841, 0.0 ], [ 69.16219359, 28.18987679, 0.0 ], [ 69.16673015, 28.19336878, 0.0 ], [ 69.26179376, 28.25087584, 0.0 ], [ 69.26526735, 28.25270024, 0.0 ], [ 69.27952412, 28.25843425, 0.0 ], [ 69.34162903, 28.28180645, 0.0 ], [ 69.35262866, 28.28642447, 0.0 ], [ 69.35731495, 28.28927005, 0.0 ], [ 69.43735259, 28.35702901, 0.0 ], [ 69.44041664, 28.36000086, 0.0 ], [ 69.46018985, 28.37650783, 0.0 ], [ 69.46777084, 28.38343924, 0.0 ], [ 69.50014552, 28.41062882, 0.0 ], [ 69.50611391, 28.41536325, 0.0 ], [ 69.51256362, 28.4198116, 0.0 ], [ 69.51844342, 28.42262896, 0.0 ], [ 69.52480501, 28.42530234, 0.0 ], [ 69.53084041, 28.42698271, 0.0 ], [ 69.53651687, 28.42760762, 0.0 ], [ 69.54182037, 28.4275156, 0.0 ], [ 69.60758024, 28.42055068, 0.0 ], [ 69.61516588, 28.42041265, 0.0 ], [ 69.6191673, 28.42081019, 0.0 ], [ 69.62529066, 28.42202914, 0.0 ], [ 69.63265587, 28.42438501, 0.0 ], [ 69.65728775, 28.43576743, 0.0 ], [ 69.66396784, 28.43766672, 0.0 ], [ 69.66808956, 28.43837393, 0.0 ], [ 69.67415, 28.43870773, 0.0 ], [ 69.6783849, 28.43868669, 0.0 ], [ 69.68520333, 28.43797714, 0.0 ], [ 69.69227956, 28.43571174, 0.0 ], [ 69.69749708, 28.43308739, 0.0 ], [ 69.70106832, 28.43057521, 0.0 ], [ 69.70931618, 28.42383034, 0.0 ] ] } },
{ "type": "Feature", "properties": { "name": "B.S Feeder", "descriptio": "Unknown Line Type<BR><BR><B>NAME</B> = Pinyari Feeder Lower<BR><BR><B>TYPE</B> = Canal<BR><BR><B>NAME</B> = B.S Feeder<BR><B>LAYER</B> = Unknown Line Type<BR><BR><B>NAME</B> = B.S Feeder<BR><BR><B>TYPE</B> = Canal<BR><B>GM_TYPE</B> = Unknown Line Type" }, "geometry": { "type": "LineString", "coordinates": [ [ 69.01299585, 28.08589274, 0.0 ], [ 68.98558797, 28.05376842, 0.0 ], [ 68.97571422, 28.04295912, 0.0 ], [ 68.94327501, 28.02089297, 0.0 ], [ 68.94090836, 28.01893219, 0.0 ], [ 68.90900806, 27.99050618, 0.0 ], [ 68.90047918, 27.98250976, 0.0 ], [ 68.89220301, 27.975264, 0.0 ], [ 68.87424507, 27.96055941, 0.0 ], [ 68.86312074, 27.94943768, 0.0 ] ] } },
{ "type": "Feature", "properties": { "name": "B.S Feeder", "descriptio": "Unknown Line Type<BR><BR><B>NAME</B> = Pinyari Feeder Lower<BR><BR><B>TYPE</B> = Canal<BR><BR><B>NAME</B> = B.S Feeder<BR><B>LAYER</B> = Unknown Line Type<BR><BR><B>NAME</B> = B.S Feeder<BR><BR><B>TYPE</B> = Canal<BR><B>GM_TYPE</B> = Unknown Line Type" }, "geometry": { "type": "LineString", "coordinates": [ [ 68.86312083, 27.94943777, 0.0 ], [ 68.86312074, 27.94943768, 0.0 ] ] } },
{ "type": "Feature", "properties": { "name": "B.S Feeder", "descriptio": "Unknown Line Type<BR><BR><B>NAME</B> = Pinyari Feeder Lower<BR><BR><B>TYPE</B> = Canal<BR><BR><B>NAME</B> = B.S Feeder<BR><B>LAYER</B> = Unknown Line Type<BR><BR><B>NAME</B> = B.S Feeder<BR><BR><B>TYPE</B> = Canal<BR><B>GM_TYPE</B> = Unknown Line Type" }, "geometry": { "type": "LineString", "coordinates": [ [ 69.11474086, 28.14191813, 0.0 ], [ 69.10745211, 28.13921249, 0.0 ], [ 69.05783084, 28.12549311, 0.0 ], [ 69.051346, 28.12290092, 0.0 ], [ 69.04660698, 28.12031678, 0.0 ], [ 69.04017892, 28.11575896, 0.0 ], [ 69.03602616, 28.11172923, 0.0 ], [ 69.02039114, 28.09373432, 0.0 ], [ 69.01298871, 28.08588642, 0.0 ] ] } },
{ "type": "Feature", "properties": { "name": "B.S Feeder", "descriptio": "Unknown Line Type<BR><BR><B>NAME</B> = Pinyari Feeder Lower<BR><BR><B>TYPE</B> = Canal<BR><BR><B>NAME</B> = B.S Feeder<BR><B>LAYER</B> = Unknown Line Type<BR><BR><B>NAME</B> = B.S Feeder<BR><BR><B>TYPE</B> = Canal<BR><B>GM_TYPE</B> = Unknown Line Type" }, "geometry": { "type": "LineString", "coordinates": [ [ 68.79497428, 27.80943237, 0.0 ], [ 68.82392901, 27.8934541, 0.0 ], [ 68.83345191, 27.90867736, 0.0 ], [ 68.8394584, 27.91911099, 0.0 ], [ 68.84939135, 27.93441048, 0.0 ], [ 68.86312074, 27.94943768, 0.0 ] ] } },
{ "type": "Feature", "properties": { "name": "Desert Pat Feeder", "descriptio": "Unknown Line Type<BR><BR><B>NAME</B> = Pinyari Feeder Lower<BR><BR><B>TYPE</B> = Canal<BR><BR><B>NAME</B> = Desert Pat Feeder<BR><B>LAYER</B> = Unknown Line Type<BR><BR><B>NAME</B> = Desert Pat Feeder<BR><BR><B>TYPE</B> = Canal<BR><B>GM_TYPE</B> = Unknow" }, "geometry": { "type": "LineString", "coordinates": [ [ 69.60230052, 28.44735034, 0.0 ], [ 69.5931682, 28.45079219, 0.0 ], [ 69.59084536, 28.45111021, 0.0 ], [ 69.55657758, 28.4497418, 0.0 ], [ 69.55316918, 28.44886109, 0.0 ], [ 69.53552439, 28.44136278, 0.0 ], [ 69.52980985, 28.43956343, 0.0 ], [ 69.4988708, 28.43277654, 0.0 ], [ 69.49681723, 28.43255121, 0.0 ], [ 69.4902777, 28.43286831, 0.0 ], [ 69.48347037, 28.43166846, 0.0 ], [ 69.47941787, 28.43130159, 0.0 ], [ 69.47359808, 28.4321794, 0.0 ], [ 69.47056496, 28.43330456, 0.0 ], [ 69.46324004, 28.43795991, 0.0 ], [ 69.46020872, 28.43952479, 0.0 ], [ 69.45342939, 28.44092607, 0.0 ], [ 69.44889636, 28.4408531, 0.0 ], [ 69.39265216, 28.42659141, 0.0 ], [ 69.35700285, 28.41698879, 0.0 ], [ 69.34769415, 28.41598494, 0.0 ], [ 69.34422516, 28.41608175, 0.0 ], [ 69.28549895, 28.42325627, 0.0 ], [ 69.27682353, 28.42537697, 0.0 ], [ 69.20861461, 28.45236509, 0.0 ], [ 69.14443223, 28.47696945, 0.0 ], [ 69.13626703, 28.48123876, 0.0 ], [ 69.12131443, 28.48720307, 0.0 ], [ 69.11859105, 28.48788008, 0.0 ], [ 69.11377565, 28.48845736, 0.0 ], [ 69.10978898, 28.48832869, 0.0 ], [ 69.10457232, 28.4873648, 0.0 ], [ 69.10104953, 28.4859596, 0.0 ], [ 69.09670394, 28.48363589, 0.0 ], [ 69.07516366, 28.46767113, 0.0 ], [ 69.06804424, 28.46255951, 0.0 ], [ 69.06353074, 28.45976246, 0.0 ], [ 69.05564621, 28.45634847, 0.0 ], [ 69.0524907, 28.45544047, 0.0 ], [ 69.04827267, 28.45484079, 0.0 ], [ 69.04429054, 28.4547195, 0.0 ], [ 69.03399548, 28.45551439, 0.0 ], [ 69.00272232, 28.45904462, 0.0 ], [ 68.99862064, 28.45974858, 0.0 ], [ 68.99165252, 28.46168028, 0.0 ], [ 68.95934967, 28.47301201, 0.0 ], [ 68.95631754, 28.47374876, 0.0 ], [ 68.95123508, 28.47440693, 0.0 ], [ 68.94052543, 28.47503233, 0.0 ], [ 68.9297195, 28.47276465, 0.0 ], [ 68.90026538, 28.46381292, 0.0 ], [ 68.88455417, 28.45928817, 0.0 ], [ 68.88139981, 28.4586548, 0.0 ], [ 68.87537255, 28.45806279, 0.0 ], [ 68.85555152, 28.45739675, 0.0 ], [ 68.84646851, 28.4578727, 0.0 ], [ 68.84010595, 28.45964001, 0.0 ], [ 68.83471292, 28.46191847, 0.0 ], [ 68.76216313, 28.49499422, 0.0 ], [ 68.75358674, 28.49852324, 0.0 ], [ 68.74937821, 28.50096477, 0.0 ], [ 68.72926236, 28.51680981, 0.0 ] ] } },
{ "type": "Feature", "properties": { "name": "Ghotki Feeder", "descriptio": "Unknown Line Type<BR><BR><B>NAME</B> = Pinyari Feeder Lower<BR><BR><B>TYPE</B> = Canal<BR><BR><B>NAME</B> = Ghotki Feeder<BR><B>LAYER</B> = Unknown Line Type<BR><BR><B>NAME</B> = Ghotki Feeder<BR><BR><B>TYPE</B> = Canal<BR><B>GM_TYPE</B> = Unknown Line T" }, "geometry": { "type": "LineString", "coordinates": [ [ 69.07608269, 27.81683127, 0.0 ], [ 69.07463086, 27.81576811, 0.0 ], [ 69.07290647, 27.81285265, 0.0 ], [ 69.0741568, 27.8098207, 0.0 ], [ 69.07221025, 27.80615332, 0.0 ], [ 69.07225264, 27.79884518, 0.0 ], [ 69.07168293, 27.79722924, 0.0 ], [ 69.06535276, 27.78966241, 0.0 ], [ 69.05700411, 27.78113651, 0.0 ], [ 69.05542312, 27.77991425, 0.0 ], [ 69.05448008, 27.7784854, 0.0 ], [ 69.04957225, 27.77393042, 0.0 ], [ 69.04226993, 27.76633676, 0.0 ], [ 69.03960258, 27.76412633, 0.0 ], [ 69.03885362, 27.76297278, 0.0 ], [ 69.03523408, 27.75956463, 0.0 ], [ 69.03461948, 27.75861085, 0.0 ] ] } },
{ "type": "Feature", "properties": { "name": "Dadu Canal", "descriptio": "Unknown Line Type<BR><BR><B>NAME</B> = Pinyari Feeder Lower<BR><BR><B>TYPE</B> = Canal<BR><BR><B>NAME</B> = Dadu Canal<BR><B>LAYER</B> = Unknown Line Type<BR><BR><B>NAME</B> = Dadu Canal<BR><BR><B>TYPE</B> = Canal<BR><B>GM_TYPE</B> = Unknown Line Type" }, "geometry": { "type": "LineString", "coordinates": [ [ 68.84440879, 27.68655904, 0.0 ], [ 68.842525, 27.6934226, 0.0 ], [ 68.84105042, 27.6968455, 0.0 ], [ 68.8382678, 27.70122162, 0.0 ], [ 68.8362483, 27.70343391, 0.0 ], [ 68.83258272, 27.70645174, 0.0 ], [ 68.80755595, 27.72141739, 0.0 ], [ 68.69287821, 27.80234921, 0.0 ], [ 68.68524233, 27.80701597, 0.0 ], [ 68.680695, 27.80909524, 0.0 ], [ 68.6744442, 27.81124247, 0.0 ], [ 68.6663284, 27.81324077, 0.0 ], [ 68.66210911, 27.81395112, 0.0 ], [ 68.65540655, 27.81448909, 0.0 ], [ 68.64724944, 27.81465695, 0.0 ], [ 68.64086723, 27.81436396, 0.0 ], [ 68.63054687, 27.81289147, 0.0 ], [ 68.62419408, 27.81131723, 0.0 ], [ 68.61682406, 27.80893002, 0.0 ], [ 68.54850206, 27.78421014, 0.0 ], [ 68.5332193, 27.77540952, 0.0 ], [ 68.52034547, 27.76755001, 0.0 ], [ 68.514844, 27.76476592, 0.0 ], [ 68.51066011, 27.76312314, 0.0 ], [ 68.50517685, 27.76161639, 0.0 ], [ 68.4957818, 27.76026282, 0.0 ], [ 68.49227768, 27.75944781, 0.0 ], [ 68.48526926, 27.75667785, 0.0 ], [ 68.41477177, 27.71820692, 0.0 ], [ 68.38864241, 27.70359444, 0.0 ], [ 68.38638782, 27.70194462, 0.0 ], [ 68.384126, 27.69956645, 0.0 ], [ 68.38207708, 27.69637843, 0.0 ], [ 68.38066014, 27.69292912, 0.0 ], [ 68.38004594, 27.68965001, 0.0 ], [ 68.37979563, 27.6786126, 0.0 ], [ 68.37870017, 27.66990974, 0.0 ], [ 68.37676314, 27.6664715, 0.0 ], [ 68.37039106, 27.65979345, 0.0 ], [ 68.36556623, 27.65655509, 0.0 ], [ 68.28260176, 27.6122908, 0.0 ], [ 68.27795066, 27.6093201, 0.0 ], [ 68.27374675, 27.60495976, 0.0 ], [ 68.27058427, 27.59993002, 0.0 ], [ 68.2687449, 27.59517136, 0.0 ], [ 68.26816228, 27.59238011, 0.0 ], [ 68.26704856, 27.57705205, 0.0 ], [ 68.26648491, 27.57436785, 0.0 ], [ 68.26500301, 27.5708181, 0.0 ], [ 68.25917242, 27.56334345, 0.0 ], [ 68.25748094, 27.55972707, 0.0 ], [ 68.25232658, 27.53083949, 0.0 ], [ 68.24971828, 27.52683368, 0.0 ], [ 68.23512051, 27.51306905, 0.0 ], [ 68.23365241, 27.51054417, 0.0 ], [ 68.23286128, 27.50834387, 0.0 ], [ 68.23277561, 27.5042899, 0.0 ], [ 68.23393267, 27.49921447, 0.0 ], [ 68.23819373, 27.47500385, 0.0 ], [ 68.23808436, 27.47334695, 0.0 ], [ 68.23693914, 27.47007672, 0.0 ], [ 68.23171822, 27.46669154, 0.0 ], [ 68.23032407, 27.46618292, 0.0 ], [ 68.22494458, 27.46593475, 0.0 ], [ 68.22123616, 27.46735014, 0.0 ], [ 68.21763642, 27.46590129, 0.0 ], [ 68.20973172, 27.46634115, 0.0 ], [ 68.20791657, 27.46600853, 0.0 ], [ 68.20565758, 27.46504256, 0.0 ], [ 68.20207255, 27.46312045, 0.0 ], [ 68.19823262, 27.46017255, 0.0 ], [ 68.19513898, 27.45908751, 0.0 ], [ 68.1850812, 27.45380083, 0.0 ], [ 68.18225857, 27.45261286, 0.0 ], [ 68.17645468, 27.44720444, 0.0 ], [ 68.17392299, 27.44530056, 0.0 ], [ 68.13917568, 27.42435858, 0.0 ], [ 68.13262639, 27.41907608, 0.0 ], [ 68.12880777, 27.41487422, 0.0 ], [ 68.12566425, 27.41056205, 0.0 ], [ 68.12236979, 27.40450367, 0.0 ], [ 68.12085096, 27.40066905, 0.0 ], [ 68.11962326, 27.39615481, 0.0 ], [ 68.10957892, 27.32823192, 0.0 ], [ 68.107642, 27.32213958, 0.0 ], [ 68.10596644, 27.31902484, 0.0 ], [ 68.10351421, 27.31549912, 0.0 ], [ 68.05132595, 27.25780276, 0.0 ], [ 68.04524841, 27.2510066, 0.0 ], [ 68.04179255, 27.2466039, 0.0 ], [ 68.00767416, 27.19946927, 0.0 ], [ 67.99505198, 27.18422538, 0.0 ], [ 67.99271686, 27.17986166, 0.0 ], [ 67.98608789, 27.16255123, 0.0 ], [ 67.98317415, 27.15823499, 0.0 ], [ 67.93524665, 27.11142067, 0.0 ] ] } },
{ "type": "Feature", "properties": { "name": "Dadu Canal", "descriptio": "Unknown Line Type<BR><BR><B>NAME</B> = Pinyari Feeder Lower<BR><BR><B>TYPE</B> = Canal<BR><BR><B>NAME</B> = Dadu Canal<BR><B>LAYER</B> = Unknown Line Type<BR><BR><B>NAME</B> = Dadu Canal<BR><BR><B>TYPE</B> = Canal<BR><B>GM_TYPE</B> = Unknown Line Type" }, "geometry": { "type": "LineString", "coordinates": [ [ 67.77919823, 26.59946585, 0.0 ], [ 67.78034436, 26.60658097, 0.0 ], [ 67.80206643, 26.65366517, 0.0 ], [ 67.80272557, 26.65598346, 0.0 ], [ 67.80321173, 26.6597634, 0.0 ], [ 67.80330185, 26.66353812, 0.0 ], [ 67.80280559, 26.66744788, 0.0 ], [ 67.78895863, 26.71622521, 0.0 ], [ 67.78852998, 26.71888095, 0.0 ], [ 67.78833557, 26.72836064, 0.0 ], [ 67.79053951, 26.76154143, 0.0 ], [ 67.79168712, 26.76502915, 0.0 ], [ 67.79461738, 26.77059056, 0.0 ], [ 67.80403387, 26.7939865, 0.0 ], [ 67.80470505, 26.79641272, 0.0 ], [ 67.80518679, 26.8007389, 0.0 ], [ 67.80514954, 26.80967461, 0.0 ], [ 67.80546952, 26.81499362, 0.0 ], [ 67.81803612, 26.85814858, 0.0 ], [ 67.81895444, 26.86210784, 0.0 ], [ 67.81887006, 26.86665135, 0.0 ], [ 67.81829885, 26.86917325, 0.0 ], [ 67.81710114, 26.87227939, 0.0 ], [ 67.81115307, 26.88164939, 0.0 ], [ 67.80988563, 26.88393866, 0.0 ], [ 67.80895587, 26.88655858, 0.0 ], [ 67.80881489, 26.89077954, 0.0 ], [ 67.80953302, 26.89400282, 0.0 ], [ 67.8104335, 26.89598966, 0.0 ], [ 67.81299714, 26.89933757, 0.0 ], [ 67.81674478, 26.90233362, 0.0 ], [ 67.82116128, 26.90665462, 0.0 ], [ 67.85160414, 26.93740306, 0.0 ], [ 67.86436281, 26.94728965, 0.0 ], [ 67.86761132, 26.95020374, 0.0 ], [ 67.87028727, 26.95400745, 0.0 ], [ 67.871928, 26.95782016, 0.0 ], [ 67.87292173, 26.96214712, 0.0 ], [ 67.87313375, 26.96734459, 0.0 ], [ 67.8689184, 26.98981942, 0.0 ], [ 67.86877726, 26.9925566, 0.0 ], [ 67.86937587, 26.99666323, 0.0 ], [ 67.8707324, 27.00035381, 0.0 ], [ 67.87187879, 27.00238431, 0.0 ], [ 67.89420616, 27.03678505, 0.0 ], [ 67.89631169, 27.04122527, 0.0 ], [ 67.89731156, 27.04484529, 0.0 ], [ 67.89773439, 27.04781319, 0.0 ], [ 67.89751725, 27.07002282, 0.0 ], [ 67.89794444, 27.07255282, 0.0 ], [ 67.89950501, 27.07692101, 0.0 ], [ 67.90309294, 27.0819444, 0.0 ], [ 67.91861032, 27.0954825, 0.0 ], [ 67.92206093, 27.10124537, 0.0 ], [ 67.93088032, 27.10745393, 0.0 ], [ 67.93524673, 27.11142076, 0.0 ] ] } },
{ "type": "Feature", "properties": { "name": "Ghotki Feeder", "descriptio": "Unknown Line Type<BR><BR><B>NAME</B> = Pinyari Feeder Lower<BR><BR><B>TYPE</B> = Canal<BR><BR><B>NAME</B> = Ghotki Feeder<BR><B>LAYER</B> = Unknown Line Type<BR><BR><B>NAME</B> = Ghotki Feeder<BR><BR><B>TYPE</B> = Canal<BR><B>GM_TYPE</B> = Unknown Line T" }, "geometry": { "type": "LineString", "coordinates": [ [ 69.71789787, 28.41447423, 0.0 ], [ 69.75252387, 28.37036517, 0.0 ], [ 69.77435401, 28.34328617, 0.0 ], [ 69.78771268, 28.32619796, 0.0 ], [ 69.7895282, 28.32263125, 0.0 ], [ 69.79048088, 28.31852804, 0.0 ], [ 69.7906571, 28.30437126, 0.0 ], [ 69.7903542, 28.30139282, 0.0 ], [ 69.7835897, 28.27883211, 0.0 ], [ 69.77795539, 28.26271589, 0.0 ], [ 69.75720995, 28.25105755, 0.0 ], [ 69.72888952, 28.23414907, 0.0 ], [ 69.6980143, 28.21626237, 0.0 ], [ 69.62973082, 28.18439671, 0.0 ], [ 69.62725823, 28.18267663, 0.0 ], [ 69.62194285, 28.17782742, 0.0 ], [ 69.60159068, 28.15774729, 0.0 ], [ 69.60028197, 28.15679115, 0.0 ], [ 69.53466606, 28.12225755, 0.0 ], [ 69.4990753, 28.10432533, 0.0 ], [ 69.49605791, 28.1034464, 0.0 ], [ 69.49260898, 28.10336984, 0.0 ], [ 69.46392859, 28.10901977, 0.0 ], [ 69.46107935, 28.10920862, 0.0 ], [ 69.4586532, 28.10890313, 0.0 ], [ 69.45709452, 28.10846511, 0.0 ], [ 69.42634765, 28.09337438, 0.0 ], [ 69.41944214, 28.09031546, 0.0 ], [ 69.3881458, 28.07795193, 0.0 ], [ 69.3759437, 28.07683454, 0.0 ], [ 69.35656365, 28.07568716, 0.0 ], [ 69.3357754, 28.06878038, 0.0 ], [ 69.31824555, 28.055335, 0.0 ], [ 69.2963356, 28.04072436, 0.0 ], [ 69.27042851, 28.02444669, 0.0 ], [ 69.2689168, 28.02260478, 0.0 ], [ 69.26824602, 28.01713229, 0.0 ], [ 69.26767809, 28.01622237, 0.0 ], [ 69.26492335, 28.01459141, 0.0 ], [ 69.26352647, 28.01307521, 0.0 ], [ 69.26376969, 28.0097941, 0.0 ], [ 69.2630668, 28.00867693, 0.0 ], [ 69.260042, 28.00809135, 0.0 ], [ 69.2562513, 28.00824025, 0.0 ], [ 69.24800125, 28.01074026, 0.0 ], [ 69.24441185, 28.01079542, 0.0 ], [ 69.24303699, 28.01022944, 0.0 ], [ 69.24221292, 28.00868177, 0.0 ], [ 69.24114538, 28.00784564, 0.0 ], [ 69.23951146, 28.00726194, 0.0 ], [ 69.2350339, 28.00836021, 0.0 ], [ 69.23389384, 28.00905873, 0.0 ], [ 69.2328276, 28.01000776, 0.0 ], [ 69.23068688, 28.01313867, 0.0 ], [ 69.22791862, 28.01327334, 0.0 ], [ 69.22335592, 28.0145489, 0.0 ], [ 69.22054847, 28.01346425, 0.0 ], [ 69.21511273, 28.00745418, 0.0 ], [ 69.21436017, 28.00495631, 0.0 ], [ 69.21283417, 28.00252145, 0.0 ], [ 69.20970827, 27.99935057, 0.0 ], [ 69.20568762, 27.99660371, 0.0 ], [ 69.20242105, 27.99384172, 0.0 ], [ 69.20010701, 27.98843706, 0.0 ], [ 69.19483834, 27.98512326, 0.0 ], [ 69.18401834, 27.9797616, 0.0 ], [ 69.17919163, 27.97590065, 0.0 ], [ 69.17889547, 27.97355514, 0.0 ], [ 69.1804521, 27.97177428, 0.0 ], [ 69.18059199, 27.96817185, 0.0 ], [ 69.1814895, 27.96691964, 0.0 ], [ 69.18243286, 27.96402799, 0.0 ], [ 69.18493914, 27.96139985, 0.0 ], [ 69.1863393, 27.95868472, 0.0 ], [ 69.18743348, 27.95402256, 0.0 ], [ 69.18723446, 27.95139127, 0.0 ], [ 69.18416362, 27.94680098, 0.0 ], [ 69.18125751, 27.94407588, 0.0 ], [ 69.17948178, 27.94308468, 0.0 ], [ 69.17515262, 27.941645, 0.0 ], [ 69.17461638, 27.93906809, 0.0 ], [ 69.17180343, 27.93401923, 0.0 ], [ 69.17045745, 27.93048966, 0.0 ], [ 69.16716886, 27.92781582, 0.0 ], [ 69.16312499, 27.92162996, 0.0 ], [ 69.15754032, 27.91687485, 0.0 ], [ 69.15659663, 27.91564755, 0.0 ], [ 69.15235944, 27.91366677, 0.0 ], [ 69.15173808, 27.91156549, 0.0 ], [ 69.15215874, 27.90970595, 0.0 ], [ 69.15038351, 27.90878034, 0.0 ], [ 69.15018836, 27.90824136, 0.0 ], [ 69.15050367, 27.9078096, 0.0 ], [ 69.14985056, 27.9041471, 0.0 ], [ 69.14901521, 27.90332452, 0.0 ], [ 69.14784032, 27.90303534, 0.0 ], [ 69.14650009, 27.90023261, 0.0 ], [ 69.14301368, 27.89717967, 0.0 ], [ 69.14009047, 27.89560952, 0.0 ], [ 69.13899007, 27.89359829, 0.0 ], [ 69.13622756, 27.89157823, 0.0 ], [ 69.13405889, 27.89056218, 0.0 ], [ 69.13252291, 27.88930026, 0.0 ], [ 69.13064912, 27.88604056, 0.0 ], [ 69.12824904, 27.88366818, 0.0 ], [ 69.12631232, 27.88352863, 0.0 ], [ 69.11967235, 27.87961202, 0.0 ], [ 69.11510413, 27.87871001, 0.0 ], [ 69.11170097, 27.87664206, 0.0 ], [ 69.10435088, 27.87355168, 0.0 ], [ 69.09884974, 27.87314001, 0.0 ], [ 69.09618954, 27.87115255, 0.0 ], [ 69.09610411, 27.86907419, 0.0 ], [ 69.09489851, 27.8669818, 0.0 ], [ 69.09378793, 27.86584506, 0.0 ], [ 69.08847172, 27.86189129, 0.0 ], [ 69.0876802, 27.85897886, 0.0 ], [ 69.08784548, 27.85434056, 0.0 ], [ 69.08734854, 27.84855246, 0.0 ], [ 69.08756457, 27.8473492, 0.0 ], [ 69.08904271, 27.84458072, 0.0 ], [ 69.08878361, 27.84305077, 0.0 ], [ 69.08986815, 27.8392443, 0.0 ], [ 69.08935616, 27.83567444, 0.0 ], [ 69.0888133, 27.83446572, 0.0 ], [ 69.08761732, 27.83305748, 0.0 ], [ 69.08766666, 27.82912551, 0.0 ], [ 69.08578358, 27.8256148, 0.0 ], [ 69.08280223, 27.8213768, 0.0 ], [ 69.07926492, 27.81815734, 0.0 ], [ 69.07608269, 27.81683127, 0.0 ] ] } },
{ "type": "Feature", "properties": { "name": "Jamrao Canal", "descriptio": "Unknown Line Type<BR><BR><B>NAME</B> = Mithrao Canal<BR><BR><B>TYPE</B> = Branch<BR><BR><B>NAME</B> = Jamrao Canal<BR><B>LAYER</B> = Unknown Line Type<BR><BR><B>NAME</B> = Jamrao Canal<BR><BR><B>TYPE</B> = Branch<BR><B>GM_TYPE</B> = Unknown Line Type" }, "geometry": { "type": "LineString", "coordinates": [ [ 68.87966408, 26.4357606, 0.0 ], [ 68.87578056, 26.431761, 0.0 ], [ 68.8749788, 26.43137185, 0.0 ], [ 68.86541486, 26.43058608, 0.0 ], [ 68.86101067, 26.42895105, 0.0 ], [ 68.85706494, 26.42600547, 0.0 ], [ 68.85540139, 26.42400566, 0.0 ], [ 68.82837837, 26.38313162, 0.0 ], [ 68.81759745, 26.37445972, 0.0 ], [ 68.80653356, 26.36623891, 0.0 ], [ 68.74920943, 26.3215368, 0.0 ], [ 68.74422507, 26.31730968, 0.0 ], [ 68.73665144, 26.30464383, 0.0 ], [ 68.73033006, 26.29269879, 0.0 ], [ 68.705789854592553, 26.2, 0.0 ] ] } },
{ "type": "Feature", "properties": { "name": "Dim Branch", "descriptio": "Unknown Line Type<BR><BR><B>NAME</B> = Mithrao Canal<BR><BR><B>TYPE</B> = Branch<BR><BR><B>NAME</B> = Dim Branch<BR><B>LAYER</B> = Unknown Line Type<BR><BR><B>NAME</B> = Dim Branch<BR><BR><B>TYPE</B> = Branch<BR><B>GM_TYPE</B> = Unknown Line Type" }, "geometry": { "type": "LineString", "coordinates": [ [ 68.71933558, 26.24811278, 0.0 ], [ 68.72148785, 26.24660204, 0.0 ], [ 68.72503479, 26.24522412, 0.0 ], [ 68.72758153, 26.24349503, 0.0 ], [ 68.73047958, 26.24036735, 0.0 ], [ 68.73187775, 26.23746667, 0.0 ], [ 68.738205725771891, 26.2, 0.0 ] ] } },
{ "type": "Feature", "properties": { "name": "Twin Jamrao Canal", "descriptio": "Unknown Line Type<BR><BR><B>NAME</B> = Mithrao Canal<BR><BR><B>TYPE</B> = Branch<BR><BR><B>NAME</B> = Twin Jamrao Canal<BR><B>LAYER</B> = Unknown Line Type<BR><BR><B>NAME</B> = Twin Jamrao Canal<BR><BR><B>TYPE</B> = Branch<BR><B>GM_TYPE</B> = Unknown Lin" }, "geometry": { "type": "LineString", "coordinates": [ [ 68.705541045197606, 26.2, 0.0 ], [ 68.71410242, 26.23228393, 0.0 ] ] } },
{ "type": "Feature", "properties": { "name": "Jamrao Old", "descriptio": "Unknown Line Type<BR><BR><B>NAME</B> = Mithrao Canal<BR><BR><B>TYPE</B> = Branch<BR><BR><B>NAME</B> = Jamrao Old<BR><B>LAYER</B> = Unknown Line Type<BR><BR><B>NAME</B> = Jamrao Old<BR><BR><B>TYPE</B> = Branch<BR><B>GM_TYPE</B> = Unknown Line Type" }, "geometry": { "type": "LineString", "coordinates": [ [ 68.706464334292676, 26.2, 0.0 ], [ 68.73097656, 26.2928458, 0.0 ], [ 68.74376534, 26.31571568, 0.0 ], [ 68.74609048, 26.31803313, 0.0 ], [ 68.75313346, 26.32361146, 0.0 ], [ 68.82804917, 26.38142412, 0.0 ], [ 68.83012011, 26.38380606, 0.0 ], [ 68.85575121, 26.42298645, 0.0 ], [ 68.85778672, 26.42545046, 0.0 ], [ 68.86104279, 26.42774745, 0.0 ], [ 68.86342915, 26.42880732, 0.0 ], [ 68.86533857, 26.42927179, 0.0 ], [ 68.8695028, 26.42970355, 0.0 ], [ 68.87406282, 26.42886664, 0.0 ], [ 68.87651652, 26.43181616, 0.0 ], [ 68.87981896, 26.43426677, 0.0 ] ] } },
{ "type": "Feature", "properties": { "name": "Twin Jamrao Canal", "descriptio": "Unknown Line Type<BR><BR><B>NAME</B> = Mithrao Canal<BR><BR><B>TYPE</B> = Branch<BR><BR><B>NAME</B> = Twin Jamrao Canal<BR><B>LAYER</B> = Unknown Line Type<BR><BR><B>NAME</B> = Twin Jamrao Canal<BR><BR><B>TYPE</B> = Branch<BR><B>GM_TYPE</B> = Unknown Lin" }, "geometry": { "type": "LineString", "coordinates": [ [ 68.88003185, 26.43625218, 0.0 ], [ 68.87508404, 26.43132427, 0.0 ], [ 68.86410968, 26.43005466, 0.0 ], [ 68.86080531, 26.42882871, 0.0 ], [ 68.85887832, 26.42767022, 0.0 ], [ 68.85646319, 26.42539425, 0.0 ], [ 68.85387793, 26.42203739, 0.0 ], [ 68.827574, 26.38243887, 0.0 ], [ 68.81726066, 26.37412076, 0.0 ], [ 68.80600995, 26.36584965, 0.0 ], [ 68.74921685, 26.32166221, 0.0 ], [ 68.74386258, 26.31703333, 0.0 ], [ 68.74260017, 26.31539519, 0.0 ], [ 68.73024819, 26.29331206, 0.0 ], [ 68.71410006, 26.23227246, 0.0 ] ] } },
{ "type": "Feature", "properties": { "name": "Nusrat Branch", "descriptio": "Unknown Line Type<BR><BR><B>NAME</B> = Mithrao Canal<BR><BR><B>TYPE</B> = Branch<BR><BR><B>NAME</B> = Nusrat Branch<BR><B>LAYER</B> = Unknown Line Type<BR><BR><B>NAME</B> = Nusrat Branch<BR><BR><B>TYPE</B> = Branch<BR><B>GM_TYPE</B> = Unknown Line Type" }, "geometry": { "type": "LineString", "coordinates": [ [ 68.38299255, 26.46185389, 0.0 ], [ 68.3734087, 26.48764935, 0.0 ], [ 68.3528796, 26.53664414, 0.0 ], [ 68.32497134, 26.59082114, 0.0 ], [ 68.32333313, 26.59457993, 0.0 ], [ 68.3220909, 26.59970193, 0.0 ], [ 68.31896658, 26.62232739, 0.0 ], [ 68.31828998, 26.62568223, 0.0 ], [ 68.31618008, 26.63115474, 0.0 ], [ 68.30210812, 26.6570381, 0.0 ], [ 68.2995201, 26.65884056, 0.0 ], [ 68.29800195, 26.65919613, 0.0 ], [ 68.29380942, 26.65894842, 0.0 ], [ 68.29289823, 26.65921623, 0.0 ], [ 68.29172228, 26.66143394, 0.0 ], [ 68.28966449, 26.69099983, 0.0 ], [ 68.28411918, 26.71143844, 0.0 ], [ 68.27973427, 26.725393, 0.0 ], [ 68.27856447, 26.7320686, 0.0 ], [ 68.27865896, 26.73521469, 0.0 ], [ 68.2823759, 26.75795563, 0.0 ], [ 68.28104758, 26.77483484, 0.0 ], [ 68.2716011, 26.80836884, 0.0 ], [ 68.26642644, 26.85275393, 0.0 ], [ 68.26506864, 26.8804321, 0.0 ], [ 68.26803578, 26.89945479, 0.0 ], [ 68.27364803, 26.91208649, 0.0 ], [ 68.27409024, 26.91455055, 0.0 ], [ 68.27351663, 26.91930173, 0.0 ], [ 68.2720855, 26.9222349, 0.0 ], [ 68.26646045, 26.93027485, 0.0 ], [ 68.26412875, 26.9353555, 0.0 ], [ 68.26302522, 26.94068352, 0.0 ], [ 68.26273702, 26.94389604, 0.0 ], [ 68.25898801, 26.95088557, 0.0 ], [ 68.25777658, 26.95456313, 0.0 ], [ 68.25666491, 26.96105364, 0.0 ], [ 68.25521405, 26.96619326, 0.0 ], [ 68.25351334, 26.96929565, 0.0 ], [ 68.24517356, 26.98135112, 0.0 ], [ 68.2435478, 26.98459053, 0.0 ], [ 68.24086698, 26.99874127, 0.0 ], [ 68.23559001, 27.01088467, 0.0 ], [ 68.23365855, 27.02378127, 0.0 ], [ 68.2310104, 27.03115201, 0.0 ], [ 68.22892619, 27.03421783, 0.0 ], [ 68.22692725, 27.03598476, 0.0 ], [ 68.22268003, 27.04238921, 0.0 ], [ 68.22258841, 27.04310178, 0.0 ] ] } },
{ "type": "Feature", "properties": { "name": "Naulakha Branch", "descriptio": "Unknown Line Type<BR><BR><B>NAME</B> = Mithrao Canal<BR><BR><B>TYPE</B> = Branch<BR><BR><B>NAME</B> = Naulakha Branch<BR><B>LAYER</B> = Unknown Line Type<BR><BR><B>NAME</B> = Naulakha Branch<BR><BR><B>TYPE</B> = Branch<BR><B>GM_TYPE</B> = Unknown Line Ty" }, "geometry": { "type": "LineString", "coordinates": [ [ 68.49933412, 27.25000049, 0.0 ], [ 68.48723049, 27.25211693, 0.0 ], [ 68.46540914, 27.26120872, 0.0 ], [ 68.46168694, 27.26218246, 0.0 ], [ 68.40027684, 27.26232399, 0.0 ], [ 68.39829532, 27.26150666, 0.0 ], [ 68.39677032, 27.26006945, 0.0 ], [ 68.37559785, 27.23205039, 0.0 ], [ 68.37501684, 27.23025584, 0.0 ], [ 68.37552644, 27.22334011, 0.0 ], [ 68.37517625, 27.22182342, 0.0 ], [ 68.36646472, 27.2102476, 0.0 ], [ 68.36474804, 27.20890369, 0.0 ], [ 68.36319909, 27.20846909, 0.0 ], [ 68.33664934, 27.20706612, 0.0 ], [ 68.32571452, 27.20835008, 0.0 ], [ 68.32353866, 27.20829356, 0.0 ], [ 68.30709556, 27.20499624, 0.0 ], [ 68.28459952, 27.20360251, 0.0 ], [ 68.27583276, 27.20383522, 0.0 ] ] } },
{ "type": "Feature", "properties": { "name": "Thul Branch", "descriptio": "Unknown Line Type<BR><BR><B>NAME</B> = Mithrao Canal<BR><BR><B>TYPE</B> = Branch<BR><BR><B>NAME</B> = Thul Branch<BR><B>LAYER</B> = Unknown Line Type<BR><BR><B>NAME</B> = Thul Branch<BR><BR><B>TYPE</B> = Branch<BR><B>GM_TYPE</B> = Unknown Line Type" }, "geometry": { "type": "LineString", "coordinates": [ [ 68.15393667, 26.59998918, 0.0 ], [ 68.15220688, 26.597906, 0.0 ], [ 68.15225077, 26.59675925, 0.0 ], [ 68.15286511, 26.59520174, 0.0 ], [ 68.15171009, 26.58338074, 0.0 ], [ 68.15053728, 26.57413393, 0.0 ], [ 68.14813224, 26.56338672, 0.0 ], [ 68.14679744, 26.56172188, 0.0 ], [ 68.14492759, 26.56049992, 0.0 ], [ 68.13356748, 26.55791428, 0.0 ], [ 68.13151988, 26.55678666, 0.0 ], [ 68.13023822, 26.55523122, 0.0 ], [ 68.11338273, 26.528111, 0.0 ], [ 68.11204615, 26.52679634, 0.0 ], [ 68.11088153, 26.5261518, 0.0 ], [ 68.10650625, 26.52453548, 0.0 ] ] } },
{ "type": "Feature", "properties": { "name": "Dad Branch", "descriptio": "Unknown Line Type<BR><BR><B>NAME</B> = Mithrao Canal<BR><BR><B>TYPE</B> = Branch<BR><BR><B>NAME</B> = Dad Branch<BR><B>LAYER</B> = Unknown Line Type<BR><BR><B>NAME</B> = Dad Branch<BR><BR><B>TYPE</B> = Branch<BR><B>GM_TYPE</B> = Unknown Line Type" }, "geometry": { "type": "LineString", "coordinates": [ [ 68.14274033, 26.79320701, 0.0 ], [ 68.14099283, 26.79397729, 0.0 ], [ 68.13846445, 26.79435242, 0.0 ], [ 68.13700732, 26.7941483, 0.0 ], [ 68.13511908, 26.79337541, 0.0 ], [ 68.11584876, 26.77311826, 0.0 ], [ 68.08224862, 26.72156903, 0.0 ], [ 68.06525394, 26.69994526, 0.0 ], [ 68.02440463, 26.6723548, 0.0 ] ] } },
{ "type": "Feature", "properties": { "name": "Ratodero Branch", "descriptio": "Unknown Line Type<BR><BR><B>NAME</B> = Mithrao Canal<BR><BR><B>TYPE</B> = Branch<BR><BR><B>NAME</B> = Ratodero Branch<BR><B>LAYER</B> = Unknown Line Type<BR><BR><B>NAME</B> = Ratodero Branch<BR><BR><B>TYPE</B> = Branch<BR><B>GM_TYPE</B> = Unknown Line Ty" }, "geometry": { "type": "LineString", "coordinates": [ [ 68.47775649, 27.92806869, 0.0 ], [ 68.42498528, 27.88307418, 0.0 ], [ 68.41871454, 27.87962764, 0.0 ], [ 68.2929374, 27.81759609, 0.0 ] ] } },
{ "type": "Feature", "properties": { "name": "Shahdad Kot Branch", "descriptio": "Unknown Line Type<BR><BR><B>NAME</B> = Mithrao Canal<BR><BR><B>TYPE</B> = Branch<BR><BR><B>NAME</B> = Shahdad Kot Branch<BR><B>LAYER</B> = Unknown Line Type<BR><BR><B>NAME</B> = Shahdad Kot Branch<BR><BR><B>TYPE</B> = Branch<BR><B>GM_TYPE</B> = Unknown L" }, "geometry": { "type": "LineString", "coordinates": [ [ 68.41538895, 27.98104859, 0.0 ], [ 68.19063393, 27.88386763, 0.0 ], [ 68.18573891, 27.88239443, 0.0 ], [ 68.17155646, 27.87899331, 0.0 ], [ 68.11334763, 27.86534692, 0.0 ] ] } },
{ "type": "Feature", "properties": { "name": "Mahrabpur Branch", "descriptio": "Unknown Line Type<BR><BR><B>NAME</B> = Mithrao Canal<BR><BR><B>TYPE</B> = Branch<BR><BR><B>NAME</B> = Mahrabpur Branch<BR><B>LAYER</B> = Unknown Line Type<BR><BR><B>NAME</B> = Mahrabpur Branch<BR><BR><B>TYPE</B> = Branch<BR><B>GM_TYPE</B> = Unknown Line" }, "geometry": { "type": "LineString", "coordinates": [ [ 68.32108581, 27.05608319, 0.0 ], [ 68.33865967, 27.0807173, 0.0 ], [ 68.36483858, 27.09393086, 0.0 ], [ 68.36748264, 27.09444284, 0.0 ], [ 68.39147348, 27.09678612, 0.0 ], [ 68.39222456, 27.09702388, 0.0 ], [ 68.40161333, 27.10383554, 0.0 ], [ 68.40204233, 27.1047567, 0.0 ], [ 68.40185437, 27.10636033, 0.0 ], [ 68.39433134, 27.11731377, 0.0 ] ] } },
{ "type": "Feature", "properties": { "name": "Chhori Branch", "descriptio": "Unknown Line Type<BR><BR><B>NAME</B> = Mithrao Canal<BR><BR><B>TYPE</B> = Branch<BR><BR><B>NAME</B> = Chhori Branch<BR><B>LAYER</B> = Unknown Line Type<BR><BR><B>NAME</B> = Chhori Branch<BR><BR><B>TYPE</B> = Branch<BR><B>GM_TYPE</B> = Unknown Line Type" }, "geometry": { "type": "LineString", "coordinates": [ [ 67.96200733, 27.72716807, 0.0 ], [ 67.96090149, 27.7292772, 0.0 ], [ 67.95903696, 27.73142458, 0.0 ], [ 67.95665542, 27.73311958, 0.0 ], [ 67.95430393, 27.73413897, 0.0 ], [ 67.90668304, 27.74706249, 0.0 ], [ 67.90374708, 27.74772342, 0.0 ], [ 67.90107137, 27.74793286, 0.0 ], [ 67.89701926, 27.74741796, 0.0 ], [ 67.86160118, 27.7369576, 0.0 ], [ 67.84662937, 27.72781577, 0.0 ] ] } },
{ "type": "Feature", "properties": { "name": "Dhkhan Branch", "descriptio": "Unknown Line Type<BR><BR><B>NAME</B> = Mithrao Canal<BR><BR><B>TYPE</B> = Branch<BR><BR><B>NAME</B> = Dhkhan Branch<BR><B>LAYER</B> = Unknown Line Type<BR><BR><B>NAME</B> = Dhkhan Branch<BR><BR><B>TYPE</B> = Branch<BR><B>GM_TYPE</B> = Unknown Line Type" }, "geometry": { "type": "LineString", "coordinates": [ [ 68.44045591, 27.76628774, 0.0 ], [ 68.41112794, 27.78340118, 0.0 ], [ 68.40847619, 27.78413003, 0.0 ], [ 68.39288519, 27.78582157, 0.0 ], [ 68.39007636, 27.78708495, 0.0 ], [ 68.38775832, 27.78913331, 0.0 ], [ 68.38531261, 27.78977201, 0.0 ], [ 68.38193328, 27.79187386, 0.0 ], [ 68.37096563, 27.79355796, 0.0 ], [ 68.36500821, 27.79741778, 0.0 ], [ 68.36389683, 27.79924509, 0.0 ], [ 68.36057597, 27.80053456, 0.0 ], [ 68.35991019, 27.8004415, 0.0 ], [ 68.35078409, 27.79551554, 0.0 ], [ 68.34497073, 27.79422996, 0.0 ], [ 68.34226703, 27.79324057, 0.0 ], [ 68.33200168, 27.78482316, 0.0 ], [ 68.33016081, 27.78382155, 0.0 ], [ 68.32810549, 27.78323665, 0.0 ], [ 68.32525702, 27.78303252, 0.0 ], [ 68.32287636, 27.78347206, 0.0 ], [ 68.32097016, 27.78438131, 0.0 ] ] } },
{ "type": "Feature", "properties": { "name": "Warah Branch", "descriptio": "Unknown Line Type<BR><BR><B>NAME</B> = Mithrao Canal<BR><BR><B>TYPE</B> = Branch<BR><BR><B>NAME</B> = Warah Branch<BR><B>LAYER</B> = Unknown Line Type<BR><BR><B>NAME</B> = Warah Branch<BR><BR><B>TYPE</B> = Branch<BR><B>GM_TYPE</B> = Unknown Line Type" }, "geometry": { "type": "LineString", "coordinates": [ [ 68.64525252, 27.82212621, 0.0 ], [ 68.55798373, 27.79065383, 0.0 ], [ 68.53516201, 27.78434579, 0.0 ], [ 68.52736153, 27.78235988, 0.0 ], [ 68.44601271, 27.76734868, 0.0 ], [ 68.43160868, 27.76454998, 0.0 ], [ 68.42534397, 27.76296583, 0.0 ], [ 68.41930141, 27.76080424, 0.0 ], [ 68.41471195, 27.75866408, 0.0 ], [ 68.40057149, 27.74999417, 0.0 ], [ 68.39657614, 27.74791691, 0.0 ], [ 68.38879737, 27.74511572, 0.0 ], [ 68.38254042, 27.74386118, 0.0 ], [ 68.22071583, 27.7343251, 0.0 ], [ 68.21503422, 27.73475526, 0.0 ], [ 68.12371714, 27.74629548, 0.0 ], [ 68.01834963, 27.74932941, 0.0 ], [ 68.00900716, 27.74872661, 0.0 ], [ 68.0030266, 27.74734324, 0.0 ], [ 67.9996502, 27.74609624, 0.0 ], [ 67.99056856, 27.74177443, 0.0 ], [ 67.94376744, 27.71784319, 0.0 ], [ 67.92526348, 27.70891912, 0.0 ], [ 67.90091928, 27.69611461, 0.0 ], [ 67.89644766, 27.69350812, 0.0 ], [ 67.89179348, 27.68926102, 0.0 ], [ 67.88841796, 27.68460131, 0.0 ], [ 67.88625149, 27.67989818, 0.0 ], [ 67.86827692, 27.62065704, 0.0 ], [ 67.86602655, 27.61521864, 0.0 ], [ 67.86228029, 27.60987905, 0.0 ], [ 67.85778353, 27.60574514, 0.0 ], [ 67.8508457, 27.60025594, 0.0 ], [ 67.84725147, 27.59601005, 0.0 ], [ 67.84498937, 27.59173869, 0.0 ], [ 67.84393614, 27.58847445, 0.0 ], [ 67.84341175, 27.58495631, 0.0 ], [ 67.841547, 27.54863315, 0.0 ], [ 67.84042004, 27.54274867, 0.0 ], [ 67.83943767, 27.54004046, 0.0 ], [ 67.83770132, 27.53695096, 0.0 ], [ 67.83371327, 27.53174253, 0.0 ], [ 67.82970582, 27.52840887, 0.0 ], [ 67.78504753, 27.50327523, 0.0 ], [ 67.76249046, 27.49095362, 0.0 ], [ 67.7584706, 27.48839625, 0.0 ], [ 67.75261765, 27.48331028, 0.0 ] ] } },
{ "type": "Feature", "properties": { "name": "Chillo Branch", "descriptio": "Unknown Line Type<BR><BR><B>NAME</B> = Mithrao Canal<BR><BR><B>TYPE</B> = Branch<BR><BR><B>NAME</B> = Chillo Branch<BR><B>LAYER</B> = Unknown Line Type<BR><BR><B>NAME</B> = Chillo Branch<BR><BR><B>TYPE</B> = Branch<BR><B>GM_TYPE</B> = Unknown Line Type" }, "geometry": { "type": "LineString", "coordinates": [ [ 67.98480331, 27.47270017, 0.0 ], [ 67.98449937, 27.47147105, 0.0 ], [ 67.98178194, 27.46723114, 0.0 ], [ 67.9810149, 27.46195519, 0.0 ], [ 67.98099242, 27.46078724, 0.0 ], [ 67.98271342, 27.45253152, 0.0 ], [ 67.98210975, 27.44962988, 0.0 ], [ 67.98219991, 27.44847981, 0.0 ], [ 67.9815119, 27.44754354, 0.0 ], [ 67.98154389, 27.44585865, 0.0 ], [ 67.9827088, 27.44394963, 0.0 ], [ 67.98343523, 27.44070292, 0.0 ], [ 67.98522081, 27.43989182, 0.0 ], [ 67.98537506, 27.43934601, 0.0 ], [ 67.98501976, 27.43829395, 0.0 ], [ 67.98614123, 27.43717873, 0.0 ], [ 67.98631629, 27.43637178, 0.0 ], [ 67.98609345, 27.4353502, 0.0 ], [ 67.98627055, 27.43410978, 0.0 ], [ 67.98529074, 27.43244712, 0.0 ], [ 67.9850956, 27.43151789, 0.0 ], [ 67.98381855, 27.42970513, 0.0 ], [ 67.97655937, 27.42458517, 0.0 ], [ 67.97511307, 27.42089716, 0.0 ], [ 67.97476503, 27.41907644, 0.0 ], [ 67.97349884, 27.41874753, 0.0 ], [ 67.97271805, 27.41890442, 0.0 ], [ 67.96924785, 27.41759278, 0.0 ], [ 67.96800383, 27.41762789, 0.0 ], [ 67.96608871, 27.41672678, 0.0 ], [ 67.96378961, 27.41472485, 0.0 ], [ 67.96151683, 27.41484098, 0.0 ], [ 67.95908502, 27.41423159, 0.0 ], [ 67.95771384, 27.41544825, 0.0 ], [ 67.95651996, 27.41590187, 0.0 ], [ 67.95574548, 27.41715249, 0.0 ], [ 67.95513027, 27.41732532, 0.0 ], [ 67.95274955, 27.41656837, 0.0 ], [ 67.94988356, 27.41628075, 0.0 ], [ 67.94580519, 27.41475484, 0.0 ], [ 67.94383716, 27.41595204, 0.0 ], [ 67.94259386, 27.41591311, 0.0 ], [ 67.94106282, 27.41649274, 0.0 ], [ 67.93957816, 27.41576033, 0.0 ] ] } },
{ "type": "Feature", "properties": { "name": "Noor Wah Branch", "descriptio": "Unknown Line Type<BR><BR><B>NAME</B> = Mithrao Canal<BR><BR><B>TYPE</B> = Branch<BR><BR><B>NAME</B> = Noor Wah Branch<BR><B>LAYER</B> = Unknown Line Type<BR><BR><B>NAME</B> = Noor Wah Branch<BR><BR><B>TYPE</B> = Branch<BR><B>GM_TYPE</B> = Unknown Line Ty" }, "geometry": { "type": "LineString", "coordinates": [ [ 68.06642123, 27.60981264, 0.0 ], [ 68.0651274, 27.61024419, 0.0 ], [ 68.0597634, 27.61076679, 0.0 ], [ 68.05280791, 27.61204909, 0.0 ], [ 68.04156011, 27.61354135, 0.0 ], [ 68.0403457, 27.61355163, 0.0 ], [ 68.0341509, 27.61194043, 0.0 ], [ 68.03268452, 27.61204195, 0.0 ], [ 68.02913522, 27.61377184, 0.0 ], [ 68.02197245, 27.61642279, 0.0 ], [ 68.01614632, 27.61762319, 0.0 ], [ 68.01396216, 27.61837149, 0.0 ], [ 68.01217531, 27.61917844, 0.0 ], [ 68.00731075, 27.62229198, 0.0 ], [ 67.99967222, 27.62868685, 0.0 ], [ 67.99617472, 27.63106471, 0.0 ], [ 67.99199704, 27.63335558, 0.0 ], [ 67.98264305, 27.63553589, 0.0 ], [ 67.97900625, 27.63705535, 0.0 ], [ 67.97414056, 27.64148623, 0.0 ], [ 67.97230927, 27.64473272, 0.0 ], [ 67.97045928, 27.64691128, 0.0 ], [ 67.96881328, 27.64824035, 0.0 ], [ 67.96010493, 27.65714071, 0.0 ], [ 67.95797896, 27.65826109, 0.0 ], [ 67.95695185, 27.6583465, 0.0 ], [ 67.95453338, 27.65939008, 0.0 ], [ 67.94897812, 27.66069866, 0.0 ], [ 67.94792064, 27.66177111, 0.0 ], [ 67.94734193, 27.66314529, 0.0 ], [ 67.94552932, 27.66432372, 0.0 ], [ 67.94427364, 27.66422102, 0.0 ], [ 67.9398346, 27.66266209, 0.0 ], [ 67.93848916, 27.66317334, 0.0 ], [ 67.93779856, 27.66311219, 0.0 ], [ 67.93729069, 27.66364853, 0.0 ], [ 67.93452467, 27.6637763, 0.0 ], [ 67.93168105, 27.66327012, 0.0 ], [ 67.92715824, 27.66379717, 0.0 ], [ 67.92532889, 27.6645281, 0.0 ], [ 67.92214395, 27.66465246, 0.0 ], [ 67.91933086, 27.66377462, 0.0 ], [ 67.91727163, 27.66444779, 0.0 ], [ 67.91425201, 27.66479671, 0.0 ], [ 67.91321876, 27.6644712, 0.0 ], [ 67.91221168, 27.66252591, 0.0 ], [ 67.91092351, 27.6614726, 0.0 ], [ 67.9089363, 27.66121474, 0.0 ], [ 67.90798188, 27.65784181, 0.0 ], [ 67.90419299, 27.64963312, 0.0 ], [ 67.90405872, 27.64835259, 0.0 ] ] } },
{ "type": "Feature", "properties": { "name": "Nasir Branch", "descriptio": "Unknown Line Type<BR><BR><B>NAME</B> = Mithrao Canal<BR><BR><B>TYPE</B> = Branch<BR><BR><B>NAME</B> = Nasir Branch<BR><B>LAYER</B> = Unknown Line Type<BR><BR><B>NAME</B> = Nasir Branch<BR><BR><B>TYPE</B> = Branch<BR><B>GM_TYPE</B> = Unknown Line Type" }, "geometry": { "type": "LineString", "coordinates": [ [ 68.00532619, 27.52770126, 0.0 ], [ 67.99999732, 27.5255819, 0.0 ], [ 67.98879144, 27.52318452, 0.0 ], [ 67.98605092, 27.52208542, 0.0 ], [ 67.98450534, 27.52073804, 0.0 ], [ 67.98239847, 27.51976343, 0.0 ], [ 67.98165676, 27.52093986, 0.0 ], [ 67.97899981, 27.52201641, 0.0 ], [ 67.97715509, 27.5218144, 0.0 ], [ 67.97530378, 27.52233182, 0.0 ], [ 67.97088158, 27.52267678, 0.0 ], [ 67.96898056, 27.52439275, 0.0 ], [ 67.96782139, 27.52493234, 0.0 ], [ 67.96736058, 27.52484327, 0.0 ], [ 67.96390033, 27.52257359, 0.0 ], [ 67.9614031, 27.52286353, 0.0 ], [ 67.96046522, 27.52237692, 0.0 ], [ 67.95620284, 27.521557, 0.0 ], [ 67.95329882, 27.52030811, 0.0 ], [ 67.95099642, 27.51970836, 0.0 ], [ 67.94511735, 27.51564424, 0.0 ], [ 67.94161314, 27.51402458, 0.0 ], [ 67.93948251, 27.51358011, 0.0 ], [ 67.93834655, 27.51370844, 0.0 ], [ 67.93635596, 27.51470388, 0.0 ], [ 67.93352961, 27.51732806, 0.0 ], [ 67.93243674, 27.51896406, 0.0 ], [ 67.93139126, 27.51967543, 0.0 ], [ 67.92912421, 27.52049084, 0.0 ], [ 67.92752625, 27.52064982, 0.0 ], [ 67.91740515, 27.51978107, 0.0 ], [ 67.91280356, 27.5163675, 0.0 ], [ 67.91016523, 27.51488289, 0.0 ], [ 67.90792947, 27.51285626, 0.0 ], [ 67.89722075, 27.50660029, 0.0 ], [ 67.8935007, 27.50333497, 0.0 ], [ 67.89158712, 27.50208104, 0.0 ], [ 67.89062552, 27.50043766, 0.0 ], [ 67.89055012, 27.49800126, 0.0 ], [ 67.88989067, 27.49588069, 0.0 ], [ 67.88581324, 27.49049665, 0.0 ], [ 67.87966776, 27.48742814, 0.0 ], [ 67.87297079, 27.48505407, 0.0 ], [ 67.86137753, 27.48376406, 0.0 ], [ 67.85697618, 27.48203642, 0.0 ], [ 67.85442866, 27.48231745, 0.0 ], [ 67.85130668, 27.48407752, 0.0 ], [ 67.84886161, 27.484438, 0.0 ], [ 67.84668966, 27.48516161, 0.0 ], [ 67.84010978, 27.48547768, 0.0 ], [ 67.83728191, 27.48523162, 0.0 ], [ 67.83462679, 27.48439363, 0.0 ], [ 67.83171811, 27.48392432, 0.0 ], [ 67.82863905, 27.48382425, 0.0 ], [ 67.82388108, 27.48504493, 0.0 ], [ 67.82160076, 27.48651775, 0.0 ] ] } },
{ "type": "Feature", "properties": { "name": "Combined Channel", "descriptio": "Unknown Line Type<BR><BR><B>NAME</B> = Mithrao Canal<BR><BR><B>TYPE</B> = Branch<BR><BR><B>NAME</B> = Combined Channel<BR><B>LAYER</B> = Unknown Line Type<BR><BR><B>NAME</B> = Combined Channel<BR><BR><B>TYPE</B> = Branch<BR><B>GM_TYPE</B> = Unknown Line" }, "geometry": { "type": "LineString", "coordinates": [ [ 67.98480331, 27.47270017, 0.0 ], [ 67.97472324, 27.46375261, 0.0 ], [ 67.97030815, 27.46095243, 0.0 ] ] } },
{ "type": "Feature", "properties": { "name": "Koor Dato Branch", "descriptio": "Unknown Line Type<BR><BR><B>NAME</B> = Mithrao Canal<BR><BR><B>TYPE</B> = Branch<BR><BR><B>NAME</B> = Koor Dato Branch<BR><B>LAYER</B> = Unknown Line Type<BR><BR><B>NAME</B> = Koor Dato Branch<BR><BR><B>TYPE</B> = Branch<BR><B>GM_TYPE</B> = Unknown Line" }, "geometry": { "type": "LineString", "coordinates": [ [ 68.12035038, 27.60495896, 0.0 ], [ 68.11613438, 27.60858907, 0.0 ], [ 68.10839747, 27.62111305, 0.0 ], [ 68.1076903, 27.62178387, 0.0 ], [ 68.10326209, 27.62293709, 0.0 ], [ 68.10031626, 27.6247136, 0.0 ], [ 68.09272335, 27.63230641, 0.0 ], [ 68.09131467, 27.63332688, 0.0 ], [ 68.08869577, 27.63640285, 0.0 ], [ 68.08350839, 27.639047, 0.0 ], [ 68.08000404, 27.64149419, 0.0 ], [ 68.06867449, 27.64437478, 0.0 ], [ 68.06434232, 27.64791897, 0.0 ], [ 68.05629758, 27.65601106, 0.0 ], [ 68.05518052, 27.66168707, 0.0 ], [ 68.05361848, 27.66600472, 0.0 ], [ 68.04832862, 27.67241337, 0.0 ], [ 68.04373186, 27.68183567, 0.0 ], [ 68.0336642, 27.68764018, 0.0 ], [ 68.02204594, 27.69154088, 0.0 ], [ 68.01876126, 27.69937111, 0.0 ], [ 68.01744137, 27.70179897, 0.0 ], [ 68.01097046, 27.71083403, 0.0 ], [ 68.00799874, 27.71553594, 0.0 ] ] } },
{ "type": "Feature", "properties": { "name": "Ghar Branch", "descriptio": "Unknown Line Type<BR><BR><B>NAME</B> = Mithrao Canal<BR><BR><B>TYPE</B> = Branch<BR><BR><B>NAME</B> = Ghar Branch<BR><B>LAYER</B> = Unknown Line Type<BR><BR><B>NAME</B> = Ghar Branch<BR><BR><B>TYPE</B> = Branch<BR><B>GM_TYPE</B> = Unknown Line Type" }, "geometry": { "type": "LineString", "coordinates": [ [ 68.20748099, 27.56185924, 0.0 ], [ 68.20489027, 27.56545447, 0.0 ], [ 68.18832889, 27.57437599, 0.0 ], [ 68.18035327, 27.58015194, 0.0 ], [ 68.17517187, 27.58266428, 0.0 ], [ 68.1667974, 27.58539791, 0.0 ], [ 68.15784271, 27.58693092, 0.0 ], [ 68.15173838, 27.58884732, 0.0 ], [ 68.14366393, 27.59246063, 0.0 ], [ 68.14024256, 27.59464565, 0.0 ], [ 68.13534673, 27.59974763, 0.0 ], [ 68.13336569, 27.6015205, 0.0 ], [ 68.1318475, 27.60216778, 0.0 ], [ 68.12324747, 27.60438126, 0.0 ], [ 68.11343815, 27.6061103, 0.0 ], [ 68.09794101, 27.60749529, 0.0 ], [ 68.09219352, 27.60717143, 0.0 ], [ 68.0847758, 27.60772651, 0.0 ], [ 68.07915909, 27.60760515, 0.0 ], [ 68.06642123, 27.60981264, 0.0 ], [ 68.06381316, 27.60529155, 0.0 ], [ 68.06328266, 27.60321856, 0.0 ], [ 68.06321031, 27.59992637, 0.0 ], [ 68.06204282, 27.59854384, 0.0 ], [ 68.06160448, 27.59709584, 0.0 ], [ 68.06184589, 27.59222354, 0.0 ], [ 68.0623756, 27.59048289, 0.0 ], [ 68.06089402, 27.58839354, 0.0 ], [ 68.05931062, 27.58711152, 0.0 ], [ 68.05790981, 27.58485959, 0.0 ], [ 68.05502731, 27.58401221, 0.0 ], [ 68.05380731, 27.58296915, 0.0 ], [ 68.04094807, 27.57564717, 0.0 ], [ 68.03999296, 27.57472414, 0.0 ], [ 68.0389739, 27.5730226, 0.0 ], [ 68.03785149, 27.57224614, 0.0 ], [ 68.03032192, 27.57158277, 0.0 ], [ 68.02522215, 27.56717803, 0.0 ], [ 68.020268, 27.56161881, 0.0 ], [ 68.01940513, 27.55950442, 0.0 ], [ 68.01845402, 27.55816737, 0.0 ], [ 68.01798033, 27.55540374, 0.0 ], [ 68.01779763, 27.54777744, 0.0 ], [ 68.01714868, 27.54589875, 0.0 ], [ 68.0126798, 27.53992771, 0.0 ], [ 68.01039109, 27.53782723, 0.0 ], [ 68.004924, 27.53387475, 0.0 ], [ 68.00390763, 27.53206783, 0.0 ], [ 68.00403904, 27.53038366, 0.0 ], [ 68.01022323, 27.51741396, 0.0 ], [ 68.01142105, 27.51364124, 0.0 ], [ 68.01205219, 27.50987638, 0.0 ], [ 68.0132758, 27.5067985, 0.0 ], [ 68.01331668, 27.50594147, 0.0 ], [ 68.0120612, 27.50300817, 0.0 ], [ 68.01036809, 27.49720359, 0.0 ], [ 68.00941859, 27.49574817, 0.0 ], [ 68.00805171, 27.49458545, 0.0 ], [ 67.99973366, 27.4909295, 0.0 ], [ 67.99301437, 27.48898897, 0.0 ], [ 67.99104786, 27.48739873, 0.0 ], [ 67.99019429, 27.48638739, 0.0 ], [ 67.98896532, 27.48264289, 0.0 ], [ 67.9852778, 27.47731323, 0.0 ], [ 67.98480331, 27.47270017, 0.0 ] ] } },
{ "type": "Feature", "properties": { "name": "Pir Bux Minor", "descriptio": "Unknown Line Type<BR><BR><B>NAME</B> = Merankhori Minor<BR><BR><B>TYPE</B> = Minor<BR><BR><B>NAME</B> = Pir Bux Minor<BR><B>LAYER</B> = Unknown Line Type<BR><BR><B>NAME</B> = Pir Bux Minor<BR><BR><B>TYPE</B> = Minor<BR><B>GM_TYPE</B> = Unknown Line Type" }, "geometry": { "type": "LineString", "coordinates": [ [ 68.92659956, 26.71983568, 0.0 ], [ 68.92702968, 26.71878506, 0.0 ], [ 68.95092803, 26.69668555, 0.0 ], [ 68.95713196, 26.68719686, 0.0 ] ] } },
{ "type": "Feature", "properties": { "name": "Saifullah Magsi Branch", "descriptio": "Unknown Line Type<BR><BR><B>NAME</B> = Mithrao Canal<BR><BR><B>TYPE</B> = Branch<BR><BR><B>NAME</B> = Saifullah Magsi Branch<BR><B>LAYER</B> = Unknown Line Type<BR><BR><B>NAME</B> = Saifullah Magsi Branch<BR><BR><B>TYPE</B> = Branch<BR><B>GM_TYPE</B> = U" }, "geometry": { "type": "LineString", "coordinates": [ [ 67.62074718, 27.91972913, 0.0 ], [ 67.63246275, 27.9214452, 0.0 ], [ 67.6497229, 27.92523473, 0.0 ], [ 67.68459302, 27.9261022, 0.0 ], [ 67.71914958, 27.93105541, 0.0 ], [ 67.75563798, 27.93749946, 0.0 ], [ 67.78097777, 27.93762318, 0.0 ], [ 67.79379864, 27.93701243, 0.0 ], [ 67.79622779, 27.93762172, 0.0 ], [ 67.81806067, 27.95457668, 0.0 ], [ 67.84337825, 27.97059949, 0.0 ], [ 67.85410461, 27.9823699, 0.0 ], [ 67.87844664, 27.99116846, 0.0 ], [ 67.89222866, 27.99369361, 0.0 ], [ 67.91751818, 27.99891286, 0.0 ], [ 67.91972147, 27.99957977, 0.0 ], [ 67.92062446, 28.00017527, 0.0 ], [ 67.96719929, 28.06646102, 0.0 ], [ 67.97609425, 28.07882434, 0.0 ], [ 67.9773343, 28.07997799, 0.0 ], [ 67.97865006, 28.08060976, 0.0 ], [ 67.98237665, 28.08137312, 0.0 ], [ 68.02182552, 28.08892851, 0.0 ], [ 68.03407978, 28.09986806, 0.0 ], [ 68.04731383, 28.1108222, 0.0 ], [ 68.11500087, 28.16406992, 0.0 ], [ 68.1490688, 28.17488413, 0.0 ], [ 68.1829639, 28.18812513, 0.0 ], [ 68.22127952, 28.20175607, 0.0 ], [ 68.22225529, 28.20178156, 0.0 ] ] } },
{ "type": "Feature", "properties": { "name": "Dirgri Minor", "descriptio": "Unknown Line Type<BR><BR><B>NAME</B> = Merankhori Minor<BR><BR><B>TYPE</B> = Minor<BR><BR><B>NAME</B> = Dirgri Minor<BR><B>LAYER</B> = Unknown Line Type<BR><BR><B>NAME</B> = Dirgri Minor<BR><BR><B>TYPE</B> = Minor<BR><B>GM_TYPE</B> = Unknown Line Type" }, "geometry": { "type": "LineString", "coordinates": [ [ 68.95903968, 26.73371213, 0.0 ], [ 68.95962404, 26.76200091, 0.0 ], [ 68.96046362, 26.78232582, 0.0 ] ] } },
{ "type": "Feature", "properties": { "name": "Jam Sahib Minor", "descriptio": "Unknown Line Type<BR><BR><B>NAME</B> = Merankhori Minor<BR><BR><B>TYPE</B> = Minor<BR><BR><B>NAME</B> = Jam Sahib Minor<BR><B>LAYER</B> = Unknown Line Type<BR><BR><B>NAME</B> = Jam Sahib Minor<BR><BR><B>TYPE</B> = Minor<BR><B>GM_TYPE</B> = Unknown Line T" }, "geometry": { "type": "LineString", "coordinates": [ [ 68.7077165, 26.31319332, 0.0 ], [ 68.7102319, 26.31294141, 0.0 ] ] } },
{ "type": "Feature", "properties": { "name": "Khirther Branch", "descriptio": "Unknown Line Type<BR><BR><B>NAME</B> = Mithrao Canal<BR><BR><B>TYPE</B> = Branch<BR><BR><B>NAME</B> = Khirther Branch<BR><B>LAYER</B> = Unknown Line Type<BR><BR><B>NAME</B> = Khirther Branch<BR><BR><B>TYPE</B> = Branch<BR><B>GM_TYPE</B> = Unknown Line Ty" }, "geometry": { "type": "LineString", "coordinates": [ [ 68.41538895, 27.98104859, 0.0 ], [ 68.38575041, 28.00618632, 0.0 ], [ 68.38304846, 28.00880442, 0.0 ], [ 68.33904229, 28.07578546, 0.0 ], [ 68.33595906, 28.0802838, 0.0 ], [ 68.33211177, 28.08477845, 0.0 ], [ 68.21126561, 28.21395969, 0.0 ], [ 68.20721692, 28.21749671, 0.0 ], [ 68.20185767, 28.22058998, 0.0 ], [ 68.19527481, 28.22258593, 0.0 ], [ 68.18861558, 28.22378189, 0.0 ] ] } },
{ "type": "Feature", "properties": { "name": "Ganhwer Branch", "descriptio": "Unknown Line Type<BR><BR><B>NAME</B> = Mithrao Canal<BR><BR><B>TYPE</B> = Branch<BR><BR><B>NAME</B> = Ganhwer Branch<BR><B>LAYER</B> = Unknown Line Type<BR><BR><B>NAME</B> = Ganhwer Branch<BR><BR><B>TYPE</B> = Branch<BR><B>GM_TYPE</B> = Unknown Line Type" }, "geometry": { "type": "LineString", "coordinates": [ [ 68.12936829, 27.46234086, 0.0 ], [ 68.12608039, 27.46429894, 0.0 ], [ 68.12474066, 27.46475444, 0.0 ], [ 68.11848031, 27.46924821, 0.0 ], [ 68.11433784, 27.46705246, 0.0 ], [ 68.11180876, 27.46673544, 0.0 ], [ 68.11076227, 27.46744349, 0.0 ], [ 68.10731511, 27.46830043, 0.0 ], [ 68.10544363, 27.47014416, 0.0 ], [ 68.10373219, 27.47132425, 0.0 ], [ 68.098419, 27.47335354, 0.0 ], [ 68.09394333, 27.47604224, 0.0 ], [ 68.08588614, 27.47827392, 0.0 ], [ 68.08329942, 27.47979918, 0.0 ], [ 68.08179051, 27.48025315, 0.0 ], [ 68.0808205, 27.48102952, 0.0 ], [ 68.07753243, 27.48229923, 0.0 ], [ 68.07291546, 27.48305918, 0.0 ], [ 68.07182759, 27.48361612, 0.0 ], [ 68.0707183, 27.48338308, 0.0 ], [ 68.06842274, 27.48370628, 0.0 ], [ 68.06193163, 27.48340068, 0.0 ], [ 68.05720808, 27.4839287, 0.0 ], [ 68.05030483, 27.48301308, 0.0 ], [ 68.03948166, 27.48302555, 0.0 ], [ 68.02842881, 27.4798812, 0.0 ], [ 68.01343854, 27.47489088, 0.0 ] ] } },
{ "type": "Feature", "properties": { "name": "Shah Hamir Branch", "descriptio": "Unknown Line Type<BR><BR><B>NAME</B> = Mithrao Canal<BR><BR><B>TYPE</B> = Branch<BR><BR><B>NAME</B> = Shah Hamir Branch<BR><B>LAYER</B> = Unknown Line Type<BR><BR><B>NAME</B> = Shah Hamir Branch<BR><BR><B>TYPE</B> = Branch<BR><B>GM_TYPE</B> = Unknown Lin" }, "geometry": { "type": "LineString", "coordinates": [ [ 68.25325764, 27.61334812, 0.0 ], [ 68.25031575, 27.61555542, 0.0 ], [ 68.23388797, 27.61855467, 0.0 ], [ 68.23276534, 27.61850226, 0.0 ], [ 68.22839872, 27.61721366, 0.0 ], [ 68.22341129, 27.61739802, 0.0 ], [ 68.2204555, 27.61690301, 0.0 ], [ 68.20994688, 27.62032361, 0.0 ], [ 68.20137986, 27.62075751, 0.0 ], [ 68.1976865, 27.621341, 0.0 ], [ 68.19294261, 27.62145789, 0.0 ], [ 68.18911947, 27.62107909, 0.0 ], [ 68.17983022, 27.61913321, 0.0 ], [ 68.1705863, 27.61861336, 0.0 ], [ 68.15974663, 27.62270974, 0.0 ], [ 68.15162452, 27.62716939, 0.0 ], [ 68.14891757, 27.62924264, 0.0 ], [ 68.147174, 27.6325539, 0.0 ], [ 68.11331693, 27.64526348, 0.0 ], [ 68.11100748, 27.65703898, 0.0 ], [ 68.11117083, 27.65886773, 0.0 ], [ 68.1106103, 27.66374375, 0.0 ], [ 68.11023253, 27.67240044, 0.0 ], [ 68.10426339, 27.68194752, 0.0 ], [ 68.10187091, 27.6867302, 0.0 ], [ 68.09357066, 27.69319948, 0.0 ], [ 68.09053977, 27.69665413, 0.0 ], [ 68.08883394, 27.69948649, 0.0 ], [ 68.08669579, 27.70546621, 0.0 ], [ 68.0848073, 27.70765787, 0.0 ], [ 68.08226211, 27.71326687, 0.0 ], [ 68.08188808, 27.71597311, 0.0 ], [ 68.0818058, 27.71884672, 0.0 ], [ 68.08246949, 27.72350459, 0.0 ], [ 68.08241626, 27.72520593, 0.0 ], [ 68.08316321, 27.72847871, 0.0 ] ] } },
{ "type": "Feature", "properties": { "name": "Nusrat Branch", "descriptio": "Unknown Line Type<BR><BR><B>NAME</B> = Mithrao Canal<BR><BR><B>TYPE</B> = Branch<BR><BR><B>NAME</B> = Nusrat Branch<BR><B>LAYER</B> = Unknown Line Type<BR><BR><B>NAME</B> = Nusrat Branch<BR><BR><B>TYPE</B> = Branch<BR><B>GM_TYPE</B> = Unknown Line Type" }, "geometry": { "type": "LineString", "coordinates": [ [ 68.22232675, 27.04259902, 0.0 ], [ 68.22963441, 27.03302122, 0.0 ], [ 68.23175207, 27.02930884, 0.0 ], [ 68.2335495, 27.02355944, 0.0 ], [ 68.23551128, 27.01128058, 0.0 ], [ 68.24079632, 26.99827269, 0.0 ], [ 68.24143212, 26.99433957, 0.0 ], [ 68.24269847, 26.9900653, 0.0 ], [ 68.24390962, 26.98376584, 0.0 ], [ 68.24550683, 26.98074399, 0.0 ], [ 68.25378704, 26.96894028, 0.0 ], [ 68.25517232, 26.96622075, 0.0 ], [ 68.25620132, 26.96323214, 0.0 ], [ 68.25828511, 26.95289584, 0.0 ], [ 68.25916472, 26.95060207, 0.0 ], [ 68.26271543, 26.94386985, 0.0 ], [ 68.263254, 26.93909598, 0.0 ], [ 68.26409263, 26.93553268, 0.0 ], [ 68.26672598, 26.92977472, 0.0 ], [ 68.27292303, 26.92067114, 0.0 ], [ 68.27401878, 26.91723103, 0.0 ], [ 68.27409611, 26.91416506, 0.0 ], [ 68.27334068, 26.91119274, 0.0 ], [ 68.26791253, 26.89886689, 0.0 ], [ 68.26527675, 26.88206553, 0.0 ], [ 68.26513455, 26.87911052, 0.0 ], [ 68.26645105, 26.85345514, 0.0 ], [ 68.27119628, 26.8112929, 0.0 ], [ 68.27293526, 26.80333896, 0.0 ], [ 68.28074463, 26.77625003, 0.0 ], [ 68.28138157, 26.7719787, 0.0 ], [ 68.28239932, 26.75735584, 0.0 ], [ 68.27866162, 26.73537141, 0.0 ], [ 68.2785605, 26.73119958, 0.0 ], [ 68.28112638, 26.72137623, 0.0 ], [ 68.28391016, 26.71319515, 0.0 ], [ 68.29002752, 26.69044966, 0.0 ], [ 68.2905676, 26.68621539, 0.0 ], [ 68.29204364, 26.66110634, 0.0 ], [ 68.29259203, 26.65976001, 0.0 ], [ 68.29329994, 26.65917337, 0.0 ], [ 68.29901682, 26.65915248, 0.0 ], [ 68.30036006, 26.65860495, 0.0 ], [ 68.30223568, 26.657141, 0.0 ], [ 68.31697208, 26.62948596, 0.0 ], [ 68.31886688, 26.62334162, 0.0 ], [ 68.32234606, 26.59787465, 0.0 ], [ 68.32328426, 26.59466609, 0.0 ], [ 68.32497775, 26.59102816, 0.0 ] ] } },
{ "type": "Feature", "properties": { "name": "Nusrat Branch", "descriptio": "Unknown Line Type<BR><BR><B>NAME</B> = Mithrao Canal<BR><BR><B>TYPE</B> = Branch<BR><BR><B>NAME</B> = Nusrat Branch<BR><B>LAYER</B> = Unknown Line Type<BR><BR><B>NAME</B> = Nusrat Branch<BR><BR><B>TYPE</B> = Branch<BR><B>GM_TYPE</B> = Unknown Line Type" }, "geometry": { "type": "LineString", "coordinates": [ [ 68.32497537, 26.59103826, 0.0 ], [ 68.35198399, 26.53863883, 0.0 ], [ 68.37219108, 26.49075663, 0.0 ], [ 68.38128552, 26.46626031, 0.0 ], [ 68.38356317, 26.46104111, 0.0 ], [ 68.38589488, 26.45717535, 0.0 ], [ 68.3894541, 26.45290506, 0.0 ], [ 68.42117382, 26.41964513, 0.0 ], [ 68.43022898, 26.41153207, 0.0 ], [ 68.43887711, 26.40298901, 0.0 ], [ 68.45939691, 26.37849782, 0.0 ], [ 68.46156688, 26.37633782, 0.0 ], [ 68.46367023, 26.37501996, 0.0 ], [ 68.46803959, 26.37316643, 0.0 ], [ 68.51146618, 26.3565598, 0.0 ], [ 68.52966446, 26.34416696, 0.0 ], [ 68.53103121, 26.34288395, 0.0 ], [ 68.53235073, 26.34133763, 0.0 ], [ 68.53375055, 26.33894207, 0.0 ], [ 68.53762185, 26.32985027, 0.0 ], [ 68.53978972, 26.32716518, 0.0 ], [ 68.54202536, 26.32522431, 0.0 ], [ 68.54300249, 26.32382492, 0.0 ], [ 68.54369169, 26.31558551, 0.0 ], [ 68.54663672, 26.30676039, 0.0 ], [ 68.54707426, 26.30398619, 0.0 ], [ 68.54723418, 26.29943902, 0.0 ], [ 68.54781868, 26.29643543, 0.0 ], [ 68.54996741, 26.2924923, 0.0 ], [ 68.55306888, 26.28894246, 0.0 ], [ 68.55492983, 26.28578826, 0.0 ], [ 68.55569796, 26.28327124, 0.0 ], [ 68.55565099, 26.27686834, 0.0 ], [ 68.55651036, 26.27526969, 0.0 ] ] } },
{ "type": "Feature", "properties": { "name": "Amurji Branch", "descriptio": "Unknown Line Type<BR><BR><B>NAME</B> = Mithrao Canal<BR><BR><B>TYPE</B> = Branch<BR><BR><B>NAME</B> = Amurji Branch<BR><B>LAYER</B> = Unknown Line Type<BR><BR><B>NAME</B> = Amurji Branch<BR><BR><B>TYPE</B> = Branch<BR><B>GM_TYPE</B> = Unknown Line Type" }, "geometry": { "type": "LineString", "coordinates": [ [ 68.29088503, 26.67731976, 0.0 ], [ 68.29058143, 26.67652199, 0.0 ], [ 68.29142745, 26.66159784, 0.0 ], [ 68.29295205, 26.6586164, 0.0 ], [ 68.29401653, 26.6486238, 0.0 ], [ 68.2939312, 26.64683038, 0.0 ], [ 68.29741362, 26.61706248, 0.0 ], [ 68.29725954, 26.61515588, 0.0 ], [ 68.29657205, 26.61375287, 0.0 ], [ 68.29100378, 26.60833522, 0.0 ], [ 68.28965615, 26.60547195, 0.0 ], [ 68.28923998, 26.60308751, 0.0 ], [ 68.28988143, 26.59582464, 0.0 ], [ 68.29342795, 26.58551266, 0.0 ], [ 68.29377778, 26.58250665, 0.0 ], [ 68.29460445, 26.52855879, 0.0 ], [ 68.29244988, 26.47437697, 0.0 ], [ 68.29579153, 26.4570978, 0.0 ] ] } },
{ "type": "Feature", "properties": { "name": "Naulakha Branch", "descriptio": "Unknown Line Type<BR><BR><B>NAME</B> = Mithrao Canal<BR><BR><B>TYPE</B> = Branch<BR><BR><B>NAME</B> = Naulakha Branch<BR><B>LAYER</B> = Unknown Line Type<BR><BR><B>NAME</B> = Naulakha Branch<BR><BR><B>TYPE</B> = Branch<BR><B>GM_TYPE</B> = Unknown Line Ty" }, "geometry": { "type": "LineString", "coordinates": [ [ 68.49933412, 27.25000049, 0.0 ], [ 68.48723049, 27.25211693, 0.0 ], [ 68.46540914, 27.26120872, 0.0 ], [ 68.46160394, 27.26215371, 0.0 ], [ 68.40022122, 27.26227258, 0.0 ], [ 68.39849078, 27.26154631, 0.0 ], [ 68.39677032, 27.26006945, 0.0 ], [ 68.37567566, 27.23216573, 0.0 ], [ 68.37501576, 27.22998632, 0.0 ], [ 68.37552644, 27.22334011, 0.0 ], [ 68.37508491, 27.22153697, 0.0 ], [ 68.36646472, 27.2102476, 0.0 ], [ 68.36508709, 27.20907961, 0.0 ], [ 68.36319909, 27.20846909, 0.0 ], [ 68.33697357, 27.20685383, 0.0 ], [ 68.32348051, 27.20824391, 0.0 ], [ 68.30862175, 27.2052167, 0.0 ], [ 68.30444867, 27.20483826, 0.0 ] ] } },
{ "type": "Feature", "properties": { "name": "Gajrah Branch", "descriptio": "Unknown Line Type<BR><BR><B>NAME</B> = Mithrao Canal<BR><BR><B>TYPE</B> = Branch<BR><BR><B>NAME</B> = Gajrah Branch<BR><B>LAYER</B> = Unknown Line Type<BR><BR><B>NAME</B> = Gajrah Branch<BR><BR><B>TYPE</B> = Branch<BR><B>GM_TYPE</B> = Unknown Line Type" }, "geometry": { "type": "LineString", "coordinates": [ [ 68.37738985, 26.47682352, 0.0 ], [ 68.35492648, 26.45394475, 0.0 ], [ 68.35248209, 26.45050168, 0.0 ], [ 68.35138942, 26.44760814, 0.0 ], [ 68.35108482, 26.44466862, 0.0 ], [ 68.35125148, 26.44268747, 0.0 ], [ 68.36135726, 26.38855711, 0.0 ], [ 68.36254499, 26.38501824, 0.0 ], [ 68.37677871, 26.35181926, 0.0 ], [ 68.39460376, 26.32369208, 0.0 ], [ 68.39903025, 26.31597646, 0.0 ], [ 68.42216216, 26.24368666, 0.0 ] ] } },
{ "type": "Feature", "properties": { "name": "Sehra Branch", "descriptio": "Unknown Line Type<BR><BR><B>NAME</B> = Mithrao Canal<BR><BR><B>TYPE</B> = Branch<BR><BR><B>NAME</B> = Sehra Branch<BR><B>LAYER</B> = Unknown Line Type<BR><BR><B>NAME</B> = Sehra Branch<BR><BR><B>TYPE</B> = Branch<BR><B>GM_TYPE</B> = Unknown Line Type" }, "geometry": { "type": "LineString", "coordinates": [ [ 68.2199448, 27.04215077, 0.0 ], [ 68.21682656, 27.04342185, 0.0 ], [ 68.20920318, 27.04999912, 0.0 ], [ 68.2039146, 27.0535136, 0.0 ], [ 68.20005009, 27.05514239, 0.0 ], [ 68.19703821, 27.05596936, 0.0 ], [ 68.1904647, 27.05695128, 0.0 ], [ 68.18091588, 27.05660473, 0.0 ], [ 68.17234925, 27.055535, 0.0 ], [ 68.16941758, 27.05441897, 0.0 ], [ 68.16643842, 27.05288487, 0.0 ], [ 68.16251867, 27.04931081, 0.0 ], [ 68.11810538, 26.99944963, 0.0 ], [ 68.11519171, 26.9974893, 0.0 ], [ 68.11200356, 26.99596423, 0.0 ], [ 68.08182774, 26.9863789, 0.0 ], [ 68.06400525, 26.9785589, 0.0 ] ] } },
{ "type": "Feature", "properties": { "name": "Bambly Sub Branch", "descriptio": "Unknown Line Type<BR><BR><B>NAME</B> = Mithrao Canal<BR><BR><B>TYPE</B> = Branch<BR><BR><B>NAME</B> = Bambly Sub Branch<BR><B>LAYER</B> = Unknown Line Type<BR><BR><B>NAME</B> = Bambly Sub Branch<BR><BR><B>TYPE</B> = Branch<BR><B>GM_TYPE</B> = Unknown Lin" }, "geometry": { "type": "LineString", "coordinates": [ [ 69.469421, 27.87211777, 0.0 ], [ 69.41935815, 27.84677968, 0.0 ], [ 69.41056136, 27.84318662, 0.0 ], [ 69.40933278, 27.8415414, 0.0 ], [ 69.40473541, 27.82194153, 0.0 ], [ 69.4040954, 27.82121774, 0.0 ], [ 69.37087504, 27.80685341, 0.0 ], [ 69.32544253, 27.7697, 0.0 ], [ 69.31832248, 27.76068918, 0.0 ], [ 69.29224994, 27.74496807, 0.0 ], [ 69.27374849, 27.73124229, 0.0 ], [ 69.26571627, 27.72480922, 0.0 ], [ 69.26060614, 27.71921412, 0.0 ], [ 69.22901393, 27.68163877, 0.0 ], [ 69.21358267, 27.6712623, 0.0 ], [ 69.19437509, 27.66355504, 0.0 ], [ 69.18053548, 27.65016166, 0.0 ], [ 69.17695092, 27.64183619, 0.0 ], [ 69.17072327, 27.63078779, 0.0 ], [ 69.16756851, 27.62346268, 0.0 ], [ 69.16507101, 27.61661499, 0.0 ], [ 69.16433479, 27.59440452, 0.0 ], [ 69.16296611, 27.589333, 0.0 ] ] } },
{ "type": "Feature", "properties": { "name": "Ganjrot Branch", "descriptio": "Unknown Line Type<BR><BR><B>NAME</B> = Mithrao Canal<BR><BR><B>TYPE</B> = Branch<BR><BR><B>NAME</B> = Ganjrot Branch<BR><B>LAYER</B> = Unknown Line Type<BR><BR><B>NAME</B> = Ganjrot Branch<BR><BR><B>TYPE</B> = Branch<BR><B>GM_TYPE</B> = Unknown Line Type" }, "geometry": { "type": "LineString", "coordinates": [ [ 67.94465491, 27.30418466, 0.0 ], [ 67.9222556, 27.2901896, 0.0 ], [ 67.91029783, 27.26855708, 0.0 ], [ 67.9079642, 27.26692486, 0.0 ], [ 67.9063409, 27.26658944, 0.0 ], [ 67.88282494, 27.2660793, 0.0 ], [ 67.85276822, 27.27274791, 0.0 ], [ 67.82981167, 27.2738124, 0.0 ] ] } },
{ "type": "Feature", "properties": { "name": "Dhamrao Branch", "descriptio": "Unknown Line Type<BR><BR><B>NAME</B> = Mithrao Canal<BR><BR><B>TYPE</B> = Branch<BR><BR><B>NAME</B> = Dhamrao Branch<BR><B>LAYER</B> = Unknown Line Type<BR><BR><B>NAME</B> = Dhamrao Branch<BR><BR><B>TYPE</B> = Branch<BR><B>GM_TYPE</B> = Unknown Line Type" }, "geometry": { "type": "LineString", "coordinates": [ [ 68.01060014, 27.29526756, 0.0 ], [ 68.00254178, 27.29807612, 0.0 ], [ 67.92642605, 27.30609924, 0.0 ], [ 67.89486182, 27.31930714, 0.0 ], [ 67.88300265, 27.32109248, 0.0 ], [ 67.88068141, 27.32074981, 0.0 ], [ 67.84060714, 27.31086992, 0.0 ], [ 67.82650164, 27.30867279, 0.0 ], [ 67.79917292, 27.30733818, 0.0 ], [ 67.67577906, 27.30550653, 0.0 ], [ 67.67460404, 27.30518277, 0.0 ], [ 67.65342592, 27.2948814, 0.0 ] ] } },
{ "type": "Feature", "properties": { "name": "Seehar Branch", "descriptio": "Unknown Line Type<BR><BR><B>NAME</B> = Mithrao Canal<BR><BR><B>TYPE</B> = Branch<BR><BR><B>NAME</B> = Seehar Branch<BR><B>LAYER</B> = Unknown Line Type<BR><BR><B>NAME</B> = Seehar Branch<BR><BR><B>TYPE</B> = Branch<BR><B>GM_TYPE</B> = Unknown Line Type" }, "geometry": { "type": "LineString", "coordinates": [ [ 68.01057652, 27.29468867, 0.0 ], [ 68.00419929, 27.29684041, 0.0 ], [ 68.00194344, 27.29680754, 0.0 ], [ 68.00048832, 27.29604045, 0.0 ], [ 67.99549179, 27.2916906, 0.0 ], [ 67.99374419, 27.28957057, 0.0 ], [ 67.99034473, 27.28429391, 0.0 ], [ 67.98840735, 27.28184815, 0.0 ], [ 67.98502374, 27.26151662, 0.0 ], [ 67.98390873, 27.2601055, 0.0 ], [ 67.97117466, 27.25322028, 0.0 ], [ 67.96984644, 27.25312062, 0.0 ], [ 67.94166241, 27.23778392, 0.0 ], [ 67.90138747, 27.23526224, 0.0 ], [ 67.89865986, 27.23292623, 0.0 ] ] } },
{ "type": "Feature", "properties": { "name": "Daim Branch", "descriptio": "Unknown Line Type<BR><BR><B>NAME</B> = Mithrao Canal<BR><BR><B>TYPE</B> = Branch<BR><BR><B>NAME</B> = Daim Branch<BR><B>LAYER</B> = Unknown Line Type<BR><BR><B>NAME</B> = Daim Branch<BR><BR><B>TYPE</B> = Branch<BR><B>GM_TYPE</B> = Unknown Line Type" }, "geometry": { "type": "LineString", "coordinates": [ [ 67.77918887, 26.59946667, 0.0 ], [ 67.76792243, 26.60065868, 0.0 ], [ 67.76518235, 26.60039863, 0.0 ], [ 67.73734596, 26.58842841, 0.0 ], [ 67.73360175, 26.58733262, 0.0 ], [ 67.71970784, 26.58867542, 0.0 ], [ 67.69641809, 26.58887411, 0.0 ], [ 67.67827663, 26.59213574, 0.0 ], [ 67.67522878, 26.59231907, 0.0 ], [ 67.67311202, 26.59209275, 0.0 ], [ 67.66927259, 26.59094511, 0.0 ], [ 67.66686622, 26.58957694, 0.0 ], [ 67.6613028, 26.58386293, 0.0 ], [ 67.65431345, 26.5778162, 0.0 ], [ 67.64600476, 26.57519632, 0.0 ], [ 67.64469048, 26.57427654, 0.0 ], [ 67.64281491, 26.57413115, 0.0 ], [ 67.64066463, 26.57320337, 0.0 ], [ 67.63700997, 26.57093519, 0.0 ], [ 67.63309337, 26.56681071, 0.0 ], [ 67.63247218, 26.56540918, 0.0 ], [ 67.63151302, 26.56445299, 0.0 ], [ 67.62985551, 26.55997905, 0.0 ], [ 67.63226717, 26.55091616, 0.0 ], [ 67.63308443, 26.54940262, 0.0 ], [ 67.63317456, 26.54411808, 0.0 ], [ 67.63392311, 26.54093094, 0.0 ], [ 67.63232548, 26.53333639, 0.0 ], [ 67.63522809, 26.52207562, 0.0 ], [ 67.63643463, 26.52097112, 0.0 ], [ 67.6377953, 26.51849363, 0.0 ], [ 67.63900852, 26.51701397, 0.0 ], [ 67.64029458, 26.5126219, 0.0 ], [ 67.64055038, 26.50805004, 0.0 ], [ 67.63930251, 26.50512171, 0.0 ], [ 67.64129124, 26.50053847, 0.0 ] ] } },
{ "type": "Feature", "properties": { "name": "Kudan Branch", "descriptio": "Unknown Line Type<BR><BR><B>NAME</B> = Mithrao Canal<BR><BR><B>TYPE</B> = Branch<BR><BR><B>NAME</B> = Kudan Branch<BR><B>LAYER</B> = Unknown Line Type<BR><BR><B>NAME</B> = Kudan Branch<BR><BR><B>TYPE</B> = Branch<BR><B>GM_TYPE</B> = Unknown Line Type" }, "geometry": { "type": "LineString", "coordinates": [ [ 67.86049914, 27.12553091, 0.0 ], [ 67.84447956, 27.12296555, 0.0 ], [ 67.84336306, 27.12247105, 0.0 ], [ 67.84193699, 27.12042116, 0.0 ], [ 67.8412905, 27.11996293, 0.0 ], [ 67.83764918, 27.11873578, 0.0 ], [ 67.8366316, 27.11918035, 0.0 ], [ 67.83478806, 27.11903564, 0.0 ], [ 67.83268452, 27.12009013, 0.0 ], [ 67.83140765, 27.12111474, 0.0 ], [ 67.82894162, 27.12167652, 0.0 ], [ 67.82593673, 27.12533943, 0.0 ], [ 67.82448963, 27.12532732, 0.0 ], [ 67.82376067, 27.12583883, 0.0 ], [ 67.82292763, 27.12592896, 0.0 ], [ 67.82153672, 27.12400859, 0.0 ], [ 67.82034455, 27.12383675, 0.0 ], [ 67.81962067, 27.12386307, 0.0 ], [ 67.81838153, 27.12472614, 0.0 ], [ 67.81388948, 27.12527059, 0.0 ], [ 67.81294481, 27.12565079, 0.0 ], [ 67.81164314, 27.12557507, 0.0 ], [ 67.81107255, 27.12479387, 0.0 ], [ 67.80976575, 27.12520329, 0.0 ], [ 67.80899143, 27.1231586, 0.0 ], [ 67.80743384, 27.12333952, 0.0 ], [ 67.80637453, 27.12238673, 0.0 ], [ 67.80394911, 27.12252792, 0.0 ], [ 67.8030195, 27.12148469, 0.0 ], [ 67.80085593, 27.12081929, 0.0 ], [ 67.79942238, 27.11954529, 0.0 ], [ 67.79689089, 27.11945891, 0.0 ], [ 67.79579698, 27.1202584, 0.0 ], [ 67.79540216, 27.11996385, 0.0 ], [ 67.79516074, 27.11886176, 0.0 ], [ 67.79321429, 27.11819811, 0.0 ], [ 67.79253566, 27.11738341, 0.0 ], [ 67.78952628, 27.11800454, 0.0 ], [ 67.78867478, 27.11644438, 0.0 ], [ 67.7885627, 27.11504104, 0.0 ], [ 67.78558815, 27.11579172, 0.0 ], [ 67.78339352, 27.1146728, 0.0 ], [ 67.78096712, 27.11491061, 0.0 ], [ 67.77779618, 27.11375073, 0.0 ], [ 67.77639811, 27.11257392, 0.0 ], [ 67.77322066, 27.1120286, 0.0 ], [ 67.76923838, 27.10991684, 0.0 ], [ 67.76692699, 27.1095731, 0.0 ], [ 67.76604651, 27.11069761, 0.0 ], [ 67.76502945, 27.11107685, 0.0 ], [ 67.75392521, 27.11094648, 0.0 ], [ 67.75371968, 27.10990945, 0.0 ], [ 67.75405812, 27.10548036, 0.0 ], [ 67.75204339, 27.10449199, 0.0 ], [ 67.75172218, 27.10410086, 0.0 ], [ 67.75184032, 27.10322844, 0.0 ] ] } },
{ "type": "Feature", "properties": { "name": "Unar Canal", "descriptio": "Unknown Line Type<BR><BR><B>NAME</B> = Mithrao Canal<BR><BR><B>TYPE</B> = Branch<BR><BR><B>NAME</B> = Unar Canal<BR><B>LAYER</B> = Unknown Line Type<BR><BR><B>NAME</B> = Unar Canal<BR><BR><B>TYPE</B> = Branch<BR><B>GM_TYPE</B> = Unknown Line Type" }, "geometry": { "type": "LineString", "coordinates": [ [ 69.13727849, 28.16355475, 0.0 ], [ 69.1290999, 28.16544112, 0.0 ], [ 69.10340987, 28.17563535, 0.0 ], [ 69.10101954, 28.17584508, 0.0 ], [ 69.09808815, 28.17513042, 0.0 ], [ 69.09384661, 28.17641868, 0.0 ], [ 69.08664842, 28.18035327, 0.0 ], [ 69.0825514, 28.183214, 0.0 ], [ 69.07917448, 28.18415516, 0.0 ], [ 69.07512628, 28.1833171, 0.0 ], [ 69.07283751, 28.18346662, 0.0 ], [ 69.06817727, 28.18574293, 0.0 ], [ 69.05743948, 28.19013356, 0.0 ], [ 69.05520713, 28.19186461, 0.0 ], [ 69.04887142, 28.19480825, 0.0 ], [ 69.04396893, 28.19784391, 0.0 ], [ 69.03696391, 28.20466767, 0.0 ], [ 69.033804, 28.21081663, 0.0 ], [ 69.03025917, 28.21479675, 0.0 ], [ 69.02805391, 28.21704638, 0.0 ], [ 69.01439919, 28.22899403, 0.0 ], [ 69.01039406, 28.23295445, 0.0 ], [ 69.00726313, 28.2351854, 0.0 ], [ 68.99641183, 28.23940751, 0.0 ] ] } },
{ "type": "Feature", "properties": { "name": "Mehar Branch", "descriptio": "Unknown Line Type<BR><BR><B>NAME</B> = Mithrao Canal<BR><BR><B>TYPE</B> = Branch<BR><BR><B>NAME</B> = Mehar Branch<BR><B>LAYER</B> = Unknown Line Type<BR><BR><B>NAME</B> = Mehar Branch<BR><BR><B>TYPE</B> = Branch<BR><B>GM_TYPE</B> = Unknown Line Type" }, "geometry": { "type": "LineString", "coordinates": [ [ 67.95993054, 27.20439375, 0.0 ], [ 67.93956846, 27.1998716, 0.0 ], [ 67.93823673, 27.20000999, 0.0 ], [ 67.93387756, 27.20142253, 0.0 ], [ 67.93105135, 27.20132673, 0.0 ], [ 67.92647419, 27.20173734, 0.0 ], [ 67.9234419, 27.20145414, 0.0 ], [ 67.91784155, 27.20171075, 0.0 ], [ 67.91659725, 27.20140402, 0.0 ], [ 67.91613715, 27.19739005, 0.0 ], [ 67.91516926, 27.19434988, 0.0 ], [ 67.91560877, 27.1876148, 0.0 ], [ 67.91542176, 27.18545958, 0.0 ], [ 67.91514415, 27.18408356, 0.0 ], [ 67.91326805, 27.18035564, 0.0 ], [ 67.91219461, 27.17960469, 0.0 ], [ 67.90986308, 27.179995, 0.0 ], [ 67.90830783, 27.18176536, 0.0 ], [ 67.90709599, 27.18242426, 0.0 ], [ 67.90455554, 27.18165568, 0.0 ], [ 67.90051718, 27.18229251, 0.0 ], [ 67.89964617, 27.18210002, 0.0 ], [ 67.89794817, 27.18077654, 0.0 ], [ 67.89580384, 27.17969772, 0.0 ], [ 67.89232582, 27.17908075, 0.0 ], [ 67.89115657, 27.17848187, 0.0 ], [ 67.8886088, 27.17553201, 0.0 ], [ 67.88786849, 27.17408522, 0.0 ], [ 67.887802, 27.17264015, 0.0 ], [ 67.88736762, 27.17162549, 0.0 ], [ 67.88600579, 27.17042294, 0.0 ], [ 67.88266778, 27.16479876, 0.0 ], [ 67.8789763, 27.16066107, 0.0 ], [ 67.87733086, 27.15551969, 0.0 ], [ 67.8748942, 27.15275551, 0.0 ], [ 67.87288025, 27.15261461, 0.0 ], [ 67.87098613, 27.1517129, 0.0 ], [ 67.87083508, 27.15066445, 0.0 ], [ 67.8718476, 27.14841973, 0.0 ], [ 67.87308445, 27.14429768, 0.0 ], [ 67.87374081, 27.14329182, 0.0 ], [ 67.87360421, 27.14079886, 0.0 ], [ 67.87475474, 27.13885784, 0.0 ], [ 67.87175156, 27.13623357, 0.0 ], [ 67.86683985, 27.12890398, 0.0 ], [ 67.86483992, 27.12697378, 0.0 ], [ 67.86247325, 27.12536559, 0.0 ], [ 67.8614669, 27.12503242, 0.0 ], [ 67.86057738, 27.12513352, 0.0 ], [ 67.86030064, 27.12852605, 0.0 ], [ 67.85908101, 27.12931066, 0.0 ], [ 67.8572996, 27.12972949, 0.0 ], [ 67.85572751, 27.12942778, 0.0 ], [ 67.85445127, 27.12782834, 0.0 ], [ 67.85364727, 27.12746067, 0.0 ], [ 67.85150648, 27.12747928, 0.0 ], [ 67.8482834, 27.12669446, 0.0 ], [ 67.84351282, 27.12716086, 0.0 ], [ 67.8294795, 27.12929473, 0.0 ], [ 67.82472674, 27.13189137, 0.0 ], [ 67.82148073, 27.13330868, 0.0 ], [ 67.8192941, 27.13383202, 0.0 ], [ 67.81769759, 27.13201286, 0.0 ], [ 67.8108838, 27.1308719, 0.0 ], [ 67.80910771, 27.13114675, 0.0 ], [ 67.80745804, 27.13055494, 0.0 ], [ 67.8057576, 27.13093769, 0.0 ], [ 67.80394832, 27.13016389, 0.0 ], [ 67.80281438, 27.13044313, 0.0 ], [ 67.80195049, 27.13191647, 0.0 ], [ 67.80093666, 27.13230502, 0.0 ], [ 67.79928694, 27.13171312, 0.0 ], [ 67.79692046, 27.13017614, 0.0 ], [ 67.79574267, 27.13077995, 0.0 ], [ 67.79259722, 27.13031954, 0.0 ], [ 67.79122023, 27.13066889, 0.0 ], [ 67.78871444, 27.12707197, 0.0 ], [ 67.78750993, 27.12641156, 0.0 ], [ 67.78508496, 27.1265712, 0.0 ], [ 67.78358258, 27.1273166, 0.0 ], [ 67.783494, 27.12803804, 0.0 ], [ 67.78284233, 27.128538, 0.0 ], [ 67.78044708, 27.12967282, 0.0 ], [ 67.76677389, 27.13939871, 0.0 ], [ 67.76364334, 27.14124907, 0.0 ], [ 67.7624297, 27.14141897, 0.0 ], [ 67.76118636, 27.14061351, 0.0 ], [ 67.7588094, 27.14005081, 0.0 ], [ 67.75396363, 27.13993567, 0.0 ], [ 67.75348094, 27.13975079, 0.0 ], [ 67.75256643, 27.13844257, 0.0 ], [ 67.75188024, 27.13840037, 0.0 ], [ 67.75062337, 27.13882258, 0.0 ], [ 67.74988075, 27.14022437, 0.0 ], [ 67.74818281, 27.14035365, 0.0 ], [ 67.74774178, 27.14006081, 0.0 ], [ 67.74728527, 27.13752884, 0.0 ], [ 67.74645566, 27.13586024, 0.0 ], [ 67.74319161, 27.13518105, 0.0 ], [ 67.74128746, 27.13352292, 0.0 ], [ 67.74047686, 27.13376845, 0.0 ], [ 67.7394531, 27.13502316, 0.0 ], [ 67.73653472, 27.13593592, 0.0 ], [ 67.73504728, 27.13530862, 0.0 ], [ 67.73340006, 27.1339185, 0.0 ], [ 67.73314404, 27.13335915, 0.0 ], [ 67.73356382, 27.13248333, 0.0 ], [ 67.73325308, 27.13095598, 0.0 ], [ 67.73354835, 27.12949266, 0.0 ], [ 67.73219987, 27.12822318, 0.0 ], [ 67.73178586, 27.1271346, 0.0 ], [ 67.73184925, 27.12587443, 0.0 ], [ 67.73249534, 27.12382791, 0.0 ], [ 67.7309502, 27.11974156, 0.0 ], [ 67.72828784, 27.11597929, 0.0 ], [ 67.72755245, 27.11414518, 0.0 ], [ 67.72467144, 27.1123306, 0.0 ], [ 67.72267107, 27.11035538, 0.0 ], [ 67.7191145, 27.11030829, 0.0 ], [ 67.71699076, 27.1096732, 0.0 ], [ 67.71543911, 27.10834927, 0.0 ], [ 67.71432944, 27.10647739, 0.0 ], [ 67.71186887, 27.10520882, 0.0 ], [ 67.71159958, 27.10432015, 0.0 ], [ 67.71365077, 27.10268245, 0.0 ], [ 67.71408512, 27.1019681, 0.0 ], [ 67.71428886, 27.09991762, 0.0 ], [ 67.71211275, 27.09791131, 0.0 ], [ 67.70968743, 27.09747534, 0.0 ] ] } },
{ "type": "Feature", "properties": { "name": "Shair kot Branch", "descriptio": "Unknown Line Type<BR><BR><B>NAME</B> = Mithrao Canal<BR><BR><B>TYPE</B> = Branch<BR><BR><B>NAME</B> = Shair kot Branch<BR><B>LAYER</B> = Unknown Line Type<BR><BR><B>NAME</B> = Shair kot Branch<BR><BR><B>TYPE</B> = Branch<BR><B>GM_TYPE</B> = Unknown Line" }, "geometry": { "type": "LineString", "coordinates": [ [ 68.6891479, 27.91028926, 0.0 ], [ 68.66759414, 27.88790018, 0.0 ], [ 68.66441611, 27.88485621, 0.0 ], [ 68.66213646, 27.8833293, 0.0 ], [ 68.65859063, 27.8817772, 0.0 ], [ 68.65653122, 27.8813311, 0.0 ], [ 68.63966312, 27.88159347, 0.0 ], [ 68.63541973, 27.88085477, 0.0 ], [ 68.63103097, 27.87907924, 0.0 ], [ 68.60878866, 27.86913599, 0.0 ], [ 68.6072086, 27.86668414, 0.0 ], [ 68.60488023, 27.85764529, 0.0 ], [ 68.60379802, 27.85488616, 0.0 ], [ 68.6024393, 27.85307425, 0.0 ], [ 68.59928949, 27.85060036, 0.0 ], [ 68.59728204, 27.84973465, 0.0 ], [ 68.57211016, 27.84396153, 0.0 ] ] } },
{ "type": "Feature", "properties": { "name": "Kakole Branch", "descriptio": "Unknown Line Type<BR><BR><B>NAME</B> = Mithrao Canal<BR><BR><B>TYPE</B> = Branch<BR><BR><B>NAME</B> = Kakole Branch<BR><B>LAYER</B> = Unknown Line Type<BR><BR><B>NAME</B> = Kakole Branch<BR><BR><B>TYPE</B> = Branch<BR><B>GM_TYPE</B> = Unknown Line Type" }, "geometry": { "type": "LineString", "coordinates": [ [ 67.87996444, 27.16155545, 0.0 ], [ 67.87294597, 27.15958899, 0.0 ], [ 67.8699416, 27.15929893, 0.0 ], [ 67.8676217, 27.15995967, 0.0 ], [ 67.86715465, 27.16039905, 0.0 ], [ 67.86707389, 27.16184591, 0.0 ], [ 67.8667342, 27.1627589, 0.0 ], [ 67.86599948, 27.16352103, 0.0 ], [ 67.86315252, 27.16400017, 0.0 ], [ 67.8625583, 27.16393623, 0.0 ], [ 67.86239842, 27.16340325, 0.0 ], [ 67.861806, 27.16316206, 0.0 ], [ 67.86021265, 27.16364472, 0.0 ], [ 67.85910635, 27.16318048, 0.0 ], [ 67.85833022, 27.16324655, 0.0 ], [ 67.85751381, 27.16386068, 0.0 ], [ 67.85739351, 27.1654425, 0.0 ], [ 67.85657803, 27.16596348, 0.0 ], [ 67.85512573, 27.16537229, 0.0 ], [ 67.85256775, 27.16539282, 0.0 ], [ 67.84963593, 27.16485219, 0.0 ], [ 67.84832683, 27.16384829, 0.0 ], [ 67.84622568, 27.16333444, 0.0 ], [ 67.84543737, 27.16233479, 0.0 ], [ 67.84503226, 27.16234184, 0.0 ], [ 67.84407627, 27.16301674, 0.0 ], [ 67.83950079, 27.16456014, 0.0 ], [ 67.83449045, 27.16761677, 0.0 ], [ 67.83288727, 27.1690837, 0.0 ], [ 67.83083312, 27.17245276, 0.0 ], [ 67.82976127, 27.1729913, 0.0 ], [ 67.82983887, 27.1742491, 0.0 ], [ 67.82850691, 27.17579929, 0.0 ], [ 67.82617867, 27.17811001, 0.0 ], [ 67.82313919, 27.18021363, 0.0 ], [ 67.81954465, 27.18115672, 0.0 ], [ 67.8183781, 27.18205927, 0.0 ], [ 67.8162077, 27.1813313, 0.0 ], [ 67.81175787, 27.18161812, 0.0 ], [ 67.81062342, 27.18375781, 0.0 ], [ 67.80871323, 27.18452653, 0.0 ], [ 67.80805604, 27.1865892, 0.0 ], [ 67.80650538, 27.1873262, 0.0 ], [ 67.80449184, 27.18891096, 0.0 ], [ 67.80182332, 27.19020615, 0.0 ], [ 67.80018192, 27.19305107, 0.0 ], [ 67.79760296, 27.1958234, 0.0 ], [ 67.79756762, 27.19699919, 0.0 ], [ 67.79525494, 27.19894613, 0.0 ], [ 67.7925662, 27.2020861, 0.0 ], [ 67.79144892, 27.20599112, 0.0 ], [ 67.79242047, 27.20849355, 0.0 ], [ 67.79231474, 27.21004526, 0.0 ], [ 67.79310729, 27.21098395, 0.0 ], [ 67.79270455, 27.21196009, 0.0 ], [ 67.79296954, 27.21349911, 0.0 ], [ 67.7922661, 27.21580678, 0.0 ], [ 67.79142429, 27.21708536, 0.0 ], [ 67.7904377, 27.22081106, 0.0 ], [ 67.7892165, 27.22252678, 0.0 ], [ 67.78377191, 27.23281247, 0.0 ], [ 67.77665357, 27.23643187, 0.0 ], [ 67.77047886, 27.23837815, 0.0 ], [ 67.76297103, 27.24148267, 0.0 ], [ 67.75846776, 27.24212972, 0.0 ], [ 67.75318894, 27.24158959, 0.0 ] ] } },
{ "type": "Feature", "properties": { "name": "Radhan Branch", "descriptio": "Unknown Line Type<BR><BR><B>NAME</B> = Mithrao Canal<BR><BR><B>TYPE</B> = Branch<BR><BR><B>NAME</B> = Radhan Branch<BR><B>LAYER</B> = Unknown Line Type<BR><BR><B>NAME</B> = Radhan Branch<BR><BR><B>TYPE</B> = Branch<BR><B>GM_TYPE</B> = Unknown Line Type" }, "geometry": { "type": "LineString", "coordinates": [ [ 67.95993054, 27.20439375, 0.0 ], [ 67.96250935, 27.1960544, 0.0 ], [ 67.96254644, 27.19525862, 0.0 ], [ 67.96196308, 27.19411319, 0.0 ], [ 67.96087463, 27.19299064, 0.0 ], [ 67.94909652, 27.18829273, 0.0 ], [ 67.93887542, 27.17575246, 0.0 ], [ 67.93777912, 27.1737615, 0.0 ], [ 67.93719834, 27.17192481, 0.0 ], [ 67.93715628, 27.16648005, 0.0 ], [ 67.93545706, 27.14486339, 0.0 ], [ 67.93523817, 27.14334993, 0.0 ], [ 67.93466151, 27.14266791, 0.0 ], [ 67.90119251, 27.10947659, 0.0 ], [ 67.88492679, 27.09027746, 0.0 ], [ 67.87823392, 27.08349966, 0.0 ], [ 67.8769577, 27.08291608, 0.0 ], [ 67.87492135, 27.08258705, 0.0 ], [ 67.85673011, 27.08293697, 0.0 ] ] } },
{ "type": "Feature", "properties": { "name": "Raj Wah Branch", "descriptio": "Unknown Line Type<BR><BR><B>NAME</B> = Mithrao Canal<BR><BR><B>TYPE</B> = Branch<BR><BR><B>NAME</B> = Raj Wah Branch<BR><B>LAYER</B> = Unknown Line Type<BR><BR><B>NAME</B> = Raj Wah Branch<BR><BR><B>TYPE</B> = Branch<BR><B>GM_TYPE</B> = Unknown Line Type" }, "geometry": { "type": "LineString", "coordinates": [ [ 67.91643568, 27.20092008, 0.0 ], [ 67.90997898, 27.20376605, 0.0 ], [ 67.86886221, 27.21932712, 0.0 ], [ 67.81298515, 27.23787299, 0.0 ], [ 67.79765814, 27.24609016, 0.0 ], [ 67.7897629, 27.25146418, 0.0 ], [ 67.7874739, 27.25252082, 0.0 ], [ 67.78525702, 27.25309961, 0.0 ], [ 67.77664476, 27.25519797, 0.0 ], [ 67.76944444, 27.25548846, 0.0 ], [ 67.7669941, 27.25614478, 0.0 ], [ 67.76205096, 27.25533491, 0.0 ], [ 67.75761866, 27.25712875, 0.0 ], [ 67.75707575, 27.25845018, 0.0 ], [ 67.75641057, 27.25888632, 0.0 ], [ 67.7521131, 27.25937857, 0.0 ], [ 67.7459782, 27.25885217, 0.0 ], [ 67.74331227, 27.25944928, 0.0 ], [ 67.74162929, 27.25937522, 0.0 ], [ 67.72953104, 27.25634178, 0.0 ], [ 67.72675908, 27.25622814, 0.0 ], [ 67.71171975, 27.25650198, 0.0 ], [ 67.69524134, 27.25782475, 0.0 ], [ 67.67798399, 27.25971302, 0.0 ] ] } },
{ "type": "Feature", "properties": { "name": null, "descriptio": "Unknown Line Type<BR><BR><B>NAME</B> = Mithrao Canal<BR><BR><B>TYPE</B> = Branch<BR><BR><B>NAME</B> = <BR><B>LAYER</B> = Unknown Line Type<BR><BR><B>NAME</B> = Johi Branch<BR><BR><B>TYPE</B> = Branch<BR><B>GM_TYPE</B> = Unknown Line Type" }, "geometry": { "type": "LineString", "coordinates": [ [ 67.89744994, 27.06645633, 0.0 ], [ 67.89015406, 27.06635544, 0.0 ], [ 67.88584363, 27.06536274, 0.0 ], [ 67.88296885, 27.06401714, 0.0 ], [ 67.87017179, 27.0528928, 0.0 ], [ 67.8665769, 27.05117997, 0.0 ], [ 67.86474416, 27.05069541, 0.0 ], [ 67.86160153, 27.05062154, 0.0 ], [ 67.85640058, 27.05174331, 0.0 ], [ 67.85189355, 27.05200336, 0.0 ], [ 67.84630991, 27.05133853, 0.0 ], [ 67.84135945, 27.04966151, 0.0 ], [ 67.83366939, 27.045749, 0.0 ], [ 67.83031967, 27.04439362, 0.0 ], [ 67.82730295, 27.04352787, 0.0 ], [ 67.81368137, 27.04087308, 0.0 ], [ 67.80831368, 27.04066626, 0.0 ], [ 67.76473305, 27.04523028, 0.0 ], [ 67.75796087, 27.04477273, 0.0 ], [ 67.74795208, 27.04212352, 0.0 ], [ 67.74414034, 27.04035197, 0.0 ], [ 67.73560056, 27.03446738, 0.0 ], [ 67.7311, 27.03174425, 0.0 ], [ 67.68587687, 27.0113252, 0.0 ], [ 67.68436109, 27.01102666, 0.0 ], [ 67.67298145, 27.00621238, 0.0 ], [ 67.66840927, 27.00545008, 0.0 ], [ 67.66299565, 27.00371296, 0.0 ], [ 67.6586159, 27.00153269, 0.0 ], [ 67.65520147, 26.99909579, 0.0 ], [ 67.63465108, 26.98035816, 0.0 ], [ 67.63201836, 26.97627072, 0.0 ], [ 67.63046401, 26.97112468, 0.0 ], [ 67.63036906, 26.96640814, 0.0 ], [ 67.63092071, 26.96358723, 0.0 ], [ 67.63179487, 26.96136602, 0.0 ], [ 67.65713933, 26.91147764, 0.0 ], [ 67.6584524, 26.90424381, 0.0 ], [ 67.65920357, 26.89255861, 0.0 ], [ 67.65902949, 26.88817764, 0.0 ], [ 67.65847412, 26.88629336, 0.0 ], [ 67.65715354, 26.88370243, 0.0 ], [ 67.65015149, 26.87290673, 0.0 ], [ 67.64700993, 26.86865613, 0.0 ], [ 67.64282867, 26.86468799, 0.0 ], [ 67.62424491, 26.85192288, 0.0 ], [ 67.6210805, 26.84869148, 0.0 ], [ 67.61937549, 26.84577742, 0.0 ], [ 67.61876844, 26.84318779, 0.0 ], [ 67.61772536, 26.83310318, 0.0 ], [ 67.6169539, 26.82960299, 0.0 ], [ 67.60466528, 26.80493054, 0.0 ], [ 67.60189966, 26.79563994, 0.0 ], [ 67.5934044, 26.76086428, 0.0 ], [ 67.59019329, 26.74985175, 0.0 ], [ 67.58829524, 26.74605355, 0.0 ], [ 67.58006176, 26.73309962, 0.0 ], [ 67.57891592, 26.7307307, 0.0 ], [ 67.5782578, 26.72822298, 0.0 ], [ 67.57826928, 26.724952, 0.0 ], [ 67.57921282, 26.72167845, 0.0 ], [ 67.58560018, 26.71085485, 0.0 ], [ 67.58726273, 26.70897715, 0.0 ], [ 67.58967941, 26.7070561, 0.0 ], [ 67.59647788, 26.70358803, 0.0 ], [ 67.59784375, 26.70222685, 0.0 ], [ 67.59867034, 26.70076033, 0.0 ], [ 67.59918753, 26.69812259, 0.0 ], [ 67.5985455, 26.68733192, 0.0 ], [ 67.59743356, 26.68117229, 0.0 ], [ 67.58697777, 26.65602875, 0.0 ], [ 67.58404238, 26.6508621, 0.0 ], [ 67.58130925, 26.64764802, 0.0 ], [ 67.56232633, 26.6304136, 0.0 ] ] } },
{ "type": "Feature", "properties": { "name": "Begari Canal", "descriptio": "Unknown Line Type<BR><BR><B>NAME</B> = Mithrao Canal<BR><BR><B>TYPE</B> = Branch<BR><BR><B>NAME</B> = Begari Canal<BR><B>LAYER</B> = Unknown Line Type<BR><BR><B>NAME</B> = Begari Canal<BR><BR><B>TYPE</B> = Branch<BR><B>GM_TYPE</B> = Unknown Line Type" }, "geometry": { "type": "LineString", "coordinates": [ [ 69.01288339, 28.08594798, 0.0 ], [ 69.00879655, 28.0888199, 0.0 ], [ 69.00674367, 28.08979972, 0.0 ], [ 69.00332206, 28.0896132, 0.0 ], [ 68.99476555, 28.09011585, 0.0 ], [ 68.99278784, 28.0905691, 0.0 ], [ 68.9900257, 28.09223104, 0.0 ], [ 68.98777506, 28.09259358, 0.0 ], [ 68.98661576, 28.09229122, 0.0 ], [ 68.98310393, 28.09011491, 0.0 ], [ 68.98119444, 28.08993334, 0.0 ], [ 68.97562396, 28.08790709, 0.0 ], [ 68.97238475, 28.0874229, 0.0 ], [ 68.96890742, 28.08533694, 0.0 ], [ 68.96618049, 28.08291867, 0.0 ], [ 68.96277105, 28.0823436, 0.0 ], [ 68.96007433, 28.08141585, 0.0 ], [ 68.95881381, 28.08140202, 0.0 ], [ 68.95490169, 28.08452889, 0.0 ], [ 68.95363624, 28.0865385, 0.0 ], [ 68.95330821, 28.09124105, 0.0 ], [ 68.95393677, 28.09743345, 0.0 ], [ 68.95356831, 28.09889408, 0.0 ], [ 68.952253, 28.10065708, 0.0 ], [ 68.94963816, 28.10281988, 0.0 ], [ 68.94368664, 28.1056758, 0.0 ], [ 68.94163472, 28.10614525, 0.0 ], [ 68.93610074, 28.10639711, 0.0 ], [ 68.92562177, 28.10496069, 0.0 ], [ 68.920358, 28.10321729, 0.0 ], [ 68.90869051, 28.09857579, 0.0 ], [ 68.90408503, 28.0961451, 0.0 ], [ 68.89867392, 28.0945422, 0.0 ], [ 68.89641951, 28.09330594, 0.0 ], [ 68.89349317, 28.09112543, 0.0 ], [ 68.89008047, 28.08711965, 0.0 ], [ 68.88914016, 28.08680075, 0.0 ], [ 68.88710833, 28.08687283, 0.0 ], [ 68.88459972, 28.08839864, 0.0 ], [ 68.88194665, 28.0894, 0.0 ], [ 68.87588185, 28.09081117, 0.0 ], [ 68.8719083, 28.09225807, 0.0 ], [ 68.86805003, 28.09495867, 0.0 ], [ 68.86747429, 28.09584955, 0.0 ], [ 68.86711048, 28.09763847, 0.0 ], [ 68.86523633, 28.09878376, 0.0 ], [ 68.8614837, 28.09938083, 0.0 ], [ 68.85949498, 28.09921861, 0.0 ], [ 68.85755085, 28.09949702, 0.0 ], [ 68.85510817, 28.10077633, 0.0 ], [ 68.82124794, 28.11035934, 0.0 ], [ 68.81853247, 28.11215839, 0.0 ], [ 68.81600068, 28.11223516, 0.0 ], [ 68.81179754, 28.11150834, 0.0 ], [ 68.80551036, 28.11330228, 0.0 ], [ 68.7984346, 28.1135, 0.0 ], [ 68.79517828, 28.1148441, 0.0 ], [ 68.79299128, 28.11488206, 0.0 ], [ 68.78626847, 28.11590451, 0.0 ], [ 68.78409926, 28.11703053, 0.0 ], [ 68.78179901, 28.11990694, 0.0 ], [ 68.7786077, 28.12210417, 0.0 ], [ 68.7748398, 28.12565579, 0.0 ], [ 68.77040127, 28.12807261, 0.0 ], [ 68.74653859, 28.13300213, 0.0 ], [ 68.74005168, 28.136048, 0.0 ], [ 68.73811303, 28.13636615, 0.0 ], [ 68.73708373, 28.13625686, 0.0 ], [ 68.73490612, 28.13523336, 0.0 ], [ 68.72921839, 28.13334454, 0.0 ], [ 68.72631263, 28.13296323, 0.0 ], [ 68.72134704, 28.13295323, 0.0 ], [ 68.71086533, 28.13491653, 0.0 ], [ 68.70246604, 28.13753076, 0.0 ], [ 68.69300672, 28.14174813, 0.0 ], [ 68.6822165, 28.14521069, 0.0 ], [ 68.67511726, 28.14959328, 0.0 ], [ 68.67244555, 28.15184014, 0.0 ], [ 68.66634167, 28.15545218, 0.0 ], [ 68.65973353, 28.15736731, 0.0 ], [ 68.64219993, 28.15909347, 0.0 ], [ 68.63747657, 28.16060106, 0.0 ] ] } },
{ "type": "Feature", "properties": { "name": "Begari Canal", "descriptio": "Unknown Line Type<BR><BR><B>NAME</B> = Mithrao Canal<BR><BR><B>TYPE</B> = Branch<BR><BR><B>NAME</B> = Begari Canal<BR><B>LAYER</B> = Unknown Line Type<BR><BR><B>NAME</B> = Begari Canal<BR><BR><B>TYPE</B> = Branch<BR><B>GM_TYPE</B> = Unknown Line Type" }, "geometry": { "type": "LineString", "coordinates": [ [ 68.2876515, 28.13055256, 0.0 ], [ 68.29261961, 28.1309595, 0.0 ], [ 68.31306484, 28.12897855, 0.0 ], [ 68.31518036, 28.12859502, 0.0 ], [ 68.31678094, 28.12758499, 0.0 ], [ 68.32484893, 28.12556267, 0.0 ], [ 68.34343055, 28.12503553, 0.0 ], [ 68.363428, 28.12294706, 0.0 ], [ 68.36629116, 28.12232704, 0.0 ], [ 68.37347909, 28.1228041, 0.0 ], [ 68.38224439, 28.11956573, 0.0 ], [ 68.38430783, 28.11905345, 0.0 ], [ 68.38802095, 28.11912052, 0.0 ], [ 68.39111766, 28.11945641, 0.0 ], [ 68.39935246, 28.1213648, 0.0 ], [ 68.41153296, 28.1251732, 0.0 ], [ 68.42878792, 28.12894501, 0.0 ], [ 68.4322233, 28.12932064, 0.0 ], [ 68.44357803, 28.13175722, 0.0 ], [ 68.44588617, 28.13296238, 0.0 ], [ 68.45266726, 28.13786, 0.0 ], [ 68.46032967, 28.14467027, 0.0 ], [ 68.46464781, 28.14751837, 0.0 ], [ 68.47782747, 28.15524043, 0.0 ], [ 68.49005717, 28.15776803, 0.0 ], [ 68.49442401, 28.1590933, 0.0 ], [ 68.50567623, 28.16164405, 0.0 ], [ 68.52270902, 28.16478075, 0.0 ], [ 68.52642912, 28.16584463, 0.0 ], [ 68.52841517, 28.16594922, 0.0 ], [ 68.53230963, 28.16500944, 0.0 ], [ 68.5435886, 28.16391827, 0.0 ], [ 68.55673826, 28.15990422, 0.0 ], [ 68.57422196, 28.15868506, 0.0 ], [ 68.60145167, 28.15889262, 0.0 ], [ 68.61503474, 28.16157123, 0.0 ], [ 68.63443192, 28.16118439, 0.0 ], [ 68.63747657, 28.16060106, 0.0 ] ] } },
{ "type": "Feature", "properties": { "name": "Begari Canal", "descriptio": "Unknown Line Type<BR><BR><B>NAME</B> = Mithrao Canal<BR><BR><B>TYPE</B> = Branch<BR><BR><B>NAME</B> = Begari Canal<BR><B>LAYER</B> = Unknown Line Type<BR><BR><B>NAME</B> = Begari Canal<BR><BR><B>TYPE</B> = Branch<BR><B>GM_TYPE</B> = Unknown Line Type" }, "geometry": { "type": "LineString", "coordinates": [ [ 68.63747657, 28.16060106, 0.0 ], [ 68.63747809, 28.16060053, 0.0 ] ] } },
{ "type": "Feature", "properties": { "name": "Begari Canal", "descriptio": "Unknown Line Type<BR><BR><B>NAME</B> = Mithrao Canal<BR><BR><B>TYPE</B> = Branch<BR><BR><B>NAME</B> = Begari Canal<BR><B>LAYER</B> = Unknown Line Type<BR><BR><B>NAME</B> = Begari Canal<BR><BR><B>TYPE</B> = Branch<BR><B>GM_TYPE</B> = Unknown Line Type" }, "geometry": { "type": "LineString", "coordinates": [ [ 67.98288021, 28.0549067, 0.0 ], [ 68.03162493, 28.08593173, 0.0 ], [ 68.03714287, 28.09027405, 0.0 ], [ 68.03939369, 28.09145012, 0.0 ], [ 68.05416849, 28.10310251, 0.0 ], [ 68.07317343, 28.11191506, 0.0 ], [ 68.08592453, 28.11675259, 0.0 ], [ 68.10209644, 28.11860355, 0.0 ], [ 68.12145434, 28.11704125, 0.0 ], [ 68.13238943, 28.1191677, 0.0 ], [ 68.13499947, 28.1202918, 0.0 ], [ 68.14266899, 28.12144749, 0.0 ], [ 68.14825202, 28.12301171, 0.0 ], [ 68.15520871, 28.12436659, 0.0 ], [ 68.1641276, 28.12391281, 0.0 ], [ 68.17093783, 28.12398809, 0.0 ], [ 68.17755476, 28.12433299, 0.0 ], [ 68.18492344, 28.12546186, 0.0 ], [ 68.18968855, 28.12782916, 0.0 ], [ 68.19623995, 28.13186797, 0.0 ], [ 68.20390108, 28.1359807, 0.0 ], [ 68.21603797, 28.1388812, 0.0 ], [ 68.21757014, 28.13868653, 0.0 ], [ 68.22397466, 28.13679065, 0.0 ], [ 68.22831118, 28.13508616, 0.0 ], [ 68.23799127, 28.12956937, 0.0 ], [ 68.2448707, 28.12530205, 0.0 ], [ 68.2491398, 28.12217275, 0.0 ], [ 68.25201372, 28.12157829, 0.0 ], [ 68.25438306, 28.12199794, 0.0 ], [ 68.2579309, 28.12354276, 0.0 ], [ 68.27097851, 28.12770509, 0.0 ], [ 68.27326061, 28.12975124, 0.0 ], [ 68.28370571, 28.12997571, 0.0 ], [ 68.2876515, 28.13055265, 0.0 ] ] } },
{ "type": "Feature", "properties": { "name": "Tajo Sub Branch", "descriptio": "Unknown Line Type<BR><BR><B>NAME</B> = Mithrao Canal<BR><BR><B>TYPE</B> = Branch<BR><BR><B>NAME</B> = Tajo Sub Branch<BR><B>LAYER</B> = Unknown Line Type<BR><BR><B>NAME</B> = Tajo Sub Branch<BR><BR><B>TYPE</B> = Branch<BR><B>GM_TYPE</B> = Unknown Line Ty" }, "geometry": { "type": "LineString", "coordinates": [ [ 68.25665258, 28.12017018, 0.0 ], [ 68.25050446, 28.12092404, 0.0 ], [ 68.23941935, 28.12048648, 0.0 ], [ 68.20962416, 28.10610186, 0.0 ], [ 68.2069245, 28.10550436, 0.0 ], [ 68.15515534, 28.0803981, 0.0 ], [ 68.14235591, 28.07454518, 0.0 ], [ 68.1364413, 28.072362, 0.0 ], [ 68.09045369, 28.05754633, 0.0 ], [ 68.08033628, 28.05619941, 0.0 ], [ 68.0521702, 28.05532659, 0.0 ], [ 68.0322073, 28.04480806, 0.0 ], [ 68.0301694, 28.04274653, 0.0 ] ] } },
{ "type": "Feature", "properties": { "name": "Choi Branch", "descriptio": "Unknown Line Type<BR><BR><B>NAME</B> = Mithrao Canal<BR><BR><B>TYPE</B> = Branch<BR><BR><B>NAME</B> = Choi Branch<BR><B>LAYER</B> = Unknown Line Type<BR><BR><B>NAME</B> = Choi Branch<BR><BR><B>TYPE</B> = Branch<BR><B>GM_TYPE</B> = Unknown Line Type" }, "geometry": { "type": "LineString", "coordinates": [ [ 69.01262463, 28.08601678, 0.0 ], [ 68.98909085, 28.07772164, 0.0 ], [ 68.89182177, 28.02933733, 0.0 ], [ 68.888004, 28.02806864, 0.0 ], [ 68.85681081, 28.0261215, 0.0 ], [ 68.66795914, 28.01658692, 0.0 ], [ 68.63262872, 28.01221054, 0.0 ], [ 68.62176775, 28.00896671, 0.0 ], [ 68.61017806, 28.00725309, 0.0 ], [ 68.60831047, 28.00620464, 0.0 ], [ 68.60678391, 28.00610488, 0.0 ], [ 68.60300687, 28.00642887, 0.0 ], [ 68.59273923, 28.00572906, 0.0 ], [ 68.58307092, 28.00630288, 0.0 ], [ 68.56814363, 28.00987252, 0.0 ], [ 68.54967996, 28.01334722, 0.0 ], [ 68.52595808, 28.0127041, 0.0 ], [ 68.5105853, 28.01163551, 0.0 ], [ 68.48098814, 28.01025439, 0.0 ] ] } },
{ "type": "Feature", "properties": { "name": "Nasir Branch", "descriptio": "Unknown Line Type<BR><BR><B>NAME</B> = Mithrao Canal<BR><BR><B>TYPE</B> = Branch<BR><BR><B>NAME</B> = Nasir Branch<BR><B>LAYER</B> = Unknown Line Type<BR><BR><B>NAME</B> = Nasir Branch<BR><BR><B>TYPE</B> = Branch<BR><B>GM_TYPE</B> = Unknown Line Type" }, "geometry": { "type": "LineString", "coordinates": [ [ 69.0967526, 28.17558615, 0.0 ], [ 69.07314538, 28.15466242, 0.0 ], [ 69.07170298, 28.15410001, 0.0 ], [ 69.0702087, 28.15407615, 0.0 ], [ 69.05206635, 28.15650951, 0.0 ], [ 69.03466631, 28.1592392, 0.0 ], [ 69.03160227, 28.15940546, 0.0 ], [ 68.99559903, 28.15997014, 0.0 ], [ 68.96522994, 28.16162951, 0.0 ], [ 68.91606548, 28.16009675, 0.0 ], [ 68.82013761, 28.17169809, 0.0 ], [ 68.81943494, 28.17205655, 0.0 ], [ 68.81820034, 28.17369128, 0.0 ], [ 68.81803261, 28.17517074, 0.0 ], [ 68.81924265, 28.17711781, 0.0 ], [ 68.81938809, 28.17799606, 0.0 ], [ 68.81539139, 28.18869867, 0.0 ], [ 68.81031276, 28.19690049, 0.0 ], [ 68.80642232, 28.2003849, 0.0 ], [ 68.80442545, 28.20372263, 0.0 ] ] } },
{ "type": "Feature", "properties": { "name": "Saifal Branch", "descriptio": "Unknown Line Type<BR><BR><B>NAME</B> = Mithrao Canal<BR><BR><B>TYPE</B> = Branch<BR><BR><B>NAME</B> = Saifal Branch<BR><B>LAYER</B> = Unknown Line Type<BR><BR><B>NAME</B> = Saifal Branch<BR><BR><B>TYPE</B> = Branch<BR><B>GM_TYPE</B> = Unknown Line Type" }, "geometry": { "type": "LineString", "coordinates": [ [ 68.99641183, 28.23940751, 0.0 ], [ 68.99247403, 28.23672761, 0.0 ], [ 68.98715719, 28.23484249, 0.0 ], [ 68.96975067, 28.2332404, 0.0 ], [ 68.94649965, 28.2326202, 0.0 ], [ 68.915734, 28.2277637, 0.0 ], [ 68.90264185, 28.22535233, 0.0 ] ] } },
{ "type": "Feature", "properties": { "name": "Allahabad Moosa Branch", "descriptio": "Unknown Line Type<BR><BR><B>NAME</B> = Mithrao Canal<BR><BR><B>TYPE</B> = Branch<BR><BR><B>NAME</B> = Allahabad Moosa Branch<BR><B>LAYER</B> = Unknown Line Type<BR><BR><B>NAME</B> = Allahabad Moosa Branch<BR><BR><B>TYPE</B> = Branch<BR><B>GM_TYPE</B> = U" }, "geometry": { "type": "LineString", "coordinates": [ [ 68.90034394, 28.22786906, 0.0 ], [ 68.89286178, 28.23478253, 0.0 ], [ 68.88957721, 28.23679289, 0.0 ], [ 68.84852302, 28.25874706, 0.0 ], [ 68.84425589, 28.26006363, 0.0 ], [ 68.83963786, 28.26092018, 0.0 ], [ 68.83511043, 28.26081299, 0.0 ], [ 68.83128186, 28.26013063, 0.0 ], [ 68.82773892, 28.25891964, 0.0 ], [ 68.82163852, 28.25569022, 0.0 ], [ 68.7853263, 28.23444364, 0.0 ], [ 68.78298671, 28.23326298, 0.0 ], [ 68.78050092, 28.23273935, 0.0 ], [ 68.77846294, 28.23279725, 0.0 ], [ 68.77535228, 28.23377032, 0.0 ], [ 68.76745315, 28.23879972, 0.0 ], [ 68.7439795, 28.25221283, 0.0 ], [ 68.740359, 28.25386932, 0.0 ], [ 68.73839478, 28.25411738, 0.0 ], [ 68.69363429, 28.25210132, 0.0 ], [ 68.64354048, 28.24875388, 0.0 ], [ 68.60948797, 28.24701964, 0.0 ] ] } },
{ "type": "Feature", "properties": { "name": "Koreja Branch", "descriptio": "Unknown Line Type<BR><BR><B>NAME</B> = Mithrao Canal<BR><BR><B>TYPE</B> = Branch<BR><BR><B>NAME</B> = Koreja Branch<BR><B>LAYER</B> = Unknown Line Type<BR><BR><B>NAME</B> = Koreja Branch<BR><BR><B>TYPE</B> = Branch<BR><B>GM_TYPE</B> = Unknown Line Type" }, "geometry": { "type": "LineString", "coordinates": [ [ 68.47819692, 28.15532505, 0.0 ], [ 68.46656821, 28.16222593, 0.0 ], [ 68.46226105, 28.16261765, 0.0 ], [ 68.45830097, 28.16252705, 0.0 ], [ 68.45313895, 28.16168941, 0.0 ], [ 68.45006212, 28.16203115, 0.0 ], [ 68.44578088, 28.16334842, 0.0 ], [ 68.43579682, 28.1647892, 0.0 ], [ 68.42874202, 28.16715664, 0.0 ], [ 68.41922914, 28.1722772, 0.0 ], [ 68.4136285, 28.17389056, 0.0 ], [ 68.40815627, 28.17680807, 0.0 ], [ 68.40286914, 28.17908955, 0.0 ], [ 68.40195469, 28.1799959, 0.0 ], [ 68.39596802, 28.18287556, 0.0 ], [ 68.38043319, 28.18940129, 0.0 ], [ 68.37699774, 28.1912904, 0.0 ], [ 68.36720031, 28.19825645, 0.0 ], [ 68.36621236, 28.19862768, 0.0 ], [ 68.28880208, 28.20309218, 0.0 ] ] } },
{ "type": "Feature", "properties": { "name": "Tangwani Branch", "descriptio": "Unknown Line Type<BR><BR><B>NAME</B> = Mithrao Canal<BR><BR><B>TYPE</B> = Branch<BR><BR><B>NAME</B> = Tangwani Branch<BR><B>LAYER</B> = Unknown Line Type<BR><BR><B>NAME</B> = Tangwani Branch<BR><BR><B>TYPE</B> = Branch<BR><B>GM_TYPE</B> = Unknown Line Ty" }, "geometry": { "type": "LineString", "coordinates": [ [ 69.13754552, 28.16396783, 0.0 ], [ 69.12626344, 28.17096233, 0.0 ], [ 69.12484185, 28.1722546, 0.0 ], [ 69.12314418, 28.17493013, 0.0 ], [ 69.11731003, 28.19184732, 0.0 ], [ 69.09880692, 28.21629815, 0.0 ], [ 69.08397091, 28.2368569, 0.0 ], [ 69.07825653, 28.24065221, 0.0 ], [ 69.06420528, 28.24866906, 0.0 ], [ 69.05490233, 28.25528194, 0.0 ], [ 69.05187623, 28.25693021, 0.0 ], [ 69.03376803, 28.26524377, 0.0 ], [ 69.01993014, 28.27531282, 0.0 ], [ 69.00595272, 28.27726321, 0.0 ], [ 69.00009005, 28.27691226, 0.0 ], [ 68.99629061, 28.2762708, 0.0 ], [ 68.98896435, 28.27772507, 0.0 ] ] } },
{ "type": "Feature", "properties": { "name": "Chitti Canal", "descriptio": "Unknown Line Type<BR><BR><B>NAME</B> = Mithrao Canal<BR><BR><B>TYPE</B> = Branch<BR><BR><B>NAME</B> = Chitti Canal<BR><B>LAYER</B> = Unknown Line Type<BR><BR><B>NAME</B> = Chitti Canal<BR><BR><B>TYPE</B> = Branch<BR><B>GM_TYPE</B> = Unknown Line Type" }, "geometry": { "type": "LineString", "coordinates": [ [ 68.81846144, 27.80423052, 0.0 ], [ 68.80851667, 27.80753855, 0.0 ], [ 68.80649962, 27.8091776, 0.0 ], [ 68.80442736, 27.8097794, 0.0 ], [ 68.80167553, 27.80982801, 0.0 ], [ 68.79840414, 27.80933588, 0.0 ], [ 68.79599517, 27.80950429, 0.0 ], [ 68.79354003, 27.80915884, 0.0 ], [ 68.78679995, 27.80604611, 0.0 ], [ 68.7841697, 27.80451714, 0.0 ], [ 68.781317, 27.80211922, 0.0 ], [ 68.77900213, 27.80090285, 0.0 ], [ 68.77726415, 27.80092289, 0.0 ], [ 68.77297716, 27.80215108, 0.0 ], [ 68.76786003, 27.80508278, 0.0 ], [ 68.76539, 27.80615067, 0.0 ], [ 68.75875063, 27.8102692, 0.0 ], [ 68.7489786, 27.82576787, 0.0 ], [ 68.73745924, 27.83504483, 0.0 ], [ 68.73306157, 27.8374132, 0.0 ], [ 68.72961406, 27.8400315, 0.0 ], [ 68.71355595, 27.841384, 0.0 ] ] } },
{ "type": "Feature", "properties": { "name": "Sindh Canal", "descriptio": "Unknown Line Type<BR><BR><B>NAME</B> = Mithrao Canal<BR><BR><B>TYPE</B> = Branch<BR><BR><B>NAME</B> = Sindh Canal<BR><B>LAYER</B> = Unknown Line Type<BR><BR><B>NAME</B> = Sindh Canal<BR><BR><B>TYPE</B> = Branch<BR><B>GM_TYPE</B> = Unknown Line Type" }, "geometry": { "type": "LineString", "coordinates": [ [ 68.86290528, 27.94959758, 0.0 ], [ 68.86076025, 27.95123292, 0.0 ], [ 68.85816687, 27.95432043, 0.0 ], [ 68.8550217, 27.95573127, 0.0 ], [ 68.85344044, 27.95855566, 0.0 ], [ 68.85037329, 27.95955599, 0.0 ], [ 68.84635164, 27.96190216, 0.0 ], [ 68.84376182, 27.96205773, 0.0 ], [ 68.83751704, 27.96319024, 0.0 ], [ 68.82945126, 27.96267866, 0.0 ], [ 68.82391173, 27.96457336, 0.0 ], [ 68.82090553, 27.96443734, 0.0 ], [ 68.81711118, 27.96595143, 0.0 ], [ 68.8127007, 27.9688508, 0.0 ], [ 68.81147683, 27.9708036, 0.0 ], [ 68.81034388, 27.97180567, 0.0 ], [ 68.8044514, 27.97388465, 0.0 ], [ 68.80248688, 27.97372336, 0.0 ], [ 68.79876524, 27.9740085, 0.0 ], [ 68.79608706, 27.97347629, 0.0 ], [ 68.79314004, 27.97341909, 0.0 ], [ 68.79111808, 27.97222748, 0.0 ], [ 68.78754663, 27.97182588, 0.0 ], [ 68.78420069, 27.97052471, 0.0 ], [ 68.78257054, 27.97044732, 0.0 ], [ 68.77978473, 27.97192685, 0.0 ], [ 68.77878648, 27.97209981, 0.0 ], [ 68.77723701, 27.97151011, 0.0 ], [ 68.77549664, 27.97007115, 0.0 ], [ 68.77447561, 27.96999394, 0.0 ], [ 68.76399463, 27.97343175, 0.0 ], [ 68.76080213, 27.97379493, 0.0 ], [ 68.73487631, 27.97026043, 0.0 ], [ 68.73236967, 27.96870745, 0.0 ], [ 68.72926592, 27.96775731, 0.0 ], [ 68.72828934, 27.96692469, 0.0 ], [ 68.72710379, 27.96461905, 0.0 ], [ 68.72647239, 27.96189906, 0.0 ], [ 68.72031203, 27.95841269, 0.0 ], [ 68.71671521, 27.95850109, 0.0 ], [ 68.71382437, 27.95762659, 0.0 ], [ 68.7121654, 27.95750986, 0.0 ], [ 68.70982935, 27.95603228, 0.0 ], [ 68.70910637, 27.95591748, 0.0 ], [ 68.70484934, 27.95685248, 0.0 ], [ 68.7020005, 27.95624218, 0.0 ], [ 68.69987665, 27.95502924, 0.0 ], [ 68.69634437, 27.95539902, 0.0 ], [ 68.69185342, 27.95510366, 0.0 ], [ 68.68973945, 27.95291592, 0.0 ], [ 68.68920606, 27.95057207, 0.0 ], [ 68.68940375, 27.94819034, 0.0 ], [ 68.69043721, 27.94381253, 0.0 ], [ 68.69070137, 27.94067903, 0.0 ], [ 68.69210987, 27.93902069, 0.0 ], [ 68.69398414, 27.93811871, 0.0 ], [ 68.69467791, 27.93703755, 0.0 ], [ 68.69451021, 27.93616866, 0.0 ], [ 68.69391611, 27.93563872, 0.0 ], [ 68.691366, 27.93491559, 0.0 ], [ 68.69132718, 27.93359391, 0.0 ], [ 68.69179843, 27.93242436, 0.0 ], [ 68.69226731, 27.9320856, 0.0 ], [ 68.69550257, 27.93114872, 0.0 ], [ 68.695803, 27.93020541, 0.0 ], [ 68.69521367, 27.92801408, 0.0 ], [ 68.69530085, 27.92725902, 0.0 ], [ 68.69585701, 27.92608973, 0.0 ], [ 68.69949253, 27.92256098, 0.0 ], [ 68.69936949, 27.9208993, 0.0 ], [ 68.69781727, 27.91665518, 0.0 ], [ 68.69737125, 27.91567349, 0.0 ], [ 68.69554784, 27.91352421, 0.0 ], [ 68.69285846, 27.91247624, 0.0 ], [ 68.68938547, 27.91049034, 0.0 ], [ 68.68761051, 27.91055194, 0.0 ], [ 68.68566524, 27.91152146, 0.0 ], [ 68.68434785, 27.91303518, 0.0 ], [ 68.68287024, 27.91395771, 0.0 ], [ 68.68216549, 27.91413353, 0.0 ], [ 68.67882415, 27.91361313, 0.0 ], [ 68.67801437, 27.91373896, 0.0 ], [ 68.67474041, 27.91619739, 0.0 ], [ 68.67156992, 27.91775444, 0.0 ], [ 68.66733903, 27.91902157, 0.0 ], [ 68.66400356, 27.91958831, 0.0 ], [ 68.66320772, 27.92019938, 0.0 ], [ 68.66190912, 27.92245969, 0.0 ], [ 68.66096479, 27.92311334, 0.0 ], [ 68.6583016, 27.92397583, 0.0 ], [ 68.65261948, 27.92712639, 0.0 ], [ 68.65055055, 27.92740059, 0.0 ], [ 68.64607865, 27.9267499, 0.0 ], [ 68.64069012, 27.9273133, 0.0 ], [ 68.63982411, 27.92716799, 0.0 ], [ 68.63785387, 27.92578572, 0.0 ], [ 68.63568658, 27.92309737, 0.0 ], [ 68.63216441, 27.92188978, 0.0 ], [ 68.62844762, 27.91867857, 0.0 ], [ 68.62486599, 27.91720963, 0.0 ], [ 68.61815099, 27.9156833, 0.0 ], [ 68.61212524, 27.91347996, 0.0 ], [ 68.60928844, 27.91301579, 0.0 ], [ 68.59990924, 27.90761034, 0.0 ], [ 68.59776209, 27.9053137, 0.0 ], [ 68.59667441, 27.90273285, 0.0 ], [ 68.59643831, 27.90126101, 0.0 ], [ 68.59503407, 27.89834545, 0.0 ], [ 68.56839677, 27.87672354, 0.0 ], [ 68.5566443, 27.86854862, 0.0 ], [ 68.55438437, 27.86634047, 0.0 ], [ 68.55345293, 27.86534511, 0.0 ], [ 68.55260289, 27.86351911, 0.0 ], [ 68.55078215, 27.85762831, 0.0 ] ] } },
{ "type": "Feature", "properties": { "name": "Toj Sub Branch", "descriptio": "Unknown Line Type<BR><BR><B>NAME</B> = Mithrao Canal<BR><BR><B>TYPE</B> = Branch<BR><BR><B>NAME</B> = Toj Sub Branch<BR><B>LAYER</B> = Unknown Line Type<BR><BR><B>NAME</B> = Toj Sub Branch<BR><BR><B>TYPE</B> = Branch<BR><B>GM_TYPE</B> = Unknown Line Type" }, "geometry": { "type": "LineString", "coordinates": [ [ 69.28684598, 28.38486663, 0.0 ], [ 69.28551463, 28.38256654, 0.0 ], [ 69.28029271, 28.38001684, 0.0 ], [ 69.22483964, 28.37915167, 0.0 ], [ 69.22279514, 28.37880369, 0.0 ], [ 69.22177241, 28.37807353, 0.0 ], [ 69.22102217, 28.37692326, 0.0 ], [ 69.20684516, 28.34098711, 0.0 ], [ 69.20519692, 28.33930987, 0.0 ], [ 69.19291833, 28.33321606, 0.0 ], [ 69.18294821, 28.3274593, 0.0 ], [ 69.17789214, 28.32675382, 0.0 ], [ 69.15559, 28.32488663, 0.0 ], [ 69.15400633, 28.32449548, 0.0 ], [ 69.12804817, 28.31133421, 0.0 ], [ 69.08849707, 28.29201505, 0.0 ], [ 69.06089209, 28.28962207, 0.0 ], [ 69.02012441, 28.28676031, 0.0 ] ] } },
{ "type": "Feature", "properties": { "name": "Kandh Kot Branch", "descriptio": "Unknown Line Type<BR><BR><B>NAME</B> = Mithrao Canal<BR><BR><B>TYPE</B> = Branch<BR><BR><B>NAME</B> = Kandh Kot Branch<BR><B>LAYER</B> = Unknown Line Type<BR><BR><B>NAME</B> = Kandh Kot Branch<BR><BR><B>TYPE</B> = Branch<BR><B>GM_TYPE</B> = Unknown Line" }, "geometry": { "type": "LineString", "coordinates": [ [ 69.60223374, 28.44736643, 0.0 ], [ 69.60043048, 28.44102875, 0.0 ], [ 69.59235888, 28.42971918, 0.0 ], [ 69.59053608, 28.42785909, 0.0 ], [ 69.58871778, 28.42679962, 0.0 ], [ 69.58614601, 28.42605463, 0.0 ], [ 69.57930481, 28.42710676, 0.0 ], [ 69.57527315, 28.42636786, 0.0 ], [ 69.57397185, 28.42779654, 0.0 ], [ 69.56139132, 28.42949889, 0.0 ], [ 69.547467, 28.43078665, 0.0 ], [ 69.53932357, 28.43341167, 0.0 ], [ 69.53578578, 28.43397633, 0.0 ], [ 69.52923872, 28.43197581, 0.0 ], [ 69.52240788, 28.42799785, 0.0 ], [ 69.51652631, 28.42602547, 0.0 ], [ 69.51294743, 28.42574426, 0.0 ], [ 69.50291415, 28.42318374, 0.0 ], [ 69.49591487, 28.42229765, 0.0 ], [ 69.49015099, 28.42071789, 0.0 ], [ 69.47716678, 28.42017632, 0.0 ], [ 69.47024169, 28.42042323, 0.0 ], [ 69.4531789, 28.4152359, 0.0 ], [ 69.4482962, 28.41519575, 0.0 ], [ 69.4138306, 28.39610116, 0.0 ], [ 69.38993428, 28.3724014, 0.0 ], [ 69.37729889, 28.35518284, 0.0 ], [ 69.37667336, 28.35467719, 0.0 ], [ 69.3723958, 28.35299316, 0.0 ], [ 69.36375375, 28.35066803, 0.0 ], [ 69.36137749, 28.3496891, 0.0 ], [ 69.35928029, 28.34819172, 0.0 ], [ 69.33600456, 28.32193949, 0.0 ], [ 69.3236934, 28.31114335, 0.0 ], [ 69.25921965, 28.28074602, 0.0 ], [ 69.23805852, 28.27616182, 0.0 ], [ 69.22873129, 28.27078871, 0.0 ], [ 69.2206618, 28.2702769, 0.0 ], [ 69.2158641, 28.26956319, 0.0 ], [ 69.18562348, 28.2571594, 0.0 ], [ 69.18032675, 28.25709907, 0.0 ], [ 69.17296083, 28.253799, 0.0 ], [ 69.17103686, 28.25457695, 0.0 ], [ 69.16371439, 28.25466326, 0.0 ], [ 69.15834757, 28.25583021, 0.0 ], [ 69.14947593, 28.25590644, 0.0 ], [ 69.14620142, 28.25767448, 0.0 ], [ 69.14194225, 28.2584582, 0.0 ], [ 69.1370951, 28.25822814, 0.0 ], [ 69.1334807, 28.25757956, 0.0 ], [ 69.13135966, 28.25773901, 0.0 ] ] } },
{ "type": "Feature", "properties": { "name": "Desert Canal", "descriptio": "Unknown Line Type<BR><BR><B>NAME</B> = Mithrao Canal<BR><BR><B>TYPE</B> = Branch<BR><BR><B>NAME</B> = Desert Canal<BR><B>LAYER</B> = Unknown Line Type<BR><BR><B>NAME</B> = Desert Canal<BR><BR><B>TYPE</B> = Branch<BR><B>GM_TYPE</B> = Unknown Line Type" }, "geometry": { "type": "LineString", "coordinates": [ [ 69.60167039, 28.44750546, 0.0 ], [ 69.59230838, 28.44904407, 0.0 ], [ 69.58442013, 28.44937256, 0.0 ], [ 69.58073034, 28.44877081, 0.0 ], [ 69.57710173, 28.44771971, 0.0 ], [ 69.56762593, 28.44669295, 0.0 ], [ 69.55378882, 28.44467032, 0.0 ], [ 69.54590011, 28.4431865, 0.0 ], [ 69.54405273, 28.44235181, 0.0 ], [ 69.53955833, 28.44149666, 0.0 ], [ 69.52133361, 28.43664256, 0.0 ], [ 69.49148218, 28.43018084, 0.0 ], [ 69.47236091, 28.42658918, 0.0 ], [ 69.46182505, 28.42549182, 0.0 ], [ 69.45497223, 28.42335572, 0.0 ], [ 69.45040233, 28.42155721, 0.0 ], [ 69.4361358, 28.41840022, 0.0 ], [ 69.43202923, 28.41488156, 0.0 ], [ 69.43049269, 28.4141704, 0.0 ], [ 69.42491739, 28.41338181, 0.0 ], [ 69.42256557, 28.41194968, 0.0 ], [ 69.41064596, 28.40767193, 0.0 ], [ 69.40799929, 28.40460703, 0.0 ], [ 69.4060932, 28.40410381, 0.0 ], [ 69.40100831, 28.40171386, 0.0 ], [ 69.39815302, 28.40086885, 0.0 ], [ 69.39374685, 28.39771214, 0.0 ], [ 69.39291134, 28.39767024, 0.0 ], [ 69.39047518, 28.39857783, 0.0 ], [ 69.38591569, 28.39910758, 0.0 ], [ 69.38127927, 28.40009974, 0.0 ], [ 69.37561684, 28.40060272, 0.0 ], [ 69.36872359, 28.39733525, 0.0 ], [ 69.36610193, 28.39475643, 0.0 ], [ 69.36293752, 28.39388759, 0.0 ], [ 69.35656387, 28.3929995, 0.0 ], [ 69.35191243, 28.39273453, 0.0 ], [ 69.34796469, 28.39195969, 0.0 ], [ 69.29088444, 28.38450835, 0.0 ], [ 69.23124527, 28.39053292, 0.0 ], [ 69.18454952, 28.39249543, 0.0 ], [ 69.16514132, 28.3927224, 0.0 ], [ 69.14063612, 28.39197998, 0.0 ], [ 69.12829364, 28.39235975, 0.0 ], [ 69.08236185, 28.40079566, 0.0 ], [ 69.06128366, 28.40314098, 0.0 ], [ 69.02165102, 28.40816783, 0.0 ] ] } },
{ "type": "Feature", "properties": { "name": "Desert Canal", "descriptio": "Unknown Line Type<BR><BR><B>NAME</B> = Mithrao Canal<BR><BR><B>TYPE</B> = Branch<BR><BR><B>NAME</B> = Desert Canal<BR><B>LAYER</B> = Unknown Line Type<BR><BR><B>NAME</B> = Desert Canal<BR><BR><B>TYPE</B> = Branch<BR><B>GM_TYPE</B> = Unknown Line Type" }, "geometry": { "type": "LineString", "coordinates": [ [ 69.02175919, 28.40816781, 0.0 ], [ 68.98645547, 28.41266464, 0.0 ], [ 68.98297427, 28.41282607, 0.0 ], [ 68.98028718, 28.41217835, 0.0 ], [ 68.94445818, 28.40724806, 0.0 ], [ 68.90703198, 28.41090694, 0.0 ], [ 68.90464983, 28.41128298, 0.0 ], [ 68.87351796, 28.42413372, 0.0 ], [ 68.87101304, 28.42467088, 0.0 ], [ 68.84421543, 28.42782241, 0.0 ], [ 68.73624809, 28.42564759, 0.0 ], [ 68.60068992, 28.42705126, 0.0 ], [ 68.48744794, 28.4287729, 0.0 ], [ 68.4538179, 28.42888373, 0.0 ] ] } },
{ "type": "Feature", "properties": { "name": "Fall Garhi Hassan Branch", "descriptio": "Unknown Line Type<BR><BR><B>NAME</B> = Mithrao Canal<BR><BR><B>TYPE</B> = Branch<BR><BR><B>NAME</B> = Fall Garhi Hassan Branch<BR><B>LAYER</B> = Unknown Line Type<BR><BR><B>NAME</B> = Fall Garhi Hassan Branch<BR><BR><B>TYPE</B> = Branch<BR><B>GM_TYPE</B>" }, "geometry": { "type": "LineString", "coordinates": [ [ 68.75231796, 28.32332173, 0.0 ], [ 68.75328528, 28.32078177, 0.0 ], [ 68.75385499, 28.32042054, 0.0 ], [ 68.7801993, 28.31489997, 0.0 ], [ 68.8297798, 28.31243098, 0.0 ], [ 68.8643159, 28.30523511, 0.0 ], [ 68.88456356, 28.30021442, 0.0 ], [ 68.91012227, 28.30245064, 0.0 ], [ 68.91319787, 28.30160851, 0.0 ], [ 68.91690635, 28.30140965, 0.0 ], [ 68.93489969, 28.30089398, 0.0 ], [ 68.96504045, 28.30066261, 0.0 ], [ 68.99674486, 28.29683518, 0.0 ], [ 69.00184071, 28.29665416, 0.0 ], [ 69.04395667, 28.32121113, 0.0 ], [ 69.09183757, 28.3499521, 0.0 ], [ 69.15120178, 28.38391852, 0.0 ], [ 69.16182715, 28.38963245, 0.0 ], [ 69.16351655, 28.3922881, 0.0 ] ] } },
{ "type": "Feature", "properties": { "name": "Samini Minor", "descriptio": "Unknown Line Type<BR><BR><B>NAME</B> = Merankhori Minor<BR><BR><B>TYPE</B> = Minor<BR><BR><B>NAME</B> = Samini Minor<BR><B>LAYER</B> = Unknown Line Type<BR><BR><B>NAME</B> = Samini Minor<BR><BR><B>TYPE</B> = Minor<BR><B>GM_TYPE</B> = Unknown Line Type" }, "geometry": { "type": "LineString", "coordinates": [ [ 68.92796592, 26.72103537, 0.0 ], [ 68.92366935, 26.72338992, 0.0 ], [ 68.91497285, 26.72176569, 0.0 ], [ 68.91278865, 26.72078411, 0.0 ], [ 68.91106686, 26.71670694, 0.0 ], [ 68.91003282, 26.71551958, 0.0 ], [ 68.90848339, 26.71185521, 0.0 ], [ 68.90827802, 26.70816966, 0.0 ], [ 68.90911721, 26.70448181, 0.0 ], [ 68.90933141, 26.70155418, 0.0 ], [ 68.90835856, 26.6927697, 0.0 ], [ 68.90838538, 26.68908131, 0.0 ], [ 68.90777485, 26.68476296, 0.0 ] ] } },
{ "type": "Feature", "properties": { "name": "Taj Minor", "descriptio": "Unknown Line Type<BR><BR><B>NAME</B> = Merankhori Minor<BR><BR><B>TYPE</B> = Minor<BR><BR><B>NAME</B> = Taj Minor<BR><B>LAYER</B> = Unknown Line Type<BR><BR><B>NAME</B> = Taj Minor<BR><BR><B>TYPE</B> = Minor<BR><B>GM_TYPE</B> = Unknown Line Type" }, "geometry": { "type": "LineString", "coordinates": [ [ 68.95245882, 26.83477727, 0.0 ], [ 68.95064303, 26.83511327, 0.0 ], [ 68.94872892, 26.83498747, 0.0 ], [ 68.94195899, 26.83276251, 0.0 ], [ 68.93735549, 26.82848862, 0.0 ], [ 68.9350605, 26.82243319, 0.0 ], [ 68.93103492, 26.81369714, 0.0 ], [ 68.92854486, 26.80733828, 0.0 ], [ 68.92607152, 26.80249953, 0.0 ], [ 68.92567314, 26.7932896, 0.0 ] ] } },
{ "type": "Feature", "properties": { "name": "Kiriri Minor", "descriptio": "Unknown Line Type<BR><BR><B>NAME</B> = Merankhori Minor<BR><BR><B>TYPE</B> = Minor<BR><BR><B>NAME</B> = Kiriri Minor<BR><B>LAYER</B> = Unknown Line Type<BR><BR><B>NAME</B> = Kiriri Minor<BR><BR><B>TYPE</B> = Minor<BR><B>GM_TYPE</B> = Unknown Line Type" }, "geometry": { "type": "LineString", "coordinates": [ [ 68.95639715, 26.84656613, 0.0 ], [ 68.96004933, 26.84276938, 0.0 ], [ 68.96479377, 26.8371362, 0.0 ], [ 68.97142455, 26.81889462, 0.0 ], [ 68.97568265, 26.81000103, 0.0 ], [ 68.97986846, 26.80357031, 0.0 ] ] } },
{ "type": "Feature", "properties": { "name": "Lukturko Minor", "descriptio": "Unknown Line Type<BR><BR><B>NAME</B> = Merankhori Minor<BR><BR><B>TYPE</B> = Minor<BR><BR><B>NAME</B> = Lukturko Minor<BR><B>LAYER</B> = Unknown Line Type<BR><BR><B>NAME</B> = Lukturko Minor<BR><BR><B>TYPE</B> = Minor<BR><B>GM_TYPE</B> = Unknown Line Typ" }, "geometry": { "type": "LineString", "coordinates": [ [ 68.97563488, 26.87001822, 0.0 ], [ 68.97682391, 26.86961113, 0.0 ], [ 68.98242046, 26.86586874, 0.0 ], [ 68.99334016, 26.86312477, 0.0 ], [ 69.00478126, 26.85774542, 0.0 ], [ 69.01800956, 26.8481219, 0.0 ], [ 69.02414323, 26.84423443, 0.0 ], [ 69.02946784, 26.83957975, 0.0 ], [ 69.0380049, 26.82752743, 0.0 ], [ 69.04039404, 26.82195902, 0.0 ], [ 69.04002744, 26.81986505, 0.0 ], [ 69.03870821, 26.81780482, 0.0 ], [ 69.03784673, 26.81253862, 0.0 ] ] } },
{ "type": "Feature", "properties": { "name": "Faiz Minor", "descriptio": "Unknown Line Type<BR><BR><B>NAME</B> = Merankhori Minor<BR><BR><B>TYPE</B> = Minor<BR><BR><B>NAME</B> = Faiz Minor<BR><B>LAYER</B> = Unknown Line Type<BR><BR><B>NAME</B> = Faiz Minor<BR><BR><B>TYPE</B> = Minor<BR><B>GM_TYPE</B> = Unknown Line Type" }, "geometry": { "type": "LineString", "coordinates": [ [ 68.96164107, 26.89428315, 0.0 ], [ 68.92134097, 26.89421807, 0.0 ], [ 68.91399025, 26.89021903, 0.0 ], [ 68.91080591, 26.8898539, 0.0 ] ] } },
{ "type": "Feature", "properties": { "name": "Tajjal Minor", "descriptio": "Unknown Line Type<BR><BR><B>NAME</B> = Merankhori Minor<BR><BR><B>TYPE</B> = Minor<BR><BR><B>NAME</B> = Tajjal Minor<BR><B>LAYER</B> = Unknown Line Type<BR><BR><B>NAME</B> = Tajjal Minor<BR><BR><B>TYPE</B> = Minor<BR><B>GM_TYPE</B> = Unknown Line Type" }, "geometry": { "type": "LineString", "coordinates": [ [ 68.97708042, 26.93258966, 0.0 ], [ 68.98027316, 26.93379379, 0.0 ], [ 68.98114814, 26.93379391, 0.0 ], [ 68.9865665, 26.93120247, 0.0 ], [ 68.98861948, 26.9289119, 0.0 ], [ 68.98855283, 26.92188919, 0.0 ], [ 68.981329, 26.89169911, 0.0 ], [ 68.97984643, 26.88869945, 0.0 ], [ 68.98014427, 26.88144764, 0.0 ] ] } },
{ "type": "Feature", "properties": { "name": "Pharyaro Minor", "descriptio": "Unknown Line Type<BR><BR><B>NAME</B> = Merankhori Minor<BR><BR><B>TYPE</B> = Minor<BR><BR><B>NAME</B> = Pharyaro Minor<BR><B>LAYER</B> = Unknown Line Type<BR><BR><B>NAME</B> = Pharyaro Minor<BR><BR><B>TYPE</B> = Minor<BR><B>GM_TYPE</B> = Unknown Line Typ" }, "geometry": { "type": "LineString", "coordinates": [ [ 69.00962708, 27.22013888, 0.0 ], [ 69.00890186, 27.21925289, 0.0 ], [ 69.00773801, 27.21875307, 0.0 ], [ 69.00525362, 27.21607368, 0.0 ], [ 69.00489548, 27.21433402, 0.0 ], [ 69.00002981, 27.20384622, 0.0 ] ] } },
{ "type": "Feature", "properties": { "name": "Dodewari Minor", "descriptio": "Unknown Line Type<BR><BR><B>NAME</B> = Merankhori Minor<BR><BR><B>TYPE</B> = Minor<BR><BR><B>NAME</B> = Dodewari Minor<BR><B>LAYER</B> = Unknown Line Type<BR><BR><B>NAME</B> = Dodewari Minor<BR><BR><B>TYPE</B> = Minor<BR><B>GM_TYPE</B> = Unknown Line Typ" }, "geometry": { "type": "LineString", "coordinates": [ [ 68.97341606, 27.03453213, 0.0 ], [ 68.98421676, 27.0316917, 0.0 ], [ 68.98786524, 27.03113665, 0.0 ], [ 68.991187, 27.03123799, 0.0 ], [ 69.00167667, 27.03314804, 0.0 ], [ 69.00427605, 27.03312695, 0.0 ], [ 69.00739052, 27.03156304, 0.0 ], [ 69.00881921, 27.0298337, 0.0 ], [ 69.01093134, 27.02873907, 0.0 ], [ 69.0206166, 27.02862912, 0.0 ], [ 69.03007321, 27.0269192, 0.0 ], [ 69.03211907, 27.02640152, 0.0 ], [ 69.03678343, 27.02438913, 0.0 ], [ 69.04448912, 27.01994747, 0.0 ], [ 69.04787368, 27.01885034, 0.0 ], [ 69.05117136, 27.0187664, 0.0 ], [ 69.05379879, 27.01935875, 0.0 ] ] } },
{ "type": "Feature", "properties": { "name": "Mumtaz Minor", "descriptio": "Unknown Line Type<BR><BR><B>NAME</B> = Merankhori Minor<BR><BR><B>TYPE</B> = Minor<BR><BR><B>NAME</B> = Mumtaz Minor<BR><B>LAYER</B> = Unknown Line Type<BR><BR><B>NAME</B> = Mumtaz Minor<BR><BR><B>TYPE</B> = Minor<BR><B>GM_TYPE</B> = Unknown Line Type" }, "geometry": { "type": "LineString", "coordinates": [ [ 68.95990579, 27.03287831, 0.0 ], [ 68.95702641, 27.03288035, 0.0 ], [ 68.95101189, 27.03163486, 0.0 ], [ 68.94803566, 27.03062966, 0.0 ], [ 68.94489143, 27.03055607, 0.0 ], [ 68.9427152, 27.03016155, 0.0 ], [ 68.94002383, 27.03100244, 0.0 ], [ 68.93480332, 27.03139161, 0.0 ], [ 68.93390536, 27.03074731, 0.0 ], [ 68.92743178, 27.02167507, 0.0 ] ] } },
{ "type": "Feature", "properties": { "name": "Kathore Minor", "descriptio": "Unknown Line Type<BR><BR><B>NAME</B> = Merankhori Minor<BR><BR><B>TYPE</B> = Minor<BR><BR><B>NAME</B> = Kathore Minor<BR><B>LAYER</B> = Unknown Line Type<BR><BR><B>NAME</B> = Kathore Minor<BR><BR><B>TYPE</B> = Minor<BR><B>GM_TYPE</B> = Unknown Line Type" }, "geometry": { "type": "LineString", "coordinates": [ [ 68.94198811, 27.01513888, 0.0 ], [ 68.93447557, 27.01484177, 0.0 ], [ 68.93381113, 27.01450088, 0.0 ], [ 68.92627623, 27.00410483, 0.0 ], [ 68.92085462, 26.99878784, 0.0 ], [ 68.91791157, 26.99497163, 0.0 ], [ 68.91511346, 26.98929322, 0.0 ], [ 68.91543441, 26.98818114, 0.0 ] ] } },
{ "type": "Feature", "properties": { "name": "Laiwari Minor", "descriptio": "Unknown Line Type<BR><BR><B>NAME</B> = Merankhori Minor<BR><BR><B>TYPE</B> = Minor<BR><BR><B>NAME</B> = Laiwari Minor<BR><B>LAYER</B> = Unknown Line Type<BR><BR><B>NAME</B> = Laiwari Minor<BR><BR><B>TYPE</B> = Minor<BR><B>GM_TYPE</B> = Unknown Line Type" }, "geometry": { "type": "LineString", "coordinates": [ [ 68.94282822, 27.00759359, 0.0 ], [ 68.95792066, 26.9907863, 0.0 ], [ 68.968412, 26.98492318, 0.0 ], [ 68.97220368, 26.98354848, 0.0 ] ] } },
{ "type": "Feature", "properties": { "name": "Malook Minor", "descriptio": "Unknown Line Type<BR><BR><B>NAME</B> = Merankhori Minor<BR><BR><B>TYPE</B> = Minor<BR><BR><B>NAME</B> = Malook Minor<BR><B>LAYER</B> = Unknown Line Type<BR><BR><B>NAME</B> = Malook Minor<BR><BR><B>TYPE</B> = Minor<BR><B>GM_TYPE</B> = Unknown Line Type" }, "geometry": { "type": "LineString", "coordinates": [ [ 68.93486098, 26.98934932, 0.0 ], [ 68.93829099, 26.98534659, 0.0 ], [ 68.93233696, 26.9781348, 0.0 ], [ 68.93063936, 26.97565549, 0.0 ], [ 68.93118415, 26.96329916, 0.0 ], [ 68.93110518, 26.9480671, 0.0 ], [ 68.93134621, 26.94320474, 0.0 ] ] } },
{ "type": "Feature", "properties": { "name": "Naoabad Minor", "descriptio": "Unknown Line Type<BR><BR><B>NAME</B> = Merankhori Minor<BR><BR><B>TYPE</B> = Minor<BR><BR><B>NAME</B> = Naoabad Minor<BR><B>LAYER</B> = Unknown Line Type<BR><BR><B>NAME</B> = Naoabad Minor<BR><BR><B>TYPE</B> = Minor<BR><B>GM_TYPE</B> = Unknown Line Type" }, "geometry": { "type": "LineString", "coordinates": [ [ 68.98192182, 27.06866918, 0.0 ], [ 68.98724526, 27.06980731, 0.0 ], [ 68.99085614, 27.07111293, 0.0 ], [ 68.99391458, 27.07040821, 0.0 ], [ 69.00562689, 27.06429924, 0.0 ], [ 69.01739562, 27.06291982, 0.0 ], [ 69.02022998, 27.06309952, 0.0 ], [ 69.02835782, 27.06534206, 0.0 ], [ 69.03223985, 27.06739651, 0.0 ], [ 69.03928262, 27.06813978, 0.0 ], [ 69.04298623, 27.06648365, 0.0 ], [ 69.04630503, 27.06644821, 0.0 ], [ 69.05096482, 27.0714693, 0.0 ], [ 69.05311775, 27.07146011, 0.0 ], [ 69.05462009, 27.07092642, 0.0 ] ] } },
{ "type": "Feature", "properties": { "name": "Dadu Minor", "descriptio": "Unknown Line Type<BR><BR><B>NAME</B> = Merankhori Minor<BR><BR><B>TYPE</B> = Minor<BR><BR><B>NAME</B> = Dadu Minor<BR><B>LAYER</B> = Unknown Line Type<BR><BR><B>NAME</B> = Dadu Minor<BR><BR><B>TYPE</B> = Minor<BR><B>GM_TYPE</B> = Unknown Line Type" }, "geometry": { "type": "LineString", "coordinates": [ [ 68.97126862, 27.07677128, 0.0 ], [ 68.97032505, 27.07536229, 0.0 ], [ 68.96719211, 27.06787578, 0.0 ], [ 68.96529728, 27.06414171, 0.0 ], [ 68.95229472, 27.06175378, 0.0 ], [ 68.94761685, 27.05710942, 0.0 ] ] } },
{ "type": "Feature", "properties": { "name": "Akanwaro Minor", "descriptio": "Unknown Line Type<BR><BR><B>NAME</B> = Merankhori Minor<BR><BR><B>TYPE</B> = Minor<BR><BR><B>NAME</B> = Akanwaro Minor<BR><B>LAYER</B> = Unknown Line Type<BR><BR><B>NAME</B> = Akanwaro Minor<BR><BR><B>TYPE</B> = Minor<BR><B>GM_TYPE</B> = Unknown Line Typ" }, "geometry": { "type": "LineString", "coordinates": [ [ 68.96757865, 27.08374248, 0.0 ], [ 68.96286825, 27.08328412, 0.0 ], [ 68.96135139, 27.08268786, 0.0 ], [ 68.95726763, 27.08015154, 0.0 ], [ 68.94337245, 27.07406772, 0.0 ], [ 68.94111833, 27.07343357, 0.0 ], [ 68.93813007, 27.0732681, 0.0 ], [ 68.93231365, 27.07584054, 0.0 ], [ 68.93000441, 27.07803605, 0.0 ] ] } },
{ "type": "Feature", "properties": { "name": "Ghulam Hussain Minor", "descriptio": "Unknown Line Type<BR><BR><B>NAME</B> = Merankhori Minor<BR><BR><B>TYPE</B> = Minor<BR><BR><B>NAME</B> = Ghulam Hussain Minor<BR><B>LAYER</B> = Unknown Line Type<BR><BR><B>NAME</B> = Ghulam Hussain Minor<BR><BR><B>TYPE</B> = Minor<BR><B>GM_TYPE</B> = Unkn" }, "geometry": { "type": "LineString", "coordinates": [ [ 68.96805232, 27.08667291, 0.0 ], [ 68.9793167, 27.08233022, 0.0 ], [ 68.99425185, 27.08901306, 0.0 ], [ 69.00631926, 27.08952259, 0.0 ], [ 69.00961351, 27.08800168, 0.0 ], [ 69.01261748, 27.08876664, 0.0 ] ] } },
{ "type": "Feature", "properties": { "name": "Sorah Minor", "descriptio": "Unknown Line Type<BR><BR><B>NAME</B> = Merankhori Minor<BR><BR><B>TYPE</B> = Minor<BR><BR><B>NAME</B> = Sorah Minor<BR><B>LAYER</B> = Unknown Line Type<BR><BR><B>NAME</B> = Sorah Minor<BR><BR><B>TYPE</B> = Minor<BR><B>GM_TYPE</B> = Unknown Line Type" }, "geometry": { "type": "LineString", "coordinates": [ [ 68.98915906, 27.11399206, 0.0 ], [ 68.98659076, 27.11534826, 0.0 ], [ 68.97327591, 27.11268784, 0.0 ], [ 68.9702933, 27.1109044, 0.0 ], [ 68.96642603, 27.10779278, 0.0 ], [ 68.95991801, 27.09671522, 0.0 ] ] } },
{ "type": "Feature", "properties": { "name": "Kamrahu Minor", "descriptio": "Unknown Line Type<BR><BR><B>NAME</B> = Merankhori Minor<BR><BR><B>TYPE</B> = Minor<BR><BR><B>NAME</B> = Kamrahu Minor<BR><B>LAYER</B> = Unknown Line Type<BR><BR><B>NAME</B> = Kamrahu Minor<BR><BR><B>TYPE</B> = Minor<BR><B>GM_TYPE</B> = Unknown Line Type" }, "geometry": { "type": "LineString", "coordinates": [ [ 68.99723905, 27.12292446, 0.0 ], [ 69.02170717, 27.11005808, 0.0 ], [ 69.02426413, 27.1091912, 0.0 ], [ 69.04099365, 27.10695837, 0.0 ], [ 69.04471916, 27.10684467, 0.0 ], [ 69.06375522, 27.10783477, 0.0 ], [ 69.07384737, 27.1092582, 0.0 ], [ 69.07590951, 27.10912395, 0.0 ] ] } },
{ "type": "Feature", "properties": { "name": "Saido Minor", "descriptio": "Unknown Line Type<BR><BR><B>NAME</B> = Merankhori Minor<BR><BR><B>TYPE</B> = Minor<BR><BR><B>NAME</B> = Saido Minor<BR><B>LAYER</B> = Unknown Line Type<BR><BR><B>NAME</B> = Saido Minor<BR><BR><B>TYPE</B> = Minor<BR><B>GM_TYPE</B> = Unknown Line Type" }, "geometry": { "type": "LineString", "coordinates": [ [ 69.00944756, 27.13632125, 0.0 ], [ 69.0169293, 27.13443444, 0.0 ], [ 69.04455696, 27.13545535, 0.0 ] ] } },
{ "type": "Feature", "properties": { "name": "Chuoundiko Minor", "descriptio": "Unknown Line Type<BR><BR><B>NAME</B> = Merankhori Minor<BR><BR><B>TYPE</B> = Minor<BR><BR><B>NAME</B> = Chuoundiko Minor<BR><B>LAYER</B> = Unknown Line Type<BR><BR><B>NAME</B> = Chuoundiko Minor<BR><BR><B>TYPE</B> = Minor<BR><B>GM_TYPE</B> = Unknown Line" }, "geometry": { "type": "LineString", "coordinates": [ [ 69.01920877, 27.16860583, 0.0 ], [ 69.01599148, 27.16801075, 0.0 ], [ 69.01510995, 27.16560564, 0.0 ], [ 69.00701972, 27.15124801, 0.0 ], [ 69.00220733, 27.14374709, 0.0 ], [ 68.99486693, 27.13853172, 0.0 ] ] } },
{ "type": "Feature", "properties": { "name": "Santrahu Minor", "descriptio": "Unknown Line Type<BR><BR><B>NAME</B> = Merankhori Minor<BR><BR><B>TYPE</B> = Minor<BR><BR><B>NAME</B> = Santrahu Minor<BR><B>LAYER</B> = Unknown Line Type<BR><BR><B>NAME</B> = Santrahu Minor<BR><BR><B>TYPE</B> = Minor<BR><B>GM_TYPE</B> = Unknown Line Typ" }, "geometry": { "type": "LineString", "coordinates": [ [ 69.01920308, 27.16840743, 0.0 ], [ 69.02041435, 27.16860864, 0.0 ], [ 69.03213866, 27.17342743, 0.0 ], [ 69.03403993, 27.17376177, 0.0 ], [ 69.06912664, 27.16587674, 0.0 ], [ 69.07861517, 27.1693651, 0.0 ], [ 69.08592621, 27.17430239, 0.0 ], [ 69.08915431, 27.1757606, 0.0 ], [ 69.09223852, 27.17634199, 0.0 ], [ 69.09853217, 27.17622569, 0.0 ], [ 69.10160448, 27.17656027, 0.0 ] ] } },
{ "type": "Feature", "properties": { "name": "Jam Sahib Minor", "descriptio": "Unknown Line Type<BR><BR><B>NAME</B> = Merankhori Minor<BR><BR><B>TYPE</B> = Minor<BR><BR><B>NAME</B> = Jam Sahib Minor<BR><B>LAYER</B> = Unknown Line Type<BR><BR><B>NAME</B> = Jam Sahib Minor<BR><BR><B>TYPE</B> = Minor<BR><B>GM_TYPE</B> = Unknown Line T" }, "geometry": { "type": "LineString", "coordinates": [ [ 68.74512839, 26.318299, 0.0 ], [ 68.74350609, 26.31815546, 0.0 ], [ 68.74078929, 26.31730306, 0.0 ], [ 68.73713795, 26.31352939, 0.0 ], [ 68.7358848, 26.31282077, 0.0 ], [ 68.73468644, 26.3110293, 0.0 ], [ 68.7142414, 26.31240265, 0.0 ], [ 68.7102319, 26.31294141, 0.0 ] ] } },
{ "type": "Feature", "properties": { "name": "Faqirabad Minor", "descriptio": "Unknown Line Type<BR><BR><B>NAME</B> = Merankhori Minor<BR><BR><B>TYPE</B> = Minor<BR><BR><B>NAME</B> = Faqirabad Minor<BR><B>LAYER</B> = Unknown Line Type<BR><BR><B>NAME</B> = Faqirabad Minor<BR><BR><B>TYPE</B> = Minor<BR><B>GM_TYPE</B> = Unknown Line T" }, "geometry": { "type": "LineString", "coordinates": [ [ 69.01197067, 27.19776519, 0.0 ], [ 69.02372467, 27.19602266, 0.0 ], [ 69.03570235, 27.19614686, 0.0 ], [ 69.04074833, 27.19873076, 0.0 ], [ 69.04381785, 27.19910814, 0.0 ], [ 69.04832948, 27.19865659, 0.0 ], [ 69.05701587, 27.20120954, 0.0 ], [ 69.06023056, 27.20082602, 0.0 ], [ 69.06619195, 27.19807927, 0.0 ], [ 69.07018905, 27.19863499, 0.0 ], [ 69.07424014, 27.19730095, 0.0 ], [ 69.07810192, 27.19683624, 0.0 ], [ 69.08061729, 27.1980459, 0.0 ], [ 69.08429491, 27.20290008, 0.0 ], [ 69.08797003, 27.20417462, 0.0 ], [ 69.09803334, 27.21158311, 0.0 ], [ 69.10097833, 27.21657483, 0.0 ], [ 69.10153626, 27.21686751, 0.0 ], [ 69.10979741, 27.21636176, 0.0 ], [ 69.11068273, 27.21592147, 0.0 ], [ 69.11979746, 27.20406221, 0.0 ], [ 69.12416483, 27.20042959, 0.0 ], [ 69.12760485, 27.20038028, 0.0 ], [ 69.12996053, 27.20206535, 0.0 ], [ 69.13416681, 27.20302893, 0.0 ], [ 69.14364587, 27.20355012, 0.0 ] ] } },
{ "type": "Feature", "properties": { "name": "Gandahu Minor", "descriptio": "Unknown Line Type<BR><BR><B>NAME</B> = Merankhori Minor<BR><BR><B>TYPE</B> = Minor<BR><BR><B>NAME</B> = Gandahu Minor<BR><B>LAYER</B> = Unknown Line Type<BR><BR><B>NAME</B> = Gandahu Minor<BR><BR><B>TYPE</B> = Minor<BR><B>GM_TYPE</B> = Unknown Line Type" }, "geometry": { "type": "LineString", "coordinates": [ [ 69.01159572, 27.20054746, 0.0 ], [ 69.0380644, 27.20596824, 0.0 ], [ 69.03885535, 27.20607508, 0.0 ], [ 69.04005353, 27.20566782, 0.0 ], [ 69.04063047, 27.20479037, 0.0 ], [ 69.04402857, 27.19335882, 0.0 ], [ 69.0480435, 27.17845643, 0.0 ] ] } },
{ "type": "Feature", "properties": { "name": "Sinhori Minor", "descriptio": "Unknown Line Type<BR><BR><B>NAME</B> = Merankhori Minor<BR><BR><B>TYPE</B> = Minor<BR><BR><B>NAME</B> = Sinhori Minor<BR><B>LAYER</B> = Unknown Line Type<BR><BR><B>NAME</B> = Sinhori Minor<BR><BR><B>TYPE</B> = Minor<BR><B>GM_TYPE</B> = Unknown Line Type" }, "geometry": { "type": "LineString", "coordinates": [ [ 68.9012169, 26.45199278, 0.0 ], [ 68.9029605, 26.45080984, 0.0 ], [ 68.91462403, 26.43693576, 0.0 ], [ 68.92024235, 26.427457, 0.0 ], [ 68.92317142, 26.42399286, 0.0 ], [ 68.92325883, 26.4163691, 0.0 ] ] } },
{ "type": "Feature", "properties": { "name": "Jam Sahib Minor", "descriptio": "Unknown Line Type<BR><BR><B>NAME</B> = Merankhori Minor<BR><BR><B>TYPE</B> = Minor<BR><BR><B>NAME</B> = Jam Sahib Minor<BR><B>LAYER</B> = Unknown Line Type<BR><BR><B>NAME</B> = Jam Sahib Minor<BR><BR><B>TYPE</B> = Minor<BR><B>GM_TYPE</B> = Unknown Line T" }, "geometry": { "type": "LineString", "coordinates": [ [ 68.69858025, 26.37571847, 0.0 ], [ 68.69759253, 26.36470972, 0.0 ], [ 68.69747426, 26.34987711, 0.0 ], [ 68.70907897, 26.34351183, 0.0 ], [ 68.7102319, 26.31294141, 0.0 ] ] } },
{ "type": "Feature", "properties": { "name": "Feeder Ex Sadrat Minor I", "descriptio": "Unknown Line Type<BR><BR><B>NAME</B> = Merankhori Minor<BR><BR><B>TYPE</B> = Minor<BR><BR><B>NAME</B> = Feeder Ex Sadrat Minor I<BR><B>LAYER</B> = Unknown Line Type<BR><BR><B>NAME</B> = Feeder Ex Sadrat Minor I<BR><BR><B>TYPE</B> = Minor<BR><B>GM_TYPE</B" }, "geometry": { "type": "LineString", "coordinates": [ [ 68.85151416, 26.39227103, 0.0 ], [ 68.85842019, 26.39033829, 0.0 ], [ 68.86777834, 26.3871645, 0.0 ], [ 68.86853565, 26.38592508, 0.0 ], [ 68.87001173, 26.38143406, 0.0 ], [ 68.87047111, 26.37659491, 0.0 ], [ 68.87095065, 26.37515419, 0.0 ], [ 68.88737996, 26.35631193, 0.0 ], [ 68.8945178, 26.34791125, 0.0 ], [ 68.89497247, 26.34700819, 0.0 ], [ 68.89518833, 26.34608348, 0.0 ], [ 68.89511152, 26.32219189, 0.0 ], [ 68.89626313, 26.31593497, 0.0 ], [ 68.89487302, 26.29130639, 0.0 ], [ 68.89465894, 26.26723794, 0.0 ], [ 68.89478036, 26.26491493, 0.0 ], [ 68.89578702, 26.26037718, 0.0 ], [ 68.89579256, 26.25769027, 0.0 ], [ 68.89904158, 26.25461668, 0.0 ] ] } },
{ "type": "Feature", "properties": { "name": "Sadrat Minor II", "descriptio": "Unknown Line Type<BR><BR><B>NAME</B> = Merankhori Minor<BR><BR><B>TYPE</B> = Minor<BR><BR><B>NAME</B> = Sadrat Minor II<BR><B>LAYER</B> = Unknown Line Type<BR><BR><B>NAME</B> = Sadrat Minor II<BR><BR><B>TYPE</B> = Minor<BR><B>GM_TYPE</B> = Unknown Line T" }, "geometry": { "type": "LineString", "coordinates": [ [ 68.82260618, 26.37739409, 0.0 ], [ 68.82308441, 26.37693166, 0.0 ], [ 68.82356076, 26.3751996, 0.0 ], [ 68.8273564, 26.37139253, 0.0 ], [ 68.82853492, 26.35642249, 0.0 ], [ 68.82837147, 26.32593817, 0.0 ], [ 68.82786983, 26.32495131, 0.0 ], [ 68.82444083, 26.32220168, 0.0 ], [ 68.82417535, 26.32161492, 0.0 ], [ 68.82477758, 26.31380958, 0.0 ], [ 68.82839166, 26.31128171, 0.0 ], [ 68.82859948, 26.31080214, 0.0 ], [ 68.82830663, 26.27084855, 0.0 ], [ 68.82848505, 26.27026233, 0.0 ], [ 68.83438164, 26.26339197, 0.0 ], [ 68.854191, 26.2410395, 0.0 ], [ 68.86009592, 26.23457909, 0.0 ], [ 68.86978703, 26.22508409, 0.0 ], [ 68.87059972, 26.22288088, 0.0 ], [ 68.870514671317352, 26.2, 0.0 ] ] } },
{ "type": "Feature", "properties": { "name": "Sadrat Minor I", "descriptio": "Unknown Line Type<BR><BR><B>NAME</B> = Merankhori Minor<BR><BR><B>TYPE</B> = Minor<BR><BR><B>NAME</B> = Sadrat Minor I<BR><B>LAYER</B> = Unknown Line Type<BR><BR><B>NAME</B> = Sadrat Minor I<BR><BR><B>TYPE</B> = Minor<BR><B>GM_TYPE</B> = Unknown Line Typ" }, "geometry": { "type": "LineString", "coordinates": [ [ 68.8396554, 26.39829313, 0.0 ], [ 68.85151416, 26.39227103, 0.0 ], [ 68.85230876, 26.39105829, 0.0 ], [ 68.85974302, 26.35689636, 0.0 ], [ 68.85923161, 26.35368358, 0.0 ], [ 68.86045163, 26.34483667, 0.0 ], [ 68.85910072, 26.32951418, 0.0 ], [ 68.86352889, 26.32297545, 0.0 ], [ 68.86622214, 26.31409807, 0.0 ] ] } },
{ "type": "Feature", "properties": { "name": "RD 104 RS  No Water Course", "descriptio": "Unknown Line Type<BR><BR><B>NAME</B> = Merankhori Minor<BR><BR><B>TYPE</B> = Minor<BR><BR><B>NAME</B> = RD 104 RS  No Water Course<BR><B>LAYER</B> = Unknown Line Type<BR><BR><B>NAME</B> = RD 104 RS  No Water Course<BR><BR><B>TYPE</B> = Minor<BR><B>GM_TYP" }, "geometry": { "type": "LineString", "coordinates": [ [ 69.02577319, 27.51698249, 0.0 ], [ 69.0154197, 27.51701643, 0.0 ], [ 69.00899196, 27.51846658, 0.0 ], [ 69.00405513, 27.51890169, 0.0 ], [ 68.9957654, 27.51750445, 0.0 ], [ 68.99562827, 27.51612471, 0.0 ], [ 68.99635349, 27.51437819, 0.0 ], [ 68.99629467, 27.51299845, 0.0 ], [ 68.99438926, 27.50840736, 0.0 ], [ 68.99436977, 27.50583997, 0.0 ], [ 68.99501648, 27.50365685, 0.0 ], [ 68.99493831, 27.50056549, 0.0 ] ] } },
{ "type": "Feature", "properties": { "name": "Ghangro Minor", "descriptio": "Unknown Line Type<BR><BR><B>NAME</B> = Merankhori Minor<BR><BR><B>TYPE</B> = Minor<BR><BR><B>NAME</B> = Ghangro Minor<BR><B>LAYER</B> = Unknown Line Type<BR><BR><B>NAME</B> = Ghangro Minor<BR><BR><B>TYPE</B> = Minor<BR><B>GM_TYPE</B> = Unknown Line Type" }, "geometry": { "type": "LineString", "coordinates": [ [ 68.29356985, 27.81790402, 0.0 ], [ 68.29506154, 27.81600685, 0.0 ], [ 68.31133285, 27.80996725, 0.0 ], [ 68.310551, 27.80839484, 0.0 ], [ 68.30981336, 27.80402947, 0.0 ], [ 68.30972338, 27.79757689, 0.0 ], [ 68.30949628, 27.7970475, 0.0 ] ] } },
{ "type": "Feature", "properties": { "name": "RD 150 LS", "descriptio": "Unknown Line Type<BR><BR><B>NAME</B> = Merankhori Minor<BR><BR><B>TYPE</B> = Minor<BR><BR><B>NAME</B> = RD 150 LS<BR><B>LAYER</B> = Unknown Line Type<BR><BR><B>NAME</B> = RD 150 LS<BR><BR><B>TYPE</B> = Minor<BR><B>GM_TYPE</B> = Unknown Line Type" }, "geometry": { "type": "LineString", "coordinates": [ [ 69.02026298, 27.392442, 0.0 ], [ 69.02733914, 27.39036277, 0.0 ], [ 69.02876914, 27.38461537, 0.0 ], [ 69.02946554, 27.38475324, 0.0 ], [ 69.03058771, 27.38565048, 0.0 ], [ 69.03434028, 27.38520091, 0.0 ], [ 69.03685462, 27.38449261, 0.0 ], [ 69.03876654, 27.38466206, 0.0 ], [ 69.04043045, 27.38576613, 0.0 ], [ 69.040624, 27.3875715, 0.0 ], [ 69.04099195, 27.38801441, 0.0 ], [ 69.04522436, 27.38595331, 0.0 ], [ 69.04828919, 27.38245271, 0.0 ], [ 69.05200736, 27.38159974, 0.0 ], [ 69.05467949, 27.38248158, 0.0 ], [ 69.05646652, 27.38423133, 0.0 ], [ 69.05853153, 27.38542583, 0.0 ], [ 69.06007327, 27.38909263, 0.0 ], [ 69.06177891, 27.38900045, 0.0 ], [ 69.06289135, 27.3883664, 0.0 ], [ 69.06525896, 27.38465688, 0.0 ], [ 69.06690534, 27.38350651, 0.0 ], [ 69.06982778, 27.38033235, 0.0 ], [ 69.07501164, 27.3761051, 0.0 ], [ 69.0808858, 27.37072153, 0.0 ], [ 69.08428915, 27.3686821, 0.0 ], [ 69.09628826, 27.36332248, 0.0 ], [ 69.0999557, 27.36234208, 0.0 ], [ 69.10305406, 27.36231447, 0.0 ], [ 69.10337602, 27.36208595, 0.0 ], [ 69.11259088, 27.36639086, 0.0 ], [ 69.1134673, 27.36736192, 0.0 ], [ 69.11731089, 27.36724447, 0.0 ], [ 69.11995905, 27.36754704, 0.0 ], [ 69.1255904, 27.36899017, 0.0 ], [ 69.12847206, 27.36803483, 0.0 ], [ 69.13020039, 27.36685178, 0.0 ], [ 69.13282129, 27.36218074, 0.0 ], [ 69.13426723, 27.35801138, 0.0 ] ] } },
{ "type": "Feature", "properties": { "name": "RD 186 LS", "descriptio": "Unknown Line Type<BR><BR><B>NAME</B> = Merankhori Minor<BR><BR><B>TYPE</B> = Minor<BR><BR><B>NAME</B> = RD 186 LS<BR><B>LAYER</B> = Unknown Line Type<BR><BR><B>NAME</B> = RD 186 LS<BR><BR><B>TYPE</B> = Minor<BR><B>GM_TYPE</B> = Unknown Line Type" }, "geometry": { "type": "LineString", "coordinates": [ [ 69.0119681, 27.30762591, 0.0 ], [ 69.01944821, 27.30600113, 0.0 ], [ 69.02119839, 27.30603644, 0.0 ], [ 69.02451992, 27.30694152, 0.0 ], [ 69.02843813, 27.30752677, 0.0 ], [ 69.03398777, 27.30902354, 0.0 ], [ 69.03534047, 27.30984009, 0.0 ], [ 69.0418048, 27.31106355, 0.0 ], [ 69.04647969, 27.31333509, 0.0 ], [ 69.05137339, 27.31525111, 0.0 ], [ 69.05560962, 27.31459246, 0.0 ], [ 69.06811577, 27.30966739, 0.0 ], [ 69.07461984, 27.31021449, 0.0 ], [ 69.08014651, 27.30723689, 0.0 ], [ 69.09067584, 27.30491032, 0.0 ] ] } },
{ "type": "Feature", "properties": { "name": "RD 45 RS  No Water Course", "descriptio": "Unknown Line Type<BR><BR><B>NAME</B> = Merankhori Minor<BR><BR><B>TYPE</B> = Minor<BR><BR><B>NAME</B> = RD 45 RS  No Water Course<BR><B>LAYER</B> = Unknown Line Type<BR><BR><B>NAME</B> = RD 45 RS  No Water Course<BR><BR><B>TYPE</B> = Minor<BR><B>GM_TYPE<" }, "geometry": { "type": "LineString", "coordinates": [ [ 68.95667125, 27.64191172, 0.0 ], [ 68.95502262, 27.64040404, 0.0 ], [ 68.96885286, 27.62551693, 0.0 ], [ 68.96972425, 27.62337012, 0.0 ], [ 68.97237042, 27.61949836, 0.0 ], [ 68.97801016, 27.62144365, 0.0 ], [ 68.98565476, 27.61446993, 0.0 ], [ 68.98755976, 27.61197588, 0.0 ], [ 69.00393945, 27.59507307, 0.0 ] ] } },
{ "type": "Feature", "properties": { "name": "RD 196 LS", "descriptio": "Unknown Line Type<BR><BR><B>NAME</B> = Merankhori Minor<BR><BR><B>TYPE</B> = Minor<BR><BR><B>NAME</B> = RD 196 LS<BR><B>LAYER</B> = Unknown Line Type<BR><BR><B>NAME</B> = RD 196 LS<BR><BR><B>TYPE</B> = Minor<BR><B>GM_TYPE</B> = Unknown Line Type" }, "geometry": { "type": "LineString", "coordinates": [ [ 69.01472893, 27.28165657, 0.0 ], [ 69.02196407, 27.28302782, 0.0 ], [ 69.03769937, 27.28430467, 0.0 ], [ 69.0437452, 27.28332969, 0.0 ], [ 69.0536733, 27.28585073, 0.0 ], [ 69.05877999, 27.28763518, 0.0 ], [ 69.06224383, 27.2892689, 0.0 ], [ 69.07186237, 27.29523714, 0.0 ], [ 69.07326587, 27.29532974, 0.0 ], [ 69.08789304, 27.29081273, 0.0 ], [ 69.10504327, 27.28635586, 0.0 ], [ 69.11426232, 27.28095483, 0.0 ], [ 69.11560602, 27.28114039, 0.0 ], [ 69.1180267, 27.28328484, 0.0 ], [ 69.1273036, 27.2847499, 0.0 ] ] } },
{ "type": "Feature", "properties": { "name": "RD 203 LS", "descriptio": "Unknown Line Type<BR><BR><B>NAME</B> = Merankhori Minor<BR><BR><B>TYPE</B> = Minor<BR><BR><B>NAME</B> = RD 203 LS<BR><B>LAYER</B> = Unknown Line Type<BR><BR><B>NAME</B> = RD 203 LS<BR><BR><B>TYPE</B> = Minor<BR><B>GM_TYPE</B> = Unknown Line Type" }, "geometry": { "type": "LineString", "coordinates": [ [ 69.01668472, 27.26402543, 0.0 ], [ 69.02588291, 27.26268271, 0.0 ], [ 69.03905246, 27.26176112, 0.0 ], [ 69.04948401, 27.25705966, 0.0 ], [ 69.05032811, 27.25633716, 0.0 ], [ 69.05063051, 27.24958049, 0.0 ], [ 69.04954682, 27.23919993, 0.0 ], [ 69.04631177, 27.23316758, 0.0 ], [ 69.04620654, 27.23207306, 0.0 ] ] } },
{ "type": "Feature", "properties": { "name": "RD 205 LS", "descriptio": "Unknown Line Type<BR><BR><B>NAME</B> = Merankhori Minor<BR><BR><B>TYPE</B> = Minor<BR><BR><B>NAME</B> = RD 205 LS<BR><B>LAYER</B> = Unknown Line Type<BR><BR><B>NAME</B> = RD 205 LS<BR><BR><B>TYPE</B> = Minor<BR><B>GM_TYPE</B> = Unknown Line Type" }, "geometry": { "type": "LineString", "coordinates": [ [ 69.01078816, 27.25377109, 0.0 ], [ 69.00941863, 27.25651856, 0.0 ], [ 69.00726858, 27.25813722, 0.0 ], [ 69.00237644, 27.25869847, 0.0 ], [ 69.00148519, 27.25870941, 0.0 ], [ 68.99981824, 27.25813759, 0.0 ], [ 68.99710034, 27.25846125, 0.0 ], [ 68.99532482, 27.25501915, 0.0 ], [ 68.99577176, 27.25397255, 0.0 ], [ 68.99556426, 27.25198754, 0.0 ], [ 68.99503284, 27.25149116, 0.0 ], [ 68.99389744, 27.25129696, 0.0 ], [ 68.99329349, 27.25062789, 0.0 ], [ 68.99266583, 27.24462862, 0.0 ], [ 68.99166088, 27.24183406, 0.0 ], [ 68.99431816, 27.23831659, 0.0 ], [ 68.99921372, 27.23300102, 0.0 ], [ 69.00257204, 27.22613294, 0.0 ], [ 69.00284713, 27.22375401, 0.0 ] ] } },
{ "type": "Feature", "properties": { "name": "RD 214 LS", "descriptio": "Unknown Line Type<BR><BR><B>NAME</B> = Merankhori Minor<BR><BR><B>TYPE</B> = Minor<BR><BR><B>NAME</B> = RD 214 LS<BR><B>LAYER</B> = Unknown Line Type<BR><BR><B>NAME</B> = RD 214 LS<BR><BR><B>TYPE</B> = Minor<BR><B>GM_TYPE</B> = Unknown Line Type" }, "geometry": { "type": "LineString", "coordinates": [ [ 69.00533736, 27.23470485, 0.0 ], [ 69.03164788, 27.2356135, 0.0 ], [ 69.04084373, 27.23318598, 0.0 ], [ 69.0480631, 27.22960488, 0.0 ] ] } },
{ "type": "Feature", "properties": { "name": "RD 186 RS", "descriptio": "Unknown Line Type<BR><BR><B>NAME</B> = Merankhori Minor<BR><BR><B>TYPE</B> = Minor<BR><BR><B>NAME</B> = RD 186 RS<BR><B>LAYER</B> = Unknown Line Type<BR><BR><B>NAME</B> = RD 186 RS<BR><BR><B>TYPE</B> = Minor<BR><B>GM_TYPE</B> = Unknown Line Type" }, "geometry": { "type": "LineString", "coordinates": [ [ 69.01211313, 27.30707547, 0.0 ], [ 69.0108667, 27.30683484, 0.0 ], [ 69.00341809, 27.30345304, 0.0 ], [ 68.99272161, 27.29742806, 0.0 ], [ 68.99782014, 27.27636145, 0.0 ], [ 68.99770662, 27.26615953, 0.0 ] ] } },
{ "type": "Feature", "properties": { "name": "Sandilo Minor", "descriptio": "Unknown Line Type<BR><BR><B>NAME</B> = Merankhori Minor<BR><BR><B>TYPE</B> = Minor<BR><BR><B>NAME</B> = Sandilo Minor<BR><B>LAYER</B> = Unknown Line Type<BR><BR><B>NAME</B> = Sandilo Minor<BR><BR><B>TYPE</B> = Minor<BR><B>GM_TYPE</B> = Unknown Line Type" }, "geometry": { "type": "LineString", "coordinates": [ [ 68.145081, 27.42795887, 0.0 ], [ 68.14922326, 27.42610372, 0.0 ] ] } },
{ "type": "Feature", "properties": { "name": "Rangal Minor", "descriptio": "Unknown Line Type<BR><BR><B>NAME</B> = Merankhori Minor<BR><BR><B>TYPE</B> = Minor<BR><BR><B>NAME</B> = Rangal Minor<BR><B>LAYER</B> = Unknown Line Type<BR><BR><B>NAME</B> = Rangal Minor<BR><BR><B>TYPE</B> = Minor<BR><B>GM_TYPE</B> = Unknown Line Type" }, "geometry": { "type": "LineString", "coordinates": [ [ 68.84101401, 27.66048442, 0.0 ], [ 68.84577661, 27.65096117, 0.0 ], [ 68.85112839, 27.64512022, 0.0 ], [ 68.85139722, 27.64196396, 0.0 ] ] } },
{ "type": "Feature", "properties": { "name": "RD 159 LS", "descriptio": "Unknown Line Type<BR><BR><B>NAME</B> = Merankhori Minor<BR><BR><B>TYPE</B> = Minor<BR><BR><B>NAME</B> = RD 159 LS<BR><B>LAYER</B> = Unknown Line Type<BR><BR><B>NAME</B> = RD 159 LS<BR><BR><B>TYPE</B> = Minor<BR><B>GM_TYPE</B> = Unknown Line Type" }, "geometry": { "type": "LineString", "coordinates": [ [ 69.01496539, 27.36977338, 0.0 ], [ 69.03939225, 27.35709174, 0.0 ], [ 69.04210888, 27.35444498, 0.0 ], [ 69.04669877, 27.35166884, 0.0 ], [ 69.05964621, 27.35103035, 0.0 ], [ 69.06581745, 27.34967237, 0.0 ], [ 69.06696096, 27.34967183, 0.0 ], [ 69.07468767, 27.35063336, 0.0 ], [ 69.07570789, 27.35112935, 0.0 ], [ 69.07992962, 27.35505389, 0.0 ], [ 69.08021022, 27.35454618, 0.0 ], [ 69.08121985, 27.35439215, 0.0 ], [ 69.08164746, 27.35324375, 0.0 ], [ 69.08255242, 27.35283216, 0.0 ], [ 69.08234474, 27.35137373, 0.0 ], [ 69.08388285, 27.34858973, 0.0 ] ] } },
{ "type": "Feature", "properties": { "name": "RD 158 RS", "descriptio": "Unknown Line Type<BR><BR><B>NAME</B> = Merankhori Minor<BR><BR><B>TYPE</B> = Minor<BR><BR><B>NAME</B> = RD 158 RS<BR><B>LAYER</B> = Unknown Line Type<BR><BR><B>NAME</B> = RD 158 RS<BR><BR><B>TYPE</B> = Minor<BR><B>GM_TYPE</B> = Unknown Line Type" }, "geometry": { "type": "LineString", "coordinates": [ [ 69.01556359, 27.37212358, 0.0 ], [ 68.98864427, 27.37224096, 0.0 ], [ 68.98771114, 27.37175509, 0.0 ], [ 68.98747797, 27.37118605, 0.0 ], [ 68.98878697, 27.34638127, 0.0 ] ] } },
{ "type": "Feature", "properties": { "name": "RD 145 LS", "descriptio": "Unknown Line Type<BR><BR><B>NAME</B> = Merankhori Minor<BR><BR><B>TYPE</B> = Minor<BR><BR><B>NAME</B> = RD 145 LS<BR><B>LAYER</B> = Unknown Line Type<BR><BR><B>NAME</B> = RD 145 LS<BR><BR><B>TYPE</B> = Minor<BR><B>GM_TYPE</B> = Unknown Line Type" }, "geometry": { "type": "LineString", "coordinates": [ [ 69.02680585, 27.40683974, 0.0 ], [ 69.03086732, 27.40507644, 0.0 ], [ 69.03477767, 27.40431713, 0.0 ], [ 69.03848296, 27.400964, 0.0 ], [ 69.04060782, 27.40011402, 0.0 ], [ 69.0428476, 27.40017997, 0.0 ], [ 69.04904466, 27.3992688, 0.0 ], [ 69.05732428, 27.39917466, 0.0 ], [ 69.06490627, 27.39807917, 0.0 ], [ 69.07095688, 27.3963402, 0.0 ], [ 69.07676927, 27.39353105, 0.0 ], [ 69.08382308, 27.3917675, 0.0 ], [ 69.08677785, 27.39049922, 0.0 ], [ 69.09046716, 27.3909064, 0.0 ], [ 69.0924569, 27.39176972, 0.0 ], [ 69.09344295, 27.39186005, 0.0 ], [ 69.10887327, 27.38820848, 0.0 ], [ 69.14573607, 27.3811425, 0.0 ], [ 69.15199021, 27.38019539, 0.0 ], [ 69.15606686, 27.37805221, 0.0 ], [ 69.16171583, 27.37160166, 0.0 ] ] } },
{ "type": "Feature", "properties": { "name": "RD 151 RS", "descriptio": "Unknown Line Type<BR><BR><B>NAME</B> = Merankhori Minor<BR><BR><B>TYPE</B> = Minor<BR><BR><B>NAME</B> = RD 151 RS<BR><B>LAYER</B> = Unknown Line Type<BR><BR><B>NAME</B> = RD 151 RS<BR><BR><B>TYPE</B> = Minor<BR><B>GM_TYPE</B> = Unknown Line Type" }, "geometry": { "type": "LineString", "coordinates": [ [ 69.01980691, 27.39135287, 0.0 ], [ 69.0099297, 27.39434883, 0.0 ], [ 69.00888949, 27.39543711, 0.0 ], [ 69.00247223, 27.39739218, 0.0 ], [ 68.97848559, 27.3992347, 0.0 ], [ 68.97769638, 27.3989145, 0.0 ], [ 68.97603971, 27.3878716, 0.0 ] ] } },
{ "type": "Feature", "properties": { "name": "RD 171 RS  No Water Course", "descriptio": "Unknown Line Type<BR><BR><B>NAME</B> = Merankhori Minor<BR><BR><B>TYPE</B> = Minor<BR><BR><B>NAME</B> = RD 171 RS  No Water Course<BR><B>LAYER</B> = Unknown Line Type<BR><BR><B>NAME</B> = RD 171 RS  No Water Course<BR><BR><B>TYPE</B> = Minor<BR><B>GM_TYP" }, "geometry": { "type": "LineString", "coordinates": [ [ 69.0000446, 27.33842412, 0.0 ], [ 68.98694296, 27.33778418, 0.0 ], [ 68.97686505, 27.34120836, 0.0 ], [ 68.97285038, 27.34170824, 0.0 ], [ 68.96747823, 27.34110106, 0.0 ], [ 68.96151677, 27.31151528, 0.0 ] ] } },
{ "type": "Feature", "properties": { "name": "Lund Minor", "descriptio": "Unknown Line Type<BR><BR><B>NAME</B> = Merankhori Minor<BR><BR><B>TYPE</B> = Minor<BR><BR><B>NAME</B> = Lund Minor<BR><B>LAYER</B> = Unknown Line Type<BR><BR><B>NAME</B> = Lund Minor<BR><BR><B>TYPE</B> = Minor<BR><B>GM_TYPE</B> = Unknown Line Type" }, "geometry": { "type": "LineString", "coordinates": [ [ 69.54619988, 27.95847119, 0.0 ], [ 69.55396976, 27.95019572, 0.0 ], [ 69.55395025, 27.94637323, 0.0 ], [ 69.55277754, 27.93773549, 0.0 ], [ 69.55110972, 27.9321223, 0.0 ], [ 69.54940653, 27.92899236, 0.0 ] ] } },
{ "type": "Feature", "properties": { "name": "RD 136 LS", "descriptio": "Unknown Line Type<BR><BR><B>NAME</B> = Merankhori Minor<BR><BR><B>TYPE</B> = Minor<BR><BR><B>NAME</B> = RD 136 LS<BR><B>LAYER</B> = Unknown Line Type<BR><BR><B>NAME</B> = RD 136 LS<BR><BR><B>TYPE</B> = Minor<BR><B>GM_TYPE</B> = Unknown Line Type" }, "geometry": { "type": "LineString", "coordinates": [ [ 69.01938814, 27.4276326, 0.0 ], [ 69.02367593, 27.42831043, 0.0 ], [ 69.02438089, 27.42784149, 0.0 ], [ 69.02666263, 27.42736088, 0.0 ], [ 69.02826521, 27.42835525, 0.0 ], [ 69.02867452, 27.42901977, 0.0 ], [ 69.03119987, 27.42877913, 0.0 ], [ 69.0337638, 27.42898433, 0.0 ], [ 69.03640515, 27.43066443, 0.0 ], [ 69.03900763, 27.43096096, 0.0 ], [ 69.0430558, 27.43594142, 0.0 ], [ 69.04451748, 27.43630679, 0.0 ], [ 69.04901743, 27.4366026, 0.0 ], [ 69.05312968, 27.44089413, 0.0 ], [ 69.05682131, 27.43955491, 0.0 ], [ 69.06033409, 27.43934763, 0.0 ], [ 69.06728442, 27.44169036, 0.0 ], [ 69.07450711, 27.44061275, 0.0 ], [ 69.07676376, 27.44130284, 0.0 ], [ 69.08239589, 27.43963312, 0.0 ], [ 69.08463591, 27.44090465, 0.0 ], [ 69.08588289, 27.44250856, 0.0 ], [ 69.08759988, 27.44330983, 0.0 ], [ 69.10964549, 27.44534921, 0.0 ], [ 69.12501227, 27.45020454, 0.0 ], [ 69.13186244, 27.44863056, 0.0 ], [ 69.15434031, 27.44077122, 0.0 ] ] } },
{ "type": "Feature", "properties": { "name": "RD 130 RS", "descriptio": "Unknown Line Type<BR><BR><B>NAME</B> = Merankhori Minor<BR><BR><B>TYPE</B> = Minor<BR><BR><B>NAME</B> = RD 130 RS<BR><B>LAYER</B> = Unknown Line Type<BR><BR><B>NAME</B> = RD 130 RS<BR><BR><B>TYPE</B> = Minor<BR><B>GM_TYPE</B> = Unknown Line Type" }, "geometry": { "type": "LineString", "coordinates": [ [ 69.01349343, 27.44497406, 0.0 ], [ 69.0041615, 27.44096079, 0.0 ], [ 69.00134684, 27.4386005, 0.0 ], [ 68.9915337, 27.43376447, 0.0 ], [ 68.98810901, 27.42759706, 0.0 ], [ 68.9870626, 27.4244535, 0.0 ], [ 68.98704528, 27.41981989, 0.0 ] ] } },
{ "type": "Feature", "properties": { "name": "RD 118 LS", "descriptio": "Unknown Line Type<BR><BR><B>NAME</B> = Merankhori Minor<BR><BR><B>TYPE</B> = Minor<BR><BR><B>NAME</B> = RD 118 LS<BR><B>LAYER</B> = Unknown Line Type<BR><BR><B>NAME</B> = RD 118 LS<BR><BR><B>TYPE</B> = Minor<BR><B>GM_TYPE</B> = Unknown Line Type" }, "geometry": { "type": "LineString", "coordinates": [ [ 69.01357034, 27.47751021, 0.0 ], [ 69.02141323, 27.47140349, 0.0 ], [ 69.02279428, 27.46416592, 0.0 ], [ 69.02434919, 27.46019505, 0.0 ], [ 69.02606132, 27.45772581, 0.0 ] ] } },
{ "type": "Feature", "properties": { "name": "RD 116 LS", "descriptio": "Unknown Line Type<BR><BR><B>NAME</B> = Merankhori Minor<BR><BR><B>TYPE</B> = Minor<BR><BR><B>NAME</B> = RD 116 LS<BR><B>LAYER</B> = Unknown Line Type<BR><BR><B>NAME</B> = RD 116 LS<BR><BR><B>TYPE</B> = Minor<BR><B>GM_TYPE</B> = Unknown Line Type" }, "geometry": { "type": "LineString", "coordinates": [ [ 69.01605167, 27.48070285, 0.0 ], [ 69.02988549, 27.47387879, 0.0 ], [ 69.03647613, 27.46966634, 0.0 ], [ 69.03873439, 27.46537001, 0.0 ], [ 69.04307667, 27.46131553, 0.0 ], [ 69.04461685, 27.46057193, 0.0 ], [ 69.04724305, 27.46018826, 0.0 ], [ 69.05145559, 27.46432869, 0.0 ], [ 69.05259215, 27.46462099, 0.0 ], [ 69.05855259, 27.46520404, 0.0 ], [ 69.06572383, 27.46330941, 0.0 ], [ 69.06503898, 27.45817565, 0.0 ], [ 69.06423768, 27.45558019, 0.0 ], [ 69.06448771, 27.45116655, 0.0 ], [ 69.06557254, 27.44952229, 0.0 ], [ 69.06856329, 27.44829509, 0.0 ] ] } },
{ "type": "Feature", "properties": { "name": "RD 115 RS", "descriptio": "Unknown Line Type<BR><BR><B>NAME</B> = Merankhori Minor<BR><BR><B>TYPE</B> = Minor<BR><BR><B>NAME</B> = RD 115 RS<BR><B>LAYER</B> = Unknown Line Type<BR><BR><B>NAME</B> = RD 115 RS<BR><BR><B>TYPE</B> = Minor<BR><B>GM_TYPE</B> = Unknown Line Type" }, "geometry": { "type": "LineString", "coordinates": [ [ 69.01881693, 27.4828593, 0.0 ], [ 69.01842014, 27.48252665, 0.0 ], [ 69.01761616, 27.4830426, 0.0 ], [ 69.00103707, 27.48689715, 0.0 ], [ 68.9962837, 27.48410794, 0.0 ], [ 68.99992656, 27.46119384, 0.0 ], [ 68.99963442, 27.45069695, 0.0 ] ] } },
{ "type": "Feature", "properties": { "name": "RD 104 LS", "descriptio": "Unknown Line Type<BR><BR><B>NAME</B> = Merankhori Minor<BR><BR><B>TYPE</B> = Minor<BR><BR><B>NAME</B> = RD 104 LS<BR><B>LAYER</B> = Unknown Line Type<BR><BR><B>NAME</B> = RD 104 LS<BR><BR><B>TYPE</B> = Minor<BR><B>GM_TYPE</B> = Unknown Line Type" }, "geometry": { "type": "LineString", "coordinates": [ [ 69.02558494, 27.51281166, 0.0 ], [ 69.02846556, 27.51296003, 0.0 ], [ 69.04125074, 27.51139323, 0.0 ], [ 69.04320798, 27.51229958, 0.0 ], [ 69.04650567, 27.51288314, 0.0 ], [ 69.04981167, 27.51403075, 0.0 ], [ 69.05367102, 27.51321994, 0.0 ], [ 69.05963284, 27.51011488, 0.0 ], [ 69.06147084, 27.50747584, 0.0 ], [ 69.06486744, 27.50866521, 0.0 ], [ 69.07104229, 27.50808208, 0.0 ], [ 69.07382636, 27.50689352, 0.0 ], [ 69.07518729, 27.50515265, 0.0 ], [ 69.08519241, 27.49524335, 0.0 ], [ 69.09432538, 27.48983704, 0.0 ], [ 69.096744, 27.48688113, 0.0 ], [ 69.09772719, 27.4863544, 0.0 ], [ 69.10176195, 27.4857473, 0.0 ], [ 69.10368218, 27.4840867, 0.0 ], [ 69.10586114, 27.4841255, 0.0 ], [ 69.10720763, 27.4838007, 0.0 ], [ 69.11505241, 27.48084831, 0.0 ], [ 69.12299579, 27.4802615, 0.0 ], [ 69.131276, 27.47540772, 0.0 ], [ 69.14517113, 27.47176046, 0.0 ], [ 69.15073783, 27.4727828, 0.0 ], [ 69.15550463, 27.47421732, 0.0 ], [ 69.16009628, 27.47426672, 0.0 ] ] } },
{ "type": "Feature", "properties": { "name": "Sanesa Minor", "descriptio": "Unknown Line Type<BR><BR><B>NAME</B> = Merankhori Minor<BR><BR><B>TYPE</B> = Minor<BR><BR><B>NAME</B> = Sanesa Minor<BR><B>LAYER</B> = Unknown Line Type<BR><BR><B>NAME</B> = Sanesa Minor<BR><BR><B>TYPE</B> = Minor<BR><B>GM_TYPE</B> = Unknown Line Type" }, "geometry": { "type": "LineString", "coordinates": [ [ 68.64215676, 27.11940459, 0.0 ], [ 68.65342874, 27.10238844, 0.0 ], [ 68.65347714, 27.10152995, 0.0 ], [ 68.64834308, 27.08836906, 0.0 ], [ 68.64874588, 27.08752175, 0.0 ], [ 68.65403146, 27.08339835, 0.0 ], [ 68.65559287, 27.08131795, 0.0 ] ] } },
{ "type": "Feature", "properties": { "name": "Pir Wasan Minor", "descriptio": "Unknown Line Type<BR><BR><B>NAME</B> = Merankhori Minor<BR><BR><B>TYPE</B> = Minor<BR><BR><B>NAME</B> = Pir Wasan Minor<BR><B>LAYER</B> = Unknown Line Type<BR><BR><B>NAME</B> = Pir Wasan Minor<BR><BR><B>TYPE</B> = Minor<BR><B>GM_TYPE</B> = Unknown Line T" }, "geometry": { "type": "LineString", "coordinates": [ [ 68.45032612, 27.01125313, 0.0 ], [ 68.45901911, 27.02021472, 0.0 ], [ 68.48648706, 27.02856085, 0.0 ] ] } },
{ "type": "Feature", "properties": { "name": "Machi Minor", "descriptio": "Unknown Line Type<BR><BR><B>NAME</B> = Merankhori Minor<BR><BR><B>TYPE</B> = Minor<BR><BR><B>NAME</B> = Machi Minor<BR><B>LAYER</B> = Unknown Line Type<BR><BR><B>NAME</B> = Machi Minor<BR><BR><B>TYPE</B> = Minor<BR><B>GM_TYPE</B> = Unknown Line Type" }, "geometry": { "type": "LineString", "coordinates": [ [ 68.54022219, 27.21976259, 0.0 ], [ 68.53101025, 27.2179388, 0.0 ], [ 68.5256395, 27.21781773, 0.0 ], [ 68.50473673, 27.22408817, 0.0 ], [ 68.50361894, 27.22365511, 0.0 ], [ 68.49960756, 27.21936446, 0.0 ], [ 68.49274119, 27.2185191, 0.0 ], [ 68.49061851, 27.21907672, 0.0 ] ] } },
{ "type": "Feature", "properties": { "name": "Mojai Minor", "descriptio": "Unknown Line Type<BR><BR><B>NAME</B> = Merankhori Minor<BR><BR><B>TYPE</B> = Minor<BR><BR><B>NAME</B> = Mojai Minor<BR><B>LAYER</B> = Unknown Line Type<BR><BR><B>NAME</B> = Mojai Minor<BR><BR><B>TYPE</B> = Minor<BR><B>GM_TYPE</B> = Unknown Line Type" }, "geometry": { "type": "LineString", "coordinates": [ [ 68.50215165, 27.06996505, 0.0 ], [ 68.48827847, 27.06160134, 0.0 ], [ 68.48381034, 27.06071477, 0.0 ], [ 68.48237209, 27.06006761, 0.0 ], [ 68.47625941, 27.05097881, 0.0 ] ] } },
{ "type": "Feature", "properties": { "name": "Gabbar Minor", "descriptio": "Unknown Line Type<BR><BR><B>NAME</B> = Merankhori Minor<BR><BR><B>TYPE</B> = Minor<BR><BR><B>NAME</B> = Gabbar Minor<BR><B>LAYER</B> = Unknown Line Type<BR><BR><B>NAME</B> = Gabbar Minor<BR><BR><B>TYPE</B> = Minor<BR><B>GM_TYPE</B> = Unknown Line Type" }, "geometry": { "type": "LineString", "coordinates": [ [ 68.53243662, 27.19147028, 0.0 ], [ 68.53908835, 27.18051148, 0.0 ], [ 68.54047325, 27.17905014, 0.0 ], [ 68.54278241, 27.17797706, 0.0 ], [ 68.55615316, 27.17423768, 0.0 ] ] } },
{ "type": "Feature", "properties": { "name": "Imdad Ali Minor", "descriptio": "Unknown Line Type<BR><BR><B>NAME</B> = Merankhori Minor<BR><BR><B>TYPE</B> = Minor<BR><BR><B>NAME</B> = Imdad Ali Minor<BR><B>LAYER</B> = Unknown Line Type<BR><BR><B>NAME</B> = Imdad Ali Minor<BR><BR><B>TYPE</B> = Minor<BR><B>GM_TYPE</B> = Unknown Line T" }, "geometry": { "type": "LineString", "coordinates": [ [ 68.55283139, 27.24351693, 0.0 ], [ 68.5553911, 27.23771594, 0.0 ], [ 68.56044246, 27.22366881, 0.0 ], [ 68.56425982, 27.215653, 0.0 ], [ 68.56689934, 27.21236124, 0.0 ], [ 68.57498028, 27.20566082, 0.0 ], [ 68.57928777, 27.20134685, 0.0 ], [ 68.57989931, 27.20014403, 0.0 ], [ 68.58246937, 27.19771034, 0.0 ], [ 68.58419759, 27.19654422, 0.0 ] ] } },
{ "type": "Feature", "properties": { "name": "Sanwari Minor", "descriptio": "Unknown Line Type<BR><BR><B>NAME</B> = Merankhori Minor<BR><BR><B>TYPE</B> = Minor<BR><BR><B>NAME</B> = Sanwari Minor<BR><B>LAYER</B> = Unknown Line Type<BR><BR><B>NAME</B> = Sanwari Minor<BR><BR><B>TYPE</B> = Minor<BR><B>GM_TYPE</B> = Unknown Line Type" }, "geometry": { "type": "LineString", "coordinates": [ [ 68.60290971, 26.98429152, 0.0 ], [ 68.60815535, 27.00367096, 0.0 ], [ 68.6088656, 27.0082423, 0.0 ], [ 68.60888113, 27.01038364, 0.0 ], [ 68.60802326, 27.01347802, 0.0 ], [ 68.60147229, 27.0225719, 0.0 ], [ 68.60023789, 27.02895138, 0.0 ], [ 68.60088693, 27.03094069, 0.0 ], [ 68.60879253, 27.04320555, 0.0 ], [ 68.60888512, 27.04446186, 0.0 ], [ 68.60093233, 27.0587006, 0.0 ] ] } },
{ "type": "Feature", "properties": { "name": "Dhukkar Minor", "descriptio": "Unknown Line Type<BR><BR><B>NAME</B> = Merankhori Minor<BR><BR><B>TYPE</B> = Minor<BR><BR><B>NAME</B> = Dhukkar Minor<BR><B>LAYER</B> = Unknown Line Type<BR><BR><B>NAME</B> = Dhukkar Minor<BR><BR><B>TYPE</B> = Minor<BR><B>GM_TYPE</B> = Unknown Line Type" }, "geometry": { "type": "LineString", "coordinates": [ [ 68.60510019, 27.31119533, 0.0 ], [ 68.59940559, 27.31127796, 0.0 ], [ 68.59178817, 27.31368055, 0.0 ], [ 68.57514837, 27.31394427, 0.0 ], [ 68.57397794, 27.31459222, 0.0 ], [ 68.56857376, 27.32230415, 0.0 ], [ 68.5583331, 27.32640471, 0.0 ], [ 68.55118471, 27.32804717, 0.0 ] ] } },
{ "type": "Feature", "properties": { "name": "Kobri Minor", "descriptio": "Unknown Line Type<BR><BR><B>NAME</B> = Merankhori Minor<BR><BR><B>TYPE</B> = Minor<BR><BR><B>NAME</B> = Kobri Minor<BR><B>LAYER</B> = Unknown Line Type<BR><BR><B>NAME</B> = Kobri Minor<BR><BR><B>TYPE</B> = Minor<BR><B>GM_TYPE</B> = Unknown Line Type" }, "geometry": { "type": "LineString", "coordinates": [ [ 68.51614784, 27.18236341, 0.0 ], [ 68.49887609, 27.18589198, 0.0 ], [ 68.45959161, 27.16626527, 0.0 ], [ 68.45872982, 27.16542142, 0.0 ], [ 68.45321658, 27.15638998, 0.0 ], [ 68.44863223, 27.14685713, 0.0 ], [ 68.44936659, 27.12468266, 0.0 ], [ 68.46042528, 27.09924881, 0.0 ], [ 68.46420955, 27.09313084, 0.0 ] ] } },
{ "type": "Feature", "properties": { "name": "Jalalani Minor", "descriptio": "Unknown Line Type<BR><BR><B>NAME</B> = Merankhori Minor<BR><BR><B>TYPE</B> = Minor<BR><BR><B>NAME</B> = Jalalani Minor<BR><B>LAYER</B> = Unknown Line Type<BR><BR><B>NAME</B> = Jalalani Minor<BR><BR><B>TYPE</B> = Minor<BR><B>GM_TYPE</B> = Unknown Line Typ" }, "geometry": { "type": "LineString", "coordinates": [ [ 68.63778641, 27.27927948, 0.0 ], [ 68.65311934, 27.27391022, 0.0 ], [ 68.66007266, 27.27323542, 0.0 ], [ 68.66488948, 27.27511169, 0.0 ] ] } },
{ "type": "Feature", "properties": { "name": "Junki Minor", "descriptio": "Unknown Line Type<BR><BR><B>NAME</B> = Merankhori Minor<BR><BR><B>TYPE</B> = Minor<BR><BR><B>NAME</B> = Junki Minor<BR><B>LAYER</B> = Unknown Line Type<BR><BR><B>NAME</B> = Junki Minor<BR><BR><B>TYPE</B> = Minor<BR><B>GM_TYPE</B> = Unknown Line Type" }, "geometry": { "type": "LineString", "coordinates": [ [ 68.64573804, 27.24224823, 0.0 ], [ 68.64169729, 27.24229454, 0.0 ], [ 68.62928337, 27.24155014, 0.0 ], [ 68.61372488, 27.24475197, 0.0 ] ] } },
{ "type": "Feature", "properties": { "name": "Kanasra Minor", "descriptio": "Unknown Line Type<BR><BR><B>NAME</B> = Merankhori Minor<BR><BR><B>TYPE</B> = Minor<BR><BR><B>NAME</B> = Kanasra Minor<BR><B>LAYER</B> = Unknown Line Type<BR><BR><B>NAME</B> = Kanasra Minor<BR><BR><B>TYPE</B> = Minor<BR><B>GM_TYPE</B> = Unknown Line Type" }, "geometry": { "type": "LineString", "coordinates": [ [ 68.64085605, 27.23205263, 0.0 ], [ 68.62810048, 27.22396449, 0.0 ], [ 68.61978983, 27.22130171, 0.0 ], [ 68.6170848, 27.22148985, 0.0 ] ] } },
{ "type": "Feature", "properties": { "name": "Dhadhano Minor", "descriptio": "Unknown Line Type<BR><BR><B>NAME</B> = Merankhori Minor<BR><BR><B>TYPE</B> = Minor<BR><BR><B>NAME</B> = Dhadhano Minor<BR><B>LAYER</B> = Unknown Line Type<BR><BR><B>NAME</B> = Dhadhano Minor<BR><BR><B>TYPE</B> = Minor<BR><B>GM_TYPE</B> = Unknown Line Typ" }, "geometry": { "type": "LineString", "coordinates": [ [ 68.62631582, 27.07936323, 0.0 ], [ 68.62931165, 27.07541112, 0.0 ], [ 68.63562253, 27.06960684, 0.0 ], [ 68.63719042, 27.06775756, 0.0 ], [ 68.63716879, 27.06512518, 0.0 ], [ 68.63292024, 27.05723901, 0.0 ], [ 68.6329836, 27.05621845, 0.0 ], [ 68.63504045, 27.05173814, 0.0 ], [ 68.63598491, 27.05089362, 0.0 ], [ 68.6408575, 27.04859623, 0.0 ], [ 68.64324356, 27.04858407, 0.0 ] ] } },
{ "type": "Feature", "properties": { "name": "Kalra Minor", "descriptio": "Unknown Line Type<BR><BR><B>NAME</B> = Merankhori Minor<BR><BR><B>TYPE</B> = Minor<BR><BR><B>NAME</B> = Kalra Minor<BR><B>LAYER</B> = Unknown Line Type<BR><BR><B>NAME</B> = Kalra Minor<BR><BR><B>TYPE</B> = Minor<BR><B>GM_TYPE</B> = Unknown Line Type" }, "geometry": { "type": "LineString", "coordinates": [ [ 68.57454583, 27.03570522, 0.0 ], [ 68.57318206, 27.03084886, 0.0 ], [ 68.5733909, 27.02939423, 0.0 ], [ 68.57400373, 27.02866836, 0.0 ], [ 68.57499685, 27.02819386, 0.0 ], [ 68.57823927, 27.02741279, 0.0 ], [ 68.58522483, 27.02181684, 0.0 ], [ 68.58597187, 27.02086692, 0.0 ], [ 68.58635674, 27.01989029, 0.0 ], [ 68.5864462, 27.01627495, 0.0 ], [ 68.59042058, 27.0076722, 0.0 ], [ 68.59126653, 26.99946522, 0.0 ], [ 68.59255832, 26.99381017, 0.0 ], [ 68.59228638, 26.99171728, 0.0 ], [ 68.58867181, 26.9857742, 0.0 ], [ 68.58785346, 26.98043418, 0.0 ], [ 68.5897256, 26.97566436, 0.0 ], [ 68.59013733, 26.97111675, 0.0 ], [ 68.58974178, 26.97060515, 0.0 ] ] } },
{ "type": "Feature", "properties": { "name": "Lundi Minor", "descriptio": "Unknown Line Type<BR><BR><B>NAME</B> = Merankhori Minor<BR><BR><B>TYPE</B> = Minor<BR><BR><B>NAME</B> = Lundi Minor<BR><B>LAYER</B> = Unknown Line Type<BR><BR><B>NAME</B> = Lundi Minor<BR><BR><B>TYPE</B> = Minor<BR><B>GM_TYPE</B> = Unknown Line Type" }, "geometry": { "type": "LineString", "coordinates": [ [ 68.51292647, 27.17498388, 0.0 ], [ 68.51073052, 27.17331404, 0.0 ], [ 68.49710151, 27.14026883, 0.0 ], [ 68.48935878, 27.13360109, 0.0 ], [ 68.48193729, 27.13352534, 0.0 ] ] } },
{ "type": "Feature", "properties": { "name": "Juna Minor", "descriptio": "Unknown Line Type<BR><BR><B>NAME</B> = Merankhori Minor<BR><BR><B>TYPE</B> = Minor<BR><BR><B>NAME</B> = Juna Minor<BR><B>LAYER</B> = Unknown Line Type<BR><BR><B>NAME</B> = Juna Minor<BR><BR><B>TYPE</B> = Minor<BR><B>GM_TYPE</B> = Unknown Line Type" }, "geometry": { "type": "LineString", "coordinates": [ [ 68.55806348, 27.25097571, 0.0 ], [ 68.52117221, 27.25540544, 0.0 ], [ 68.52018893, 27.25473286, 0.0 ], [ 68.51158978, 27.24270156, 0.0 ], [ 68.51158787, 27.24075396, 0.0 ] ] } },
{ "type": "Feature", "properties": { "name": "New Grong Minor", "descriptio": "Unknown Line Type<BR><BR><B>NAME</B> = Merankhori Minor<BR><BR><B>TYPE</B> = Minor<BR><BR><B>NAME</B> = New Grong Minor<BR><B>LAYER</B> = Unknown Line Type<BR><BR><B>NAME</B> = New Grong Minor<BR><BR><B>TYPE</B> = Minor<BR><B>GM_TYPE</B> = Unknown Line T" }, "geometry": { "type": "LineString", "coordinates": [ [ 68.78326786, 27.73858219, 0.0 ], [ 68.78228143, 27.73758789, 0.0 ], [ 68.77967111, 27.73660573, 0.0 ], [ 68.77600479, 27.73406442, 0.0 ], [ 68.77213275, 27.73385438, 0.0 ] ] } },
{ "type": "Feature", "properties": { "name": "Old Grong Minor", "descriptio": "Unknown Line Type<BR><BR><B>NAME</B> = Merankhori Minor<BR><BR><B>TYPE</B> = Minor<BR><BR><B>NAME</B> = Old Grong Minor<BR><B>LAYER</B> = Unknown Line Type<BR><BR><B>NAME</B> = Old Grong Minor<BR><BR><B>TYPE</B> = Minor<BR><B>GM_TYPE</B> = Unknown Line T" }, "geometry": { "type": "LineString", "coordinates": [ [ 68.79818061, 27.72805072, 0.0 ], [ 68.79730436, 27.7269399, 0.0 ] ] } },
{ "type": "Feature", "properties": { "name": "Sadudero Minor", "descriptio": "Unknown Line Type<BR><BR><B>NAME</B> = Merankhori Minor<BR><BR><B>TYPE</B> = Minor<BR><BR><B>NAME</B> = Sadudero Minor<BR><B>LAYER</B> = Unknown Line Type<BR><BR><B>NAME</B> = Sadudero Minor<BR><BR><B>TYPE</B> = Minor<BR><B>GM_TYPE</B> = Unknown Line Typ" }, "geometry": { "type": "LineString", "coordinates": [ [ 68.37209856, 27.66290393, 0.0 ], [ 68.3647886, 27.6614999, 0.0 ], [ 68.3605255, 27.66222554, 0.0 ], [ 68.35616657, 27.66253082, 0.0 ], [ 68.35413999, 27.66024857, 0.0 ], [ 68.34961197, 27.65794528, 0.0 ], [ 68.34466267, 27.65464145, 0.0 ], [ 68.34003915, 27.6527792, 0.0 ], [ 68.33807507, 27.65065415, 0.0 ], [ 68.33681165, 27.64711794, 0.0 ] ] } },
{ "type": "Feature", "properties": { "name": "Phulpota Minor", "descriptio": "Unknown Line Type<BR><BR><B>NAME</B> = Merankhori Minor<BR><BR><B>TYPE</B> = Minor<BR><BR><B>NAME</B> = Phulpota Minor<BR><B>LAYER</B> = Unknown Line Type<BR><BR><B>NAME</B> = Phulpota Minor<BR><BR><B>TYPE</B> = Minor<BR><B>GM_TYPE</B> = Unknown Line Typ" }, "geometry": { "type": "LineString", "coordinates": [ [ 68.37405959, 27.66348673, 0.0 ], [ 68.3759956, 27.65742376, 0.0 ], [ 68.37529404, 27.65498134, 0.0 ], [ 68.36248446, 27.63778151, 0.0 ], [ 68.35888886, 27.63221048, 0.0 ] ] } },
{ "type": "Feature", "properties": { "name": "Shah Minor", "descriptio": "Unknown Line Type<BR><BR><B>NAME</B> = Merankhori Minor<BR><BR><B>TYPE</B> = Minor<BR><BR><B>NAME</B> = Shah Minor<BR><B>LAYER</B> = Unknown Line Type<BR><BR><B>NAME</B> = Shah Minor<BR><BR><B>TYPE</B> = Minor<BR><B>GM_TYPE</B> = Unknown Line Type" }, "geometry": { "type": "LineString", "coordinates": [ [ 68.3729886, 27.66230423, 0.0 ], [ 68.37209856, 27.66290393, 0.0 ] ] } },
{ "type": "Feature", "properties": { "name": "Nusrat Minor", "descriptio": "Unknown Line Type<BR><BR><B>NAME</B> = Merankhori Minor<BR><BR><B>TYPE</B> = Minor<BR><BR><B>NAME</B> = Nusrat Minor<BR><B>LAYER</B> = Unknown Line Type<BR><BR><B>NAME</B> = Nusrat Minor<BR><BR><B>TYPE</B> = Minor<BR><B>GM_TYPE</B> = Unknown Line Type" }, "geometry": { "type": "LineString", "coordinates": [ [ 68.38040479, 27.6919868, 0.0 ], [ 68.38396476, 27.6890357, 0.0 ], [ 68.38593079, 27.68686024, 0.0 ], [ 68.38589357, 27.68539821, 0.0 ] ] } },
{ "type": "Feature", "properties": { "name": "Thatt Minor", "descriptio": "Unknown Line Type<BR><BR><B>NAME</B> = Merankhori Minor<BR><BR><B>TYPE</B> = Minor<BR><BR><B>NAME</B> = Thatt Minor<BR><B>LAYER</B> = Unknown Line Type<BR><BR><B>NAME</B> = Thatt Minor<BR><BR><B>TYPE</B> = Minor<BR><B>GM_TYPE</B> = Unknown Line Type" }, "geometry": { "type": "LineString", "coordinates": [ [ 69.23056993, 27.80688287, 0.0 ], [ 69.23037602, 27.79444635, 0.0 ], [ 69.2079082, 27.76238103, 0.0 ], [ 69.19624915, 27.75852873, 0.0 ], [ 69.19063539, 27.74817005, 0.0 ] ] } },
{ "type": "Feature", "properties": { "name": "Dingro Minor", "descriptio": "Unknown Line Type<BR><BR><B>NAME</B> = Merankhori Minor<BR><BR><B>TYPE</B> = Minor<BR><BR><B>NAME</B> = Dingro Minor<BR><B>LAYER</B> = Unknown Line Type<BR><BR><B>NAME</B> = Dingro Minor<BR><BR><B>TYPE</B> = Minor<BR><B>GM_TYPE</B> = Unknown Line Type" }, "geometry": { "type": "LineString", "coordinates": [ [ 69.26789232, 27.83888767, 0.0 ], [ 69.26970038, 27.83249176, 0.0 ], [ 69.26978914, 27.83069846, 0.0 ], [ 69.27350416, 27.80944119, 0.0 ], [ 69.25110509, 27.79393078, 0.0 ], [ 69.23760248, 27.77915496, 0.0 ] ] } },
{ "type": "Feature", "properties": { "name": "Nara Minor", "descriptio": "Unknown Line Type<BR><BR><B>NAME</B> = Merankhori Minor<BR><BR><B>TYPE</B> = Minor<BR><BR><B>NAME</B> = Nara Minor<BR><B>LAYER</B> = Unknown Line Type<BR><BR><B>NAME</B> = Nara Minor<BR><BR><B>TYPE</B> = Minor<BR><B>GM_TYPE</B> = Unknown Line Type" }, "geometry": { "type": "LineString", "coordinates": [ [ 69.27275782, 27.8087736, 0.0 ], [ 69.2742027, 27.80510451, 0.0 ], [ 69.27570519, 27.79106571, 0.0 ], [ 69.27555612, 27.79004159, 0.0 ], [ 69.2629318, 27.77996067, 0.0 ] ] } },
{ "type": "Feature", "properties": { "name": "Jakhrani Minor", "descriptio": "Unknown Line Type<BR><BR><B>NAME</B> = Merankhori Minor<BR><BR><B>TYPE</B> = Minor<BR><BR><B>NAME</B> = Jakhrani Minor<BR><B>LAYER</B> = Unknown Line Type<BR><BR><B>NAME</B> = Jakhrani Minor<BR><BR><B>TYPE</B> = Minor<BR><B>GM_TYPE</B> = Unknown Line Typ" }, "geometry": { "type": "LineString", "coordinates": [ [ 69.31163493, 28.34393506, 0.0 ], [ 69.29901199, 28.31817549, 0.0 ] ] } },
{ "type": "Feature", "properties": { "name": "Hamid Minor", "descriptio": "Unknown Line Type<BR><BR><B>NAME</B> = Merankhori Minor<BR><BR><B>TYPE</B> = Minor<BR><BR><B>NAME</B> = Hamid Minor<BR><B>LAYER</B> = Unknown Line Type<BR><BR><B>NAME</B> = Hamid Minor<BR><BR><B>TYPE</B> = Minor<BR><B>GM_TYPE</B> = Unknown Line Type" }, "geometry": { "type": "LineString", "coordinates": [ [ 67.72128184, 27.43589691, 0.0 ], [ 67.6870217, 27.42956335, 0.0 ], [ 67.68495808, 27.42896901, 0.0 ], [ 67.68266599, 27.42761612, 0.0 ], [ 67.68084801, 27.42525969, 0.0 ], [ 67.67986507, 27.42228537, 0.0 ], [ 67.67719083, 27.39274708, 0.0 ] ] } },
{ "type": "Feature", "properties": { "name": "Mirpur Minor", "descriptio": "Unknown Line Type<BR><BR><B>NAME</B> = Merankhori Minor<BR><BR><B>TYPE</B> = Minor<BR><BR><B>NAME</B> = Mirpur Minor<BR><B>LAYER</B> = Unknown Line Type<BR><BR><B>NAME</B> = Mirpur Minor<BR><BR><B>TYPE</B> = Minor<BR><B>GM_TYPE</B> = Unknown Line Type" }, "geometry": { "type": "LineString", "coordinates": [ [ 67.70475406, 27.35238657, 0.0 ], [ 67.70166818, 27.34950386, 0.0 ], [ 67.69856508, 27.3486084, 0.0 ], [ 67.69717277, 27.34870092, 0.0 ], [ 67.68830259, 27.35091797, 0.0 ] ] } },
{ "type": "Feature", "properties": { "name": "Garhi Minor", "descriptio": "Unknown Line Type<BR><BR><B>NAME</B> = Merankhori Minor<BR><BR><B>TYPE</B> = Minor<BR><BR><B>NAME</B> = Garhi Minor<BR><B>LAYER</B> = Unknown Line Type<BR><BR><B>NAME</B> = Garhi Minor<BR><BR><B>TYPE</B> = Minor<BR><B>GM_TYPE</B> = Unknown Line Type" }, "geometry": { "type": "LineString", "coordinates": [ [ 67.73055692, 27.40152253, 0.0 ], [ 67.71699079, 27.37399126, 0.0 ], [ 67.71611196, 27.37018177, 0.0 ], [ 67.71598646, 27.36089266, 0.0 ] ] } },
{ "type": "Feature", "properties": { "name": "Tunia Minor", "descriptio": "Unknown Line Type<BR><BR><B>NAME</B> = Merankhori Minor<BR><BR><B>TYPE</B> = Minor<BR><BR><B>NAME</B> = Tunia Minor<BR><B>LAYER</B> = Unknown Line Type<BR><BR><B>NAME</B> = Tunia Minor<BR><BR><B>TYPE</B> = Minor<BR><B>GM_TYPE</B> = Unknown Line Type" }, "geometry": { "type": "LineString", "coordinates": [ [ 67.81494206, 27.4663382, 0.0 ], [ 67.77941635, 27.466038, 0.0 ] ] } },
{ "type": "Feature", "properties": { "name": "Bhanger Minor", "descriptio": "Unknown Line Type<BR><BR><B>NAME</B> = Merankhori Minor<BR><BR><B>TYPE</B> = Minor<BR><BR><B>NAME</B> = Bhanger Minor<BR><B>LAYER</B> = Unknown Line Type<BR><BR><B>NAME</B> = Bhanger Minor<BR><BR><B>TYPE</B> = Minor<BR><B>GM_TYPE</B> = Unknown Line Type" }, "geometry": { "type": "LineString", "coordinates": [ [ 67.84324476, 27.5816767, 0.0 ], [ 67.84393311, 27.58039177, 0.0 ], [ 67.84593158, 27.57831713, 0.0 ], [ 67.86095559, 27.5645037, 0.0 ] ] } },
{ "type": "Feature", "properties": { "name": "Jeial Minor", "descriptio": "Unknown Line Type<BR><BR><B>NAME</B> = Merankhori Minor<BR><BR><B>TYPE</B> = Minor<BR><BR><B>NAME</B> = Jeial Minor<BR><B>LAYER</B> = Unknown Line Type<BR><BR><B>NAME</B> = Jeial Minor<BR><BR><B>TYPE</B> = Minor<BR><B>GM_TYPE</B> = Unknown Line Type" }, "geometry": { "type": "LineString", "coordinates": [ [ 68.63383509, 27.43844287, 0.0 ], [ 68.60362083, 27.44550479, 0.0 ], [ 68.6006125, 27.4459077, 0.0 ], [ 68.56978501, 27.43967244, 0.0 ], [ 68.56127378, 27.44120903, 0.0 ] ] } },
{ "type": "Feature", "properties": { "name": "Sulaiman Minor", "descriptio": "Unknown Line Type<BR><BR><B>NAME</B> = Merankhori Minor<BR><BR><B>TYPE</B> = Minor<BR><BR><B>NAME</B> = Sulaiman Minor<BR><B>LAYER</B> = Unknown Line Type<BR><BR><B>NAME</B> = Sulaiman Minor<BR><BR><B>TYPE</B> = Minor<BR><B>GM_TYPE</B> = Unknown Line Typ" }, "geometry": { "type": "LineString", "coordinates": [ [ 67.77954206, 27.59905163, 0.0 ], [ 67.84418437, 27.66145562, 0.0 ], [ 67.84597087, 27.66195993, 0.0 ], [ 67.85186542, 27.66053377, 0.0 ], [ 67.86494414, 27.65859249, 0.0 ], [ 67.87203013, 27.65904906, 0.0 ], [ 67.87935937, 27.65803978, 0.0 ] ] } },
{ "type": "Feature", "properties": { "name": "Murad Ali Minor", "descriptio": "Unknown Line Type<BR><BR><B>NAME</B> = Merankhori Minor<BR><BR><B>TYPE</B> = Minor<BR><BR><B>NAME</B> = Murad Ali Minor<BR><B>LAYER</B> = Unknown Line Type<BR><BR><B>NAME</B> = Murad Ali Minor<BR><BR><B>TYPE</B> = Minor<BR><B>GM_TYPE</B> = Unknown Line T" }, "geometry": { "type": "LineString", "coordinates": [ [ 67.87935937, 27.65803978, 0.0 ], [ 67.84644102, 27.64384019, 0.0 ] ] } },
{ "type": "Feature", "properties": { "name": "Supra Minor", "descriptio": "Unknown Line Type<BR><BR><B>NAME</B> = Merankhori Minor<BR><BR><B>TYPE</B> = Minor<BR><BR><B>NAME</B> = Supra Minor<BR><B>LAYER</B> = Unknown Line Type<BR><BR><B>NAME</B> = Supra Minor<BR><BR><B>TYPE</B> = Minor<BR><B>GM_TYPE</B> = Unknown Line Type" }, "geometry": { "type": "LineString", "coordinates": [ [ 67.88281527, 27.66990503, 0.0 ], [ 67.87593394, 27.67166094, 0.0 ], [ 67.87270066, 27.67196842, 0.0 ], [ 67.86450057, 27.67375878, 0.0 ] ] } },
{ "type": "Feature", "properties": { "name": "Kamal Minor", "descriptio": "Unknown Line Type<BR><BR><B>NAME</B> = Merankhori Minor<BR><BR><B>TYPE</B> = Minor<BR><BR><B>NAME</B> = Kamal Minor<BR><B>LAYER</B> = Unknown Line Type<BR><BR><B>NAME</B> = Kamal Minor<BR><BR><B>TYPE</B> = Minor<BR><B>GM_TYPE</B> = Unknown Line Type" }, "geometry": { "type": "LineString", "coordinates": [ [ 67.87935937, 27.65803978, 0.0 ], [ 67.87313195, 27.65963155, 0.0 ], [ 67.86998009, 27.65908741, 0.0 ], [ 67.86143656, 27.65942929, 0.0 ], [ 67.85198123, 27.66080313, 0.0 ], [ 67.84662818, 27.66213524, 0.0 ] ] } },
{ "type": "Feature", "properties": { "name": "Mian Jhar Minor", "descriptio": "Unknown Line Type<BR><BR><B>NAME</B> = Merankhori Minor<BR><BR><B>TYPE</B> = Minor<BR><BR><B>NAME</B> = Mian Jhar Minor<BR><B>LAYER</B> = Unknown Line Type<BR><BR><B>NAME</B> = Mian Jhar Minor<BR><BR><B>TYPE</B> = Minor<BR><B>GM_TYPE</B> = Unknown Line T" }, "geometry": { "type": "LineString", "coordinates": [ [ 68.38017363, 26.46944911, 0.0 ], [ 68.37939755, 26.46927377, 0.0 ], [ 68.38401203, 26.45920097, 0.0 ], [ 68.38660304, 26.45538723, 0.0 ], [ 68.3915039, 26.44987419, 0.0 ] ] } },
{ "type": "Feature", "properties": { "name": "Juneja Minor", "descriptio": "Unknown Line Type<BR><BR><B>NAME</B> = Merankhori Minor<BR><BR><B>TYPE</B> = Minor<BR><BR><B>NAME</B> = Juneja Minor<BR><B>LAYER</B> = Unknown Line Type<BR><BR><B>NAME</B> = Juneja Minor<BR><BR><B>TYPE</B> = Minor<BR><B>GM_TYPE</B> = Unknown Line Type" }, "geometry": { "type": "LineString", "coordinates": [ [ 68.24295272, 27.73554397, 0.0 ], [ 68.2428674, 27.73505875, 0.0 ], [ 68.22550693, 27.72205163, 0.0 ], [ 68.18107297, 27.68938078, 0.0 ] ] } },
{ "type": "Feature", "properties": { "name": "Dhoro Khoojan Minor", "descriptio": "Unknown Line Type<BR><BR><B>NAME</B> = Merankhori Minor<BR><BR><B>TYPE</B> = Minor<BR><BR><B>NAME</B> = Dhoro Khoojan Minor<BR><B>LAYER</B> = Unknown Line Type<BR><BR><B>NAME</B> = Dhoro Khoojan Minor<BR><BR><B>TYPE</B> = Minor<BR><B>GM_TYPE</B> = Unknow" }, "geometry": { "type": "LineString", "coordinates": [ [ 68.38017363, 26.46944911, 0.0 ], [ 68.38064127, 26.46949392, 0.0 ], [ 68.38351327, 26.46203812, 0.0 ], [ 68.3849491, 26.45914173, 0.0 ] ] } },
{ "type": "Feature", "properties": { "name": "Kalhora Minor", "descriptio": "Unknown Line Type<BR><BR><B>NAME</B> = Merankhori Minor<BR><BR><B>TYPE</B> = Minor<BR><BR><B>NAME</B> = Kalhora Minor<BR><B>LAYER</B> = Unknown Line Type<BR><BR><B>NAME</B> = Kalhora Minor<BR><BR><B>TYPE</B> = Minor<BR><B>GM_TYPE</B> = Unknown Line Type" }, "geometry": { "type": "LineString", "coordinates": [ [ 67.98649734, 27.85736011, 0.0 ], [ 67.98073274, 27.86245358, 0.0 ], [ 67.95849662, 27.88016493, 0.0 ] ] } },
{ "type": "Feature", "properties": { "name": "Kur Shah Minor", "descriptio": "Unknown Line Type<BR><BR><B>NAME</B> = Merankhori Minor<BR><BR><B>TYPE</B> = Minor<BR><BR><B>NAME</B> = Kur Shah Minor<BR><B>LAYER</B> = Unknown Line Type<BR><BR><B>NAME</B> = Kur Shah Minor<BR><BR><B>TYPE</B> = Minor<BR><B>GM_TYPE</B> = Unknown Line Typ" }, "geometry": { "type": "LineString", "coordinates": [ [ 67.94408368, 27.89248833, 0.0 ], [ 67.92939565, 27.90625231, 0.0 ], [ 67.92161273, 27.91307103, 0.0 ], [ 67.91329432, 27.92003786, 0.0 ], [ 67.90264122, 27.92801212, 0.0 ] ] } },
{ "type": "Feature", "properties": { "name": "Sanjer Minor", "descriptio": "Unknown Line Type<BR><BR><B>NAME</B> = Merankhori Minor<BR><BR><B>TYPE</B> = Minor<BR><BR><B>NAME</B> = Sanjer Minor<BR><B>LAYER</B> = Unknown Line Type<BR><BR><B>NAME</B> = Sanjer Minor<BR><BR><B>TYPE</B> = Minor<BR><B>GM_TYPE</B> = Unknown Line Type" }, "geometry": { "type": "LineString", "coordinates": [ [ 68.0012506, 27.94355045, 0.0 ], [ 67.97321405, 27.94226728, 0.0 ], [ 67.95716575, 27.94220405, 0.0 ], [ 67.92538359, 27.94064087, 0.0 ] ] } },
{ "type": "Feature", "properties": { "name": "Qutub Minor", "descriptio": "Unknown Line Type<BR><BR><B>NAME</B> = Merankhori Minor<BR><BR><B>TYPE</B> = Minor<BR><BR><B>NAME</B> = Qutub Minor<BR><B>LAYER</B> = Unknown Line Type<BR><BR><B>NAME</B> = Qutub Minor<BR><BR><B>TYPE</B> = Minor<BR><B>GM_TYPE</B> = Unknown Line Type" }, "geometry": { "type": "LineString", "coordinates": [ [ 68.2369339, 27.46996459, 0.0 ], [ 68.23733377, 27.46839668, 0.0 ], [ 68.23633473, 27.4680086, 0.0 ], [ 68.23572316, 27.46664363, 0.0 ], [ 68.23592851, 27.46114062, 0.0 ], [ 68.23387902, 27.45791377, 0.0 ] ] } },
{ "type": "Feature", "properties": { "name": "Maqsoodo Minor", "descriptio": "Unknown Line Type<BR><BR><B>NAME</B> = Merankhori Minor<BR><BR><B>TYPE</B> = Minor<BR><BR><B>NAME</B> = Maqsoodo Minor<BR><B>LAYER</B> = Unknown Line Type<BR><BR><B>NAME</B> = Maqsoodo Minor<BR><BR><B>TYPE</B> = Minor<BR><B>GM_TYPE</B> = Unknown Line Typ" }, "geometry": { "type": "LineString", "coordinates": [ [ 68.04071228, 27.94589849, 0.0 ], [ 68.04026682, 27.94701437, 0.0 ], [ 68.03828455, 27.94932036, 0.0 ], [ 68.02710997, 27.96838728, 0.0 ], [ 68.0207445, 27.97750865, 0.0 ], [ 68.02064983, 27.97841966, 0.0 ], [ 68.02002391, 27.97961125, 0.0 ], [ 68.0148482, 27.98803668, 0.0 ] ] } },
{ "type": "Feature", "properties": { "name": "Muhammad Ali Minor", "descriptio": "Unknown Line Type<BR><BR><B>NAME</B> = Merankhori Minor<BR><BR><B>TYPE</B> = Minor<BR><BR><B>NAME</B> = Muhammad Ali Minor<BR><B>LAYER</B> = Unknown Line Type<BR><BR><B>NAME</B> = Muhammad Ali Minor<BR><BR><B>TYPE</B> = Minor<BR><B>GM_TYPE</B> = Unknown" }, "geometry": { "type": "LineString", "coordinates": [ [ 68.09592753, 27.8764593, 0.0 ], [ 68.03399776, 27.87186064, 0.0 ] ] } },
{ "type": "Feature", "properties": { "name": "Bhutta Minor", "descriptio": "Unknown Line Type<BR><BR><B>NAME</B> = Merankhori Minor<BR><BR><B>TYPE</B> = Minor<BR><BR><B>NAME</B> = Bhutta Minor<BR><B>LAYER</B> = Unknown Line Type<BR><BR><B>NAME</B> = Bhutta Minor<BR><BR><B>TYPE</B> = Minor<BR><B>GM_TYPE</B> = Unknown Line Type" }, "geometry": { "type": "LineString", "coordinates": [ [ 68.11334763, 27.86534692, 0.0 ], [ 68.10745186, 27.857112, 0.0 ], [ 68.10969834, 27.83765048, 0.0 ], [ 68.10943611, 27.83601778, 0.0 ], [ 68.08134314, 27.81557021, 0.0 ] ] } },
{ "type": "Feature", "properties": { "name": "Dhingano Minor", "descriptio": "Unknown Line Type<BR><BR><B>NAME</B> = Merankhori Minor<BR><BR><B>TYPE</B> = Minor<BR><BR><B>NAME</B> = Dhingano Minor<BR><B>LAYER</B> = Unknown Line Type<BR><BR><B>NAME</B> = Dhingano Minor<BR><BR><B>TYPE</B> = Minor<BR><B>GM_TYPE</B> = Unknown Line Typ" }, "geometry": { "type": "LineString", "coordinates": [ [ 68.1542461, 27.87487838, 0.0 ], [ 68.14950532, 27.88021002, 0.0 ], [ 68.1485844, 27.88164284, 0.0 ], [ 68.14680836, 27.88857555, 0.0 ], [ 68.14563465, 27.89474808, 0.0 ] ] } },
{ "type": "Feature", "properties": { "name": "Phulwahan Minor", "descriptio": "Unknown Line Type<BR><BR><B>NAME</B> = Merankhori Minor<BR><BR><B>TYPE</B> = Minor<BR><BR><B>NAME</B> = Phulwahan Minor<BR><B>LAYER</B> = Unknown Line Type<BR><BR><B>NAME</B> = Phulwahan Minor<BR><BR><B>TYPE</B> = Minor<BR><B>GM_TYPE</B> = Unknown Line T" }, "geometry": { "type": "LineString", "coordinates": [ [ 68.75120365, 27.64228045, 0.0 ], [ 68.74821183, 27.63192498, 0.0 ], [ 68.74394997, 27.62628213, 0.0 ], [ 68.74130958, 27.62204743, 0.0 ], [ 68.73741841, 27.6170367, 0.0 ], [ 68.73565919, 27.6138881, 0.0 ], [ 68.73286334, 27.61122552, 0.0 ] ] } },
{ "type": "Feature", "properties": { "name": "Sangi Minor", "descriptio": "Unknown Line Type<BR><BR><B>NAME</B> = Merankhori Minor<BR><BR><B>TYPE</B> = Minor<BR><BR><B>NAME</B> = Sangi Minor<BR><B>LAYER</B> = Unknown Line Type<BR><BR><B>NAME</B> = Sangi Minor<BR><BR><B>TYPE</B> = Minor<BR><B>GM_TYPE</B> = Unknown Line Type" }, "geometry": { "type": "LineString", "coordinates": [ [ 69.01659376, 27.73778004, 0.0 ], [ 69.01739708, 27.73610503, 0.0 ], [ 69.00824845, 27.72958942, 0.0 ], [ 69.00571508, 27.72691655, 0.0 ], [ 68.99007072, 27.69991499, 0.0 ], [ 68.99851467, 27.69234074, 0.0 ], [ 69.00441647, 27.68869658, 0.0 ], [ 69.00565313, 27.68701402, 0.0 ], [ 69.01525157, 27.68747885, 0.0 ], [ 69.02111764, 27.68450406, 0.0 ] ] } },
{ "type": "Feature", "properties": { "name": "Rohri Forest Minor", "descriptio": "Unknown Line Type<BR><BR><B>NAME</B> = Merankhori Minor<BR><BR><B>TYPE</B> = Minor<BR><BR><B>NAME</B> = Rohri Forest Minor<BR><B>LAYER</B> = Unknown Line Type<BR><BR><B>NAME</B> = Rohri Forest Minor<BR><BR><B>TYPE</B> = Minor<BR><B>GM_TYPE</B> = Unknown" }, "geometry": { "type": "LineString", "coordinates": [ [ 69.03461948, 27.75861085, 0.0 ], [ 69.03125731, 27.75420165, 0.0 ], [ 69.01780242, 27.74069135, 0.0 ], [ 69.0173073, 27.73866701, 0.0 ], [ 69.01445418, 27.73552573, 0.0 ], [ 69.01095272, 27.73342556, 0.0 ], [ 69.00682711, 27.72954996, 0.0 ], [ 68.97817456, 27.70011743, 0.0 ], [ 68.97600613, 27.69831307, 0.0 ], [ 68.97245509, 27.69649821, 0.0 ], [ 68.97000771, 27.69579333, 0.0 ], [ 68.94522843, 27.69143293, 0.0 ] ] } },
{ "type": "Feature", "properties": { "name": "Bhiro Minor", "descriptio": "Unknown Line Type<BR><BR><B>NAME</B> = Merankhori Minor<BR><BR><B>TYPE</B> = Minor<BR><BR><B>NAME</B> = Bhiro Minor<BR><B>LAYER</B> = Unknown Line Type<BR><BR><B>NAME</B> = Bhiro Minor<BR><BR><B>TYPE</B> = Minor<BR><B>GM_TYPE</B> = Unknown Line Type" }, "geometry": { "type": "LineString", "coordinates": [ [ 68.9805091, 27.66595312, 0.0 ], [ 69.00111557, 27.65521411, 0.0 ], [ 69.00189137, 27.65426232, 0.0 ], [ 69.00256606, 27.6525649, 0.0 ], [ 69.00388963, 27.65120232, 0.0 ], [ 69.00593983, 27.65062494, 0.0 ], [ 69.01039823, 27.6505031, 0.0 ], [ 69.03514763, 27.63791013, 0.0 ] ] } },
{ "type": "Feature", "properties": { "name": "Kotri Minor", "descriptio": "Unknown Line Type<BR><BR><B>NAME</B> = Merankhori Minor<BR><BR><B>TYPE</B> = Minor<BR><BR><B>NAME</B> = Kotri Minor<BR><B>LAYER</B> = Unknown Line Type<BR><BR><B>NAME</B> = Kotri Minor<BR><BR><B>TYPE</B> = Minor<BR><B>GM_TYPE</B> = Unknown Line Type" }, "geometry": { "type": "LineString", "coordinates": [ [ 68.95056849, 27.68349606, 0.0 ], [ 68.95101557, 27.68228585, 0.0 ], [ 68.94972159, 27.67632542, 0.0 ], [ 68.94980836, 27.67563334, 0.0 ], [ 68.95036902, 27.6745045, 0.0 ], [ 68.95162454, 27.67348068, 0.0 ], [ 68.95235982, 27.67236588, 0.0 ], [ 68.95253071, 27.67105267, 0.0 ], [ 68.95339797, 27.67021293, 0.0 ], [ 68.95387401, 27.66871352, 0.0 ], [ 68.95253224, 27.66557784, 0.0 ], [ 68.95218726, 27.66388581, 0.0 ], [ 68.95128019, 27.66277044, 0.0 ], [ 68.95132402, 27.66142469, 0.0 ], [ 68.95024506, 27.65815594, 0.0 ], [ 68.94648733, 27.65480015, 0.0 ], [ 68.94557632, 27.65313813, 0.0 ], [ 68.94825683, 27.65013993, 0.0 ], [ 68.95746104, 27.64293108, 0.0 ] ] } },
{ "type": "Feature", "properties": { "name": "Sangrar Minor", "descriptio": "Unknown Line Type<BR><BR><B>NAME</B> = Merankhori Minor<BR><BR><B>TYPE</B> = Minor<BR><BR><B>NAME</B> = Sangrar Minor<BR><B>LAYER</B> = Unknown Line Type<BR><BR><B>NAME</B> = Sangrar Minor<BR><BR><B>TYPE</B> = Minor<BR><B>GM_TYPE</B> = Unknown Line Type" }, "geometry": { "type": "LineString", "coordinates": [ [ 69.10035302, 27.73966299, 0.0 ], [ 69.10333065, 27.73246751, 0.0 ], [ 69.11205707, 27.71641445, 0.0 ], [ 69.11253188, 27.70535932, 0.0 ], [ 69.11191347, 27.70103256, 0.0 ], [ 69.11024242, 27.69385853, 0.0 ], [ 69.11030412, 27.68801289, 0.0 ], [ 69.10552728, 27.64965082, 0.0 ], [ 69.09763339, 27.62755942, 0.0 ], [ 69.09740832, 27.62624252, 0.0 ], [ 69.09773657, 27.62120779, 0.0 ], [ 69.1006502, 27.6079121, 0.0 ], [ 69.10055318, 27.60726266, 0.0 ], [ 69.09075344, 27.57712921, 0.0 ], [ 69.08482326, 27.55638295, 0.0 ], [ 69.08313905, 27.55427079, 0.0 ], [ 69.08305053, 27.5532936, 0.0 ], [ 69.08663816, 27.54496028, 0.0 ], [ 69.08746424, 27.54128498, 0.0 ], [ 69.09571315, 27.52976401, 0.0 ], [ 69.10334576, 27.52167696, 0.0 ], [ 69.10561534, 27.52122504, 0.0 ], [ 69.11513796, 27.52104328, 0.0 ], [ 69.12846391, 27.51761912, 0.0 ] ] } },
{ "type": "Feature", "properties": { "name": "Raj Wah Minor", "descriptio": "Unknown Line Type<BR><BR><B>NAME</B> = Merankhori Minor<BR><BR><B>TYPE</B> = Minor<BR><BR><B>NAME</B> = Raj Wah Minor<BR><B>LAYER</B> = Unknown Line Type<BR><BR><B>NAME</B> = Raj Wah Minor<BR><BR><B>TYPE</B> = Minor<BR><B>GM_TYPE</B> = Unknown Line Type" }, "geometry": { "type": "LineString", "coordinates": [ [ 68.26674939, 27.7992471, 0.0 ], [ 68.24444087, 27.80272527, 0.0 ] ] } },
{ "type": "Feature", "properties": { "name": "Boosan Minor", "descriptio": "Unknown Line Type<BR><BR><B>NAME</B> = Merankhori Minor<BR><BR><B>TYPE</B> = Minor<BR><BR><B>NAME</B> = Boosan Minor<BR><B>LAYER</B> = Unknown Line Type<BR><BR><B>NAME</B> = Boosan Minor<BR><BR><B>TYPE</B> = Minor<BR><B>GM_TYPE</B> = Unknown Line Type" }, "geometry": { "type": "LineString", "coordinates": [ [ 68.3003765, 27.82121829, 0.0 ], [ 68.29588586, 27.82768339, 0.0 ] ] } },
{ "type": "Feature", "properties": { "name": "Markhiani Minor", "descriptio": "Unknown Line Type<BR><BR><B>NAME</B> = Merankhori Minor<BR><BR><B>TYPE</B> = Minor<BR><BR><B>NAME</B> = Markhiani Minor<BR><B>LAYER</B> = Unknown Line Type<BR><BR><B>NAME</B> = Markhiani Minor<BR><BR><B>TYPE</B> = Minor<BR><B>GM_TYPE</B> = Unknown Line T" }, "geometry": { "type": "LineString", "coordinates": [ [ 68.3411748, 27.88017137, 0.0 ], [ 68.33129199, 27.86393966, 0.0 ] ] } },
{ "type": "Feature", "properties": { "name": "Kur Khairo Minor", "descriptio": "Unknown Line Type<BR><BR><B>NAME</B> = Merankhori Minor<BR><BR><B>TYPE</B> = Minor<BR><BR><B>NAME</B> = Kur Khairo Minor<BR><B>LAYER</B> = Unknown Line Type<BR><BR><B>NAME</B> = Kur Khairo Minor<BR><BR><B>TYPE</B> = Minor<BR><B>GM_TYPE</B> = Unknown Line" }, "geometry": { "type": "LineString", "coordinates": [ [ 68.3179818, 27.82984812, 0.0 ], [ 68.31614797, 27.83169845, 0.0 ], [ 68.31457457, 27.83208415, 0.0 ], [ 68.312796, 27.83304128, 0.0 ], [ 68.31047914, 27.83632117, 0.0 ], [ 68.30886195, 27.84222916, 0.0 ], [ 68.30813373, 27.84314176, 0.0 ], [ 68.30811887, 27.84548339, 0.0 ], [ 68.30710623, 27.84712082, 0.0 ], [ 68.30532774, 27.84725538, 0.0 ], [ 68.30312836, 27.84792597, 0.0 ], [ 68.30171349, 27.84969265, 0.0 ], [ 68.29809004, 27.84970766, 0.0 ], [ 68.29641384, 27.84933603, 0.0 ], [ 68.29458156, 27.84980438, 0.0 ], [ 68.29075089, 27.85196128, 0.0 ], [ 68.28028698, 27.85326973, 0.0 ] ] } },
{ "type": "Feature", "properties": { "name": "Waggan Minor", "descriptio": "Unknown Line Type<BR><BR><B>NAME</B> = Merankhori Minor<BR><BR><B>TYPE</B> = Minor<BR><BR><B>NAME</B> = Waggan Minor<BR><B>LAYER</B> = Unknown Line Type<BR><BR><B>NAME</B> = Waggan Minor<BR><BR><B>TYPE</B> = Minor<BR><B>GM_TYPE</B> = Unknown Line Type" }, "geometry": { "type": "LineString", "coordinates": [ [ 68.39300901, 27.86696001, 0.0 ], [ 68.39424563, 27.8646425, 0.0 ], [ 68.39508297, 27.86089939, 0.0 ], [ 68.39502503, 27.85908621, 0.0 ], [ 68.39368298, 27.85569608, 0.0 ], [ 68.37561119, 27.83218627, 0.0 ] ] } },
{ "type": "Feature", "properties": { "name": "Chandia Minor", "descriptio": "Unknown Line Type<BR><BR><B>NAME</B> = Merankhori Minor<BR><BR><B>TYPE</B> = Minor<BR><BR><B>NAME</B> = Chandia Minor<BR><B>LAYER</B> = Unknown Line Type<BR><BR><B>NAME</B> = Chandia Minor<BR><BR><B>TYPE</B> = Minor<BR><B>GM_TYPE</B> = Unknown Line Type" }, "geometry": { "type": "LineString", "coordinates": [ [ 68.2213137, 27.81214545, 0.0 ], [ 68.19897086, 27.79222274, 0.0 ], [ 68.18579844, 27.78099463, 0.0 ] ] } },
{ "type": "Feature", "properties": { "name": "Mungar Minor", "descriptio": "Unknown Line Type<BR><BR><B>NAME</B> = Merankhori Minor<BR><BR><B>TYPE</B> = Minor<BR><BR><B>NAME</B> = Mungar Minor<BR><B>LAYER</B> = Unknown Line Type<BR><BR><B>NAME</B> = Mungar Minor<BR><BR><B>TYPE</B> = Minor<BR><B>GM_TYPE</B> = Unknown Line Type" }, "geometry": { "type": "LineString", "coordinates": [ [ 68.4301237, 27.88717443, 0.0 ], [ 68.42370926, 27.89117452, 0.0 ], [ 68.42151457, 27.89373033, 0.0 ], [ 68.41858585, 27.89476395, 0.0 ], [ 68.41478316, 27.89543595, 0.0 ], [ 68.41202019, 27.89514251, 0.0 ], [ 68.40932234, 27.8953724, 0.0 ], [ 68.40134121, 27.89719737, 0.0 ], [ 68.39774815, 27.89910618, 0.0 ], [ 68.39595295, 27.89966917, 0.0 ], [ 68.39225965, 27.90209266, 0.0 ], [ 68.39012748, 27.90280283, 0.0 ], [ 68.38864711, 27.90294013, 0.0 ], [ 68.38597988, 27.90148919, 0.0 ], [ 68.38096398, 27.90193363, 0.0 ] ] } },
{ "type": "Feature", "properties": { "name": "Sukkur Wah", "descriptio": "Unknown Line Type<BR><BR><B>NAME</B> = Merankhori Minor<BR><BR><B>TYPE</B> = Minor<BR><BR><B>NAME</B> = Sukkur Wah<BR><B>LAYER</B> = Unknown Line Type<BR><BR><B>NAME</B> = Sukkur Wah<BR><BR><B>TYPE</B> = Minor<BR><B>GM_TYPE</B> = Unknown Line Type" }, "geometry": { "type": "LineString", "coordinates": [ [ 68.14347734, 27.83499968, 0.0 ], [ 68.1409665, 27.83500293, 0.0 ], [ 68.13005664, 27.83658881, 0.0 ], [ 68.12307402, 27.8386582, 0.0 ], [ 68.12189611, 27.83932462, 0.0 ], [ 68.12034496, 27.84351139, 0.0 ] ] } },
{ "type": "Feature", "properties": { "name": "Mangat Minor", "descriptio": "Unknown Line Type<BR><BR><B>NAME</B> = Merankhori Minor<BR><BR><B>TYPE</B> = Minor<BR><BR><B>NAME</B> = Mangat Minor<BR><B>LAYER</B> = Unknown Line Type<BR><BR><B>NAME</B> = Mangat Minor<BR><BR><B>TYPE</B> = Minor<BR><B>GM_TYPE</B> = Unknown Line Type" }, "geometry": { "type": "LineString", "coordinates": [ [ 68.28800477, 27.9260332, 0.0 ], [ 68.28229241, 27.92533398, 0.0 ], [ 68.21285933, 27.92928689, 0.0 ] ] } },
{ "type": "Feature", "properties": { "name": "Changa Minor", "descriptio": "Unknown Line Type<BR><BR><B>NAME</B> = Merankhori Minor<BR><BR><B>TYPE</B> = Minor<BR><BR><B>NAME</B> = Changa Minor<BR><B>LAYER</B> = Unknown Line Type<BR><BR><B>NAME</B> = Changa Minor<BR><BR><B>TYPE</B> = Minor<BR><B>GM_TYPE</B> = Unknown Line Type" }, "geometry": { "type": "LineString", "coordinates": [ [ 68.11914527, 27.81387757, 0.0 ], [ 68.10780165, 27.7823204, 0.0 ], [ 68.10335897, 27.774175, 0.0 ] ] } },
{ "type": "Feature", "properties": { "name": "Arzi Bhutto Minor", "descriptio": "Unknown Line Type<BR><BR><B>NAME</B> = Merankhori Minor<BR><BR><B>TYPE</B> = Minor<BR><BR><B>NAME</B> = Arzi Bhutto Minor<BR><B>LAYER</B> = Unknown Line Type<BR><BR><B>NAME</B> = Arzi Bhutto Minor<BR><BR><B>TYPE</B> = Minor<BR><B>GM_TYPE</B> = Unknown Li" }, "geometry": { "type": "LineString", "coordinates": [ [ 68.17225167, 27.85517158, 0.0 ], [ 68.17264374, 27.85399625, 0.0 ], [ 68.1652961, 27.83616122, 0.0 ], [ 68.1638104, 27.83449196, 0.0 ], [ 68.16274622, 27.8338182, 0.0 ], [ 68.15909654, 27.83299918, 0.0 ] ] } },
{ "type": "Feature", "properties": { "name": "Shinar Minor", "descriptio": "Unknown Line Type<BR><BR><B>NAME</B> = Merankhori Minor<BR><BR><B>TYPE</B> = Minor<BR><BR><B>NAME</B> = Shinar Minor<BR><B>LAYER</B> = Unknown Line Type<BR><BR><B>NAME</B> = Shinar Minor<BR><BR><B>TYPE</B> = Minor<BR><B>GM_TYPE</B> = Unknown Line Type" }, "geometry": { "type": "LineString", "coordinates": [ [ 68.37219819, 26.49065159, 0.0 ], [ 68.4042945, 26.49032054, 0.0 ] ] } },
{ "type": "Feature", "properties": { "name": "Fateh Pur Minor", "descriptio": "Unknown Line Type<BR><BR><B>NAME</B> = Merankhori Minor<BR><BR><B>TYPE</B> = Minor<BR><BR><B>NAME</B> = Fateh Pur Minor<BR><B>LAYER</B> = Unknown Line Type<BR><BR><B>NAME</B> = Fateh Pur Minor<BR><BR><B>TYPE</B> = Minor<BR><B>GM_TYPE</B> = Unknown Line T" }, "geometry": { "type": "LineString", "coordinates": [ [ 68.24033282, 27.90538643, 0.0 ], [ 68.23062343, 27.90483573, 0.0 ], [ 68.22914157, 27.90613474, 0.0 ], [ 68.22771686, 27.90653244, 0.0 ], [ 68.22429634, 27.90908267, 0.0 ], [ 68.21762241, 27.91206519, 0.0 ], [ 68.21593101, 27.91421934, 0.0 ], [ 68.21302079, 27.91636642, 0.0 ], [ 68.20807505, 27.92343946, 0.0 ], [ 68.20551562, 27.92617448, 0.0 ], [ 68.19864975, 27.93938763, 0.0 ] ] } },
{ "type": "Feature", "properties": { "name": "Bado Minor", "descriptio": "Unknown Line Type<BR><BR><B>NAME</B> = Merankhori Minor<BR><BR><B>TYPE</B> = Minor<BR><BR><B>NAME</B> = Bado Minor<BR><B>LAYER</B> = Unknown Line Type<BR><BR><B>NAME</B> = Bado Minor<BR><BR><B>TYPE</B> = Minor<BR><B>GM_TYPE</B> = Unknown Line Type" }, "geometry": { "type": "LineString", "coordinates": [ [ 68.39300909, 27.8669601, 0.0 ], [ 68.39275141, 27.86553964, 0.0 ], [ 68.39187198, 27.86455823, 0.0 ], [ 68.34685007, 27.8374072, 0.0 ] ] } },
{ "type": "Feature", "properties": { "name": "Ammun Minor", "descriptio": "Unknown Line Type<BR><BR><B>NAME</B> = Merankhori Minor<BR><BR><B>TYPE</B> = Minor<BR><BR><B>NAME</B> = Ammun Minor<BR><B>LAYER</B> = Unknown Line Type<BR><BR><B>NAME</B> = Ammun Minor<BR><BR><B>TYPE</B> = Minor<BR><B>GM_TYPE</B> = Unknown Line Type" }, "geometry": { "type": "LineString", "coordinates": [ [ 68.57331824, 27.42319531, 0.0 ], [ 68.57275224, 27.42537563, 0.0 ], [ 68.56958961, 27.42540887, 0.0 ], [ 68.56815727, 27.42633493, 0.0 ], [ 68.56555368, 27.42708548, 0.0 ], [ 68.56353035, 27.4280575, 0.0 ] ] } },
{ "type": "Feature", "properties": { "name": "Ujjan Minor", "descriptio": "Unknown Line Type<BR><BR><B>NAME</B> = Merankhori Minor<BR><BR><B>TYPE</B> = Minor<BR><BR><B>NAME</B> = Ujjan Minor<BR><B>LAYER</B> = Unknown Line Type<BR><BR><B>NAME</B> = Ujjan Minor<BR><BR><B>TYPE</B> = Minor<BR><B>GM_TYPE</B> = Unknown Line Type" }, "geometry": { "type": "LineString", "coordinates": [ [ 68.62413119, 27.4299679, 0.0 ], [ 68.58783708, 27.42690556, 0.0 ], [ 68.57613389, 27.42459049, 0.0 ], [ 68.56725685, 27.42019171, 0.0 ] ] } },
{ "type": "Feature", "properties": { "name": "Nazar Ali Minor", "descriptio": "Unknown Line Type<BR><BR><B>NAME</B> = Merankhori Minor<BR><BR><B>TYPE</B> = Minor<BR><BR><B>NAME</B> = Nazar Ali Minor<BR><B>LAYER</B> = Unknown Line Type<BR><BR><B>NAME</B> = Nazar Ali Minor<BR><BR><B>TYPE</B> = Minor<BR><B>GM_TYPE</B> = Unknown Line T" }, "geometry": { "type": "LineString", "coordinates": [ [ 68.67566795, 27.49895556, 0.0 ], [ 68.66566592, 27.49011959, 0.0 ], [ 68.65498407, 27.49068003, 0.0 ] ] } },
{ "type": "Feature", "properties": { "name": "Mangi Minor", "descriptio": "Unknown Line Type<BR><BR><B>NAME</B> = Merankhori Minor<BR><BR><B>TYPE</B> = Minor<BR><BR><B>NAME</B> = Mangi Minor<BR><B>LAYER</B> = Unknown Line Type<BR><BR><B>NAME</B> = Mangi Minor<BR><BR><B>TYPE</B> = Minor<BR><B>GM_TYPE</B> = Unknown Line Type" }, "geometry": { "type": "LineString", "coordinates": [ [ 68.66710236, 27.46748994, 0.0 ], [ 68.66077817, 27.47005514, 0.0 ], [ 68.65985747, 27.47124171, 0.0 ], [ 68.65862069, 27.475079, 0.0 ], [ 68.65777813, 27.47583575, 0.0 ], [ 68.65660001, 27.47624634, 0.0 ], [ 68.65579096, 27.47563788, 0.0 ], [ 68.65421601, 27.4753668, 0.0 ], [ 68.6529307, 27.47559846, 0.0 ], [ 68.64899115, 27.47445817, 0.0 ], [ 68.64463469, 27.47371149, 0.0 ], [ 68.64023396, 27.47204409, 0.0 ] ] } },
{ "type": "Feature", "properties": { "name": "Ullrah Minor", "descriptio": "Unknown Line Type<BR><BR><B>NAME</B> = Merankhori Minor<BR><BR><B>TYPE</B> = Minor<BR><BR><B>NAME</B> = Ullrah Minor<BR><B>LAYER</B> = Unknown Line Type<BR><BR><B>NAME</B> = Ullrah Minor<BR><BR><B>TYPE</B> = Minor<BR><B>GM_TYPE</B> = Unknown Line Type" }, "geometry": { "type": "LineString", "coordinates": [ [ 68.7039845, 27.63547724, 0.0 ], [ 68.7042006, 27.63832274, 0.0 ], [ 68.70302806, 27.64178265, 0.0 ], [ 68.70293912, 27.64441232, 0.0 ] ] } },
{ "type": "Feature", "properties": { "name": "Old Piryaloi Minor", "descriptio": "Unknown Line Type<BR><BR><B>NAME</B> = Merankhori Minor<BR><BR><B>TYPE</B> = Minor<BR><BR><B>NAME</B> = Old Piryaloi Minor<BR><B>LAYER</B> = Unknown Line Type<BR><BR><B>NAME</B> = Old Piryaloi Minor<BR><BR><B>TYPE</B> = Minor<BR><B>GM_TYPE</B> = Unknown" }, "geometry": { "type": "LineString", "coordinates": [ [ 68.75120542, 27.64227495, 0.0 ], [ 68.75042607, 27.64821961, 0.0 ], [ 68.74903621, 27.64917953, 0.0 ] ] } },
{ "type": "Feature", "properties": { "name": "Danwara Minor", "descriptio": "Unknown Line Type<BR><BR><B>NAME</B> = Merankhori Minor<BR><BR><B>TYPE</B> = Minor<BR><BR><B>NAME</B> = Danwara Minor<BR><B>LAYER</B> = Unknown Line Type<BR><BR><B>NAME</B> = Danwara Minor<BR><BR><B>TYPE</B> = Minor<BR><B>GM_TYPE</B> = Unknown Line Type" }, "geometry": { "type": "LineString", "coordinates": [ [ 68.68979091, 27.49572223, 0.0 ], [ 68.68598105, 27.49564454, 0.0 ], [ 68.6575627, 27.50495203, 0.0 ], [ 68.6518374, 27.50646421, 0.0 ], [ 68.64574657, 27.5127813, 0.0 ], [ 68.63874935, 27.51480652, 0.0 ] ] } },
{ "type": "Feature", "properties": { "name": "Khabar Minor", "descriptio": "Unknown Line Type<BR><BR><B>NAME</B> = Merankhori Minor<BR><BR><B>TYPE</B> = Minor<BR><BR><B>NAME</B> = Khabar Minor<BR><B>LAYER</B> = Unknown Line Type<BR><BR><B>NAME</B> = Khabar Minor<BR><BR><B>TYPE</B> = Minor<BR><B>GM_TYPE</B> = Unknown Line Type" }, "geometry": { "type": "LineString", "coordinates": [ [ 68.83924544, 27.66442651, 0.0 ], [ 68.84101401, 27.66048442, 0.0 ], [ 68.8415864, 27.65297346, 0.0 ], [ 68.84154143, 27.65111507, 0.0 ], [ 68.84025806, 27.64943595, 0.0 ] ] } },
{ "type": "Feature", "properties": { "name": "Qupri Minor", "descriptio": "Unknown Line Type<BR><BR><B>NAME</B> = Merankhori Minor<BR><BR><B>TYPE</B> = Minor<BR><BR><B>NAME</B> = Qupri Minor<BR><B>LAYER</B> = Unknown Line Type<BR><BR><B>NAME</B> = Qupri Minor<BR><BR><B>TYPE</B> = Minor<BR><B>GM_TYPE</B> = Unknown Line Type" }, "geometry": { "type": "LineString", "coordinates": [ [ 68.79766853, 27.64253935, 0.0 ], [ 68.79706283, 27.64068499, 0.0 ], [ 68.79573068, 27.63869653, 0.0 ], [ 68.79553231, 27.63618785, 0.0 ], [ 68.79393069, 27.63365732, 0.0 ], [ 68.79381547, 27.63198673, 0.0 ], [ 68.79268627, 27.62901073, 0.0 ], [ 68.79242497, 27.62401946, 0.0 ], [ 68.79286846, 27.62195843, 0.0 ], [ 68.79392043, 27.62008152, 0.0 ] ] } },
{ "type": "Feature", "properties": { "name": "Salar Minor", "descriptio": "Unknown Line Type<BR><BR><B>NAME</B> = Merankhori Minor<BR><BR><B>TYPE</B> = Minor<BR><BR><B>NAME</B> = Salar Minor<BR><B>LAYER</B> = Unknown Line Type<BR><BR><B>NAME</B> = Salar Minor<BR><BR><B>TYPE</B> = Minor<BR><B>GM_TYPE</B> = Unknown Line Type" }, "geometry": { "type": "LineString", "coordinates": [ [ 68.67436559, 27.63013362, 0.0 ], [ 68.67452784, 27.62289535, 0.0 ], [ 68.67388066, 27.61842611, 0.0 ], [ 68.6725117, 27.61552143, 0.0 ], [ 68.67113836, 27.61413659, 0.0 ], [ 68.66863177, 27.61284074, 0.0 ], [ 68.66754605, 27.61259634, 0.0 ], [ 68.66522253, 27.6110883, 0.0 ], [ 68.66470869, 27.60765335, 0.0 ], [ 68.66472209, 27.60324947, 0.0 ] ] } },
{ "type": "Feature", "properties": { "name": "Phulpota Minor", "descriptio": "Unknown Line Type<BR><BR><B>NAME</B> = Merankhori Minor<BR><BR><B>TYPE</B> = Minor<BR><BR><B>NAME</B> = Phulpota Minor<BR><B>LAYER</B> = Unknown Line Type<BR><BR><B>NAME</B> = Phulpota Minor<BR><BR><B>TYPE</B> = Minor<BR><B>GM_TYPE</B> = Unknown Line Typ" }, "geometry": { "type": "LineString", "coordinates": [ [ 68.71919, 27.59190914, 0.0 ], [ 68.71504377, 27.58772566, 0.0 ], [ 68.71273861, 27.58364046, 0.0 ], [ 68.71012969, 27.58025564, 0.0 ], [ 68.70767463, 27.57627465, 0.0 ], [ 68.70454142, 27.57276505, 0.0 ], [ 68.70305729, 27.5687309, 0.0 ], [ 68.7032503, 27.56740847, 0.0 ], [ 68.70458177, 27.56555719, 0.0 ], [ 68.70508551, 27.56422874, 0.0 ], [ 68.70547149, 27.56195132, 0.0 ] ] } },
{ "type": "Feature", "properties": { "name": "Palh Minor", "descriptio": "Unknown Line Type<BR><BR><B>NAME</B> = Merankhori Minor<BR><BR><B>TYPE</B> = Minor<BR><BR><B>NAME</B> = Palh Minor<BR><B>LAYER</B> = Unknown Line Type<BR><BR><B>NAME</B> = Palh Minor<BR><BR><B>TYPE</B> = Minor<BR><B>GM_TYPE</B> = Unknown Line Type" }, "geometry": { "type": "LineString", "coordinates": [ [ 68.82032408, 27.64252687, 0.0 ], [ 68.82046358, 27.62537411, 0.0 ], [ 68.81311002, 27.58930574, 0.0 ] ] } },
{ "type": "Feature", "properties": { "name": "Pir Maghyo Minor", "descriptio": "Unknown Line Type<BR><BR><B>NAME</B> = Merankhori Minor<BR><BR><B>TYPE</B> = Minor<BR><BR><B>NAME</B> = Pir Maghyo Minor<BR><B>LAYER</B> = Unknown Line Type<BR><BR><B>NAME</B> = Pir Maghyo Minor<BR><BR><B>TYPE</B> = Minor<BR><B>GM_TYPE</B> = Unknown Line" }, "geometry": { "type": "LineString", "coordinates": [ [ 68.76166704, 27.60435824, 0.0 ], [ 68.74393597, 27.59855783, 0.0 ], [ 68.69146652, 27.58454445, 0.0 ], [ 68.67977919, 27.58401037, 0.0 ], [ 68.67837767, 27.58356522, 0.0 ], [ 68.67802027, 27.58287292, 0.0 ], [ 68.67816467, 27.58177606, 0.0 ], [ 68.6825795, 27.56153445, 0.0 ], [ 68.67666286, 27.54857388, 0.0 ], [ 68.67811196, 27.54337161, 0.0 ], [ 68.67850463, 27.53956301, 0.0 ] ] } },
{ "type": "Feature", "properties": { "name": "Babarloi Minor", "descriptio": "Unknown Line Type<BR><BR><B>NAME</B> = Merankhori Minor<BR><BR><B>TYPE</B> = Minor<BR><BR><B>NAME</B> = Babarloi Minor<BR><B>LAYER</B> = Unknown Line Type<BR><BR><B>NAME</B> = Babarloi Minor<BR><BR><B>TYPE</B> = Minor<BR><B>GM_TYPE</B> = Unknown Line Typ" }, "geometry": { "type": "LineString", "coordinates": [ [ 68.83408675, 27.6616206, 0.0 ], [ 68.8300335, 27.65365974, 0.0 ], [ 68.82283421, 27.64601075, 0.0 ], [ 68.81426988, 27.63453845, 0.0 ], [ 68.81076485, 27.62879621, 0.0 ], [ 68.80785127, 27.62543078, 0.0 ], [ 68.80501262, 27.61373228, 0.0 ], [ 68.80333339, 27.60521827, 0.0 ], [ 68.80151422, 27.59979731, 0.0 ], [ 68.80037982, 27.59247203, 0.0 ] ] } },
{ "type": "Feature", "properties": { "name": "Hyder Minor", "descriptio": "Unknown Line Type<BR><BR><B>NAME</B> = Merankhori Minor<BR><BR><B>TYPE</B> = Minor<BR><BR><B>NAME</B> = Hyder Minor<BR><B>LAYER</B> = Unknown Line Type<BR><BR><B>NAME</B> = Hyder Minor<BR><BR><B>TYPE</B> = Minor<BR><B>GM_TYPE</B> = Unknown Line Type" }, "geometry": { "type": "LineString", "coordinates": [ [ 68.68427704, 27.59340365, 0.0 ], [ 68.68518882, 27.59625313, 0.0 ], [ 68.68505315, 27.59773506, 0.0 ], [ 68.68412515, 27.60054136, 0.0 ], [ 68.68421153, 27.60136734, 0.0 ], [ 68.68716287, 27.60485657, 0.0 ], [ 68.68850012, 27.60730352, 0.0 ], [ 68.68917991, 27.61251542, 0.0 ], [ 68.69201288, 27.61803033, 0.0 ], [ 68.69387336, 27.62070512, 0.0 ], [ 68.69586649, 27.62237676, 0.0 ], [ 68.6974457, 27.62475628, 0.0 ], [ 68.69814079, 27.62653111, 0.0 ], [ 68.70014793, 27.62913292, 0.0 ], [ 68.70380194, 27.63293534, 0.0 ], [ 68.7039845, 27.63547724, 0.0 ] ] } },
{ "type": "Feature", "properties": { "name": "Kheraj Minor", "descriptio": "Unknown Line Type<BR><BR><B>NAME</B> = Merankhori Minor<BR><BR><B>TYPE</B> = Minor<BR><BR><B>NAME</B> = Kheraj Minor<BR><B>LAYER</B> = Unknown Line Type<BR><BR><B>NAME</B> = Kheraj Minor<BR><BR><B>TYPE</B> = Minor<BR><B>GM_TYPE</B> = Unknown Line Type" }, "geometry": { "type": "LineString", "coordinates": [ [ 69.15180642, 27.91184079, 0.0 ], [ 69.14407728, 27.91193366, 0.0 ], [ 69.14162888, 27.91346874, 0.0 ], [ 69.13954113, 27.91405175, 0.0 ], [ 69.13531329, 27.91416915, 0.0 ], [ 69.1333083, 27.91408455, 0.0 ], [ 69.13179868, 27.91202149, 0.0 ], [ 69.13132504, 27.91179947, 0.0 ], [ 69.12918085, 27.91180149, 0.0 ], [ 69.11665302, 27.91507803, 0.0 ], [ 69.10831422, 27.91290381, 0.0 ], [ 69.10666906, 27.91209893, 0.0 ], [ 69.10588851, 27.91125907, 0.0 ], [ 69.09928821, 27.90366228, 0.0 ], [ 69.09872997, 27.90216715, 0.0 ], [ 69.09681913, 27.89988855, 0.0 ], [ 69.09343688, 27.89014595, 0.0 ] ] } },
{ "type": "Feature", "properties": { "name": "Junas Minor", "descriptio": "Unknown Line Type<BR><BR><B>NAME</B> = Merankhori Minor<BR><BR><B>TYPE</B> = Minor<BR><BR><B>NAME</B> = Junas Minor<BR><B>LAYER</B> = Unknown Line Type<BR><BR><B>NAME</B> = Junas Minor<BR><BR><B>TYPE</B> = Minor<BR><B>GM_TYPE</B> = Unknown Line Type" }, "geometry": { "type": "LineString", "coordinates": [ [ 69.16623623, 27.75939654, 0.0 ], [ 69.1666038, 27.75866077, 0.0 ], [ 69.16552195, 27.75447944, 0.0 ], [ 69.15569286, 27.73925318, 0.0 ], [ 69.15450003, 27.73496583, 0.0 ], [ 69.15404712, 27.7298099, 0.0 ] ] } },
{ "type": "Feature", "properties": { "name": "Mahesro Minor", "descriptio": "Unknown Line Type<BR><BR><B>NAME</B> = Merankhori Minor<BR><BR><B>TYPE</B> = Minor<BR><BR><B>NAME</B> = Mahesro Minor<BR><B>LAYER</B> = Unknown Line Type<BR><BR><B>NAME</B> = Mahesro Minor<BR><BR><B>TYPE</B> = Minor<BR><B>GM_TYPE</B> = Unknown Line Type" }, "geometry": { "type": "LineString", "coordinates": [ [ 69.1702616, 27.77296419, 0.0 ], [ 69.16695784, 27.76018957, 0.0 ], [ 69.15868967, 27.75191565, 0.0 ], [ 69.13951708, 27.74221592, 0.0 ], [ 69.12984555, 27.738857, 0.0 ] ] } },
{ "type": "Feature", "properties": { "name": "Baiji Minor", "descriptio": "Unknown Line Type<BR><BR><B>NAME</B> = Merankhori Minor<BR><BR><B>TYPE</B> = Minor<BR><BR><B>NAME</B> = Baiji Minor<BR><B>LAYER</B> = Unknown Line Type<BR><BR><B>NAME</B> = Baiji Minor<BR><BR><B>TYPE</B> = Minor<BR><B>GM_TYPE</B> = Unknown Line Type" }, "geometry": { "type": "LineString", "coordinates": [ [ 69.08884059, 27.86229675, 0.0 ], [ 69.08844783, 27.86218581, 0.0 ], [ 69.08791621, 27.86135191, 0.0 ], [ 69.08745646, 27.85894136, 0.0 ], [ 69.08767143, 27.85453184, 0.0 ], [ 69.08711277, 27.84978578, 0.0 ], [ 69.08743253, 27.84707076, 0.0 ], [ 69.08881084, 27.84460948, 0.0 ] ] } },
{ "type": "Feature", "properties": { "name": "Nauraja Minor", "descriptio": "Unknown Line Type<BR><BR><B>NAME</B> = Merankhori Minor<BR><BR><B>TYPE</B> = Minor<BR><BR><B>NAME</B> = Nauraja Minor<BR><B>LAYER</B> = Unknown Line Type<BR><BR><B>NAME</B> = Nauraja Minor<BR><BR><B>TYPE</B> = Minor<BR><B>GM_TYPE</B> = Unknown Line Type" }, "geometry": { "type": "LineString", "coordinates": [ [ 69.08983996, 27.86296617, 0.0 ], [ 69.08806595, 27.86505765, 0.0 ], [ 69.08691403, 27.86574144, 0.0 ], [ 69.07292132, 27.86599558, 0.0 ], [ 69.06504394, 27.86080807, 0.0 ], [ 69.05730856, 27.85761615, 0.0 ], [ 69.05332987, 27.85441328, 0.0 ], [ 69.03942094, 27.84609007, 0.0 ], [ 69.03459768, 27.83144099, 0.0 ], [ 69.032608, 27.82764175, 0.0 ], [ 69.02989678, 27.82074574, 0.0 ], [ 69.03250858, 27.81461327, 0.0 ], [ 69.03289046, 27.8130465, 0.0 ], [ 69.03610332, 27.78788767, 0.0 ] ] } },
{ "type": "Feature", "properties": { "name": "Salhani Minor", "descriptio": "Unknown Line Type<BR><BR><B>NAME</B> = Merankhori Minor<BR><BR><B>TYPE</B> = Minor<BR><BR><B>NAME</B> = Salhani Minor<BR><B>LAYER</B> = Unknown Line Type<BR><BR><B>NAME</B> = Salhani Minor<BR><BR><B>TYPE</B> = Minor<BR><B>GM_TYPE</B> = Unknown Line Type" }, "geometry": { "type": "LineString", "coordinates": [ [ 69.13015751, 27.87805165, 0.0 ], [ 69.13138093, 27.87800221, 0.0 ], [ 69.13343217, 27.87720734, 0.0 ], [ 69.16115778, 27.85097175, 0.0 ], [ 69.16154084, 27.84999951, 0.0 ], [ 69.1614784, 27.84781962, 0.0 ], [ 69.15896627, 27.81371763, 0.0 ], [ 69.1582842, 27.81274436, 0.0 ], [ 69.15718684, 27.81214098, 0.0 ], [ 69.10088336, 27.79092477, 0.0 ] ] } },
{ "type": "Feature", "properties": { "name": "Agro Minor", "descriptio": "Unknown Line Type<BR><BR><B>NAME</B> = Merankhori Minor<BR><BR><B>TYPE</B> = Minor<BR><BR><B>NAME</B> = Agro Minor<BR><B>LAYER</B> = Unknown Line Type<BR><BR><B>NAME</B> = Agro Minor<BR><BR><B>TYPE</B> = Minor<BR><B>GM_TYPE</B> = Unknown Line Type" }, "geometry": { "type": "LineString", "coordinates": [ [ 69.20152922, 27.9212219, 0.0 ], [ 69.19694236, 27.91950168, 0.0 ], [ 69.18728758, 27.91379764, 0.0 ], [ 69.17336003, 27.90459672, 0.0 ], [ 69.17006241, 27.90292956, 0.0 ], [ 69.16497876, 27.89109464, 0.0 ], [ 69.17354899, 27.87350091, 0.0 ] ] } },
{ "type": "Feature", "properties": { "name": "Sabani Minor", "descriptio": "Unknown Line Type<BR><BR><B>NAME</B> = Merankhori Minor<BR><BR><B>TYPE</B> = Minor<BR><BR><B>NAME</B> = Sabani Minor<BR><B>LAYER</B> = Unknown Line Type<BR><BR><B>NAME</B> = Sabani Minor<BR><BR><B>TYPE</B> = Minor<BR><B>GM_TYPE</B> = Unknown Line Type" }, "geometry": { "type": "LineString", "coordinates": [ [ 69.19952147, 27.86667925, 0.0 ], [ 69.19987652, 27.86575912, 0.0 ], [ 69.20750881, 27.85680383, 0.0 ], [ 69.22192272, 27.84052111, 0.0 ], [ 69.22129035, 27.83398359, 0.0 ], [ 69.2267538, 27.8234816, 0.0 ] ] } },
{ "type": "Feature", "properties": { "name": "Chandia Minor", "descriptio": "Unknown Line Type<BR><BR><B>NAME</B> = Merankhori Minor<BR><BR><B>TYPE</B> = Minor<BR><BR><B>NAME</B> = Chandia Minor<BR><B>LAYER</B> = Unknown Line Type<BR><BR><B>NAME</B> = Chandia Minor<BR><BR><B>TYPE</B> = Minor<BR><B>GM_TYPE</B> = Unknown Line Type" }, "geometry": { "type": "LineString", "coordinates": [ [ 68.24263579, 27.73552509, 0.0 ], [ 68.24230364, 27.73520242, 0.0 ], [ 68.22331896, 27.73410246, 0.0 ], [ 68.21935878, 27.73412115, 0.0 ], [ 68.21550485, 27.73432625, 0.0 ], [ 68.18660519, 27.73806615, 0.0 ] ] } },
{ "type": "Feature", "properties": { "name": "Muhabbat Minor", "descriptio": "Unknown Line Type<BR><BR><B>NAME</B> = Merankhori Minor<BR><BR><B>TYPE</B> = Minor<BR><BR><B>NAME</B> = Muhabbat Minor<BR><B>LAYER</B> = Unknown Line Type<BR><BR><B>NAME</B> = Muhabbat Minor<BR><BR><B>TYPE</B> = Minor<BR><B>GM_TYPE</B> = Unknown Line Typ" }, "geometry": { "type": "LineString", "coordinates": [ [ 67.792754, 27.74139913, 0.0 ], [ 67.79955344, 27.73820428, 0.0 ], [ 67.81076528, 27.73382776, 0.0 ], [ 67.81429647, 27.73113315, 0.0 ], [ 67.81922685, 27.72865886, 0.0 ], [ 67.82217912, 27.72681816, 0.0 ], [ 67.82666585, 27.72332634, 0.0 ], [ 67.83038691, 27.72141698, 0.0 ], [ 67.83322195, 27.72102974, 0.0 ], [ 67.83488552, 27.72119185, 0.0 ], [ 67.83663083, 27.72188005, 0.0 ], [ 67.84632568, 27.72812216, 0.0 ], [ 67.84668745, 27.72791616, 0.0 ] ] } },
{ "type": "Feature", "properties": { "name": "Kur Dato Minor", "descriptio": "Unknown Line Type<BR><BR><B>NAME</B> = Merankhori Minor<BR><BR><B>TYPE</B> = Minor<BR><BR><B>NAME</B> = Kur Dato Minor<BR><B>LAYER</B> = Unknown Line Type<BR><BR><B>NAME</B> = Kur Dato Minor<BR><BR><B>TYPE</B> = Minor<BR><B>GM_TYPE</B> = Unknown Line Typ" }, "geometry": { "type": "LineString", "coordinates": [ [ 67.99132279, 27.74213335, 0.0 ], [ 67.9822301, 27.75563039, 0.0 ], [ 67.9798941, 27.75858636, 0.0 ], [ 67.94660785, 27.78721697, 0.0 ], [ 67.94129979, 27.79295132, 0.0 ], [ 67.93941724, 27.79545382, 0.0 ] ] } },
{ "type": "Feature", "properties": { "name": "Pir Bakhash Minor", "descriptio": "Unknown Line Type<BR><BR><B>NAME</B> = Merankhori Minor<BR><BR><B>TYPE</B> = Minor<BR><BR><B>NAME</B> = Pir Bakhash Minor<BR><B>LAYER</B> = Unknown Line Type<BR><BR><B>NAME</B> = Pir Bakhash Minor<BR><BR><B>TYPE</B> = Minor<BR><B>GM_TYPE</B> = Unknown Li" }, "geometry": { "type": "LineString", "coordinates": [ [ 67.99624626, 27.7444765, 0.0 ], [ 68.00153997, 27.72736664, 0.0 ], [ 68.00366282, 27.72319712, 0.0 ] ] } },
{ "type": "Feature", "properties": { "name": "Tharo Minor", "descriptio": "Unknown Line Type<BR><BR><B>NAME</B> = Merankhori Minor<BR><BR><B>TYPE</B> = Minor<BR><BR><B>NAME</B> = Tharo Minor<BR><B>LAYER</B> = Unknown Line Type<BR><BR><B>NAME</B> = Tharo Minor<BR><BR><B>TYPE</B> = Minor<BR><B>GM_TYPE</B> = Unknown Line Type" }, "geometry": { "type": "LineString", "coordinates": [ [ 68.07918062, 27.74760298, 0.0 ], [ 68.07511161, 27.74324115, 0.0 ], [ 68.07354224, 27.74217814, 0.0 ], [ 68.05767406, 27.73440259, 0.0 ] ] } },
{ "type": "Feature", "properties": { "name": "Shah Ali Minor", "descriptio": "Unknown Line Type<BR><BR><B>NAME</B> = Merankhori Minor<BR><BR><B>TYPE</B> = Minor<BR><BR><B>NAME</B> = Shah Ali Minor<BR><B>LAYER</B> = Unknown Line Type<BR><BR><B>NAME</B> = Shah Ali Minor<BR><BR><B>TYPE</B> = Minor<BR><B>GM_TYPE</B> = Unknown Line Typ" }, "geometry": { "type": "LineString", "coordinates": [ [ 68.08643629, 27.74737312, 0.0 ], [ 68.08470103, 27.74039334, 0.0 ], [ 68.08315785, 27.72872894, 0.0 ] ] } },
{ "type": "Feature", "properties": { "name": "Allah Bakhash Minor", "descriptio": "Unknown Line Type<BR><BR><B>NAME</B> = Merankhori Minor<BR><BR><B>TYPE</B> = Minor<BR><BR><B>NAME</B> = Allah Bakhash Minor<BR><B>LAYER</B> = Unknown Line Type<BR><BR><B>NAME</B> = Allah Bakhash Minor<BR><BR><B>TYPE</B> = Minor<BR><B>GM_TYPE</B> = Unknow" }, "geometry": { "type": "LineString", "coordinates": [ [ 68.08643629, 27.74737312, 0.0 ], [ 68.08442098, 27.75032256, 0.0 ], [ 68.08092316, 27.75716233, 0.0 ], [ 68.07768383, 27.76086028, 0.0 ], [ 68.06929932, 27.76776759, 0.0 ], [ 68.06249312, 27.77087072, 0.0 ], [ 68.05842753, 27.77319872, 0.0 ], [ 68.05284079, 27.78248099, 0.0 ], [ 68.03994788, 27.79963206, 0.0 ] ] } },
{ "type": "Feature", "properties": { "name": "Qaim Minor", "descriptio": "Unknown Line Type<BR><BR><B>NAME</B> = Merankhori Minor<BR><BR><B>TYPE</B> = Minor<BR><BR><B>NAME</B> = Qaim Minor<BR><B>LAYER</B> = Unknown Line Type<BR><BR><B>NAME</B> = Qaim Minor<BR><BR><B>TYPE</B> = Minor<BR><B>GM_TYPE</B> = Unknown Line Type" }, "geometry": { "type": "LineString", "coordinates": [ [ 67.89381836, 27.69159264, 0.0 ], [ 67.89301024, 27.69250654, 0.0 ], [ 67.87708217, 27.68413444, 0.0 ] ] } },
{ "type": "Feature", "properties": { "name": "Butti Branch", "descriptio": "Unknown Line Type<BR><BR><B>NAME</B> = Merankhori Minor<BR><BR><B>TYPE</B> = Minor<BR><BR><B>NAME</B> = Butti Branch<BR><B>LAYER</B> = Unknown Line Type<BR><BR><B>NAME</B> = Butti Branch<BR><BR><B>TYPE</B> = Minor<BR><B>GM_TYPE</B> = Unknown Line Type" }, "geometry": { "type": "LineString", "coordinates": [ [ 67.95916189, 27.72571497, 0.0 ], [ 67.95877322, 27.72500657, 0.0 ], [ 67.95498273, 27.72315477, 0.0 ] ] } },
{ "type": "Feature", "properties": { "name": "Ahmed Minor", "descriptio": "Unknown Line Type<BR><BR><B>NAME</B> = Merankhori Minor<BR><BR><B>TYPE</B> = Minor<BR><BR><B>NAME</B> = Ahmed Minor<BR><B>LAYER</B> = Unknown Line Type<BR><BR><B>NAME</B> = Ahmed Minor<BR><BR><B>TYPE</B> = Minor<BR><B>GM_TYPE</B> = Unknown Line Type" }, "geometry": { "type": "LineString", "coordinates": [ [ 68.17749993, 27.70377784, 0.0 ], [ 68.16290987, 27.69068114, 0.0 ], [ 68.15979518, 27.68874847, 0.0 ], [ 68.15451882, 27.68698386, 0.0 ], [ 68.14196326, 27.68572172, 0.0 ] ] } },
{ "type": "Feature", "properties": { "name": "Kado Minor", "descriptio": "Unknown Line Type<BR><BR><B>NAME</B> = Merankhori Minor<BR><BR><B>TYPE</B> = Minor<BR><BR><B>NAME</B> = Kado Minor<BR><B>LAYER</B> = Unknown Line Type<BR><BR><B>NAME</B> = Kado Minor<BR><BR><B>TYPE</B> = Minor<BR><B>GM_TYPE</B> = Unknown Line Type" }, "geometry": { "type": "LineString", "coordinates": [ [ 68.26405642, 27.73690117, 0.0 ], [ 68.26094502, 27.73243101, 0.0 ], [ 68.25903013, 27.73083727, 0.0 ], [ 68.25183478, 27.72962281, 0.0 ] ] } },
{ "type": "Feature", "properties": { "name": "Zanghaja Minor", "descriptio": "Unknown Line Type<BR><BR><B>NAME</B> = Merankhori Minor<BR><BR><B>TYPE</B> = Minor<BR><BR><B>NAME</B> = Zanghaja Minor<BR><B>LAYER</B> = Unknown Line Type<BR><BR><B>NAME</B> = Zanghaja Minor<BR><BR><B>TYPE</B> = Minor<BR><B>GM_TYPE</B> = Unknown Line Typ" }, "geometry": { "type": "LineString", "coordinates": [ [ 68.28122635, 27.73830472, 0.0 ], [ 68.28185675, 27.74340482, 0.0 ], [ 68.28152083, 27.74590509, 0.0 ], [ 68.27999828, 27.74940291, 0.0 ], [ 68.27828132, 27.75526496, 0.0 ] ] } },
{ "type": "Feature", "properties": { "name": "Gundera Minor", "descriptio": "Unknown Line Type<BR><BR><B>NAME</B> = Merankhori Minor<BR><BR><B>TYPE</B> = Minor<BR><BR><B>NAME</B> = Gundera Minor<BR><B>LAYER</B> = Unknown Line Type<BR><BR><B>NAME</B> = Gundera Minor<BR><BR><B>TYPE</B> = Minor<BR><B>GM_TYPE</B> = Unknown Line Type" }, "geometry": { "type": "LineString", "coordinates": [ [ 68.80830525, 27.47255057, 0.0 ], [ 68.81174562, 27.46372518, 0.0 ], [ 68.81970354, 27.45575985, 0.0 ], [ 68.81982187, 27.45416779, 0.0 ], [ 68.81848729, 27.44085726, 0.0 ] ] } },
{ "type": "Feature", "properties": { "name": "M Bhutto Minor", "descriptio": "Unknown Line Type<BR><BR><B>NAME</B> = Merankhori Minor<BR><BR><B>TYPE</B> = Minor<BR><BR><B>NAME</B> = M Bhutto Minor<BR><B>LAYER</B> = Unknown Line Type<BR><BR><B>NAME</B> = M Bhutto Minor<BR><BR><B>TYPE</B> = Minor<BR><B>GM_TYPE</B> = Unknown Line Typ" }, "geometry": { "type": "LineString", "coordinates": [ [ 68.3233051, 27.74045145, 0.0 ], [ 68.32264577, 27.7418562, 0.0 ], [ 68.32054608, 27.74413222, 0.0 ], [ 68.31664835, 27.75146965, 0.0 ], [ 68.31631568, 27.75232542, 0.0 ], [ 68.3161361, 27.75587756, 0.0 ], [ 68.31411034, 27.75658722, 0.0 ], [ 68.3005416, 27.7841074, 0.0 ] ] } },
{ "type": "Feature", "properties": { "name": "Taib Minor", "descriptio": "Unknown Line Type<BR><BR><B>NAME</B> = Merankhori Minor<BR><BR><B>TYPE</B> = Minor<BR><BR><B>NAME</B> = Taib Minor<BR><B>LAYER</B> = Unknown Line Type<BR><BR><B>NAME</B> = Taib Minor<BR><BR><B>TYPE</B> = Minor<BR><B>GM_TYPE</B> = Unknown Line Type" }, "geometry": { "type": "LineString", "coordinates": [ [ 68.32668147, 27.78307882, 0.0 ], [ 68.32384779, 27.78572188, 0.0 ], [ 68.32179696, 27.79049645, 0.0 ], [ 68.31762826, 27.7914198, 0.0 ], [ 68.31515246, 27.79011097, 0.0 ], [ 68.31357048, 27.78881339, 0.0 ], [ 68.3136237, 27.78760191, 0.0 ] ] } },
{ "type": "Feature", "properties": { "name": "Faiz Minor", "descriptio": "Unknown Line Type<BR><BR><B>NAME</B> = Merankhori Minor<BR><BR><B>TYPE</B> = Minor<BR><BR><B>NAME</B> = Faiz Minor<BR><B>LAYER</B> = Unknown Line Type<BR><BR><B>NAME</B> = Faiz Minor<BR><BR><B>TYPE</B> = Minor<BR><B>GM_TYPE</B> = Unknown Line Type" }, "geometry": { "type": "LineString", "coordinates": [ [ 68.42327807, 27.77635982, 0.0 ], [ 68.4164151, 27.77996775, 0.0 ], [ 68.39862447, 27.77721751, 0.0 ], [ 68.39475887, 27.77585358, 0.0 ], [ 68.39242638, 27.77574326, 0.0 ], [ 68.38643416, 27.77643323, 0.0 ], [ 68.38310914, 27.77592871, 0.0 ], [ 68.38182559, 27.77608995, 0.0 ] ] } },
{ "type": "Feature", "properties": { "name": "Bakhsho Minor", "descriptio": "Unknown Line Type<BR><BR><B>NAME</B> = Merankhori Minor<BR><BR><B>TYPE</B> = Minor<BR><BR><B>NAME</B> = Bakhsho Minor<BR><B>LAYER</B> = Unknown Line Type<BR><BR><B>NAME</B> = Bakhsho Minor<BR><BR><B>TYPE</B> = Minor<BR><B>GM_TYPE</B> = Unknown Line Type" }, "geometry": { "type": "LineString", "coordinates": [ [ 68.42327807, 27.77635982, 0.0 ], [ 68.41602008, 27.809502, 0.0 ], [ 68.41506539, 27.81439128, 0.0 ], [ 68.4150976, 27.81580254, 0.0 ], [ 68.41423187, 27.81890263, 0.0 ] ] } },
{ "type": "Feature", "properties": { "name": "Palejo Minor", "descriptio": "Unknown Line Type<BR><BR><B>NAME</B> = Merankhori Minor<BR><BR><B>TYPE</B> = Minor<BR><BR><B>NAME</B> = Palejo Minor<BR><B>LAYER</B> = Unknown Line Type<BR><BR><B>NAME</B> = Palejo Minor<BR><BR><B>TYPE</B> = Minor<BR><B>GM_TYPE</B> = Unknown Line Type" }, "geometry": { "type": "LineString", "coordinates": [ [ 68.47349774, 27.77235776, 0.0 ], [ 68.47352948, 27.76087639, 0.0 ] ] } },
{ "type": "Feature", "properties": { "name": "Kalhora Minor", "descriptio": "Unknown Line Type<BR><BR><B>NAME</B> = Merankhori Minor<BR><BR><B>TYPE</B> = Minor<BR><BR><B>NAME</B> = Kalhora Minor<BR><B>LAYER</B> = Unknown Line Type<BR><BR><B>NAME</B> = Kalhora Minor<BR><BR><B>TYPE</B> = Minor<BR><B>GM_TYPE</B> = Unknown Line Type" }, "geometry": { "type": "LineString", "coordinates": [ [ 68.57677069, 27.801529, 0.0 ], [ 68.57578093, 27.80347946, 0.0 ], [ 68.57305547, 27.80676477, 0.0 ], [ 68.57395114, 27.81086279, 0.0 ], [ 68.57315052, 27.81191758, 0.0 ], [ 68.57221006, 27.8156471, 0.0 ] ] } },
{ "type": "Feature", "properties": { "name": "Sadhayo Minor", "descriptio": "Unknown Line Type<BR><BR><B>NAME</B> = Merankhori Minor<BR><BR><B>TYPE</B> = Minor<BR><BR><B>NAME</B> = Sadhayo Minor<BR><B>LAYER</B> = Unknown Line Type<BR><BR><B>NAME</B> = Sadhayo Minor<BR><BR><B>TYPE</B> = Minor<BR><B>GM_TYPE</B> = Unknown Line Type" }, "geometry": { "type": "LineString", "coordinates": [ [ 68.38788926, 27.74487424, 0.0 ], [ 68.37224748, 27.75155005, 0.0 ], [ 68.36742218, 27.75298036, 0.0 ], [ 68.36383901, 27.75319461, 0.0 ], [ 68.35147275, 27.75228707, 0.0 ] ] } },
{ "type": "Feature", "properties": { "name": "Dhadhra Minor", "descriptio": "Unknown Line Type<BR><BR><B>NAME</B> = Merankhori Minor<BR><BR><B>TYPE</B> = Minor<BR><BR><B>NAME</B> = Dhadhra Minor<BR><B>LAYER</B> = Unknown Line Type<BR><BR><B>NAME</B> = Dhadhra Minor<BR><BR><B>TYPE</B> = Minor<BR><B>GM_TYPE</B> = Unknown Line Type" }, "geometry": { "type": "LineString", "coordinates": [ [ 68.18839975, 27.46738322, 0.0 ], [ 68.18393793, 27.48243416, 0.0 ] ] } },
{ "type": "Feature", "properties": { "name": "Pirsher Minor", "descriptio": "Unknown Line Type<BR><BR><B>NAME</B> = Merankhori Minor<BR><BR><B>TYPE</B> = Minor<BR><BR><B>NAME</B> = Pirsher Minor<BR><B>LAYER</B> = Unknown Line Type<BR><BR><B>NAME</B> = Pirsher Minor<BR><BR><B>TYPE</B> = Minor<BR><B>GM_TYPE</B> = Unknown Line Type" }, "geometry": { "type": "LineString", "coordinates": [ [ 68.2564627, 27.55451981, 0.0 ], [ 68.25607623, 27.55429977, 0.0 ], [ 68.25204207, 27.53233577, 0.0 ] ] } },
{ "type": "Feature", "properties": { "name": "Dandano Minor", "descriptio": "Unknown Line Type<BR><BR><B>NAME</B> = Merankhori Minor<BR><BR><B>TYPE</B> = Minor<BR><BR><B>NAME</B> = Dandano Minor<BR><B>LAYER</B> = Unknown Line Type<BR><BR><B>NAME</B> = Dandano Minor<BR><BR><B>TYPE</B> = Minor<BR><B>GM_TYPE</B> = Unknown Line Type" }, "geometry": { "type": "LineString", "coordinates": [ [ 68.24988262, 27.55044233, 0.0 ], [ 68.24255595, 27.54573879, 0.0 ], [ 68.23880628, 27.54584792, 0.0 ], [ 68.23576732, 27.54471216, 0.0 ], [ 68.23295381, 27.54444286, 0.0 ], [ 68.2297823, 27.54291697, 0.0 ], [ 68.22717061, 27.5421843, 0.0 ], [ 68.22630815, 27.54104589, 0.0 ], [ 68.22631608, 27.53956736, 0.0 ], [ 68.22695815, 27.53759099, 0.0 ], [ 68.22665151, 27.53494298, 0.0 ] ] } },
{ "type": "Feature", "properties": { "name": "Larkana Minor", "descriptio": "Unknown Line Type<BR><BR><B>NAME</B> = Merankhori Minor<BR><BR><B>TYPE</B> = Minor<BR><BR><B>NAME</B> = Larkana Minor<BR><B>LAYER</B> = Unknown Line Type<BR><BR><B>NAME</B> = Larkana Minor<BR><BR><B>TYPE</B> = Minor<BR><B>GM_TYPE</B> = Unknown Line Type" }, "geometry": { "type": "LineString", "coordinates": [ [ 68.2565108, 27.55474327, 0.0 ], [ 68.25383202, 27.55458775, 0.0 ], [ 68.25266426, 27.55417785, 0.0 ], [ 68.25209097, 27.55352537, 0.0 ], [ 68.25165923, 27.55143516, 0.0 ], [ 68.2504099, 27.5503393, 0.0 ], [ 68.24988262, 27.55044233, 0.0 ], [ 68.2488836, 27.55203591, 0.0 ], [ 68.24900605, 27.55537397, 0.0 ], [ 68.24866276, 27.55643144, 0.0 ], [ 68.24793068, 27.55716975, 0.0 ], [ 68.24712112, 27.55704352, 0.0 ], [ 68.24628115, 27.55596591, 0.0 ], [ 68.24315766, 27.55502237, 0.0 ], [ 68.24149796, 27.55389036, 0.0 ], [ 68.23608429, 27.55354183, 0.0 ], [ 68.23276449, 27.55485066, 0.0 ] ] } },
{ "type": "Feature", "properties": { "name": "Palija Minor", "descriptio": "Unknown Line Type<BR><BR><B>NAME</B> = Merankhori Minor<BR><BR><B>TYPE</B> = Minor<BR><BR><B>NAME</B> = Palija Minor<BR><B>LAYER</B> = Unknown Line Type<BR><BR><B>NAME</B> = Palija Minor<BR><BR><B>TYPE</B> = Minor<BR><B>GM_TYPE</B> = Unknown Line Type" }, "geometry": { "type": "LineString", "coordinates": [ [ 68.25131423, 27.52901123, 0.0 ], [ 68.25145744, 27.52742042, 0.0 ], [ 68.24766961, 27.50586687, 0.0 ], [ 68.24567874, 27.50335156, 0.0 ], [ 68.24332986, 27.49948928, 0.0 ], [ 68.24352104, 27.49625073, 0.0 ] ] } },
{ "type": "Feature", "properties": { "name": "Arija Minor", "descriptio": "Unknown Line Type<BR><BR><B>NAME</B> = Merankhori Minor<BR><BR><B>TYPE</B> = Minor<BR><BR><B>NAME</B> = Arija Minor<BR><B>LAYER</B> = Unknown Line Type<BR><BR><B>NAME</B> = Arija Minor<BR><BR><B>TYPE</B> = Minor<BR><B>GM_TYPE</B> = Unknown Line Type" }, "geometry": { "type": "LineString", "coordinates": [ [ 68.15937713, 27.43658046, 0.0 ], [ 68.16323065, 27.43237045, 0.0 ], [ 68.1643769, 27.43189933, 0.0 ], [ 68.16583488, 27.43189723, 0.0 ], [ 68.17681699, 27.42933615, 0.0 ], [ 68.1785798, 27.42831672, 0.0 ], [ 68.1810379, 27.42765976, 0.0 ], [ 68.18198349, 27.42529698, 0.0 ], [ 68.18548507, 27.42065418, 0.0 ] ] } },
{ "type": "Feature", "properties": { "name": "Hazaro Minor", "descriptio": "Unknown Line Type<BR><BR><B>NAME</B> = Merankhori Minor<BR><BR><B>TYPE</B> = Minor<BR><BR><B>NAME</B> = Hazaro Minor<BR><B>LAYER</B> = Unknown Line Type<BR><BR><B>NAME</B> = Hazaro Minor<BR><BR><B>TYPE</B> = Minor<BR><B>GM_TYPE</B> = Unknown Line Type" }, "geometry": { "type": "LineString", "coordinates": [ [ 68.2429197, 27.52059216, 0.0 ], [ 68.24109425, 27.52200402, 0.0 ], [ 68.23741237, 27.52286009, 0.0 ], [ 68.23588549, 27.52289467, 0.0 ], [ 68.22684475, 27.51488979, 0.0 ], [ 68.22505719, 27.51035611, 0.0 ], [ 68.22338092, 27.50888606, 0.0 ] ] } },
{ "type": "Feature", "properties": { "name": "Nabi Bux Minor", "descriptio": "Unknown Line Type<BR><BR><B>NAME</B> = Merankhori Minor<BR><BR><B>TYPE</B> = Minor<BR><BR><B>NAME</B> = Nabi Bux Minor<BR><B>LAYER</B> = Unknown Line Type<BR><BR><B>NAME</B> = Nabi Bux Minor<BR><BR><B>TYPE</B> = Minor<BR><B>GM_TYPE</B> = Unknown Line Typ" }, "geometry": { "type": "LineString", "coordinates": [ [ 68.21959794, 27.4715944, 0.0 ], [ 68.21500823, 27.47654968, 0.0 ], [ 68.21220681, 27.47869325, 0.0 ], [ 68.21186751, 27.47991592, 0.0 ], [ 68.20904789, 27.48383917, 0.0 ], [ 68.20732587, 27.48718764, 0.0 ], [ 68.20625649, 27.49301688, 0.0 ], [ 68.20468825, 27.49340406, 0.0 ], [ 68.20437466, 27.49400509, 0.0 ], [ 68.20301675, 27.49479888, 0.0 ], [ 68.19766367, 27.49566644, 0.0 ], [ 68.19723031, 27.49650062, 0.0 ] ] } },
{ "type": "Feature", "properties": { "name": "Kania Minor", "descriptio": "Unknown Line Type<BR><BR><B>NAME</B> = Merankhori Minor<BR><BR><B>TYPE</B> = Minor<BR><BR><B>NAME</B> = Kania Minor<BR><B>LAYER</B> = Unknown Line Type<BR><BR><B>NAME</B> = Kania Minor<BR><BR><B>TYPE</B> = Minor<BR><B>GM_TYPE</B> = Unknown Line Type" }, "geometry": { "type": "LineString", "coordinates": [ [ 68.1826904, 27.4528487, 0.0 ], [ 68.17409024, 27.46130066, 0.0 ], [ 68.17040425, 27.46169853, 0.0 ], [ 68.16829849, 27.4626213, 0.0 ], [ 68.1648781, 27.46662282, 0.0 ], [ 68.16452501, 27.46771876, 0.0 ] ] } },
{ "type": "Feature", "properties": { "name": "Dooka Minor", "descriptio": "Unknown Line Type<BR><BR><B>NAME</B> = Merankhori Minor<BR><BR><B>TYPE</B> = Minor<BR><BR><B>NAME</B> = Dooka Minor<BR><B>LAYER</B> = Unknown Line Type<BR><BR><B>NAME</B> = Dooka Minor<BR><BR><B>TYPE</B> = Minor<BR><B>GM_TYPE</B> = Unknown Line Type" }, "geometry": { "type": "LineString", "coordinates": [ [ 68.18514149, 27.45381779, 0.0 ], [ 68.17980596, 27.46235379, 0.0 ], [ 68.17754281, 27.46445506, 0.0 ], [ 68.17635807, 27.46683272, 0.0 ], [ 68.17599113, 27.46851554, 0.0 ] ] } },
{ "type": "Feature", "properties": { "name": "Moosa Minor", "descriptio": "Unknown Line Type<BR><BR><B>NAME</B> = Merankhori Minor<BR><BR><B>TYPE</B> = Minor<BR><BR><B>NAME</B> = Moosa Minor<BR><B>LAYER</B> = Unknown Line Type<BR><BR><B>NAME</B> = Moosa Minor<BR><BR><B>TYPE</B> = Minor<BR><B>GM_TYPE</B> = Unknown Line Type" }, "geometry": { "type": "LineString", "coordinates": [ [ 68.15911201, 27.4364349, 0.0 ], [ 68.16102053, 27.43372463, 0.0 ], [ 68.15732844, 27.41668008, 0.0 ], [ 68.15628824, 27.41429941, 0.0 ], [ 68.15360397, 27.41095467, 0.0 ], [ 68.15124614, 27.40521969, 0.0 ], [ 68.15238906, 27.40156935, 0.0 ], [ 68.15372709, 27.39969878, 0.0 ], [ 68.15413702, 27.39831755, 0.0 ], [ 68.15450918, 27.39785399, 0.0 ], [ 68.1552156, 27.39770871, 0.0 ] ] } },
{ "type": "Feature", "properties": { "name": "Pathan Minor", "descriptio": "Unknown Line Type<BR><BR><B>NAME</B> = Merankhori Minor<BR><BR><B>TYPE</B> = Minor<BR><BR><B>NAME</B> = Pathan Minor<BR><B>LAYER</B> = Unknown Line Type<BR><BR><B>NAME</B> = Pathan Minor<BR><BR><B>TYPE</B> = Minor<BR><B>GM_TYPE</B> = Unknown Line Type" }, "geometry": { "type": "LineString", "coordinates": [ [ 68.15882848, 27.43627443, 0.0 ], [ 68.15732826, 27.43801841, 0.0 ] ] } },
{ "type": "Feature", "properties": { "name": "Phul Minor", "descriptio": "Unknown Line Type<BR><BR><B>NAME</B> = Merankhori Minor<BR><BR><B>TYPE</B> = Minor<BR><BR><B>NAME</B> = Phul Minor<BR><B>LAYER</B> = Unknown Line Type<BR><BR><B>NAME</B> = Phul Minor<BR><BR><B>TYPE</B> = Minor<BR><B>GM_TYPE</B> = Unknown Line Type" }, "geometry": { "type": "LineString", "coordinates": [ [ 68.25634397, 27.5537214, 0.0 ], [ 68.26573025, 27.55074376, 0.0 ], [ 68.26651889, 27.55013084, 0.0 ], [ 68.26765894, 27.54676253, 0.0 ], [ 68.26723759, 27.5450292, 0.0 ], [ 68.26755817, 27.54100293, 0.0 ], [ 68.26419464, 27.53800598, 0.0 ] ] } },
{ "type": "Feature", "properties": { "name": "Fatih Minor", "descriptio": "Unknown Line Type<BR><BR><B>NAME</B> = Merankhori Minor<BR><BR><B>TYPE</B> = Minor<BR><BR><B>NAME</B> = Fatih Minor<BR><B>LAYER</B> = Unknown Line Type<BR><BR><B>NAME</B> = Fatih Minor<BR><BR><B>TYPE</B> = Minor<BR><B>GM_TYPE</B> = Unknown Line Type" }, "geometry": { "type": "LineString", "coordinates": [ [ 68.26682802, 27.57559407, 0.0 ], [ 68.24517803, 27.56348465, 0.0 ], [ 68.24089065, 27.56318492, 0.0 ] ] } },
{ "type": "Feature", "properties": { "name": "Ghangro Minor", "descriptio": "Unknown Line Type<BR><BR><B>NAME</B> = Merankhori Minor<BR><BR><B>TYPE</B> = Minor<BR><BR><B>NAME</B> = Ghangro Minor<BR><B>LAYER</B> = Unknown Line Type<BR><BR><B>NAME</B> = Ghangro Minor<BR><BR><B>TYPE</B> = Minor<BR><B>GM_TYPE</B> = Unknown Line Type" }, "geometry": { "type": "LineString", "coordinates": [ [ 68.26746845, 27.58441563, 0.0 ], [ 68.27047186, 27.58391815, 0.0 ], [ 68.27403048, 27.58263152, 0.0 ] ] } },
{ "type": "Feature", "properties": { "name": "Maso Hub Minor", "descriptio": "Unknown Line Type<BR><BR><B>NAME</B> = Merankhori Minor<BR><BR><B>TYPE</B> = Minor<BR><BR><B>NAME</B> = Maso Hub Minor<BR><B>LAYER</B> = Unknown Line Type<BR><BR><B>NAME</B> = Maso Hub Minor<BR><BR><B>TYPE</B> = Minor<BR><B>GM_TYPE</B> = Unknown Line Typ" }, "geometry": { "type": "LineString", "coordinates": [ [ 68.26895401, 27.59579062, 0.0 ], [ 68.26744564, 27.59586814, 0.0 ], [ 68.25610718, 27.58880077, 0.0 ] ] } },
{ "type": "Feature", "properties": { "name": "Samtia Minor", "descriptio": "Unknown Line Type<BR><BR><B>NAME</B> = Merankhori Minor<BR><BR><B>TYPE</B> = Minor<BR><BR><B>NAME</B> = Samtia Minor<BR><B>LAYER</B> = Unknown Line Type<BR><BR><B>NAME</B> = Samtia Minor<BR><BR><B>TYPE</B> = Minor<BR><B>GM_TYPE</B> = Unknown Line Type" }, "geometry": { "type": "LineString", "coordinates": [ [ 68.26955064, 27.59755736, 0.0 ], [ 68.2719062, 27.59675599, 0.0 ], [ 68.27494846, 27.59808333, 0.0 ] ] } },
{ "type": "Feature", "properties": { "name": "Mohatta Minor", "descriptio": "Unknown Line Type<BR><BR><B>NAME</B> = Merankhori Minor<BR><BR><B>TYPE</B> = Minor<BR><BR><B>NAME</B> = Mohatta Minor<BR><B>LAYER</B> = Unknown Line Type<BR><BR><B>NAME</B> = Mohatta Minor<BR><BR><B>TYPE</B> = Minor<BR><B>GM_TYPE</B> = Unknown Line Type" }, "geometry": { "type": "LineString", "coordinates": [ [ 68.30345007, 27.6232685, 0.0 ], [ 68.30287921, 27.62348866, 0.0 ], [ 68.286431, 27.61474293, 0.0 ] ] } },
{ "type": "Feature", "properties": { "name": "Agani Minor", "descriptio": "Unknown Line Type<BR><BR><B>NAME</B> = Merankhori Minor<BR><BR><B>TYPE</B> = Minor<BR><BR><B>NAME</B> = Agani Minor<BR><B>LAYER</B> = Unknown Line Type<BR><BR><B>NAME</B> = Agani Minor<BR><BR><B>TYPE</B> = Minor<BR><B>GM_TYPE</B> = Unknown Line Type" }, "geometry": { "type": "LineString", "coordinates": [ [ 68.30951321, 27.62652979, 0.0 ], [ 68.30956866, 27.62383331, 0.0 ], [ 68.31013074, 27.621904, 0.0 ], [ 68.31296242, 27.61937167, 0.0 ], [ 68.31739954, 27.61761074, 0.0 ], [ 68.32175318, 27.6175765, 0.0 ], [ 68.3242408, 27.61791346, 0.0 ] ] } },
{ "type": "Feature", "properties": { "name": "Khairpur Minor", "descriptio": "Unknown Line Type<BR><BR><B>NAME</B> = Merankhori Minor<BR><BR><B>TYPE</B> = Minor<BR><BR><B>NAME</B> = Khairpur Minor<BR><B>LAYER</B> = Unknown Line Type<BR><BR><B>NAME</B> = Khairpur Minor<BR><BR><B>TYPE</B> = Minor<BR><B>GM_TYPE</B> = Unknown Line Typ" }, "geometry": { "type": "LineString", "coordinates": [ [ 68.79567598, 27.56595607, 0.0 ], [ 68.79134453, 27.56393746, 0.0 ], [ 68.78642039, 27.56013049, 0.0 ], [ 68.78115372, 27.55784043, 0.0 ], [ 68.76850805, 27.54928631, 0.0 ] ] } },
{ "type": "Feature", "properties": { "name": "Dinal Minor", "descriptio": "Unknown Line Type<BR><BR><B>NAME</B> = Merankhori Minor<BR><BR><B>TYPE</B> = Minor<BR><BR><B>NAME</B> = Dinal Minor<BR><B>LAYER</B> = Unknown Line Type<BR><BR><B>NAME</B> = Dinal Minor<BR><BR><B>TYPE</B> = Minor<BR><B>GM_TYPE</B> = Unknown Line Type" }, "geometry": { "type": "LineString", "coordinates": [ [ 68.50772855, 27.53339032, 0.0 ], [ 68.51347738, 27.52201303, 0.0 ], [ 68.51667998, 27.51946625, 0.0 ], [ 68.51795539, 27.51883219, 0.0 ], [ 68.51288142, 27.48180605, 0.0 ], [ 68.5204131, 27.47508458, 0.0 ], [ 68.53251329, 27.46987658, 0.0 ] ] } },
{ "type": "Feature", "properties": { "name": "Ally Minor", "descriptio": "Unknown Line Type<BR><BR><B>NAME</B> = Merankhori Minor<BR><BR><B>TYPE</B> = Minor<BR><BR><B>NAME</B> = Ally Minor<BR><B>LAYER</B> = Unknown Line Type<BR><BR><B>NAME</B> = Ally Minor<BR><BR><B>TYPE</B> = Minor<BR><B>GM_TYPE</B> = Unknown Line Type" }, "geometry": { "type": "LineString", "coordinates": [ [ 68.51795539, 27.51883219, 0.0 ], [ 68.52087219, 27.51623991, 0.0 ], [ 68.52242713, 27.51379545, 0.0 ], [ 68.52601829, 27.51297563, 0.0 ], [ 68.52831277, 27.51194265, 0.0 ], [ 68.53099578, 27.51014112, 0.0 ], [ 68.53336225, 27.50775531, 0.0 ], [ 68.53497432, 27.50709505, 0.0 ], [ 68.5352109, 27.50616716, 0.0 ], [ 68.53475707, 27.5047576, 0.0 ], [ 68.53593271, 27.50288666, 0.0 ], [ 68.53727587, 27.50197049, 0.0 ] ] } },
{ "type": "Feature", "properties": { "name": "Allahdad Minor", "descriptio": "Unknown Line Type<BR><BR><B>NAME</B> = Merankhori Minor<BR><BR><B>TYPE</B> = Minor<BR><BR><B>NAME</B> = Allahdad Minor<BR><B>LAYER</B> = Unknown Line Type<BR><BR><B>NAME</B> = Allahdad Minor<BR><BR><B>TYPE</B> = Minor<BR><B>GM_TYPE</B> = Unknown Line Typ" }, "geometry": { "type": "LineString", "coordinates": [ [ 68.53750899, 27.5297674, 0.0 ], [ 68.53314411, 27.53416657, 0.0 ], [ 68.53054688, 27.53494867, 0.0 ], [ 68.52763953, 27.53778677, 0.0 ], [ 68.52687992, 27.54030286, 0.0 ], [ 68.52699893, 27.54275893, 0.0 ], [ 68.52502586, 27.54952793, 0.0 ], [ 68.52546475, 27.55075352, 0.0 ], [ 68.53764411, 27.5647705, 0.0 ], [ 68.53737722, 27.56495373, 0.0 ] ] } },
{ "type": "Feature", "properties": { "name": "Mehtani Minor", "descriptio": "Unknown Line Type<BR><BR><B>NAME</B> = Merankhori Minor<BR><BR><B>TYPE</B> = Minor<BR><BR><B>NAME</B> = Mehtani Minor<BR><B>LAYER</B> = Unknown Line Type<BR><BR><B>NAME</B> = Mehtani Minor<BR><BR><B>TYPE</B> = Minor<BR><B>GM_TYPE</B> = Unknown Line Type" }, "geometry": { "type": "LineString", "coordinates": [ [ 68.43399038, 27.47698053, 0.0 ], [ 68.4113144, 27.45678045, 0.0 ], [ 68.40782746, 27.45031143, 0.0 ] ] } },
{ "type": "Feature", "properties": { "name": "New Jamsher Minor", "descriptio": "Unknown Line Type<BR><BR><B>NAME</B> = Merankhori Minor<BR><BR><B>TYPE</B> = Minor<BR><BR><B>NAME</B> = New Jamsher Minor<BR><B>LAYER</B> = Unknown Line Type<BR><BR><B>NAME</B> = New Jamsher Minor<BR><BR><B>TYPE</B> = Minor<BR><B>GM_TYPE</B> = Unknown Li" }, "geometry": { "type": "LineString", "coordinates": [ [ 68.6672103, 27.63315294, 0.0 ], [ 68.66665175, 27.6327828, 0.0 ], [ 68.66428594, 27.63355061, 0.0 ], [ 68.66344386, 27.63466136, 0.0 ], [ 68.65939666, 27.63659556, 0.0 ], [ 68.64708624, 27.6477227, 0.0 ] ] } },
{ "type": "Feature", "properties": { "name": "Langah Minor", "descriptio": "Unknown Line Type<BR><BR><B>NAME</B> = Merankhori Minor<BR><BR><B>TYPE</B> = Minor<BR><BR><B>NAME</B> = Langah Minor<BR><B>LAYER</B> = Unknown Line Type<BR><BR><B>NAME</B> = Langah Minor<BR><BR><B>TYPE</B> = Minor<BR><B>GM_TYPE</B> = Unknown Line Type" }, "geometry": { "type": "LineString", "coordinates": [ [ 68.61130248, 27.49769318, 0.0 ], [ 68.6241853, 27.47729105, 0.0 ] ] } },
{ "type": "Feature", "properties": { "name": "Old Jamsher Minor", "descriptio": "Unknown Line Type<BR><BR><B>NAME</B> = Merankhori Minor<BR><BR><B>TYPE</B> = Minor<BR><BR><B>NAME</B> = Old Jamsher Minor<BR><B>LAYER</B> = Unknown Line Type<BR><BR><B>NAME</B> = Old Jamsher Minor<BR><BR><B>TYPE</B> = Minor<BR><B>GM_TYPE</B> = Unknown Li" }, "geometry": { "type": "LineString", "coordinates": [ [ 68.67020798, 27.62998318, 0.0 ], [ 68.66971002, 27.63181541, 0.0 ], [ 68.65998789, 27.63674729, 0.0 ], [ 68.64494267, 27.65001583, 0.0 ] ] } },
{ "type": "Feature", "properties": { "name": "Abad Minor", "descriptio": "Unknown Line Type<BR><BR><B>NAME</B> = Merankhori Minor<BR><BR><B>TYPE</B> = Minor<BR><BR><B>NAME</B> = Abad Minor<BR><B>LAYER</B> = Unknown Line Type<BR><BR><B>NAME</B> = Abad Minor<BR><BR><B>TYPE</B> = Minor<BR><B>GM_TYPE</B> = Unknown Line Type" }, "geometry": { "type": "LineString", "coordinates": [ [ 68.60918735, 27.61618249, 0.0 ], [ 68.59810355, 27.62273265, 0.0 ], [ 68.58016436, 27.61859886, 0.0 ], [ 68.56332345, 27.61855753, 0.0 ], [ 68.561885, 27.61879236, 0.0 ], [ 68.55325707, 27.62187983, 0.0 ], [ 68.55042245, 27.62195317, 0.0 ], [ 68.54345946, 27.62341012, 0.0 ], [ 68.54086397, 27.62334767, 0.0 ] ] } },
{ "type": "Feature", "properties": { "name": "Bhatti  Minor", "descriptio": "Unknown Line Type<BR><BR><B>NAME</B> = Merankhori Minor<BR><BR><B>TYPE</B> = Minor<BR><BR><B>NAME</B> = Bhatti  Minor<BR><B>LAYER</B> = Unknown Line Type<BR><BR><B>NAME</B> = Bhatti  Minor<BR><BR><B>TYPE</B> = Minor<BR><B>GM_TYPE</B> = Unknown Line Type" }, "geometry": { "type": "LineString", "coordinates": [ [ 68.56012036, 27.59126262, 0.0 ], [ 68.55766948, 27.59259607, 0.0 ], [ 68.55698131, 27.59368582, 0.0 ], [ 68.55425105, 27.5943709, 0.0 ], [ 68.54759531, 27.59524247, 0.0 ], [ 68.54694021, 27.59519304, 0.0 ], [ 68.54590721, 27.59444856, 0.0 ], [ 68.54461874, 27.59272907, 0.0 ], [ 68.53911153, 27.59360391, 0.0 ], [ 68.53074695, 27.60111678, 0.0 ], [ 68.51729532, 27.60870015, 0.0 ], [ 68.50032048, 27.59924541, 0.0 ] ] } },
{ "type": "Feature", "properties": { "name": "Fareedabad Minor", "descriptio": "Unknown Line Type<BR><BR><B>NAME</B> = Merankhori Minor<BR><BR><B>TYPE</B> = Minor<BR><BR><B>NAME</B> = Fareedabad Minor<BR><B>LAYER</B> = Unknown Line Type<BR><BR><B>NAME</B> = Fareedabad Minor<BR><BR><B>TYPE</B> = Minor<BR><B>GM_TYPE</B> = Unknown Line" }, "geometry": { "type": "LineString", "coordinates": [ [ 68.56031206, 27.59148219, 0.0 ], [ 68.55791052, 27.59257563, 0.0 ], [ 68.55719437, 27.59382992, 0.0 ], [ 68.5494341, 27.5998565, 0.0 ], [ 68.54831311, 27.60944938, 0.0 ], [ 68.54742292, 27.61312458, 0.0 ], [ 68.52275241, 27.61744101, 0.0 ], [ 68.51062675, 27.61707168, 0.0 ], [ 68.50702498, 27.61727563, 0.0 ], [ 68.50209265, 27.61445299, 0.0 ] ] } },
{ "type": "Feature", "properties": { "name": "Kazi Ahmed Minor", "descriptio": "Unknown Line Type<BR><BR><B>NAME</B> = Merankhori Minor<BR><BR><B>TYPE</B> = Minor<BR><BR><B>NAME</B> = Kazi Ahmed Minor<BR><B>LAYER</B> = Unknown Line Type<BR><BR><B>NAME</B> = Kazi Ahmed Minor<BR><BR><B>TYPE</B> = Minor<BR><B>GM_TYPE</B> = Unknown Line" }, "geometry": { "type": "LineString", "coordinates": [ [ 68.08146883, 26.33113796, 0.0 ], [ 68.07900173, 26.33119543, 0.0 ], [ 68.07840289, 26.33150887, 0.0 ], [ 68.0768563, 26.33341488, 0.0 ], [ 68.07591592, 26.33406778, 0.0 ], [ 68.05491124, 26.3339208, 0.0 ] ] } },
{ "type": "Feature", "properties": { "name": "Old Razidero Minor", "descriptio": "Unknown Line Type<BR><BR><B>NAME</B> = Merankhori Minor<BR><BR><B>TYPE</B> = Minor<BR><BR><B>NAME</B> = Old Razidero Minor<BR><B>LAYER</B> = Unknown Line Type<BR><BR><B>NAME</B> = Old Razidero Minor<BR><BR><B>TYPE</B> = Minor<BR><B>GM_TYPE</B> = Unknown" }, "geometry": { "type": "LineString", "coordinates": [ [ 68.43399038, 27.47698053, 0.0 ], [ 68.42653785, 27.47833497, 0.0 ], [ 68.4001572, 27.45908797, 0.0 ], [ 68.39894724, 27.45806094, 0.0 ], [ 68.38868337, 27.44212422, 0.0 ] ] } },
{ "type": "Feature", "properties": { "name": "Belhari Minor", "descriptio": "Unknown Line Type<BR><BR><B>NAME</B> = Merankhori Minor<BR><BR><B>TYPE</B> = Minor<BR><BR><B>NAME</B> = Belhari Minor<BR><B>LAYER</B> = Unknown Line Type<BR><BR><B>NAME</B> = Belhari Minor<BR><BR><B>TYPE</B> = Minor<BR><B>GM_TYPE</B> = Unknown Line Type" }, "geometry": { "type": "LineString", "coordinates": [ [ 68.43311004, 27.47211552, 0.0 ], [ 68.43517864, 27.46115285, 0.0 ], [ 68.42703149, 27.4293754, 0.0 ], [ 68.41653023, 27.41385117, 0.0 ], [ 68.41100887, 27.40230245, 0.0 ] ] } },
{ "type": "Feature", "properties": { "name": "Bodli Minor", "descriptio": "Unknown Line Type<BR><BR><B>NAME</B> = Merankhori Minor<BR><BR><B>TYPE</B> = Minor<BR><BR><B>NAME</B> = Bodli Minor<BR><B>LAYER</B> = Unknown Line Type<BR><BR><B>NAME</B> = Bodli Minor<BR><BR><B>TYPE</B> = Minor<BR><B>GM_TYPE</B> = Unknown Line Type" }, "geometry": { "type": "LineString", "coordinates": [ [ 68.56012036, 27.59126262, 0.0 ], [ 68.56415665, 27.58829303, 0.0 ], [ 68.56697634, 27.58199584, 0.0 ], [ 68.57093215, 27.57589472, 0.0 ], [ 68.57269087, 27.57475855, 0.0 ] ] } },
{ "type": "Feature", "properties": { "name": "Hamarji Minor", "descriptio": "Unknown Line Type<BR><BR><B>NAME</B> = Merankhori Minor<BR><BR><B>TYPE</B> = Minor<BR><BR><B>NAME</B> = Hamarji Minor<BR><B>LAYER</B> = Unknown Line Type<BR><BR><B>NAME</B> = Hamarji Minor<BR><BR><B>TYPE</B> = Minor<BR><B>GM_TYPE</B> = Unknown Line Type" }, "geometry": { "type": "LineString", "coordinates": [ [ 68.47279903, 27.51631395, 0.0 ], [ 68.47035336, 27.51615285, 0.0 ], [ 68.46533699, 27.51330829, 0.0 ], [ 68.46322992, 27.51322345, 0.0 ], [ 68.45665009, 27.51176054, 0.0 ], [ 68.44666141, 27.49691523, 0.0 ], [ 68.44612443, 27.49252047, 0.0 ], [ 68.44531842, 27.49081696, 0.0 ], [ 68.44514936, 27.48887265, 0.0 ], [ 68.44602971, 27.48027205, 0.0 ], [ 68.44556586, 27.47470872, 0.0 ], [ 68.44484203, 27.47205447, 0.0 ], [ 68.44374677, 27.47023057, 0.0 ], [ 68.4421556, 27.46854647, 0.0 ], [ 68.44056915, 27.46570633, 0.0 ], [ 68.44024172, 27.46217814, 0.0 ], [ 68.44045898, 27.45998942, 0.0 ], [ 68.43991442, 27.45583594, 0.0 ], [ 68.44010561, 27.45495804, 0.0 ], [ 68.44300192, 27.45053232, 0.0 ], [ 68.44800407, 27.43885551, 0.0 ], [ 68.44820228, 27.43685046, 0.0 ], [ 68.44695827, 27.43255215, 0.0 ], [ 68.43974985, 27.42306299, 0.0 ], [ 68.43919802, 27.42192079, 0.0 ], [ 68.43902836, 27.42001815, 0.0 ], [ 68.43978267, 27.41440785, 0.0 ], [ 68.439565, 27.4130445, 0.0 ], [ 68.42878216, 27.39665958, 0.0 ], [ 68.42306395, 27.37461271, 0.0 ], [ 68.4228247, 27.36302701, 0.0 ], [ 68.41996993, 27.35739503, 0.0 ] ] } },
{ "type": "Feature", "properties": { "name": "Toori Minor", "descriptio": "Unknown Line Type<BR><BR><B>NAME</B> = Merankhori Minor<BR><BR><B>TYPE</B> = Minor<BR><BR><B>NAME</B> = Toori Minor<BR><B>LAYER</B> = Unknown Line Type<BR><BR><B>NAME</B> = Toori Minor<BR><BR><B>TYPE</B> = Minor<BR><B>GM_TYPE</B> = Unknown Line Type" }, "geometry": { "type": "LineString", "coordinates": [ [ 68.49273807, 27.52603704, 0.0 ], [ 68.50059637, 27.51311053, 0.0 ], [ 68.49610709, 27.49728538, 0.0 ] ] } },
{ "type": "Feature", "properties": { "name": "Ahmedpur Minor", "descriptio": "Unknown Line Type<BR><BR><B>NAME</B> = Merankhori Minor<BR><BR><B>TYPE</B> = Minor<BR><BR><B>NAME</B> = Ahmedpur Minor<BR><B>LAYER</B> = Unknown Line Type<BR><BR><B>NAME</B> = Ahmedpur Minor<BR><BR><B>TYPE</B> = Minor<BR><B>GM_TYPE</B> = Unknown Line Typ" }, "geometry": { "type": "LineString", "coordinates": [ [ 68.53750365, 27.56510001, 0.0 ], [ 68.54567672, 27.55946072, 0.0 ], [ 68.54660371, 27.55850069, 0.0 ], [ 68.54762182, 27.54979412, 0.0 ], [ 68.54750482, 27.54799822, 0.0 ], [ 68.54788101, 27.5467694, 0.0 ], [ 68.54848604, 27.54635157, 0.0 ], [ 68.55328072, 27.5456746, 0.0 ], [ 68.55499883, 27.54481904, 0.0 ], [ 68.55679566, 27.54136605, 0.0 ], [ 68.55666962, 27.54047651, 0.0 ], [ 68.55989924, 27.53895904, 0.0 ], [ 68.56066408, 27.53768682, 0.0 ], [ 68.56420528, 27.53579395, 0.0 ], [ 68.56468432, 27.53398486, 0.0 ], [ 68.56862854, 27.53143893, 0.0 ] ] } },
{ "type": "Feature", "properties": { "name": "Chandia Minor", "descriptio": "Unknown Line Type<BR><BR><B>NAME</B> = Merankhori Minor<BR><BR><B>TYPE</B> = Minor<BR><BR><B>NAME</B> = Chandia Minor<BR><B>LAYER</B> = Unknown Line Type<BR><BR><B>NAME</B> = Chandia Minor<BR><BR><B>TYPE</B> = Minor<BR><B>GM_TYPE</B> = Unknown Line Type" }, "geometry": { "type": "LineString", "coordinates": [ [ 68.58166788, 27.53861991, 0.0 ], [ 68.59263905, 27.52895024, 0.0 ], [ 68.59285934, 27.52747478, 0.0 ], [ 68.59142634, 27.52146967, 0.0 ], [ 68.59149607, 27.52024677, 0.0 ], [ 68.59804922, 27.50799461, 0.0 ], [ 68.60057203, 27.50566505, 0.0 ], [ 68.60204237, 27.49926641, 0.0 ], [ 68.60158026, 27.49753959, 0.0 ], [ 68.59394195, 27.48790528, 0.0 ], [ 68.58678409, 27.48546354, 0.0 ] ] } },
{ "type": "Feature", "properties": { "name": "Mahesar Minor", "descriptio": "Unknown Line Type<BR><BR><B>NAME</B> = Merankhori Minor<BR><BR><B>TYPE</B> = Minor<BR><BR><B>NAME</B> = Mahesar Minor<BR><B>LAYER</B> = Unknown Line Type<BR><BR><B>NAME</B> = Mahesar Minor<BR><BR><B>TYPE</B> = Minor<BR><B>GM_TYPE</B> = Unknown Line Type" }, "geometry": { "type": "LineString", "coordinates": [ [ 68.5818074, 27.54965568, 0.0 ], [ 68.58166368, 27.53415008, 0.0 ], [ 68.58132006, 27.53247175, 0.0 ], [ 68.57573419, 27.51899643, 0.0 ], [ 68.5680097, 27.50204998, 0.0 ], [ 68.56729525, 27.50132641, 0.0 ], [ 68.55145573, 27.49356555, 0.0 ], [ 68.55234679, 27.4826387, 0.0 ], [ 68.55554049, 27.47063074, 0.0 ], [ 68.55550487, 27.46850428, 0.0 ] ] } },
{ "type": "Feature", "properties": { "name": "Rahuja Minor", "descriptio": "Unknown Line Type<BR><BR><B>NAME</B> = Merankhori Minor<BR><BR><B>TYPE</B> = Minor<BR><BR><B>NAME</B> = Rahuja Minor<BR><B>LAYER</B> = Unknown Line Type<BR><BR><B>NAME</B> = Rahuja Minor<BR><BR><B>TYPE</B> = Minor<BR><B>GM_TYPE</B> = Unknown Line Type" }, "geometry": { "type": "LineString", "coordinates": [ [ 68.63441612, 27.62370832, 0.0 ], [ 68.63584316, 27.61696922, 0.0 ], [ 68.63710351, 27.6144016, 0.0 ], [ 68.63803625, 27.61357934, 0.0 ], [ 68.64938673, 27.60722403, 0.0 ], [ 68.65066454, 27.60589422, 0.0 ], [ 68.65142697, 27.60428087, 0.0 ], [ 68.65158351, 27.60234268, 0.0 ], [ 68.64868248, 27.57820337, 0.0 ], [ 68.64868584, 27.57609835, 0.0 ], [ 68.64968434, 27.57374601, 0.0 ], [ 68.65573273, 27.56655077, 0.0 ], [ 68.65758265, 27.56180897, 0.0 ], [ 68.66168709, 27.54837423, 0.0 ], [ 68.66102647, 27.54619322, 0.0 ], [ 68.66144734, 27.54193453, 0.0 ], [ 68.65948569, 27.53423744, 0.0 ], [ 68.66076178, 27.52866278, 0.0 ], [ 68.66214673, 27.52605556, 0.0 ] ] } },
{ "type": "Feature", "properties": { "name": "Kingri Minor", "descriptio": "Unknown Line Type<BR><BR><B>NAME</B> = Merankhori Minor<BR><BR><B>TYPE</B> = Minor<BR><BR><B>NAME</B> = Kingri Minor<BR><B>LAYER</B> = Unknown Line Type<BR><BR><B>NAME</B> = Kingri Minor<BR><BR><B>TYPE</B> = Minor<BR><B>GM_TYPE</B> = Unknown Line Type" }, "geometry": { "type": "LineString", "coordinates": [ [ 68.59261971, 27.60892988, 0.0 ], [ 68.59749617, 27.60116247, 0.0 ], [ 68.5987303, 27.59839339, 0.0 ], [ 68.59822953, 27.59754893, 0.0 ], [ 68.59849275, 27.5944725, 0.0 ], [ 68.599961, 27.5920634, 0.0 ], [ 68.60209128, 27.59029062, 0.0 ], [ 68.60245644, 27.58886521, 0.0 ], [ 68.60361654, 27.58769824, 0.0 ], [ 68.60465945, 27.58353486, 0.0 ], [ 68.60547607, 27.58146538, 0.0 ], [ 68.60601254, 27.58096507, 0.0 ], [ 68.60559044, 27.57791628, 0.0 ], [ 68.60604169, 27.57699105, 0.0 ], [ 68.60651589, 27.56981825, 0.0 ], [ 68.60688301, 27.56834527, 0.0 ], [ 68.60648668, 27.56604065, 0.0 ], [ 68.60692431, 27.56568753, 0.0 ], [ 68.60656743, 27.56447696, 0.0 ], [ 68.60833641, 27.56429828, 0.0 ], [ 68.61078684, 27.56210474, 0.0 ] ] } },
{ "type": "Feature", "properties": { "name": "Dilwand Minor", "descriptio": "Unknown Line Type<BR><BR><B>NAME</B> = Merankhori Minor<BR><BR><B>TYPE</B> = Minor<BR><BR><B>NAME</B> = Dilwand Minor<BR><B>LAYER</B> = Unknown Line Type<BR><BR><B>NAME</B> = Dilwand Minor<BR><BR><B>TYPE</B> = Minor<BR><B>GM_TYPE</B> = Unknown Line Type" }, "geometry": { "type": "LineString", "coordinates": [ [ 68.74591631, 27.421918, 0.0 ], [ 68.72575575, 27.42196474, 0.0 ], [ 68.72285409, 27.42254091, 0.0 ], [ 68.71839716, 27.42197633, 0.0 ], [ 68.70349362, 27.42202829, 0.0 ] ] } },
{ "type": "Feature", "properties": { "name": "Mahar Minor", "descriptio": "Unknown Line Type<BR><BR><B>NAME</B> = Merankhori Minor<BR><BR><B>TYPE</B> = Minor<BR><BR><B>NAME</B> = Mahar Minor<BR><B>LAYER</B> = Unknown Line Type<BR><BR><B>NAME</B> = Mahar Minor<BR><BR><B>TYPE</B> = Minor<BR><B>GM_TYPE</B> = Unknown Line Type" }, "geometry": { "type": "LineString", "coordinates": [ [ 68.59402524, 27.34914857, 0.0 ], [ 68.59405012, 27.34845074, 0.0 ], [ 68.59305359, 27.34654512, 0.0 ], [ 68.5929123, 27.34204488, 0.0 ], [ 68.59240227, 27.34111496, 0.0 ] ] } },
{ "type": "Feature", "properties": { "name": "Patta Minor", "descriptio": "Unknown Line Type<BR><BR><B>NAME</B> = Merankhori Minor<BR><BR><B>TYPE</B> = Minor<BR><BR><B>NAME</B> = Patta Minor<BR><B>LAYER</B> = Unknown Line Type<BR><BR><B>NAME</B> = Patta Minor<BR><BR><B>TYPE</B> = Minor<BR><B>GM_TYPE</B> = Unknown Line Type" }, "geometry": { "type": "LineString", "coordinates": [ [ 68.52175702, 27.2682033, 0.0 ], [ 68.5255976, 27.27167216, 0.0 ], [ 68.53367838, 27.28984627, 0.0 ], [ 68.53266167, 27.30715801, 0.0 ], [ 68.53205509, 27.30794704, 0.0 ], [ 68.52906242, 27.30923486, 0.0 ] ] } },
{ "type": "Feature", "properties": { "name": "Link Channel Mehrab Wah (Sahita Mino", "descriptio": "Unknown Line Type<BR><BR><B>NAME</B> = Merankhori Minor<BR><BR><B>TYPE</B> = Minor<BR><BR><B>NAME</B> = Link Channel Mehrab Wah (Sahita Mino<BR><B>LAYER</B> = Unknown Line Type<BR><BR><B>NAME</B> = Link Channel Mehrab Wah (Sahita Mino<BR><BR><B>TYPE</B>" }, "geometry": { "type": "LineString", "coordinates": [ [ 68.38793973, 27.16931448, 0.0 ], [ 68.37508711, 27.175106, 0.0 ], [ 68.37381544, 27.17607037, 0.0 ], [ 68.37177529, 27.19464439, 0.0 ], [ 68.37183045, 27.2024643, 0.0 ], [ 68.37125802, 27.21644679, 0.0 ] ] } },
{ "type": "Feature", "properties": { "name": "Sardar Minor", "descriptio": "Unknown Line Type<BR><BR><B>NAME</B> = Merankhori Minor<BR><BR><B>TYPE</B> = Minor<BR><BR><B>NAME</B> = Sardar Minor<BR><B>LAYER</B> = Unknown Line Type<BR><BR><B>NAME</B> = Sardar Minor<BR><BR><B>TYPE</B> = Minor<BR><B>GM_TYPE</B> = Unknown Line Type" }, "geometry": { "type": "LineString", "coordinates": [ [ 67.9049983, 27.52582391, 0.0 ], [ 67.9003788, 27.52499721, 0.0 ], [ 67.89818274, 27.52278817, 0.0 ], [ 67.89725378, 27.52225609, 0.0 ], [ 67.89447357, 27.52201849, 0.0 ], [ 67.87936231, 27.5188929, 0.0 ], [ 67.87512347, 27.52131973, 0.0 ], [ 67.87218825, 27.52244575, 0.0 ], [ 67.87006862, 27.52267998, 0.0 ], [ 67.86828825, 27.522273, 0.0 ], [ 67.86566628, 27.52234144, 0.0 ] ] } },
{ "type": "Feature", "properties": { "name": "Kur Rato Minor", "descriptio": "Unknown Line Type<BR><BR><B>NAME</B> = Merankhori Minor<BR><BR><B>TYPE</B> = Minor<BR><BR><B>NAME</B> = Kur Rato Minor<BR><B>LAYER</B> = Unknown Line Type<BR><BR><B>NAME</B> = Kur Rato Minor<BR><BR><B>TYPE</B> = Minor<BR><B>GM_TYPE</B> = Unknown Line Typ" }, "geometry": { "type": "LineString", "coordinates": [ [ 67.91740515, 27.51978107, 0.0 ], [ 67.91553867, 27.52378858, 0.0 ], [ 67.9140927, 27.52490661, 0.0 ], [ 67.90916721, 27.52583411, 0.0 ], [ 67.90506553, 27.52609176, 0.0 ], [ 67.90366592, 27.52687431, 0.0 ], [ 67.90270148, 27.52868951, 0.0 ], [ 67.89487862, 27.53058194, 0.0 ], [ 67.89152377, 27.53200601, 0.0 ], [ 67.88714195, 27.532172, 0.0 ], [ 67.88177833, 27.53191922, 0.0 ] ] } },
{ "type": "Feature", "properties": { "name": "Lundi Minor", "descriptio": "Unknown Line Type<BR><BR><B>NAME</B> = Merankhori Minor<BR><BR><B>TYPE</B> = Minor<BR><BR><B>NAME</B> = Lundi Minor<BR><B>LAYER</B> = Unknown Line Type<BR><BR><B>NAME</B> = Lundi Minor<BR><BR><B>TYPE</B> = Minor<BR><B>GM_TYPE</B> = Unknown Line Type" }, "geometry": { "type": "LineString", "coordinates": [ [ 67.90336076, 27.45333951, 0.0 ], [ 67.90114191, 27.4446042, 0.0 ], [ 67.90073308, 27.44402445, 0.0 ], [ 67.89776943, 27.44243633, 0.0 ], [ 67.88845408, 27.43638096, 0.0 ], [ 67.88626965, 27.43445315, 0.0 ], [ 67.8780309, 27.433273, 0.0 ], [ 67.87050261, 27.43337861, 0.0 ], [ 67.86796284, 27.43430411, 0.0 ], [ 67.86079853, 27.43450051, 0.0 ], [ 67.85560032, 27.4351126, 0.0 ], [ 67.85195834, 27.43483825, 0.0 ], [ 67.84770094, 27.43498379, 0.0 ], [ 67.84191529, 27.43635882, 0.0 ] ] } },
{ "type": "Feature", "properties": { "name": "Kundho Minor", "descriptio": "Unknown Line Type<BR><BR><B>NAME</B> = Merankhori Minor<BR><BR><B>TYPE</B> = Minor<BR><BR><B>NAME</B> = Kundho Minor<BR><B>LAYER</B> = Unknown Line Type<BR><BR><B>NAME</B> = Kundho Minor<BR><BR><B>TYPE</B> = Minor<BR><B>GM_TYPE</B> = Unknown Line Type" }, "geometry": { "type": "LineString", "coordinates": [ [ 67.96536764, 27.61511802, 0.0 ], [ 67.96325933, 27.61624865, 0.0 ], [ 67.9492661, 27.62137, 0.0 ], [ 67.93623433, 27.62492655, 0.0 ], [ 67.93525665, 27.62489198, 0.0 ], [ 67.93269126, 27.62554481, 0.0 ] ] } },
{ "type": "Feature", "properties": { "name": "Noor Muhammad Minor", "descriptio": "Unknown Line Type<BR><BR><B>NAME</B> = Merankhori Minor<BR><BR><B>TYPE</B> = Minor<BR><BR><B>NAME</B> = Noor Muhammad Minor<BR><B>LAYER</B> = Unknown Line Type<BR><BR><B>NAME</B> = Noor Muhammad Minor<BR><BR><B>TYPE</B> = Minor<BR><B>GM_TYPE</B> = Unknow" }, "geometry": { "type": "LineString", "coordinates": [ [ 67.99338517, 27.63258815, 0.0 ], [ 67.98598295, 27.6252495, 0.0 ], [ 67.98251962, 27.62275522, 0.0 ], [ 67.97909315, 27.61903353, 0.0 ], [ 67.9722436, 27.61673525, 0.0 ], [ 67.96005028, 27.61373326, 0.0 ], [ 67.93746339, 27.60625931, 0.0 ], [ 67.89191475, 27.60031544, 0.0 ] ] } },
{ "type": "Feature", "properties": { "name": "Acha Minor", "descriptio": "Unknown Line Type<BR><BR><B>NAME</B> = Merankhori Minor<BR><BR><B>TYPE</B> = Minor<BR><BR><B>NAME</B> = Acha Minor<BR><B>LAYER</B> = Unknown Line Type<BR><BR><B>NAME</B> = Acha Minor<BR><BR><B>TYPE</B> = Minor<BR><B>GM_TYPE</B> = Unknown Line Type" }, "geometry": { "type": "LineString", "coordinates": [ [ 67.93399465, 27.51697188, 0.0 ], [ 67.93380125, 27.51810992, 0.0 ], [ 67.93234895, 27.52014343, 0.0 ], [ 67.93131249, 27.52105171, 0.0 ], [ 67.92973477, 27.52400046, 0.0 ], [ 67.92545286, 27.52805214, 0.0 ], [ 67.91977265, 27.53474675, 0.0 ], [ 67.91873183, 27.53555562, 0.0 ], [ 67.91099413, 27.53874489, 0.0 ], [ 67.90818117, 27.53902977, 0.0 ], [ 67.90629567, 27.53870801, 0.0 ], [ 67.90503248, 27.53895537, 0.0 ], [ 67.90281533, 27.54296841, 0.0 ], [ 67.89927498, 27.54712436, 0.0 ], [ 67.89874626, 27.54834785, 0.0 ], [ 67.89689509, 27.5496511, 0.0 ], [ 67.89608983, 27.55067375, 0.0 ], [ 67.89321334, 27.55675308, 0.0 ], [ 67.88893758, 27.55993251, 0.0 ], [ 67.8865554, 27.56313159, 0.0 ], [ 67.88401547, 27.56489402, 0.0 ], [ 67.881941, 27.56569428, 0.0 ] ] } },
{ "type": "Feature", "properties": { "name": "Abri Minor", "descriptio": "Unknown Line Type<BR><BR><B>NAME</B> = Merankhori Minor<BR><BR><B>TYPE</B> = Minor<BR><BR><B>NAME</B> = Abri Minor<BR><B>LAYER</B> = Unknown Line Type<BR><BR><B>NAME</B> = Abri Minor<BR><BR><B>TYPE</B> = Minor<BR><B>GM_TYPE</B> = Unknown Line Type" }, "geometry": { "type": "LineString", "coordinates": [ [ 68.04787417, 27.53097162, 0.0 ], [ 68.04679868, 27.53368314, 0.0 ], [ 68.04632578, 27.53609517, 0.0 ], [ 68.04536065, 27.53734099, 0.0 ], [ 68.04443407, 27.53992887, 0.0 ], [ 68.04490101, 27.54336035, 0.0 ], [ 68.04433066, 27.54541394, 0.0 ], [ 68.04330818, 27.54746441, 0.0 ], [ 68.04128027, 27.54959738, 0.0 ], [ 68.04066731, 27.55075606, 0.0 ], [ 68.04090996, 27.55174177, 0.0 ], [ 68.04013689, 27.55319781, 0.0 ], [ 68.03672909, 27.55743697, 0.0 ], [ 68.0363164, 27.55878745, 0.0 ], [ 68.03639537, 27.55930849, 0.0 ], [ 68.03737048, 27.5603805, 0.0 ], [ 68.03818578, 27.56267632, 0.0 ], [ 68.03835521, 27.56447226, 0.0 ], [ 68.03797424, 27.56601629, 0.0 ], [ 68.03873732, 27.56663132, 0.0 ], [ 68.04021586, 27.56986331, 0.0 ], [ 68.04016989, 27.57130559, 0.0 ], [ 68.03925678, 27.57344901, 0.0 ] ] } },
{ "type": "Feature", "properties": { "name": "Doubo Minor", "descriptio": "Unknown Line Type<BR><BR><B>NAME</B> = Merankhori Minor<BR><BR><B>TYPE</B> = Minor<BR><BR><B>NAME</B> = Doubo Minor<BR><B>LAYER</B> = Unknown Line Type<BR><BR><B>NAME</B> = Doubo Minor<BR><BR><B>TYPE</B> = Minor<BR><B>GM_TYPE</B> = Unknown Line Type" }, "geometry": { "type": "LineString", "coordinates": [ [ 68.06642123, 27.60981264, 0.0 ], [ 68.06640328, 27.60883509, 0.0 ], [ 68.06451292, 27.60382867, 0.0 ], [ 68.06424971, 27.59900955, 0.0 ], [ 68.07132705, 27.58570332, 0.0 ], [ 68.07544969, 27.57688357, 0.0 ], [ 68.07631969, 27.57020258, 0.0 ], [ 68.07614714, 27.56633037, 0.0 ], [ 68.07732733, 27.56330876, 0.0 ], [ 68.07733333, 27.56259191, 0.0 ], [ 68.07815411, 27.56170295, 0.0 ], [ 68.07823557, 27.56089049, 0.0 ], [ 68.0790866, 27.55970749, 0.0 ], [ 68.07934265, 27.55786882, 0.0 ], [ 68.07735994, 27.55319443, 0.0 ] ] } },
{ "type": "Feature", "properties": { "name": "Garhi Minor", "descriptio": "Unknown Line Type<BR><BR><B>NAME</B> = Merankhori Minor<BR><BR><B>TYPE</B> = Minor<BR><BR><B>NAME</B> = Garhi Minor<BR><B>LAYER</B> = Unknown Line Type<BR><BR><B>NAME</B> = Garhi Minor<BR><BR><B>TYPE</B> = Minor<BR><B>GM_TYPE</B> = Unknown Line Type" }, "geometry": { "type": "LineString", "coordinates": [ [ 68.14224539, 27.59318762, 0.0 ], [ 68.13288398, 27.58913284, 0.0 ], [ 68.13062381, 27.58774865, 0.0 ], [ 68.12494266, 27.58044363, 0.0 ], [ 68.12102119, 27.57772118, 0.0 ], [ 68.12076257, 27.57624316, 0.0 ], [ 68.1175508, 27.57272717, 0.0 ], [ 68.11604044, 27.5700603, 0.0 ], [ 68.11632574, 27.56819837, 0.0 ], [ 68.11569569, 27.56608224, 0.0 ], [ 68.11636056, 27.5652592, 0.0 ] ] } },
{ "type": "Feature", "properties": { "name": "Chandia Minor", "descriptio": "Unknown Line Type<BR><BR><B>NAME</B> = Merankhori Minor<BR><BR><B>TYPE</B> = Minor<BR><BR><B>NAME</B> = Chandia Minor<BR><B>LAYER</B> = Unknown Line Type<BR><BR><B>NAME</B> = Chandia Minor<BR><BR><B>TYPE</B> = Minor<BR><B>GM_TYPE</B> = Unknown Line Type" }, "geometry": { "type": "LineString", "coordinates": [ [ 68.11060128, 27.66415596, 0.0 ], [ 68.09871061, 27.66201579, 0.0 ], [ 68.09583575, 27.66185735, 0.0 ], [ 68.08175906, 27.6712496, 0.0 ], [ 68.0804809, 27.67247551, 0.0 ], [ 68.07137945, 27.68946007, 0.0 ], [ 68.06217325, 27.69144802, 0.0 ], [ 68.06035346, 27.69236799, 0.0 ] ] } },
{ "type": "Feature", "properties": { "name": "Gokalpur Minor Old", "descriptio": "Unknown Line Type<BR><BR><B>NAME</B> = Merankhori Minor<BR><BR><B>TYPE</B> = Minor<BR><BR><B>NAME</B> = Gokalpur Minor Old<BR><B>LAYER</B> = Unknown Line Type<BR><BR><B>NAME</B> = Gokalpur Minor Old<BR><BR><B>TYPE</B> = Minor<BR><B>GM_TYPE</B> = Unknown" }, "geometry": { "type": "LineString", "coordinates": [ [ 68.22112247, 28.2027321, 0.0 ], [ 68.18417568, 28.19094906, 0.0 ], [ 68.16768632, 28.18387606, 0.0 ] ] } },
{ "type": "Feature", "properties": { "name": "Gokalpur Minor New", "descriptio": "Unknown Line Type<BR><BR><B>NAME</B> = Merankhori Minor<BR><BR><B>TYPE</B> = Minor<BR><BR><B>NAME</B> = Gokalpur Minor New<BR><B>LAYER</B> = Unknown Line Type<BR><BR><B>NAME</B> = Gokalpur Minor New<BR><BR><B>TYPE</B> = Minor<BR><B>GM_TYPE</B> = Unknown" }, "geometry": { "type": "LineString", "coordinates": [ [ 68.22287266, 28.20127048, 0.0 ], [ 68.16483711, 28.18017726, 0.0 ] ] } },
{ "type": "Feature", "properties": { "name": "Mohini Dero Minor", "descriptio": "Unknown Line Type<BR><BR><B>NAME</B> = Merankhori Minor<BR><BR><B>TYPE</B> = Minor<BR><BR><B>NAME</B> = Mohini Dero Minor<BR><B>LAYER</B> = Unknown Line Type<BR><BR><B>NAME</B> = Mohini Dero Minor<BR><BR><B>TYPE</B> = Minor<BR><B>GM_TYPE</B> = Unknown Li" }, "geometry": { "type": "LineString", "coordinates": [ [ 68.30129726, 27.22220385, 0.0 ], [ 68.29572254, 27.21945449, 0.0 ], [ 68.2835191, 27.22086061, 0.0 ] ] } },
{ "type": "Feature", "properties": { "name": "Banbihar Minor", "descriptio": "Unknown Line Type<BR><BR><B>NAME</B> = Merankhori Minor<BR><BR><B>TYPE</B> = Minor<BR><BR><B>NAME</B> = Banbihar Minor<BR><B>LAYER</B> = Unknown Line Type<BR><BR><B>NAME</B> = Banbihar Minor<BR><BR><B>TYPE</B> = Minor<BR><B>GM_TYPE</B> = Unknown Line Typ" }, "geometry": { "type": "LineString", "coordinates": [ [ 68.47767907, 27.92813645, 0.0 ], [ 68.46847745, 27.92581342, 0.0 ], [ 68.46474069, 27.92506843, 0.0 ], [ 68.46212566, 27.92496077, 0.0 ], [ 68.4555719, 27.9261205, 0.0 ], [ 68.42885081, 27.93314904, 0.0 ], [ 68.42361707, 27.93392011, 0.0 ], [ 68.42033344, 27.93352104, 0.0 ], [ 68.41675473, 27.93248345, 0.0 ], [ 68.40495759, 27.92617188, 0.0 ] ] } },
{ "type": "Feature", "properties": { "name": "Saleh Minor", "descriptio": "Unknown Line Type<BR><BR><B>NAME</B> = Merankhori Minor<BR><BR><B>TYPE</B> = Minor<BR><BR><B>NAME</B> = Saleh Minor<BR><B>LAYER</B> = Unknown Line Type<BR><BR><B>NAME</B> = Saleh Minor<BR><BR><B>TYPE</B> = Minor<BR><B>GM_TYPE</B> = Unknown Line Type" }, "geometry": { "type": "LineString", "coordinates": [ [ 68.10705333, 27.98124459, 0.0 ], [ 68.10162977, 27.98258565, 0.0 ], [ 68.09658595, 27.98584344, 0.0 ], [ 68.09177272, 27.98766408, 0.0 ], [ 68.08724716, 27.9910012, 0.0 ], [ 68.0851777, 27.9935615, 0.0 ], [ 68.07169829, 28.00257646, 0.0 ], [ 68.06603311, 28.0070624, 0.0 ], [ 68.06408176, 28.01068069, 0.0 ] ] } },
{ "type": "Feature", "properties": { "name": "Muhammad Pur Minor", "descriptio": "Unknown Line Type<BR><BR><B>NAME</B> = Merankhori Minor<BR><BR><B>TYPE</B> = Minor<BR><BR><B>NAME</B> = Muhammad Pur Minor<BR><B>LAYER</B> = Unknown Line Type<BR><BR><B>NAME</B> = Muhammad Pur Minor<BR><BR><B>TYPE</B> = Minor<BR><B>GM_TYPE</B> = Unknown" }, "geometry": { "type": "LineString", "coordinates": [ [ 68.31765441, 27.98664073, 0.0 ], [ 68.30568735, 28.00188848, 0.0 ], [ 68.29242128, 28.01361949, 0.0 ] ] } },
{ "type": "Feature", "properties": { "name": "Howani Minor", "descriptio": "Unknown Line Type<BR><BR><B>NAME</B> = Merankhori Minor<BR><BR><B>TYPE</B> = Minor<BR><BR><B>NAME</B> = Howani Minor<BR><B>LAYER</B> = Unknown Line Type<BR><BR><B>NAME</B> = Howani Minor<BR><BR><B>TYPE</B> = Minor<BR><B>GM_TYPE</B> = Unknown Line Type" }, "geometry": { "type": "LineString", "coordinates": [ [ 68.37644161, 27.98639175, 0.0 ], [ 68.3446117, 28.03117838, 0.0 ] ] } },
{ "type": "Feature", "properties": { "name": "Forest Minor", "descriptio": "Unknown Line Type<BR><BR><B>NAME</B> = Merankhori Minor<BR><BR><B>TYPE</B> = Minor<BR><BR><B>NAME</B> = Forest Minor<BR><B>LAYER</B> = Unknown Line Type<BR><BR><B>NAME</B> = Forest Minor<BR><BR><B>TYPE</B> = Minor<BR><B>GM_TYPE</B> = Unknown Line Type" }, "geometry": { "type": "LineString", "coordinates": [ [ 68.43759364, 27.9621163, 0.0 ], [ 68.45194888, 27.97498107, 0.0 ], [ 68.45239245, 27.97590495, 0.0 ], [ 68.45165807, 28.00591266, 0.0 ] ] } },
{ "type": "Feature", "properties": { "name": "Bhutta Minor", "descriptio": "Unknown Line Type<BR><BR><B>NAME</B> = Merankhori Minor<BR><BR><B>TYPE</B> = Minor<BR><BR><B>NAME</B> = Bhutta Minor<BR><B>LAYER</B> = Unknown Line Type<BR><BR><B>NAME</B> = Bhutta Minor<BR><BR><B>TYPE</B> = Minor<BR><B>GM_TYPE</B> = Unknown Line Type" }, "geometry": { "type": "LineString", "coordinates": [ [ 68.54045368, 27.85971609, 0.0 ], [ 68.53690801, 27.85858481, 0.0 ], [ 68.52925, 27.85821465, 0.0 ], [ 68.52150517, 27.85670531, 0.0 ], [ 68.5202969, 27.85660354, 0.0 ], [ 68.51627631, 27.85728943, 0.0 ], [ 68.51126953, 27.85684064, 0.0 ], [ 68.50447826, 27.85316977, 0.0 ], [ 68.50192831, 27.85297069, 0.0 ], [ 68.4993723, 27.85327056, 0.0 ], [ 68.49837532, 27.85303923, 0.0 ], [ 68.4982192, 27.85271401, 0.0 ] ] } },
{ "type": "Feature", "properties": { "name": "Kehar Minor", "descriptio": "Unknown Line Type<BR><BR><B>NAME</B> = Merankhori Minor<BR><BR><B>TYPE</B> = Minor<BR><BR><B>NAME</B> = Kehar Minor<BR><B>LAYER</B> = Unknown Line Type<BR><BR><B>NAME</B> = Kehar Minor<BR><BR><B>TYPE</B> = Minor<BR><B>GM_TYPE</B> = Unknown Line Type" }, "geometry": { "type": "LineString", "coordinates": [ [ 68.56945523, 27.84345588, 0.0 ], [ 68.56079385, 27.84156049, 0.0 ], [ 68.53856029, 27.84025271, 0.0 ], [ 68.53721216, 27.83955991, 0.0 ], [ 68.53376367, 27.83924423, 0.0 ], [ 68.53123399, 27.83957196, 0.0 ], [ 68.53011367, 27.84036049, 0.0 ], [ 68.52858949, 27.84081145, 0.0 ], [ 68.52506312, 27.84055097, 0.0 ], [ 68.52283171, 27.83870758, 0.0 ], [ 68.51996077, 27.83741817, 0.0 ] ] } },
{ "type": "Feature", "properties": { "name": "Masti Khan Minor", "descriptio": "Unknown Line Type<BR><BR><B>NAME</B> = Merankhori Minor<BR><BR><B>TYPE</B> = Minor<BR><BR><B>NAME</B> = Masti Khan Minor<BR><B>LAYER</B> = Unknown Line Type<BR><BR><B>NAME</B> = Masti Khan Minor<BR><BR><B>TYPE</B> = Minor<BR><B>GM_TYPE</B> = Unknown Line" }, "geometry": { "type": "LineString", "coordinates": [ [ 68.64439444, 27.82242284, 0.0 ], [ 68.64277067, 27.82233344, 0.0 ], [ 68.59754534, 27.83482757, 0.0 ], [ 68.59112804, 27.83627257, 0.0 ], [ 68.54373721, 27.81352124, 0.0 ], [ 68.53968209, 27.81210468, 0.0 ], [ 68.53457585, 27.81176409, 0.0 ] ] } },
{ "type": "Feature", "properties": { "name": "Kaleri Minor", "descriptio": "Unknown Line Type<BR><BR><B>NAME</B> = Merankhori Minor<BR><BR><B>TYPE</B> = Minor<BR><BR><B>NAME</B> = Kaleri Minor<BR><B>LAYER</B> = Unknown Line Type<BR><BR><B>NAME</B> = Kaleri Minor<BR><BR><B>TYPE</B> = Minor<BR><B>GM_TYPE</B> = Unknown Line Type" }, "geometry": { "type": "LineString", "coordinates": [ [ 68.51272343, 27.40005232, 0.0 ], [ 68.51707074, 27.39930067, 0.0 ], [ 68.52822476, 27.39839228, 0.0 ], [ 68.54563968, 27.40030558, 0.0 ] ] } },
{ "type": "Feature", "properties": { "name": "Kania Minor", "descriptio": "Unknown Line Type<BR><BR><B>NAME</B> = Merankhori Minor<BR><BR><B>TYPE</B> = Minor<BR><BR><B>NAME</B> = Kania Minor<BR><B>LAYER</B> = Unknown Line Type<BR><BR><B>NAME</B> = Kania Minor<BR><BR><B>TYPE</B> = Minor<BR><B>GM_TYPE</B> = Unknown Line Type" }, "geometry": { "type": "LineString", "coordinates": [ [ 68.18062589, 27.52613829, 0.0 ], [ 68.18860647, 27.51986972, 0.0 ], [ 68.18884626, 27.51921, 0.0 ], [ 68.18867011, 27.51832058, 0.0 ], [ 68.17676127, 27.50427362, 0.0 ], [ 68.17277011, 27.50291092, 0.0 ], [ 68.1723667, 27.50230236, 0.0 ], [ 68.17255161, 27.50071658, 0.0 ], [ 68.17216938, 27.49892896, 0.0 ], [ 68.16707262, 27.4928154, 0.0 ] ] } },
{ "type": "Feature", "properties": { "name": "Shahnawaz Minor", "descriptio": "Unknown Line Type<BR><BR><B>NAME</B> = Merankhori Minor<BR><BR><B>TYPE</B> = Minor<BR><BR><B>NAME</B> = Shahnawaz Minor<BR><B>LAYER</B> = Unknown Line Type<BR><BR><B>NAME</B> = Shahnawaz Minor<BR><BR><B>TYPE</B> = Minor<BR><B>GM_TYPE</B> = Unknown Line T" }, "geometry": { "type": "LineString", "coordinates": [ [ 68.18062589, 27.52613829, 0.0 ], [ 68.1799999, 27.52625211, 0.0 ], [ 68.15880307, 27.50561895, 0.0 ], [ 68.15634184, 27.50276272, 0.0 ], [ 68.15113777, 27.49507226, 0.0 ] ] } },
{ "type": "Feature", "properties": { "name": "Nazar Minor", "descriptio": "Unknown Line Type<BR><BR><B>NAME</B> = Merankhori Minor<BR><BR><B>TYPE</B> = Minor<BR><BR><B>NAME</B> = Nazar Minor<BR><B>LAYER</B> = Unknown Line Type<BR><BR><B>NAME</B> = Nazar Minor<BR><BR><B>TYPE</B> = Minor<BR><B>GM_TYPE</B> = Unknown Line Type" }, "geometry": { "type": "LineString", "coordinates": [ [ 68.19349691, 27.57024145, 0.0 ], [ 68.19255046, 27.57060077, 0.0 ], [ 68.17921888, 27.58014343, 0.0 ], [ 68.17585393, 27.58166515, 0.0 ], [ 68.16743511, 27.58465244, 0.0 ] ] } },
{ "type": "Feature", "properties": { "name": "Takhat Minor", "descriptio": "Unknown Line Type<BR><BR><B>NAME</B> = Merankhori Minor<BR><BR><B>TYPE</B> = Minor<BR><BR><B>NAME</B> = Takhat Minor<BR><B>LAYER</B> = Unknown Line Type<BR><BR><B>NAME</B> = Takhat Minor<BR><BR><B>TYPE</B> = Minor<BR><B>GM_TYPE</B> = Unknown Line Type" }, "geometry": { "type": "LineString", "coordinates": [ [ 68.08499722, 27.47872639, 0.0 ], [ 68.08332912, 27.4763725, 0.0 ], [ 68.05374921, 27.45947797, 0.0 ] ] } },
{ "type": "Feature", "properties": { "name": "Kanga Minor", "descriptio": "Unknown Line Type<BR><BR><B>NAME</B> = Merankhori Minor<BR><BR><B>TYPE</B> = Minor<BR><BR><B>NAME</B> = Kanga Minor<BR><B>LAYER</B> = Unknown Line Type<BR><BR><B>NAME</B> = Kanga Minor<BR><BR><B>TYPE</B> = Minor<BR><B>GM_TYPE</B> = Unknown Line Type" }, "geometry": { "type": "LineString", "coordinates": [ [ 68.19119558, 27.65156969, 0.0 ], [ 68.1906392, 27.6510557, 0.0 ], [ 68.18590751, 27.64940938, 0.0 ], [ 68.17939603, 27.64613367, 0.0 ], [ 68.17586521, 27.64646039, 0.0 ], [ 68.17397179, 27.64592132, 0.0 ], [ 68.17023851, 27.64623793, 0.0 ], [ 68.16886227, 27.64595396, 0.0 ] ] } },
{ "type": "Feature", "properties": { "name": "Gangu Minor", "descriptio": "Unknown Line Type<BR><BR><B>NAME</B> = Merankhori Minor<BR><BR><B>TYPE</B> = Minor<BR><BR><B>NAME</B> = Gangu Minor<BR><B>LAYER</B> = Unknown Line Type<BR><BR><B>NAME</B> = Gangu Minor<BR><BR><B>TYPE</B> = Minor<BR><B>GM_TYPE</B> = Unknown Line Type" }, "geometry": { "type": "LineString", "coordinates": [ [ 68.09956234, 27.47285316, 0.0 ], [ 68.10124397, 27.47541698, 0.0 ], [ 68.1040097, 27.47687266, 0.0 ], [ 68.10627094, 27.48381346, 0.0 ], [ 68.10781274, 27.4859642, 0.0 ], [ 68.10389592, 27.49166363, 0.0 ], [ 68.10537354, 27.49951782, 0.0 ], [ 68.10616031, 27.50196724, 0.0 ] ] } },
{ "type": "Feature", "properties": { "name": "Saidi Minor", "descriptio": "Unknown Line Type<BR><BR><B>NAME</B> = Merankhori Minor<BR><BR><B>TYPE</B> = Minor<BR><BR><B>NAME</B> = Saidi Minor<BR><B>LAYER</B> = Unknown Line Type<BR><BR><B>NAME</B> = Saidi Minor<BR><BR><B>TYPE</B> = Minor<BR><B>GM_TYPE</B> = Unknown Line Type" }, "geometry": { "type": "LineString", "coordinates": [ [ 68.50487609, 27.4519693, 0.0 ], [ 68.53292062, 27.44667627, 0.0 ] ] } },
{ "type": "Feature", "properties": { "name": "Dauro Minor", "descriptio": "Unknown Line Type<BR><BR><B>NAME</B> = Merankhori Minor<BR><BR><B>TYPE</B> = Minor<BR><BR><B>NAME</B> = Dauro Minor<BR><B>LAYER</B> = Unknown Line Type<BR><BR><B>NAME</B> = Dauro Minor<BR><BR><B>TYPE</B> = Minor<BR><B>GM_TYPE</B> = Unknown Line Type" }, "geometry": { "type": "LineString", "coordinates": [ [ 68.08933963, 27.47740402, 0.0 ], [ 68.08908053, 27.47821038, 0.0 ], [ 68.08953128, 27.48062873, 0.0 ], [ 68.09122567, 27.48509044, 0.0 ], [ 68.09076112, 27.48744613, 0.0 ], [ 68.09083526, 27.48976074, 0.0 ], [ 68.09010159, 27.49060028, 0.0 ], [ 68.08930015, 27.49074793, 0.0 ], [ 68.08861599, 27.49152235, 0.0 ], [ 68.08647922, 27.49570996, 0.0 ], [ 68.08366718, 27.49803538, 0.0 ], [ 68.07910831, 27.49973402, 0.0 ], [ 68.07581576, 27.49931173, 0.0 ] ] } },
{ "type": "Feature", "properties": { "name": "Dodai Minor", "descriptio": "Unknown Line Type<BR><BR><B>NAME</B> = Merankhori Minor<BR><BR><B>TYPE</B> = Minor<BR><BR><B>NAME</B> = Dodai Minor<BR><B>LAYER</B> = Unknown Line Type<BR><BR><B>NAME</B> = Dodai Minor<BR><BR><B>TYPE</B> = Minor<BR><B>GM_TYPE</B> = Unknown Line Type" }, "geometry": { "type": "LineString", "coordinates": [ [ 68.22893299, 27.58674687, 0.0 ], [ 68.22675811, 27.58664668, 0.0 ], [ 68.22626696, 27.58613491, 0.0 ], [ 68.2240716, 27.58538581, 0.0 ], [ 68.22341035, 27.58480475, 0.0 ], [ 68.22225175, 27.58460837, 0.0 ], [ 68.21836442, 27.58254651, 0.0 ], [ 68.20857785, 27.58134772, 0.0 ], [ 68.20547379, 27.58133027, 0.0 ], [ 68.20219942, 27.58186548, 0.0 ], [ 68.20005931, 27.58271276, 0.0 ], [ 68.19657664, 27.58281883, 0.0 ], [ 68.19187527, 27.58744834, 0.0 ] ] } },
{ "type": "Feature", "properties": { "name": "Dara Gaad Minor", "descriptio": "Unknown Line Type<BR><BR><B>NAME</B> = Merankhori Minor<BR><BR><B>TYPE</B> = Minor<BR><BR><B>NAME</B> = Dara Gaad Minor<BR><B>LAYER</B> = Unknown Line Type<BR><BR><B>NAME</B> = Dara Gaad Minor<BR><BR><B>TYPE</B> = Minor<BR><B>GM_TYPE</B> = Unknown Line T" }, "geometry": { "type": "LineString", "coordinates": [ [ 68.31150713, 27.64350713, 0.0 ], [ 68.29544043, 27.64365729, 0.0 ], [ 68.28491993, 27.64041707, 0.0 ], [ 68.27360406, 27.63643811, 0.0 ] ] } },
{ "type": "Feature", "properties": { "name": "Lahori Minor", "descriptio": "Unknown Line Type<BR><BR><B>NAME</B> = Merankhori Minor<BR><BR><B>TYPE</B> = Minor<BR><BR><B>NAME</B> = Lahori Minor<BR><B>LAYER</B> = Unknown Line Type<BR><BR><B>NAME</B> = Lahori Minor<BR><BR><B>TYPE</B> = Minor<BR><B>GM_TYPE</B> = Unknown Line Type" }, "geometry": { "type": "LineString", "coordinates": [ [ 68.20598846, 27.56295337, 0.0 ], [ 68.20412082, 27.56085707, 0.0 ], [ 68.19997902, 27.55849296, 0.0 ], [ 68.19809975, 27.557069, 0.0 ], [ 68.19527707, 27.55453627, 0.0 ], [ 68.19278368, 27.55165702, 0.0 ], [ 68.18959008, 27.5459658, 0.0 ], [ 68.18822476, 27.54134813, 0.0 ], [ 68.18767511, 27.53813336, 0.0 ] ] } },
{ "type": "Feature", "properties": { "name": "Fateh Pur Minor", "descriptio": "Unknown Line Type<BR><BR><B>NAME</B> = Merankhori Minor<BR><BR><B>TYPE</B> = Minor<BR><BR><B>NAME</B> = Fateh Pur Minor<BR><B>LAYER</B> = Unknown Line Type<BR><BR><B>NAME</B> = Fateh Pur Minor<BR><BR><B>TYPE</B> = Minor<BR><B>GM_TYPE</B> = Unknown Line T" }, "geometry": { "type": "LineString", "coordinates": [ [ 68.23377437, 27.61857002, 0.0 ], [ 68.2265031, 27.59960338, 0.0 ] ] } },
{ "type": "Feature", "properties": { "name": "Jaro Minor", "descriptio": "Unknown Line Type<BR><BR><B>NAME</B> = Merankhori Minor<BR><BR><B>TYPE</B> = Minor<BR><BR><B>NAME</B> = Jaro Minor<BR><B>LAYER</B> = Unknown Line Type<BR><BR><B>NAME</B> = Jaro Minor<BR><BR><B>TYPE</B> = Minor<BR><B>GM_TYPE</B> = Unknown Line Type" }, "geometry": { "type": "LineString", "coordinates": [ [ 68.17084955, 27.55413724, 0.0 ], [ 68.1696867, 27.54819865, 0.0 ], [ 68.16909161, 27.5469178, 0.0 ], [ 68.166591, 27.54313929, 0.0 ], [ 68.16461062, 27.54214705, 0.0 ], [ 68.1636598, 27.54070005, 0.0 ], [ 68.16143903, 27.53905341, 0.0 ], [ 68.1634361, 27.53397063, 0.0 ], [ 68.16435015, 27.53270967, 0.0 ] ] } },
{ "type": "Feature", "properties": { "name": "Chatho Minor", "descriptio": "Unknown Line Type<BR><BR><B>NAME</B> = Merankhori Minor<BR><BR><B>TYPE</B> = Minor<BR><BR><B>NAME</B> = Chatho Minor<BR><B>LAYER</B> = Unknown Line Type<BR><BR><B>NAME</B> = Chatho Minor<BR><BR><B>TYPE</B> = Minor<BR><B>GM_TYPE</B> = Unknown Line Type" }, "geometry": { "type": "LineString", "coordinates": [ [ 68.147174, 27.6325539, 0.0 ], [ 68.14192667, 27.64257731, 0.0 ], [ 68.14025723, 27.64838037, 0.0 ], [ 68.1322699, 27.65970676, 0.0 ], [ 68.13029429, 27.66347769, 0.0 ], [ 68.12838343, 27.66906011, 0.0 ], [ 68.12837395, 27.67335275, 0.0 ], [ 68.12703841, 27.67628343, 0.0 ] ] } },
{ "type": "Feature", "properties": { "name": "Shahan Minor", "descriptio": "Unknown Line Type<BR><BR><B>NAME</B> = Merankhori Minor<BR><BR><B>TYPE</B> = Minor<BR><BR><B>NAME</B> = Shahan Minor<BR><B>LAYER</B> = Unknown Line Type<BR><BR><B>NAME</B> = Shahan Minor<BR><BR><B>TYPE</B> = Minor<BR><B>GM_TYPE</B> = Unknown Line Type" }, "geometry": { "type": "LineString", "coordinates": [ [ 67.6843189, 27.92613243, 0.0 ], [ 67.67732802, 27.9154872, 0.0 ], [ 67.67585213, 27.91234198, 0.0 ] ] } },
{ "type": "Feature", "properties": { "name": "Rabi Minor", "descriptio": "Unknown Line Type<BR><BR><B>NAME</B> = Merankhori Minor<BR><BR><B>TYPE</B> = Minor<BR><BR><B>NAME</B> = Rabi Minor<BR><B>LAYER</B> = Unknown Line Type<BR><BR><B>NAME</B> = Rabi Minor<BR><BR><B>TYPE</B> = Minor<BR><B>GM_TYPE</B> = Unknown Line Type" }, "geometry": { "type": "LineString", "coordinates": [ [ 67.62083389, 27.91966394, 0.0 ], [ 67.62045837, 27.91940462, 0.0 ], [ 67.61206655, 27.90196132, 0.0 ], [ 67.61138071, 27.89992498, 0.0 ], [ 67.60387109, 27.84231895, 0.0 ], [ 67.60401155, 27.83948409, 0.0 ], [ 67.60444018, 27.83779369, 0.0 ], [ 67.62941837, 27.76865188, 0.0 ], [ 67.63146215, 27.7644012, 0.0 ], [ 67.63317594, 27.76182511, 0.0 ], [ 67.63613957, 27.75848885, 0.0 ], [ 67.66987202, 27.72769031, 0.0 ] ] } },
{ "type": "Feature", "properties": { "name": "Imdad Minor", "descriptio": "Unknown Line Type<BR><BR><B>NAME</B> = Merankhori Minor<BR><BR><B>TYPE</B> = Minor<BR><BR><B>NAME</B> = Imdad Minor<BR><B>LAYER</B> = Unknown Line Type<BR><BR><B>NAME</B> = Imdad Minor<BR><BR><B>TYPE</B> = Minor<BR><B>GM_TYPE</B> = Unknown Line Type" }, "geometry": { "type": "LineString", "coordinates": [ [ 67.87799229, 27.91410407, 0.0 ], [ 67.84966182, 27.8755873, 0.0 ], [ 67.83607227, 27.83972477, 0.0 ] ] } },
{ "type": "Feature", "properties": { "name": "Eidan Minor", "descriptio": "Unknown Line Type<BR><BR><B>NAME</B> = Merankhori Minor<BR><BR><B>TYPE</B> = Minor<BR><BR><B>NAME</B> = Eidan Minor<BR><B>LAYER</B> = Unknown Line Type<BR><BR><B>NAME</B> = Eidan Minor<BR><BR><B>TYPE</B> = Minor<BR><B>GM_TYPE</B> = Unknown Line Type" }, "geometry": { "type": "LineString", "coordinates": [ [ 67.91147044, 27.95876362, 0.0 ], [ 67.91115972, 27.95829468, 0.0 ], [ 67.9090249, 27.95796679, 0.0 ], [ 67.88394682, 27.95645515, 0.0 ], [ 67.85518105, 27.95554365, 0.0 ] ] } },
{ "type": "Feature", "properties": { "name": "Gandakha Minor Left New", "descriptio": "Unknown Line Type<BR><BR><B>NAME</B> = Merankhori Minor<BR><BR><B>TYPE</B> = Minor<BR><BR><B>NAME</B> = Gandakha Minor Left New<BR><B>LAYER</B> = Unknown Line Type<BR><BR><B>NAME</B> = Gandakha Minor Left New<BR><BR><B>TYPE</B> = Minor<BR><B>GM_TYPE</B>" }, "geometry": { "type": "LineString", "coordinates": [ [ 67.81055379, 27.94856148, 0.0 ], [ 67.80786414, 27.93032645, 0.0 ] ] } },
{ "type": "Feature", "properties": { "name": "Gandakha Minor Left old", "descriptio": "Unknown Line Type<BR><BR><B>NAME</B> = Merankhori Minor<BR><BR><B>TYPE</B> = Minor<BR><BR><B>NAME</B> = Gandakha Minor Left old<BR><B>LAYER</B> = Unknown Line Type<BR><BR><B>NAME</B> = Gandakha Minor Left old<BR><BR><B>TYPE</B> = Minor<BR><B>GM_TYPE</B>" }, "geometry": { "type": "LineString", "coordinates": [ [ 67.84915532, 27.97669208, 0.0 ], [ 67.8495555, 27.97583647, 0.0 ], [ 67.84938243, 27.97534942, 0.0 ], [ 67.84352264, 27.96930741, 0.0 ], [ 67.82547926, 27.95761194, 0.0 ], [ 67.8151357, 27.94584601, 0.0 ] ] } },
{ "type": "Feature", "properties": { "name": "Gandakha Minor Right", "descriptio": "Unknown Line Type<BR><BR><B>NAME</B> = Merankhori Minor<BR><BR><B>TYPE</B> = Minor<BR><BR><B>NAME</B> = Gandakha Minor Right<BR><B>LAYER</B> = Unknown Line Type<BR><BR><B>NAME</B> = Gandakha Minor Right<BR><BR><B>TYPE</B> = Minor<BR><B>GM_TYPE</B> = Unkn" }, "geometry": { "type": "LineString", "coordinates": [ [ 67.84915532, 27.97669208, 0.0 ], [ 67.84385805, 27.97901017, 0.0 ], [ 67.8426827, 27.97904992, 0.0 ], [ 67.81579882, 27.97159029, 0.0 ], [ 67.81382439, 27.97053114, 0.0 ], [ 67.81090411, 27.95079832, 0.0 ] ] } },
{ "type": "Feature", "properties": { "name": "Chowki Minor", "descriptio": "Unknown Line Type<BR><BR><B>NAME</B> = Merankhori Minor<BR><BR><B>TYPE</B> = Minor<BR><BR><B>NAME</B> = Chowki Minor<BR><B>LAYER</B> = Unknown Line Type<BR><BR><B>NAME</B> = Chowki Minor<BR><BR><B>TYPE</B> = Minor<BR><B>GM_TYPE</B> = Unknown Line Type" }, "geometry": { "type": "LineString", "coordinates": [ [ 67.91617741, 27.99872767, 0.0 ], [ 67.91567221, 27.99734248, 0.0 ], [ 67.91449241, 27.99680325, 0.0 ], [ 67.91003049, 27.99632376, 0.0 ], [ 67.8972397, 27.99368642, 0.0 ], [ 67.89227413, 27.99233786, 0.0 ], [ 67.89034706, 27.99142267, 0.0 ], [ 67.88705469, 27.98877895, 0.0 ], [ 67.86819362, 27.97039743, 0.0 ], [ 67.86107619, 27.96560751, 0.0 ] ] } },
{ "type": "Feature", "properties": { "name": "Gadeji Minor", "descriptio": "Unknown Line Type<BR><BR><B>NAME</B> = Merankhori Minor<BR><BR><B>TYPE</B> = Minor<BR><BR><B>NAME</B> = Gadeji Minor<BR><B>LAYER</B> = Unknown Line Type<BR><BR><B>NAME</B> = Gadeji Minor<BR><BR><B>TYPE</B> = Minor<BR><B>GM_TYPE</B> = Unknown Line Type" }, "geometry": { "type": "LineString", "coordinates": [ [ 68.48020399, 27.25508303, 0.0 ], [ 68.47984255, 27.25481659, 0.0 ], [ 68.45593425, 27.25601555, 0.0 ], [ 68.45520187, 27.25583416, 0.0 ], [ 68.44851921, 27.24181532, 0.0 ], [ 68.42536263, 27.22288148, 0.0 ] ] } },
{ "type": "Feature", "properties": { "name": "New Razidero Minor", "descriptio": "Unknown Line Type<BR><BR><B>NAME</B> = Merankhori Minor<BR><BR><B>TYPE</B> = Minor<BR><BR><B>NAME</B> = New Razidero Minor<BR><B>LAYER</B> = Unknown Line Type<BR><BR><B>NAME</B> = New Razidero Minor<BR><BR><B>TYPE</B> = Minor<BR><B>GM_TYPE</B> = Unknown" }, "geometry": { "type": "LineString", "coordinates": [ [ 68.41433176, 27.43308851, 0.0 ], [ 68.40822761, 27.43641675, 0.0 ], [ 68.38644414, 27.43626379, 0.0 ], [ 68.37714529, 27.43174345, 0.0 ], [ 68.37545967, 27.42919683, 0.0 ] ] } },
{ "type": "Feature", "properties": { "name": "Sial Minor", "descriptio": "Unknown Line Type<BR><BR><B>NAME</B> = Merankhori Minor<BR><BR><B>TYPE</B> = Minor<BR><BR><B>NAME</B> = Sial Minor<BR><B>LAYER</B> = Unknown Line Type<BR><BR><B>NAME</B> = Sial Minor<BR><BR><B>TYPE</B> = Minor<BR><B>GM_TYPE</B> = Unknown Line Type" }, "geometry": { "type": "LineString", "coordinates": [ [ 68.37710961, 27.23411716, 0.0 ], [ 68.36137408, 27.23085132, 0.0 ], [ 68.34893467, 27.22941161, 0.0 ], [ 68.34515279, 27.22856069, 0.0 ] ] } },
{ "type": "Feature", "properties": { "name": "Samaj Minor", "descriptio": "Unknown Line Type<BR><BR><B>NAME</B> = Merankhori Minor<BR><BR><B>TYPE</B> = Minor<BR><BR><B>NAME</B> = Samaj Minor<BR><B>LAYER</B> = Unknown Line Type<BR><BR><B>NAME</B> = Samaj Minor<BR><BR><B>TYPE</B> = Minor<BR><B>GM_TYPE</B> = Unknown Line Type" }, "geometry": { "type": "LineString", "coordinates": [ [ 68.43412203, 27.20854585, 0.0 ], [ 68.43285264, 27.19980449, 0.0 ], [ 68.43287979, 27.1982724, 0.0 ], [ 68.43891769, 27.17502789, 0.0 ], [ 68.43914412, 27.17279181, 0.0 ], [ 68.43813531, 27.17277351, 0.0 ], [ 68.43613546, 27.16921635, 0.0 ], [ 68.4255684, 27.15310092, 0.0 ], [ 68.42692428, 27.15059887, 0.0 ] ] } },
{ "type": "Feature", "properties": { "name": "Hingorja Minor", "descriptio": "Unknown Line Type<BR><BR><B>NAME</B> = Merankhori Minor<BR><BR><B>TYPE</B> = Minor<BR><BR><B>NAME</B> = Hingorja Minor<BR><B>LAYER</B> = Unknown Line Type<BR><BR><B>NAME</B> = Hingorja Minor<BR><BR><B>TYPE</B> = Minor<BR><B>GM_TYPE</B> = Unknown Line Typ" }, "geometry": { "type": "LineString", "coordinates": [ [ 68.49933412, 27.25000049, 0.0 ], [ 68.49141209, 27.24837935, 0.0 ], [ 68.48385488, 27.24891836, 0.0 ], [ 68.48254593, 27.24857622, 0.0 ], [ 68.47926121, 27.23502984, 0.0 ], [ 68.47102543, 27.2190933, 0.0 ], [ 68.46071619, 27.21077684, 0.0 ], [ 68.44895947, 27.20712882, 0.0 ], [ 68.42833094, 27.20910445, 0.0 ], [ 68.42686536, 27.20913457, 0.0 ], [ 68.42606488, 27.20874398, 0.0 ], [ 68.40686885, 27.17921464, 0.0 ], [ 68.40825838, 27.15746262, 0.0 ] ] } },
{ "type": "Feature", "properties": { "name": "Machar Minor", "descriptio": "Unknown Line Type<BR><BR><B>NAME</B> = Merankhori Minor<BR><BR><B>TYPE</B> = Minor<BR><BR><B>NAME</B> = Machar Minor<BR><B>LAYER</B> = Unknown Line Type<BR><BR><B>NAME</B> = Machar Minor<BR><BR><B>TYPE</B> = Minor<BR><B>GM_TYPE</B> = Unknown Line Type" }, "geometry": { "type": "LineString", "coordinates": [ [ 68.40238772, 27.24557066, 0.0 ], [ 68.41133793, 27.218864, 0.0 ], [ 68.39961619, 27.19648994, 0.0 ], [ 68.3983655, 27.1956798, 0.0 ] ] } },
{ "type": "Feature", "properties": { "name": "Taj Minor", "descriptio": "Unknown Line Type<BR><BR><B>NAME</B> = Merankhori Minor<BR><BR><B>TYPE</B> = Minor<BR><BR><B>NAME</B> = Taj Minor<BR><B>LAYER</B> = Unknown Line Type<BR><BR><B>NAME</B> = Taj Minor<BR><BR><B>TYPE</B> = Minor<BR><B>GM_TYPE</B> = Unknown Line Type" }, "geometry": { "type": "LineString", "coordinates": [ [ 68.39858503, 27.28422727, 0.0 ], [ 68.40590421, 27.28225872, 0.0 ], [ 68.40754977, 27.28151265, 0.0 ], [ 68.4258101, 27.2696658, 0.0 ], [ 68.42688415, 27.26871551, 0.0 ], [ 68.42752218, 27.26762894, 0.0 ], [ 68.42954786, 27.26289631, 0.0 ] ] } },
{ "type": "Feature", "properties": { "name": "Teekno Minor", "descriptio": "Unknown Line Type<BR><BR><B>NAME</B> = Merankhori Minor<BR><BR><B>TYPE</B> = Minor<BR><BR><B>NAME</B> = Teekno Minor<BR><B>LAYER</B> = Unknown Line Type<BR><BR><B>NAME</B> = Teekno Minor<BR><BR><B>TYPE</B> = Minor<BR><B>GM_TYPE</B> = Unknown Line Type" }, "geometry": { "type": "LineString", "coordinates": [ [ 68.34271326, 27.27895381, 0.0 ], [ 68.34515574, 27.27601916, 0.0 ], [ 68.34603431, 27.27287958, 0.0 ], [ 68.34738927, 27.27042414, 0.0 ], [ 68.348405, 27.26703037, 0.0 ], [ 68.35025465, 27.26308663, 0.0 ], [ 68.35106813, 27.25794419, 0.0 ], [ 68.34920616, 27.25410776, 0.0 ], [ 68.3445523, 27.24810608, 0.0 ], [ 68.33790783, 27.24249281, 0.0 ], [ 68.33611767, 27.23618981, 0.0 ] ] } },
{ "type": "Feature", "properties": { "name": "Mirak Minor", "descriptio": "Unknown Line Type<BR><BR><B>NAME</B> = Merankhori Minor<BR><BR><B>TYPE</B> = Minor<BR><BR><B>NAME</B> = Mirak Minor<BR><B>LAYER</B> = Unknown Line Type<BR><BR><B>NAME</B> = Mirak Minor<BR><BR><B>TYPE</B> = Minor<BR><B>GM_TYPE</B> = Unknown Line Type" }, "geometry": { "type": "LineString", "coordinates": [ [ 68.34934081, 27.2543307, 0.0 ], [ 68.35885224, 27.239095, 0.0 ] ] } },
{ "type": "Feature", "properties": { "name": "Kharal Minor", "descriptio": "Unknown Line Type<BR><BR><B>NAME</B> = Merankhori Minor<BR><BR><B>TYPE</B> = Minor<BR><BR><B>NAME</B> = Kharal Minor<BR><B>LAYER</B> = Unknown Line Type<BR><BR><B>NAME</B> = Kharal Minor<BR><BR><B>TYPE</B> = Minor<BR><B>GM_TYPE</B> = Unknown Line Type" }, "geometry": { "type": "LineString", "coordinates": [ [ 68.34175044, 27.27797149, 0.0 ], [ 68.3388575, 27.27675468, 0.0 ], [ 68.33490052, 27.27592475, 0.0 ], [ 68.33175798, 27.27580372, 0.0 ], [ 68.3279259, 27.2767173, 0.0 ], [ 68.32618645, 27.27672618, 0.0 ], [ 68.32308428, 27.27340641, 0.0 ], [ 68.29988314, 27.25799196, 0.0 ], [ 68.29746769, 27.25120023, 0.0 ], [ 68.28087958, 27.23814361, 0.0 ], [ 68.27893442, 27.23602441, 0.0 ], [ 68.27496141, 27.2337853, 0.0 ], [ 68.2665369, 27.2339669, 0.0 ], [ 68.26390748, 27.23359053, 0.0 ], [ 68.2611513, 27.23257612, 0.0 ], [ 68.25815315, 27.23080949, 0.0 ], [ 68.25194801, 27.22786633, 0.0 ] ] } },
{ "type": "Feature", "properties": { "name": "Sobhodero Minor", "descriptio": "Unknown Line Type<BR><BR><B>NAME</B> = Merankhori Minor<BR><BR><B>TYPE</B> = Minor<BR><BR><B>NAME</B> = Sobhodero Minor<BR><B>LAYER</B> = Unknown Line Type<BR><BR><B>NAME</B> = Sobhodero Minor<BR><BR><B>TYPE</B> = Minor<BR><B>GM_TYPE</B> = Unknown Line T" }, "geometry": { "type": "LineString", "coordinates": [ [ 68.38872895, 27.30622966, 0.0 ], [ 68.38577639, 27.30283953, 0.0 ], [ 68.38809329, 27.28941816, 0.0 ], [ 68.38501989, 27.27676401, 0.0 ], [ 68.37472697, 27.26469851, 0.0 ] ] } },
{ "type": "Feature", "properties": { "name": "Imam Minor", "descriptio": "Unknown Line Type<BR><BR><B>NAME</B> = Merankhori Minor<BR><BR><B>TYPE</B> = Minor<BR><BR><B>NAME</B> = Imam Minor<BR><B>LAYER</B> = Unknown Line Type<BR><BR><B>NAME</B> = Imam Minor<BR><BR><B>TYPE</B> = Minor<BR><B>GM_TYPE</B> = Unknown Line Type" }, "geometry": { "type": "LineString", "coordinates": [ [ 68.34947421, 27.32434943, 0.0 ], [ 68.36920885, 27.29047165, 0.0 ], [ 68.3692419, 27.28934137, 0.0 ], [ 68.36521452, 27.26820231, 0.0 ] ] } },
{ "type": "Feature", "properties": { "name": "Mud Minor", "descriptio": "Unknown Line Type<BR><BR><B>NAME</B> = Merankhori Minor<BR><BR><B>TYPE</B> = Minor<BR><BR><B>NAME</B> = Mud Minor<BR><B>LAYER</B> = Unknown Line Type<BR><BR><B>NAME</B> = Mud Minor<BR><BR><B>TYPE</B> = Minor<BR><B>GM_TYPE</B> = Unknown Line Type" }, "geometry": { "type": "LineString", "coordinates": [ [ 68.38677609, 27.33756549, 0.0 ], [ 68.3902071, 27.33735585, 0.0 ], [ 68.39507459, 27.33608872, 0.0 ], [ 68.4170951, 27.33594504, 0.0 ], [ 68.43576326, 27.3283034, 0.0 ] ] } },
{ "type": "Feature", "properties": { "name": "Setharja Minor", "descriptio": "Unknown Line Type<BR><BR><B>NAME</B> = Merankhori Minor<BR><BR><B>TYPE</B> = Minor<BR><BR><B>NAME</B> = Setharja Minor<BR><B>LAYER</B> = Unknown Line Type<BR><BR><B>NAME</B> = Setharja Minor<BR><BR><B>TYPE</B> = Minor<BR><B>GM_TYPE</B> = Unknown Line Typ" }, "geometry": { "type": "LineString", "coordinates": [ [ 68.36522978, 27.35518591, 0.0 ], [ 68.36828474, 27.35298425, 0.0 ], [ 68.37197087, 27.34904839, 0.0 ], [ 68.3744814, 27.34424898, 0.0 ], [ 68.38056899, 27.33964811, 0.0 ], [ 68.38703765, 27.33741789, 0.0 ], [ 68.39579665, 27.32738325, 0.0 ], [ 68.39605953, 27.32635506, 0.0 ], [ 68.39547054, 27.31386389, 0.0 ], [ 68.39553519, 27.31294513, 0.0 ], [ 68.39594129, 27.31234747, 0.0 ], [ 68.40373512, 27.30488035, 0.0 ], [ 68.4135, 27.3033179, 0.0 ], [ 68.42002918, 27.30015098, 0.0 ], [ 68.43766326, 27.27502601, 0.0 ] ] } },
{ "type": "Feature", "properties": { "name": "Geru Minor", "descriptio": "Unknown Line Type<BR><BR><B>NAME</B> = Merankhori Minor<BR><BR><B>TYPE</B> = Minor<BR><BR><B>NAME</B> = Geru Minor<BR><B>LAYER</B> = Unknown Line Type<BR><BR><B>NAME</B> = Geru Minor<BR><BR><B>TYPE</B> = Minor<BR><B>GM_TYPE</B> = Unknown Line Type" }, "geometry": { "type": "LineString", "coordinates": [ [ 68.39561548, 27.41169434, 0.0 ], [ 68.39488108, 27.41036687, 0.0 ], [ 68.39342448, 27.39946803, 0.0 ], [ 68.40534101, 27.38113641, 0.0 ], [ 68.40565234, 27.38002186, 0.0 ], [ 68.40553915, 27.36072316, 0.0 ], [ 68.40317779, 27.35325814, 0.0 ] ] } },
{ "type": "Feature", "properties": { "name": "Ghulam Ali Minor", "descriptio": "Unknown Line Type<BR><BR><B>NAME</B> = Merankhori Minor<BR><BR><B>TYPE</B> = Minor<BR><BR><B>NAME</B> = Ghulam Ali Minor<BR><B>LAYER</B> = Unknown Line Type<BR><BR><B>NAME</B> = Ghulam Ali Minor<BR><BR><B>TYPE</B> = Minor<BR><B>GM_TYPE</B> = Unknown Line" }, "geometry": { "type": "LineString", "coordinates": [ [ 68.4969395, 27.28431191, 0.0 ], [ 68.49363056, 27.28177453, 0.0 ], [ 68.46118742, 27.27167689, 0.0 ], [ 68.44700306, 27.26992184, 0.0 ], [ 68.43986701, 27.26959533, 0.0 ], [ 68.43793689, 27.26995098, 0.0 ] ] } },
{ "type": "Feature", "properties": { "name": "Buth Minor", "descriptio": "Unknown Line Type<BR><BR><B>NAME</B> = Merankhori Minor<BR><BR><B>TYPE</B> = Minor<BR><BR><B>NAME</B> = Buth Minor<BR><B>LAYER</B> = Unknown Line Type<BR><BR><B>NAME</B> = Buth Minor<BR><BR><B>TYPE</B> = Minor<BR><B>GM_TYPE</B> = Unknown Line Type" }, "geometry": { "type": "LineString", "coordinates": [ [ 68.11635541, 27.37779712, 0.0 ], [ 68.09815433, 27.37860735, 0.0 ], [ 68.091877, 27.37658047, 0.0 ], [ 68.07467256, 27.36861862, 0.0 ], [ 68.07111482, 27.36727969, 0.0 ] ] } },
{ "type": "Feature", "properties": { "name": "Draza Minor", "descriptio": "Unknown Line Type<BR><BR><B>NAME</B> = Merankhori Minor<BR><BR><B>TYPE</B> = Minor<BR><BR><B>NAME</B> = Draza Minor<BR><B>LAYER</B> = Unknown Line Type<BR><BR><B>NAME</B> = Draza Minor<BR><BR><B>TYPE</B> = Minor<BR><B>GM_TYPE</B> = Unknown Line Type" }, "geometry": { "type": "LineString", "coordinates": [ [ 68.51236261, 27.3320683, 0.0 ], [ 68.50701253, 27.32809319, 0.0 ], [ 68.5066934, 27.32731536, 0.0 ], [ 68.50633861, 27.32254551, 0.0 ], [ 68.50584149, 27.32131078, 0.0 ], [ 68.49416102, 27.30513294, 0.0 ], [ 68.49133687, 27.30281408, 0.0 ], [ 68.48811982, 27.30146475, 0.0 ], [ 68.4615075, 27.29507204, 0.0 ], [ 68.45530811, 27.29466496, 0.0 ], [ 68.44705737, 27.29587079, 0.0 ] ] } },
{ "type": "Feature", "properties": { "name": "Miani Minor", "descriptio": "Unknown Line Type<BR><BR><B>NAME</B> = Merankhori Minor<BR><BR><B>TYPE</B> = Minor<BR><BR><B>NAME</B> = Miani Minor<BR><B>LAYER</B> = Unknown Line Type<BR><BR><B>NAME</B> = Miani Minor<BR><BR><B>TYPE</B> = Minor<BR><B>GM_TYPE</B> = Unknown Line Type" }, "geometry": { "type": "LineString", "coordinates": [ [ 68.4962824, 27.35509283, 0.0 ], [ 68.49028125, 27.35514994, 0.0 ], [ 68.47841405, 27.349401, 0.0 ], [ 68.47583919, 27.34733711, 0.0 ], [ 68.47536113, 27.34651431, 0.0 ], [ 68.47300023, 27.3305952, 0.0 ] ] } },
{ "type": "Feature", "properties": { "name": "Ranipur Minor", "descriptio": "Unknown Line Type<BR><BR><B>NAME</B> = Merankhori Minor<BR><BR><B>TYPE</B> = Minor<BR><BR><B>NAME</B> = Ranipur Minor<BR><B>LAYER</B> = Unknown Line Type<BR><BR><B>NAME</B> = Ranipur Minor<BR><BR><B>TYPE</B> = Minor<BR><B>GM_TYPE</B> = Unknown Line Type" }, "geometry": { "type": "LineString", "coordinates": [ [ 68.51381141, 27.36712556, 0.0 ], [ 68.49534616, 27.35420273, 0.0 ], [ 68.48850277, 27.33911922, 0.0 ], [ 68.48696338, 27.32390384, 0.0 ], [ 68.48424747, 27.32172089, 0.0 ], [ 68.48390579, 27.32001784, 0.0 ], [ 68.48355686, 27.31986528, 0.0 ] ] } },
{ "type": "Feature", "properties": { "name": "Thatti Minor", "descriptio": "Unknown Line Type<BR><BR><B>NAME</B> = Merankhori Minor<BR><BR><B>TYPE</B> = Minor<BR><BR><B>NAME</B> = Thatti Minor<BR><B>LAYER</B> = Unknown Line Type<BR><BR><B>NAME</B> = Thatti Minor<BR><BR><B>TYPE</B> = Minor<BR><B>GM_TYPE</B> = Unknown Line Type" }, "geometry": { "type": "LineString", "coordinates": [ [ 68.45368059, 27.35432503, 0.0 ], [ 68.45389269, 27.35240303, 0.0 ], [ 68.45936336, 27.34635591, 0.0 ], [ 68.45932886, 27.32850443, 0.0 ] ] } },
{ "type": "Feature", "properties": { "name": "Khuhra Minor", "descriptio": "Unknown Line Type<BR><BR><B>NAME</B> = Merankhori Minor<BR><BR><B>TYPE</B> = Minor<BR><BR><B>NAME</B> = Khuhra Minor<BR><B>LAYER</B> = Unknown Line Type<BR><BR><B>NAME</B> = Khuhra Minor<BR><BR><B>TYPE</B> = Minor<BR><B>GM_TYPE</B> = Unknown Line Type" }, "geometry": { "type": "LineString", "coordinates": [ [ 68.51280308, 27.40062304, 0.0 ], [ 68.48068498, 27.38390286, 0.0 ], [ 68.4784279, 27.38302072, 0.0 ], [ 68.47332099, 27.38184043, 0.0 ], [ 68.46888253, 27.3787673, 0.0 ], [ 68.4668487, 27.37609434, 0.0 ], [ 68.44754156, 27.34415377, 0.0 ], [ 68.44717135, 27.34169821, 0.0 ], [ 68.44712544, 27.33033834, 0.0 ], [ 68.44438224, 27.32541357, 0.0 ], [ 68.43803403, 27.31909014, 0.0 ], [ 68.43341014, 27.31744903, 0.0 ], [ 68.4327475, 27.31688682, 0.0 ], [ 68.4273026, 27.31507059, 0.0 ], [ 68.42528929, 27.31274677, 0.0 ] ] } },
{ "type": "Feature", "properties": { "name": "Hamayun Minor", "descriptio": "Unknown Line Type<BR><BR><B>NAME</B> = Merankhori Minor<BR><BR><B>TYPE</B> = Minor<BR><BR><B>NAME</B> = Hamayun Minor<BR><B>LAYER</B> = Unknown Line Type<BR><BR><B>NAME</B> = Hamayun Minor<BR><BR><B>TYPE</B> = Minor<BR><B>GM_TYPE</B> = Unknown Line Type" }, "geometry": { "type": "LineString", "coordinates": [ [ 68.48175907, 27.49421036, 0.0 ], [ 68.47598496, 27.49130668, 0.0 ], [ 68.46825403, 27.49026934, 0.0 ], [ 68.46691135, 27.49040835, 0.0 ] ] } },
{ "type": "Feature", "properties": { "name": "Sarohi  Minor", "descriptio": "Unknown Line Type<BR><BR><B>NAME</B> = Merankhori Minor<BR><BR><B>TYPE</B> = Minor<BR><BR><B>NAME</B> = Sarohi  Minor<BR><B>LAYER</B> = Unknown Line Type<BR><BR><B>NAME</B> = Sarohi  Minor<BR><BR><B>TYPE</B> = Minor<BR><B>GM_TYPE</B> = Unknown Line Type" }, "geometry": { "type": "LineString", "coordinates": [ [ 68.48412129, 27.48394846, 0.0 ], [ 68.4705109, 27.48021703, 0.0 ], [ 68.46328701, 27.47339295, 0.0 ], [ 68.45443909, 27.46303526, 0.0 ] ] } },
{ "type": "Feature", "properties": { "name": "Kamal Dero Minor", "descriptio": "Unknown Line Type<BR><BR><B>NAME</B> = Merankhori Minor<BR><BR><B>TYPE</B> = Minor<BR><BR><B>NAME</B> = Kamal Dero Minor<BR><B>LAYER</B> = Unknown Line Type<BR><BR><B>NAME</B> = Kamal Dero Minor<BR><BR><B>TYPE</B> = Minor<BR><B>GM_TYPE</B> = Unknown Line" }, "geometry": { "type": "LineString", "coordinates": [ [ 68.48611085, 27.47393234, 0.0 ], [ 68.48770287, 27.46454906, 0.0 ], [ 68.48697237, 27.45660362, 0.0 ], [ 68.48633726, 27.45499745, 0.0 ], [ 68.48629955, 27.4517884, 0.0 ], [ 68.48605679, 27.4513975, 0.0 ], [ 68.46177167, 27.44129565, 0.0 ], [ 68.44813204, 27.43654655, 0.0 ] ] } },
{ "type": "Feature", "properties": { "name": "Gangar Minor", "descriptio": "Unknown Line Type<BR><BR><B>NAME</B> = Merankhori Minor<BR><BR><B>TYPE</B> = Minor<BR><BR><B>NAME</B> = Gangar Minor<BR><B>LAYER</B> = Unknown Line Type<BR><BR><B>NAME</B> = Gangar Minor<BR><BR><B>TYPE</B> = Minor<BR><B>GM_TYPE</B> = Unknown Line Type" }, "geometry": { "type": "LineString", "coordinates": [ [ 68.50948642, 27.44397351, 0.0 ], [ 68.49773426, 27.44069754, 0.0 ], [ 68.49068742, 27.43955978, 0.0 ], [ 68.48405744, 27.43601174, 0.0 ], [ 68.46841363, 27.42679402, 0.0 ], [ 68.46146321, 27.42506748, 0.0 ] ] } },
{ "type": "Feature", "properties": { "name": "Almani Minor", "descriptio": "Unknown Line Type<BR><BR><B>NAME</B> = Merankhori Minor<BR><BR><B>TYPE</B> = Minor<BR><BR><B>NAME</B> = Almani Minor<BR><B>LAYER</B> = Unknown Line Type<BR><BR><B>NAME</B> = Almani Minor<BR><BR><B>TYPE</B> = Minor<BR><B>GM_TYPE</B> = Unknown Line Type" }, "geometry": { "type": "LineString", "coordinates": [ [ 68.06033135, 27.26776399, 0.0 ], [ 68.05425734, 27.26954771, 0.0 ], [ 68.05216003, 27.26968136, 0.0 ], [ 68.04576729, 27.27139042, 0.0 ], [ 68.04291148, 27.27287369, 0.0 ], [ 68.03643109, 27.27774323, 0.0 ] ] } },
{ "type": "Feature", "properties": { "name": "Khairwah Minor", "descriptio": "Unknown Line Type<BR><BR><B>NAME</B> = Merankhori Minor<BR><BR><B>TYPE</B> = Minor<BR><BR><B>NAME</B> = Khairwah Minor<BR><B>LAYER</B> = Unknown Line Type<BR><BR><B>NAME</B> = Khairwah Minor<BR><BR><B>TYPE</B> = Minor<BR><B>GM_TYPE</B> = Unknown Line Typ" }, "geometry": { "type": "LineString", "coordinates": [ [ 68.0832266, 27.33224372, 0.0 ], [ 68.0816573, 27.33397988, 0.0 ], [ 68.06805494, 27.33665724, 0.0 ], [ 68.06015775, 27.33468017, 0.0 ], [ 68.05797219, 27.33449062, 0.0 ] ] } },
{ "type": "Feature", "properties": { "name": "Lakha Minor", "descriptio": "Unknown Line Type<BR><BR><B>NAME</B> = Merankhori Minor<BR><BR><B>TYPE</B> = Minor<BR><BR><B>NAME</B> = Lakha Minor<BR><B>LAYER</B> = Unknown Line Type<BR><BR><B>NAME</B> = Lakha Minor<BR><BR><B>TYPE</B> = Minor<BR><B>GM_TYPE</B> = Unknown Line Type" }, "geometry": { "type": "LineString", "coordinates": [ [ 68.50673212, 27.42367929, 0.0 ], [ 68.48774653, 27.41758894, 0.0 ], [ 68.46766263, 27.41228404, 0.0 ], [ 68.46288697, 27.40755379, 0.0 ], [ 68.46273511, 27.40711617, 0.0 ], [ 68.46605708, 27.39339657, 0.0 ], [ 68.44851934, 27.3716676, 0.0 ], [ 68.44503296, 27.3580074, 0.0 ], [ 68.43837059, 27.35155259, 0.0 ], [ 68.43787683, 27.35076805, 0.0 ], [ 68.43687623, 27.34414241, 0.0 ], [ 68.43848153, 27.33981654, 0.0 ], [ 68.4411535, 27.33620699, 0.0 ], [ 68.4423556, 27.33542301, 0.0 ], [ 68.44307112, 27.33376064, 0.0 ], [ 68.44324338, 27.33104836, 0.0 ], [ 68.44283831, 27.32955671, 0.0 ], [ 68.44308095, 27.3281729, 0.0 ] ] } },
{ "type": "Feature", "properties": { "name": "Khinyari Minor", "descriptio": "Unknown Line Type<BR><BR><B>NAME</B> = Merankhori Minor<BR><BR><B>TYPE</B> = Minor<BR><BR><B>NAME</B> = Khinyari Minor<BR><B>LAYER</B> = Unknown Line Type<BR><BR><B>NAME</B> = Khinyari Minor<BR><BR><B>TYPE</B> = Minor<BR><B>GM_TYPE</B> = Unknown Line Typ" }, "geometry": { "type": "LineString", "coordinates": [ [ 68.48410418, 26.96854268, 0.0 ], [ 68.48278052, 26.96376458, 0.0 ], [ 68.48274446, 26.9259684, 0.0 ], [ 68.48065214, 26.92149109, 0.0 ] ] } },
{ "type": "Feature", "properties": { "name": "Jado Minor", "descriptio": "Unknown Line Type<BR><BR><B>NAME</B> = Merankhori Minor<BR><BR><B>TYPE</B> = Minor<BR><BR><B>NAME</B> = Jado Minor<BR><B>LAYER</B> = Unknown Line Type<BR><BR><B>NAME</B> = Jado Minor<BR><BR><B>TYPE</B> = Minor<BR><B>GM_TYPE</B> = Unknown Line Type" }, "geometry": { "type": "LineString", "coordinates": [ [ 68.07932243, 26.29000801, 0.0 ], [ 68.0809068, 26.28979682, 0.0 ], [ 68.08162107, 26.28923874, 0.0 ], [ 68.09694038, 26.27404805, 0.0 ], [ 68.09407788, 26.26232507, 0.0 ], [ 68.09403276, 26.24996229, 0.0 ], [ 68.08911138, 26.23540218, 0.0 ] ] } },
{ "type": "Feature", "properties": { "name": "Bhangho Minor", "descriptio": "Unknown Line Type<BR><BR><B>NAME</B> = Merankhori Minor<BR><BR><B>TYPE</B> = Minor<BR><BR><B>NAME</B> = Bhangho Minor<BR><B>LAYER</B> = Unknown Line Type<BR><BR><B>NAME</B> = Bhangho Minor<BR><BR><B>TYPE</B> = Minor<BR><B>GM_TYPE</B> = Unknown Line Type" }, "geometry": { "type": "LineString", "coordinates": [ [ 68.40656017, 26.81038774, 0.0 ], [ 68.40721712, 26.80224984, 0.0 ], [ 68.4076609, 26.80157822, 0.0 ], [ 68.41938194, 26.79194206, 0.0 ], [ 68.42342865, 26.78389201, 0.0 ], [ 68.42381002, 26.78278138, 0.0 ], [ 68.42461582, 26.77010556, 0.0 ], [ 68.42533486, 26.7688812, 0.0 ], [ 68.42783723, 26.76671045, 0.0 ], [ 68.42878203, 26.76550503, 0.0 ], [ 68.43254156, 26.75371805, 0.0 ], [ 68.43435336, 26.75079157, 0.0 ], [ 68.43956349, 26.74385024, 0.0 ], [ 68.44746131, 26.73750521, 0.0 ], [ 68.44879962, 26.73694895, 0.0 ], [ 68.45811963, 26.73496104, 0.0 ], [ 68.45912124, 26.73434942, 0.0 ], [ 68.46096075, 26.73229838, 0.0 ], [ 68.45809738, 26.72854611, 0.0 ], [ 68.45707053, 26.72790056, 0.0 ], [ 68.4513997, 26.72740943, 0.0 ], [ 68.4520648, 26.72254508, 0.0 ], [ 68.45313005, 26.72110742, 0.0 ] ] } },
{ "type": "Feature", "properties": { "name": "Ratter Minor", "descriptio": "Unknown Line Type<BR><BR><B>NAME</B> = Merankhori Minor<BR><BR><B>TYPE</B> = Minor<BR><BR><B>NAME</B> = Ratter Minor<BR><B>LAYER</B> = Unknown Line Type<BR><BR><B>NAME</B> = Ratter Minor<BR><BR><B>TYPE</B> = Minor<BR><B>GM_TYPE</B> = Unknown Line Type" }, "geometry": { "type": "LineString", "coordinates": [ [ 68.45280546, 26.95086947, 0.0 ], [ 68.45660685, 26.94780321, 0.0 ], [ 68.45874225, 26.94566508, 0.0 ], [ 68.46119472, 26.94183184, 0.0 ], [ 68.46140665, 26.94018223, 0.0 ], [ 68.46077523, 26.93484862, 0.0 ], [ 68.45993221, 26.93339148, 0.0 ], [ 68.45427361, 26.92783577, 0.0 ], [ 68.454003, 26.92714762, 0.0 ], [ 68.45436658, 26.92587763, 0.0 ], [ 68.45529079, 26.92441202, 0.0 ] ] } },
{ "type": "Feature", "properties": { "name": "Daloor Minor", "descriptio": "Unknown Line Type<BR><BR><B>NAME</B> = Merankhori Minor<BR><BR><B>TYPE</B> = Minor<BR><BR><B>NAME</B> = Daloor Minor<BR><B>LAYER</B> = Unknown Line Type<BR><BR><B>NAME</B> = Daloor Minor<BR><BR><B>TYPE</B> = Minor<BR><B>GM_TYPE</B> = Unknown Line Type" }, "geometry": { "type": "LineString", "coordinates": [ [ 68.34585942, 26.69585282, 0.0 ], [ 68.34837133, 26.69410793, 0.0 ], [ 68.3502746, 26.69101035, 0.0 ], [ 68.35181281, 26.68967735, 0.0 ], [ 68.37271591, 26.6782575, 0.0 ] ] } },
{ "type": "Feature", "properties": { "name": "Jajh Minor", "descriptio": "Unknown Line Type<BR><BR><B>NAME</B> = Merankhori Minor<BR><BR><B>TYPE</B> = Minor<BR><BR><B>NAME</B> = Jajh Minor<BR><B>LAYER</B> = Unknown Line Type<BR><BR><B>NAME</B> = Jajh Minor<BR><BR><B>TYPE</B> = Minor<BR><B>GM_TYPE</B> = Unknown Line Type" }, "geometry": { "type": "LineString", "coordinates": [ [ 68.34585942, 26.69585282, 0.0 ], [ 68.37634751, 26.69794413, 0.0 ], [ 68.39042107, 26.69133758, 0.0 ] ] } },
{ "type": "Feature", "properties": { "name": "Hali Potta Minor", "descriptio": "Unknown Line Type<BR><BR><B>NAME</B> = Merankhori Minor<BR><BR><B>TYPE</B> = Minor<BR><BR><B>NAME</B> = Hali Potta Minor<BR><B>LAYER</B> = Unknown Line Type<BR><BR><B>NAME</B> = Hali Potta Minor<BR><BR><B>TYPE</B> = Minor<BR><B>GM_TYPE</B> = Unknown Line" }, "geometry": { "type": "LineString", "coordinates": [ [ 68.43476926, 26.97700583, 0.0 ], [ 68.42077581, 26.97693134, 0.0 ] ] } },
{ "type": "Feature", "properties": { "name": "New Kot Lalo Minor Ex Nusrat Canal", "descriptio": "Unknown Line Type<BR><BR><B>NAME</B> = Merankhori Minor<BR><BR><B>TYPE</B> = Minor<BR><BR><B>NAME</B> = New Kot Lalo Minor Ex Nusrat Canal<BR><B>LAYER</B> = Unknown Line Type<BR><BR><B>NAME</B> = New Kot Lalo Minor Ex Nusrat Canal<BR><BR><B>TYPE</B> = Mi" }, "geometry": { "type": "LineString", "coordinates": [ [ 68.29000459, 26.68914762, 0.0 ], [ 68.29795976, 26.68924323, 0.0 ], [ 68.31103512, 26.68217567, 0.0 ], [ 68.31829786, 26.67752825, 0.0 ], [ 68.34850842, 26.67311283, 0.0 ], [ 68.35750764, 26.66742755, 0.0 ], [ 68.39209887, 26.66741249, 0.0 ] ] } },
{ "type": "Feature", "properties": { "name": "Uman Minor", "descriptio": "Unknown Line Type<BR><BR><B>NAME</B> = Merankhori Minor<BR><BR><B>TYPE</B> = Minor<BR><BR><B>NAME</B> = Uman Minor<BR><B>LAYER</B> = Unknown Line Type<BR><BR><B>NAME</B> = Uman Minor<BR><BR><B>TYPE</B> = Minor<BR><B>GM_TYPE</B> = Unknown Line Type" }, "geometry": { "type": "LineString", "coordinates": [ [ 68.39130517, 26.87453048, 0.0 ], [ 68.4005368, 26.84453035, 0.0 ] ] } },
{ "type": "Feature", "properties": { "name": "Jakhara Minor", "descriptio": "Unknown Line Type<BR><BR><B>NAME</B> = Merankhori Minor<BR><BR><B>TYPE</B> = Minor<BR><BR><B>NAME</B> = Jakhara Minor<BR><B>LAYER</B> = Unknown Line Type<BR><BR><B>NAME</B> = Jakhara Minor<BR><BR><B>TYPE</B> = Minor<BR><B>GM_TYPE</B> = Unknown Line Type" }, "geometry": { "type": "LineString", "coordinates": [ [ 68.07368337, 27.28243586, 0.0 ], [ 68.073232, 27.28269335, 0.0 ], [ 68.07308683, 27.28337067, 0.0 ], [ 68.07131241, 27.28608557, 0.0 ], [ 68.06578985, 27.28377856, 0.0 ], [ 68.06207575, 27.28297867, 0.0 ] ] } },
{ "type": "Feature", "properties": { "name": "Ali Ganj Minor", "descriptio": "Unknown Line Type<BR><BR><B>NAME</B> = Merankhori Minor<BR><BR><B>TYPE</B> = Minor<BR><BR><B>NAME</B> = Ali Ganj Minor<BR><B>LAYER</B> = Unknown Line Type<BR><BR><B>NAME</B> = Ali Ganj Minor<BR><BR><B>TYPE</B> = Minor<BR><B>GM_TYPE</B> = Unknown Line Typ" }, "geometry": { "type": "LineString", "coordinates": [ [ 68.43490558, 26.97694491, 0.0 ], [ 68.430138, 26.97434756, 0.0 ], [ 68.42664327, 26.97142487, 0.0 ], [ 68.41661385, 26.95387478, 0.0 ], [ 68.41077089, 26.94627524, 0.0 ], [ 68.40779781, 26.94324992, 0.0 ], [ 68.40483869, 26.94146962, 0.0 ], [ 68.40009045, 26.93920957, 0.0 ], [ 68.38666074, 26.93381156, 0.0 ], [ 68.37940653, 26.929118, 0.0 ], [ 68.37673167, 26.92707253, 0.0 ], [ 68.37480003, 26.92405175, 0.0 ], [ 68.37317578, 26.92259569, 0.0 ], [ 68.36886711, 26.91726348, 0.0 ], [ 68.36602382, 26.91500674, 0.0 ], [ 68.35835462, 26.90562936, 0.0 ] ] } },
{ "type": "Feature", "properties": { "name": "Sangi Minor", "descriptio": "Unknown Line Type<BR><BR><B>NAME</B> = Merankhori Minor<BR><BR><B>TYPE</B> = Minor<BR><BR><B>NAME</B> = Sangi Minor<BR><B>LAYER</B> = Unknown Line Type<BR><BR><B>NAME</B> = Sangi Minor<BR><BR><B>TYPE</B> = Minor<BR><B>GM_TYPE</B> = Unknown Line Type" }, "geometry": { "type": "LineString", "coordinates": [ [ 68.42150965, 26.94948602, 0.0 ], [ 68.37577708, 26.91453912, 0.0 ], [ 68.37338843, 26.91243817, 0.0 ], [ 68.37190403, 26.90883765, 0.0 ] ] } },
{ "type": "Feature", "properties": { "name": "Dareh Minor", "descriptio": "Unknown Line Type<BR><BR><B>NAME</B> = Merankhori Minor<BR><BR><B>TYPE</B> = Minor<BR><BR><B>NAME</B> = Dareh Minor<BR><B>LAYER</B> = Unknown Line Type<BR><BR><B>NAME</B> = Dareh Minor<BR><BR><B>TYPE</B> = Minor<BR><B>GM_TYPE</B> = Unknown Line Type" }, "geometry": { "type": "LineString", "coordinates": [ [ 68.32348864, 26.7089675, 0.0 ], [ 68.31848817, 26.70286929, 0.0 ], [ 68.31697504, 26.6997087, 0.0 ], [ 68.31646128, 26.69787795, 0.0 ], [ 68.33936321, 26.67964555, 0.0 ] ] } },
{ "type": "Feature", "properties": { "name": "Lashari Minor", "descriptio": "Unknown Line Type<BR><BR><B>NAME</B> = Merankhori Minor<BR><BR><B>TYPE</B> = Minor<BR><BR><B>NAME</B> = Lashari Minor<BR><B>LAYER</B> = Unknown Line Type<BR><BR><B>NAME</B> = Lashari Minor<BR><BR><B>TYPE</B> = Minor<BR><B>GM_TYPE</B> = Unknown Line Type" }, "geometry": { "type": "LineString", "coordinates": [ [ 68.51584183, 26.95929807, 0.0 ], [ 68.52641373, 26.95586097, 0.0 ], [ 68.53043993, 26.95308141, 0.0 ], [ 68.55247492, 26.95307758, 0.0 ], [ 68.56048472, 26.94680892, 0.0 ] ] } },
{ "type": "Feature", "properties": { "name": "Kandiari Minor", "descriptio": "Unknown Line Type<BR><BR><B>NAME</B> = Merankhori Minor<BR><BR><B>TYPE</B> = Minor<BR><BR><B>NAME</B> = Kandiari Minor<BR><B>LAYER</B> = Unknown Line Type<BR><BR><B>NAME</B> = Kandiari Minor<BR><BR><B>TYPE</B> = Minor<BR><B>GM_TYPE</B> = Unknown Line Typ" }, "geometry": { "type": "LineString", "coordinates": [ [ 68.51586706, 26.94136044, 0.0 ], [ 68.5222007, 26.92850505, 0.0 ], [ 68.52299621, 26.91991535, 0.0 ], [ 68.52494245, 26.91748552, 0.0 ], [ 68.52487389, 26.90879042, 0.0 ], [ 68.528016, 26.90630318, 0.0 ], [ 68.54097061, 26.90330876, 0.0 ], [ 68.54162702, 26.90318723, 0.0 ], [ 68.54574925, 26.90400437, 0.0 ], [ 68.56475379, 26.89401323, 0.0 ], [ 68.56868322, 26.89502743, 0.0 ] ] } },
{ "type": "Feature", "properties": { "name": "Kubber Minor", "descriptio": "Unknown Line Type<BR><BR><B>NAME</B> = Merankhori Minor<BR><BR><B>TYPE</B> = Minor<BR><BR><B>NAME</B> = Kubber Minor<BR><B>LAYER</B> = Unknown Line Type<BR><BR><B>NAME</B> = Kubber Minor<BR><BR><B>TYPE</B> = Minor<BR><B>GM_TYPE</B> = Unknown Line Type" }, "geometry": { "type": "LineString", "coordinates": [ [ 68.48933864, 26.84560287, 0.0 ], [ 68.49641068, 26.83879913, 0.0 ], [ 68.5011889, 26.81935416, 0.0 ], [ 68.50420224, 26.81556907, 0.0 ], [ 68.50555377, 26.81483008, 0.0 ], [ 68.52033928, 26.81116805, 0.0 ] ] } },
{ "type": "Feature", "properties": { "name": "Sonahri Minor", "descriptio": "Unknown Line Type<BR><BR><B>NAME</B> = Merankhori Minor<BR><BR><B>TYPE</B> = Minor<BR><BR><B>NAME</B> = Sonahri Minor<BR><B>LAYER</B> = Unknown Line Type<BR><BR><B>NAME</B> = Sonahri Minor<BR><BR><B>TYPE</B> = Minor<BR><B>GM_TYPE</B> = Unknown Line Type" }, "geometry": { "type": "LineString", "coordinates": [ [ 68.11817507, 27.39043171, 0.0 ], [ 68.11654617, 27.39253485, 0.0 ], [ 68.11278643, 27.39434942, 0.0 ], [ 68.10994319, 27.3967916, 0.0 ], [ 68.10806626, 27.40423341, 0.0 ] ] } },
{ "type": "Feature", "properties": { "name": "Sutiaro Minor", "descriptio": "Unknown Line Type<BR><BR><B>NAME</B> = Merankhori Minor<BR><BR><B>TYPE</B> = Minor<BR><BR><B>NAME</B> = Sutiaro Minor<BR><B>LAYER</B> = Unknown Line Type<BR><BR><B>NAME</B> = Sutiaro Minor<BR><BR><B>TYPE</B> = Minor<BR><B>GM_TYPE</B> = Unknown Line Type" }, "geometry": { "type": "LineString", "coordinates": [ [ 68.53567218, 27.00850883, 0.0 ], [ 68.54122727, 26.99994979, 0.0 ], [ 68.54332367, 26.99458804, 0.0 ], [ 68.5451806, 26.99309301, 0.0 ], [ 68.54489885, 26.98593283, 0.0 ], [ 68.54518019, 26.9850124, 0.0 ], [ 68.55303942, 26.98116864, 0.0 ], [ 68.55431919, 26.97928866, 0.0 ], [ 68.55638869, 26.97755946, 0.0 ], [ 68.55713451, 26.97338157, 0.0 ], [ 68.55747188, 26.97288571, 0.0 ], [ 68.55752061, 26.96926348, 0.0 ], [ 68.55786842, 26.96904721, 0.0 ], [ 68.55864443, 26.96645321, 0.0 ], [ 68.56012799, 26.96561936, 0.0 ] ] } },
{ "type": "Feature", "properties": { "name": "Wadha Minor", "descriptio": "Unknown Line Type<BR><BR><B>NAME</B> = Merankhori Minor<BR><BR><B>TYPE</B> = Minor<BR><BR><B>NAME</B> = Wadha Minor<BR><B>LAYER</B> = Unknown Line Type<BR><BR><B>NAME</B> = Wadha Minor<BR><BR><B>TYPE</B> = Minor<BR><B>GM_TYPE</B> = Unknown Line Type" }, "geometry": { "type": "LineString", "coordinates": [ [ 67.99848272, 27.18838848, 0.0 ], [ 67.99953588, 27.1877568, 0.0 ], [ 67.99738746, 27.18516182, 0.0 ], [ 67.99671649, 27.18305673, 0.0 ] ] } },
{ "type": "Feature", "properties": { "name": "Lashari Minor", "descriptio": "Unknown Line Type<BR><BR><B>NAME</B> = Merankhori Minor<BR><BR><B>TYPE</B> = Minor<BR><BR><B>NAME</B> = Lashari Minor<BR><B>LAYER</B> = Unknown Line Type<BR><BR><B>NAME</B> = Lashari Minor<BR><BR><B>TYPE</B> = Minor<BR><B>GM_TYPE</B> = Unknown Line Type" }, "geometry": { "type": "LineString", "coordinates": [ [ 68.0023143, 27.19092224, 0.0 ], [ 67.99953588, 27.1877568, 0.0 ] ] } },
{ "type": "Feature", "properties": { "name": "Qabulo Minor", "descriptio": "Unknown Line Type<BR><BR><B>NAME</B> = Merankhori Minor<BR><BR><B>TYPE</B> = Minor<BR><BR><B>NAME</B> = Qabulo Minor<BR><B>LAYER</B> = Unknown Line Type<BR><BR><B>NAME</B> = Qabulo Minor<BR><BR><B>TYPE</B> = Minor<BR><B>GM_TYPE</B> = Unknown Line Type" }, "geometry": { "type": "LineString", "coordinates": [ [ 68.05879938, 27.26598782, 0.0 ], [ 68.05880186, 27.2655852, 0.0 ], [ 68.0464154, 27.2519035, 0.0 ], [ 68.0426392, 27.24710494, 0.0 ] ] } },
{ "type": "Feature", "properties": { "name": "Bhale Dino Minor", "descriptio": "Unknown Line Type<BR><BR><B>NAME</B> = Merankhori Minor<BR><BR><B>TYPE</B> = Minor<BR><BR><B>NAME</B> = Bhale Dino Minor<BR><B>LAYER</B> = Unknown Line Type<BR><BR><B>NAME</B> = Bhale Dino Minor<BR><BR><B>TYPE</B> = Minor<BR><B>GM_TYPE</B> = Unknown Line" }, "geometry": { "type": "LineString", "coordinates": [ [ 68.02003403, 27.23743909, 0.0 ], [ 68.01892582, 27.23868481, 0.0 ], [ 68.01183426, 27.24018502, 0.0 ] ] } },
{ "type": "Feature", "properties": { "name": "Gaji Dero Minor", "descriptio": "Unknown Line Type<BR><BR><B>NAME</B> = Merankhori Minor<BR><BR><B>TYPE</B> = Minor<BR><BR><B>NAME</B> = Gaji Dero Minor<BR><B>LAYER</B> = Unknown Line Type<BR><BR><B>NAME</B> = Gaji Dero Minor<BR><BR><B>TYPE</B> = Minor<BR><B>GM_TYPE</B> = Unknown Line T" }, "geometry": { "type": "LineString", "coordinates": [ [ 68.11141153, 27.26869265, 0.0 ], [ 68.11697158, 27.27872408, 0.0 ], [ 68.12040764, 27.27714058, 0.0 ] ] } },
{ "type": "Feature", "properties": { "name": "Fateh Pur Minor", "descriptio": "Unknown Line Type<BR><BR><B>NAME</B> = Merankhori Minor<BR><BR><B>TYPE</B> = Minor<BR><BR><B>NAME</B> = Fateh Pur Minor<BR><B>LAYER</B> = Unknown Line Type<BR><BR><B>NAME</B> = Fateh Pur Minor<BR><BR><B>TYPE</B> = Minor<BR><B>GM_TYPE</B> = Unknown Line T" }, "geometry": { "type": "LineString", "coordinates": [ [ 68.10895686, 27.25798772, 0.0 ], [ 68.10732782, 27.25967094, 0.0 ], [ 68.11117211, 27.26431498, 0.0 ], [ 68.1113939, 27.26864732, 0.0 ] ] } },
{ "type": "Feature", "properties": { "name": "Veehar Minor", "descriptio": "Unknown Line Type<BR><BR><B>NAME</B> = Merankhori Minor<BR><BR><B>TYPE</B> = Minor<BR><BR><B>NAME</B> = Veehar Minor<BR><B>LAYER</B> = Unknown Line Type<BR><BR><B>NAME</B> = Veehar Minor<BR><BR><B>TYPE</B> = Minor<BR><B>GM_TYPE</B> = Unknown Line Type" }, "geometry": { "type": "LineString", "coordinates": [ [ 68.08577672, 27.26988959, 0.0 ], [ 68.08447356, 27.25657171, 0.0 ], [ 68.08422217, 27.24824371, 0.0 ], [ 68.08203229, 27.24275073, 0.0 ] ] } },
{ "type": "Feature", "properties": { "name": "Thinda Minor", "descriptio": "Unknown Line Type<BR><BR><B>NAME</B> = Merankhori Minor<BR><BR><B>TYPE</B> = Minor<BR><BR><B>NAME</B> = Thinda Minor<BR><B>LAYER</B> = Unknown Line Type<BR><BR><B>NAME</B> = Thinda Minor<BR><BR><B>TYPE</B> = Minor<BR><B>GM_TYPE</B> = Unknown Line Type" }, "geometry": { "type": "LineString", "coordinates": [ [ 68.6947639, 27.8009759, 0.0 ], [ 68.69231305, 27.79905648, 0.0 ] ] } },
{ "type": "Feature", "properties": { "name": "Vakro Minor", "descriptio": "Unknown Line Type<BR><BR><B>NAME</B> = Merankhori Minor<BR><BR><B>TYPE</B> = Minor<BR><BR><B>NAME</B> = Vakro Minor<BR><B>LAYER</B> = Unknown Line Type<BR><BR><B>NAME</B> = Vakro Minor<BR><BR><B>TYPE</B> = Minor<BR><B>GM_TYPE</B> = Unknown Line Type" }, "geometry": { "type": "LineString", "coordinates": [ [ 68.11889047, 27.39216338, 0.0 ], [ 68.11693481, 27.37625822, 0.0 ], [ 68.11782723, 27.37306724, 0.0 ], [ 68.12049232, 27.37077467, 0.0 ], [ 68.12442617, 27.36857457, 0.0 ], [ 68.12566146, 27.36870795, 0.0 ], [ 68.12617473, 27.36910207, 0.0 ], [ 68.12642773, 27.37076501, 0.0 ] ] } },
{ "type": "Feature", "properties": { "name": "Hassan Wahan Minor", "descriptio": "Unknown Line Type<BR><BR><B>NAME</B> = Merankhori Minor<BR><BR><B>TYPE</B> = Minor<BR><BR><B>NAME</B> = Hassan Wahan Minor<BR><B>LAYER</B> = Unknown Line Type<BR><BR><B>NAME</B> = Hassan Wahan Minor<BR><BR><B>TYPE</B> = Minor<BR><B>GM_TYPE</B> = Unknown" }, "geometry": { "type": "LineString", "coordinates": [ [ 68.11493881, 27.36485863, 0.0 ], [ 68.11565245, 27.36451936, 0.0 ] ] } },
{ "type": "Feature", "properties": { "name": "Shah bag Minor", "descriptio": "Unknown Line Type<BR><BR><B>NAME</B> = Merankhori Minor<BR><BR><B>TYPE</B> = Minor<BR><BR><B>NAME</B> = Shah bag Minor<BR><B>LAYER</B> = Unknown Line Type<BR><BR><B>NAME</B> = Shah bag Minor<BR><BR><B>TYPE</B> = Minor<BR><B>GM_TYPE</B> = Unknown Line Typ" }, "geometry": { "type": "LineString", "coordinates": [ [ 68.14602234, 27.35851473, 0.0 ], [ 68.14641016, 27.35633234, 0.0 ], [ 68.14577016, 27.35457942, 0.0 ] ] } },
{ "type": "Feature", "properties": { "name": "Bakhodero Minor", "descriptio": "Unknown Line Type<BR><BR><B>NAME</B> = Merankhori Minor<BR><BR><B>TYPE</B> = Minor<BR><BR><B>NAME</B> = Bakhodero Minor<BR><B>LAYER</B> = Unknown Line Type<BR><BR><B>NAME</B> = Bakhodero Minor<BR><BR><B>TYPE</B> = Minor<BR><B>GM_TYPE</B> = Unknown Line T" }, "geometry": { "type": "LineString", "coordinates": [ [ 68.15933601, 27.43657931, 0.0 ], [ 68.15803705, 27.43794697, 0.0 ], [ 68.15624515, 27.44090394, 0.0 ], [ 68.15312349, 27.4430572, 0.0 ], [ 68.15225771, 27.44278099, 0.0 ] ] } },
{ "type": "Feature", "properties": { "name": "Tatri Minor", "descriptio": "Unknown Line Type<BR><BR><B>NAME</B> = Merankhori Minor<BR><BR><B>TYPE</B> = Minor<BR><BR><B>NAME</B> = Tatri Minor<BR><B>LAYER</B> = Unknown Line Type<BR><BR><B>NAME</B> = Tatri Minor<BR><BR><B>TYPE</B> = Minor<BR><B>GM_TYPE</B> = Unknown Line Type" }, "geometry": { "type": "LineString", "coordinates": [ [ 67.97997785, 27.19710051, 0.0 ], [ 67.99495958, 27.22085338, 0.0 ], [ 68.01216127, 27.23226568, 0.0 ], [ 68.01821793, 27.23663527, 0.0 ], [ 68.03645199, 27.24530717, 0.0 ], [ 68.04420925, 27.25057269, 0.0 ], [ 68.05813107, 27.26578845, 0.0 ], [ 68.05879938, 27.26598782, 0.0 ] ] } },
{ "type": "Feature", "properties": { "name": "Karani Minor", "descriptio": "Unknown Line Type<BR><BR><B>NAME</B> = Merankhori Minor<BR><BR><B>TYPE</B> = Minor<BR><BR><B>NAME</B> = Karani Minor<BR><B>LAYER</B> = Unknown Line Type<BR><BR><B>NAME</B> = Karani Minor<BR><BR><B>TYPE</B> = Minor<BR><B>GM_TYPE</B> = Unknown Line Type" }, "geometry": { "type": "LineString", "coordinates": [ [ 68.06015946, 27.26756969, 0.0 ], [ 68.06131167, 27.26751397, 0.0 ], [ 68.07997523, 27.27011341, 0.0 ], [ 68.11157625, 27.26870967, 0.0 ] ] } },
{ "type": "Feature", "properties": { "name": "Kahkat Minor", "descriptio": "Unknown Line Type<BR><BR><B>NAME</B> = Merankhori Minor<BR><BR><B>TYPE</B> = Minor<BR><BR><B>NAME</B> = Kahkat Minor<BR><B>LAYER</B> = Unknown Line Type<BR><BR><B>NAME</B> = Kahkat Minor<BR><BR><B>TYPE</B> = Minor<BR><B>GM_TYPE</B> = Unknown Line Type" }, "geometry": { "type": "LineString", "coordinates": [ [ 68.13040467, 26.55544273, 0.0 ], [ 68.12578101, 26.54767748, 0.0 ] ] } },
{ "type": "Feature", "properties": { "name": "Talhi Minor", "descriptio": "Unknown Line Type<BR><BR><B>NAME</B> = Merankhori Minor<BR><BR><B>TYPE</B> = Minor<BR><BR><B>NAME</B> = Talhi Minor<BR><B>LAYER</B> = Unknown Line Type<BR><BR><B>NAME</B> = Talhi Minor<BR><BR><B>TYPE</B> = Minor<BR><B>GM_TYPE</B> = Unknown Line Type" }, "geometry": { "type": "LineString", "coordinates": [ [ 68.10650625, 26.52453548, 0.0 ], [ 68.08934917, 26.51763546, 0.0 ], [ 68.08825917, 26.51674966, 0.0 ], [ 68.08780733, 26.51479232, 0.0 ], [ 68.08889862, 26.50247425, 0.0 ], [ 68.08883779, 26.49952745, 0.0 ], [ 68.08956463, 26.49628807, 0.0 ] ] } },
{ "type": "Feature", "properties": { "name": "Mir Rukan Minor", "descriptio": "Unknown Line Type<BR><BR><B>NAME</B> = Merankhori Minor<BR><BR><B>TYPE</B> = Minor<BR><BR><B>NAME</B> = Mir Rukan Minor<BR><B>LAYER</B> = Unknown Line Type<BR><BR><B>NAME</B> = Mir Rukan Minor<BR><BR><B>TYPE</B> = Minor<BR><B>GM_TYPE</B> = Unknown Line T" }, "geometry": { "type": "LineString", "coordinates": [ [ 68.06213784, 26.48148166, 0.0 ], [ 68.06370597, 26.48173414, 0.0 ], [ 68.06505575, 26.48136802, 0.0 ], [ 68.08426608, 26.48108867, 0.0 ], [ 68.08646858, 26.48034119, 0.0 ], [ 68.086955, 26.47965205, 0.0 ], [ 68.1095134, 26.3934258, 0.0 ], [ 68.131278, 26.35716367, 0.0 ], [ 68.13248922, 26.34583659, 0.0 ] ] } },
{ "type": "Feature", "properties": { "name": "Mubejani Minor", "descriptio": "Unknown Line Type<BR><BR><B>NAME</B> = Merankhori Minor<BR><BR><B>TYPE</B> = Minor<BR><BR><B>NAME</B> = Mubejani Minor<BR><B>LAYER</B> = Unknown Line Type<BR><BR><B>NAME</B> = Mubejani Minor<BR><BR><B>TYPE</B> = Minor<BR><B>GM_TYPE</B> = Unknown Line Typ" }, "geometry": { "type": "LineString", "coordinates": [ [ 68.10357841, 26.75418917, 0.0 ], [ 68.10090262, 26.74966371, 0.0 ] ] } },
{ "type": "Feature", "properties": { "name": "Noor Pur Minor", "descriptio": "Unknown Line Type<BR><BR><B>NAME</B> = Merankhori Minor<BR><BR><B>TYPE</B> = Minor<BR><BR><B>NAME</B> = Noor Pur Minor<BR><B>LAYER</B> = Unknown Line Type<BR><BR><B>NAME</B> = Noor Pur Minor<BR><BR><B>TYPE</B> = Minor<BR><B>GM_TYPE</B> = Unknown Line Typ" }, "geometry": { "type": "LineString", "coordinates": [ [ 68.1035226, 26.75421021, 0.0 ], [ 68.09964331, 26.74849149, 0.0 ] ] } },
{ "type": "Feature", "properties": { "name": "Gachero Minor", "descriptio": "Unknown Line Type<BR><BR><B>NAME</B> = Merankhori Minor<BR><BR><B>TYPE</B> = Minor<BR><BR><B>NAME</B> = Gachero Minor<BR><B>LAYER</B> = Unknown Line Type<BR><BR><B>NAME</B> = Gachero Minor<BR><BR><B>TYPE</B> = Minor<BR><B>GM_TYPE</B> = Unknown Line Type" }, "geometry": { "type": "LineString", "coordinates": [ [ 68.03455005, 26.61690979, 0.0 ], [ 68.03053261, 26.61419241, 0.0 ], [ 68.02173989, 26.60468476, 0.0 ] ] } },
{ "type": "Feature", "properties": { "name": "Daris Minor", "descriptio": "Unknown Line Type<BR><BR><B>NAME</B> = Merankhori Minor<BR><BR><B>TYPE</B> = Minor<BR><BR><B>NAME</B> = Daris Minor<BR><B>LAYER</B> = Unknown Line Type<BR><BR><B>NAME</B> = Daris Minor<BR><BR><B>TYPE</B> = Minor<BR><B>GM_TYPE</B> = Unknown Line Type" }, "geometry": { "type": "LineString", "coordinates": [ [ 68.0245261, 26.67245384, 0.0 ], [ 68.0103072, 26.68896047, 0.0 ], [ 68.0084645, 26.68976829, 0.0 ], [ 68.00636379, 26.69002918, 0.0 ], [ 67.99789903, 26.68870556, 0.0 ] ] } },
{ "type": "Feature", "properties": { "name": "Chiho Minor", "descriptio": "Unknown Line Type<BR><BR><B>NAME</B> = Merankhori Minor<BR><BR><B>TYPE</B> = Minor<BR><BR><B>NAME</B> = Chiho Minor<BR><B>LAYER</B> = Unknown Line Type<BR><BR><B>NAME</B> = Chiho Minor<BR><BR><B>TYPE</B> = Minor<BR><B>GM_TYPE</B> = Unknown Line Type" }, "geometry": { "type": "LineString", "coordinates": [ [ 68.27897139, 26.78238146, 0.0 ], [ 68.27767386, 26.78229957, 0.0 ], [ 68.26544839, 26.78667977, 0.0 ], [ 68.26359132, 26.78707398, 0.0 ], [ 68.23508139, 26.78660317, 0.0 ] ] } },
{ "type": "Feature", "properties": { "name": "Chaheen Minor", "descriptio": "Unknown Line Type<BR><BR><B>NAME</B> = Merankhori Minor<BR><BR><B>TYPE</B> = Minor<BR><BR><B>NAME</B> = Chaheen Minor<BR><B>LAYER</B> = Unknown Line Type<BR><BR><B>NAME</B> = Chaheen Minor<BR><BR><B>TYPE</B> = Minor<BR><B>GM_TYPE</B> = Unknown Line Type" }, "geometry": { "type": "LineString", "coordinates": [ [ 68.2654685, 26.87170432, 0.0 ], [ 68.26192295, 26.87147445, 0.0 ], [ 68.25989808, 26.87067458, 0.0 ], [ 68.25264996, 26.86367063, 0.0 ], [ 68.25170992, 26.86125938, 0.0 ], [ 68.24636627, 26.84001569, 0.0 ], [ 68.24474618, 26.83632234, 0.0 ], [ 68.23958415, 26.8271031, 0.0 ] ] } },
{ "type": "Feature", "properties": { "name": "Dakhi Minor", "descriptio": "Unknown Line Type<BR><BR><B>NAME</B> = Merankhori Minor<BR><BR><B>TYPE</B> = Minor<BR><BR><B>NAME</B> = Dakhi Minor<BR><B>LAYER</B> = Unknown Line Type<BR><BR><B>NAME</B> = Dakhi Minor<BR><BR><B>TYPE</B> = Minor<BR><B>GM_TYPE</B> = Unknown Line Type" }, "geometry": { "type": "LineString", "coordinates": [ [ 68.27123605, 26.81130078, 0.0 ], [ 68.25656536, 26.81124155, 0.0 ] ] } },
{ "type": "Feature", "properties": { "name": "Jalbani Minor", "descriptio": "Unknown Line Type<BR><BR><B>NAME</B> = Merankhori Minor<BR><BR><B>TYPE</B> = Minor<BR><BR><B>NAME</B> = Jalbani Minor<BR><B>LAYER</B> = Unknown Line Type<BR><BR><B>NAME</B> = Jalbani Minor<BR><BR><B>TYPE</B> = Minor<BR><B>GM_TYPE</B> = Unknown Line Type" }, "geometry": { "type": "LineString", "coordinates": [ [ 68.24331425, 26.98597689, 0.0 ], [ 68.24293392, 26.98456151, 0.0 ], [ 68.24362739, 26.98257899, 0.0 ], [ 68.24681943, 26.97764867, 0.0 ], [ 68.25280245, 26.96962739, 0.0 ], [ 68.25510575, 26.96488621, 0.0 ], [ 68.25596183, 26.9618753, 0.0 ], [ 68.25702175, 26.95541675, 0.0 ], [ 68.25830352, 26.95122533, 0.0 ], [ 68.26218998, 26.9438291, 0.0 ], [ 68.26269562, 26.93888429, 0.0 ], [ 68.2621301, 26.93754967, 0.0 ], [ 68.23999237, 26.92135285, 0.0 ], [ 68.23833506, 26.91918616, 0.0 ], [ 68.23777599, 26.91770254, 0.0 ], [ 68.23741242, 26.91410735, 0.0 ], [ 68.23707907, 26.88652879, 0.0 ], [ 68.23607323, 26.88488921, 0.0 ], [ 68.2296828, 26.8776127, 0.0 ] ] } },
{ "type": "Feature", "properties": { "name": "Khahi Qasim Minor", "descriptio": "Unknown Line Type<BR><BR><B>NAME</B> = Merankhori Minor<BR><BR><B>TYPE</B> = Minor<BR><BR><B>NAME</B> = Khahi Qasim Minor<BR><B>LAYER</B> = Unknown Line Type<BR><BR><B>NAME</B> = Khahi Qasim Minor<BR><BR><B>TYPE</B> = Minor<BR><B>GM_TYPE</B> = Unknown Li" }, "geometry": { "type": "LineString", "coordinates": [ [ 68.17918163, 26.86030683, 0.0 ], [ 68.19116119, 26.85558872, 0.0 ], [ 68.19309827, 26.85432255, 0.0 ], [ 68.19433753, 26.85292718, 0.0 ], [ 68.20296869, 26.83922739, 0.0 ], [ 68.21199153, 26.81395319, 0.0 ], [ 68.21198894, 26.81053511, 0.0 ], [ 68.20345471, 26.79129197, 0.0 ], [ 68.20285156, 26.78891605, 0.0 ], [ 68.20341165, 26.78550682, 0.0 ], [ 68.20842804, 26.77204715, 0.0 ], [ 68.208658, 26.77047132, 0.0 ], [ 68.20808586, 26.76632665, 0.0 ], [ 68.20602771, 26.76250188, 0.0 ], [ 68.19931457, 26.75213892, 0.0 ], [ 68.19785467, 26.74955206, 0.0 ], [ 68.19764559, 26.74832859, 0.0 ], [ 68.19830583, 26.74643494, 0.0 ], [ 68.2093444, 26.73227628, 0.0 ], [ 68.20917066, 26.72392418, 0.0 ] ] } },
{ "type": "Feature", "properties": { "name": "Sher Khan Minor", "descriptio": "Unknown Line Type<BR><BR><B>NAME</B> = Merankhori Minor<BR><BR><B>TYPE</B> = Minor<BR><BR><B>NAME</B> = Sher Khan Minor<BR><B>LAYER</B> = Unknown Line Type<BR><BR><B>NAME</B> = Sher Khan Minor<BR><BR><B>TYPE</B> = Minor<BR><B>GM_TYPE</B> = Unknown Line T" }, "geometry": { "type": "LineString", "coordinates": [ [ 68.24587157, 26.67402435, 0.0 ], [ 68.25567551, 26.65982818, 0.0 ], [ 68.25596653, 26.65888081, 0.0 ], [ 68.25599112, 26.65775856, 0.0 ], [ 68.24759019, 26.63075226, 0.0 ] ] } },
{ "type": "Feature", "properties": { "name": "Tetri Minor", "descriptio": "Unknown Line Type<BR><BR><B>NAME</B> = Merankhori Minor<BR><BR><B>TYPE</B> = Minor<BR><BR><B>NAME</B> = Tetri Minor<BR><B>LAYER</B> = Unknown Line Type<BR><BR><B>NAME</B> = Tetri Minor<BR><BR><B>TYPE</B> = Minor<BR><B>GM_TYPE</B> = Unknown Line Type" }, "geometry": { "type": "LineString", "coordinates": [ [ 68.28046173, 26.72394935, 0.0 ], [ 68.26691973, 26.72037984, 0.0 ], [ 68.2132359, 26.70379405, 0.0 ] ] } },
{ "type": "Feature", "properties": { "name": "Piryaloi Sub Minor", "descriptio": "Unknown Line Type<BR><BR><B>NAME</B> = Merankhori Minor<BR><BR><B>TYPE</B> = Minor<BR><BR><B>NAME</B> = Piryaloi Sub Minor<BR><B>LAYER</B> = Unknown Line Type<BR><BR><B>NAME</B> = Piryaloi Sub Minor<BR><BR><B>TYPE</B> = Minor<BR><B>GM_TYPE</B> = Unknown" }, "geometry": { "type": "LineString", "coordinates": [ [ 68.72584112, 27.67229539, 0.0 ], [ 68.70235372, 27.66355623, 0.0 ], [ 68.70013382, 27.66355145, 0.0 ], [ 68.69435207, 27.6653985, 0.0 ] ] } },
{ "type": "Feature", "properties": { "name": "New piryaloi Left Channel", "descriptio": "Unknown Line Type<BR><BR><B>NAME</B> = Merankhori Minor<BR><BR><B>TYPE</B> = Minor<BR><BR><B>NAME</B> = New piryaloi Left Channel<BR><B>LAYER</B> = Unknown Line Type<BR><BR><B>NAME</B> = New piryaloi Left Channel<BR><BR><B>TYPE</B> = Minor<BR><B>GM_TYPE<" }, "geometry": { "type": "LineString", "coordinates": [ [ 68.75137697, 27.64230053, 0.0 ], [ 68.75050725, 27.64840136, 0.0 ], [ 68.73190162, 27.6619649, 0.0 ], [ 68.72235128, 27.67870986, 0.0 ], [ 68.71811154, 27.68257834, 0.0 ], [ 68.70573488, 27.68523228, 0.0 ], [ 68.69590823, 27.68612311, 0.0 ], [ 68.69264022, 27.68588782, 0.0 ], [ 68.6860232, 27.69128935, 0.0 ], [ 68.68621637, 27.71398221, 0.0 ] ] } },
{ "type": "Feature", "properties": { "name": "Satpuri Minor", "descriptio": "Unknown Line Type<BR><BR><B>NAME</B> = Merankhori Minor<BR><BR><B>TYPE</B> = Minor<BR><BR><B>NAME</B> = Satpuri Minor<BR><B>LAYER</B> = Unknown Line Type<BR><BR><B>NAME</B> = Satpuri Minor<BR><BR><B>TYPE</B> = Minor<BR><B>GM_TYPE</B> = Unknown Line Type" }, "geometry": { "type": "LineString", "coordinates": [ [ 68.24314198, 26.20999108, 0.0 ], [ 68.250055643902698, 26.2, 0.0 ] ] } },
{ "type": "Feature", "properties": { "name": "Attar Minor", "descriptio": "Unknown Line Type<BR><BR><B>NAME</B> = Merankhori Minor<BR><BR><B>TYPE</B> = Minor<BR><BR><B>NAME</B> = Attar Minor<BR><B>LAYER</B> = Unknown Line Type<BR><BR><B>NAME</B> = Attar Minor<BR><BR><B>TYPE</B> = Minor<BR><B>GM_TYPE</B> = Unknown Line Type" }, "geometry": { "type": "LineString", "coordinates": [ [ 68.28135142, 26.23594273, 0.0 ], [ 68.27075344, 26.22583403, 0.0 ], [ 68.24314198, 26.20999108, 0.0 ] ] } },
{ "type": "Feature", "properties": { "name": "Zardari Minor", "descriptio": "Unknown Line Type<BR><BR><B>NAME</B> = Merankhori Minor<BR><BR><B>TYPE</B> = Minor<BR><BR><B>NAME</B> = Zardari Minor<BR><B>LAYER</B> = Unknown Line Type<BR><BR><B>NAME</B> = Zardari Minor<BR><BR><B>TYPE</B> = Minor<BR><B>GM_TYPE</B> = Unknown Line Type" }, "geometry": { "type": "LineString", "coordinates": [ [ 68.24081637, 26.26251285, 0.0 ], [ 68.23633638, 26.25965997, 0.0 ] ] } },
{ "type": "Feature", "properties": { "name": "Lakhmir Minor", "descriptio": "Unknown Line Type<BR><BR><B>NAME</B> = Merankhori Minor<BR><BR><B>TYPE</B> = Minor<BR><BR><B>NAME</B> = Lakhmir Minor<BR><B>LAYER</B> = Unknown Line Type<BR><BR><B>NAME</B> = Lakhmir Minor<BR><BR><B>TYPE</B> = Minor<BR><B>GM_TYPE</B> = Unknown Line Type" }, "geometry": { "type": "LineString", "coordinates": [ [ 68.35290931472133, 26.2, 0.0 ], [ 68.36441675, 26.21170051, 0.0 ] ] } },
{ "type": "Feature", "properties": { "name": "Khairshah Minor", "descriptio": "Unknown Line Type<BR><BR><B>NAME</B> = Merankhori Minor<BR><BR><B>TYPE</B> = Minor<BR><BR><B>NAME</B> = Khairshah Minor<BR><B>LAYER</B> = Unknown Line Type<BR><BR><B>NAME</B> = Khairshah Minor<BR><BR><B>TYPE</B> = Minor<BR><B>GM_TYPE</B> = Unknown Line T" }, "geometry": { "type": "LineString", "coordinates": [ [ 68.28556404, 26.23184621, 0.0 ], [ 68.30743862, 26.25097041, 0.0 ], [ 68.30822245, 26.2511763, 0.0 ], [ 68.32259077, 26.2508956, 0.0 ], [ 68.32529274, 26.24323969, 0.0 ] ] } },
{ "type": "Feature", "properties": { "name": "Bilawal Zardari Minor", "descriptio": "Unknown Line Type<BR><BR><B>NAME</B> = Merankhori Minor<BR><BR><B>TYPE</B> = Minor<BR><BR><B>NAME</B> = Bilawal Zardari Minor<BR><B>LAYER</B> = Unknown Line Type<BR><BR><B>NAME</B> = Bilawal Zardari Minor<BR><BR><B>TYPE</B> = Minor<BR><B>GM_TYPE</B> = Un" }, "geometry": { "type": "LineString", "coordinates": [ [ 68.22042607, 26.28931928, 0.0 ], [ 68.23313448, 26.28860997, 0.0 ], [ 68.2436453, 26.28900897, 0.0 ], [ 68.2543346, 26.28838977, 0.0 ], [ 68.27887684, 26.28844722, 0.0 ], [ 68.3092156, 26.2880449, 0.0 ], [ 68.30958563, 26.28775095, 0.0 ], [ 68.3168104, 26.26728267, 0.0 ] ] } },
{ "type": "Feature", "properties": { "name": "Waryam Minor", "descriptio": "Unknown Line Type<BR><BR><B>NAME</B> = Merankhori Minor<BR><BR><B>TYPE</B> = Minor<BR><BR><B>NAME</B> = Waryam Minor<BR><B>LAYER</B> = Unknown Line Type<BR><BR><B>NAME</B> = Waryam Minor<BR><BR><B>TYPE</B> = Minor<BR><B>GM_TYPE</B> = Unknown Line Type" }, "geometry": { "type": "LineString", "coordinates": [ [ 68.16575293, 26.37641129, 0.0 ], [ 68.16633528, 26.37602427, 0.0 ], [ 68.16574182, 26.37134014, 0.0 ], [ 68.16602107, 26.36585201, 0.0 ], [ 68.16763821, 26.35989783, 0.0 ], [ 68.16871825, 26.35746203, 0.0 ], [ 68.17176216, 26.35255571, 0.0 ], [ 68.18573401, 26.33627809, 0.0 ] ] } },
{ "type": "Feature", "properties": { "name": "Chanesar Minor", "descriptio": "Unknown Line Type<BR><BR><B>NAME</B> = Merankhori Minor<BR><BR><B>TYPE</B> = Minor<BR><BR><B>NAME</B> = Chanesar Minor<BR><B>LAYER</B> = Unknown Line Type<BR><BR><B>NAME</B> = Chanesar Minor<BR><BR><B>TYPE</B> = Minor<BR><B>GM_TYPE</B> = Unknown Line Typ" }, "geometry": { "type": "LineString", "coordinates": [ [ 68.21599599, 26.27838863, 0.0 ], [ 68.22034365, 26.27247568, 0.0 ], [ 68.22098836, 26.27049718, 0.0 ], [ 68.22053325, 26.24140477, 0.0 ], [ 68.22022873, 26.24079143, 0.0 ], [ 68.21963727, 26.2406325, 0.0 ] ] } },
{ "type": "Feature", "properties": { "name": "Jan Muhammad Minor", "descriptio": "Unknown Line Type<BR><BR><B>NAME</B> = Merankhori Minor<BR><BR><B>TYPE</B> = Minor<BR><BR><B>NAME</B> = Jan Muhammad Minor<BR><B>LAYER</B> = Unknown Line Type<BR><BR><B>NAME</B> = Jan Muhammad Minor<BR><BR><B>TYPE</B> = Minor<BR><B>GM_TYPE</B> = Unknown" }, "geometry": { "type": "LineString", "coordinates": [ [ 68.16575293, 26.37641129, 0.0 ], [ 68.1683852, 26.37611418, 0.0 ], [ 68.16951666, 26.37636809, 0.0 ], [ 68.18010152, 26.38502351, 0.0 ], [ 68.18732666, 26.38492678, 0.0 ] ] } },
{ "type": "Feature", "properties": { "name": "Shah Hussain Minor", "descriptio": "Unknown Line Type<BR><BR><B>NAME</B> = Merankhori Minor<BR><BR><B>TYPE</B> = Minor<BR><BR><B>NAME</B> = Shah Hussain Minor<BR><B>LAYER</B> = Unknown Line Type<BR><BR><B>NAME</B> = Shah Hussain Minor<BR><BR><B>TYPE</B> = Minor<BR><B>GM_TYPE</B> = Unknown" }, "geometry": { "type": "LineString", "coordinates": [ [ 68.55610134, 26.23161684, 0.0 ], [ 68.55672779, 26.24628215, 0.0 ], [ 68.55675304, 26.25812221, 0.0 ], [ 68.55723221, 26.27236344, 0.0 ], [ 68.55550618, 26.27445005, 0.0 ], [ 68.55591436, 26.2761753, 0.0 ] ] } },
{ "type": "Feature", "properties": { "name": "Visro Minor", "descriptio": "Unknown Line Type<BR><BR><B>NAME</B> = Merankhori Minor<BR><BR><B>TYPE</B> = Minor<BR><BR><B>NAME</B> = Visro Minor<BR><B>LAYER</B> = Unknown Line Type<BR><BR><B>NAME</B> = Visro Minor<BR><BR><B>TYPE</B> = Minor<BR><B>GM_TYPE</B> = Unknown Line Type" }, "geometry": { "type": "LineString", "coordinates": [ [ 68.5363807, 26.33257724, 0.0 ], [ 68.5374, 26.3319701, 0.0 ], [ 68.53969356, 26.32789239, 0.0 ], [ 68.54305761, 26.32462014, 0.0 ], [ 68.54336388, 26.32380242, 0.0 ], [ 68.54365132, 26.32253597, 0.0 ], [ 68.54378314, 26.31624074, 0.0 ], [ 68.54674497, 26.30775042, 0.0 ], [ 68.54765527, 26.30065752, 0.0 ] ] } },
{ "type": "Feature", "properties": { "name": "Gabri Minor", "descriptio": "Unknown Line Type<BR><BR><B>NAME</B> = Merankhori Minor<BR><BR><B>TYPE</B> = Minor<BR><BR><B>NAME</B> = Gabri Minor<BR><B>LAYER</B> = Unknown Line Type<BR><BR><B>NAME</B> = Gabri Minor<BR><BR><B>TYPE</B> = Minor<BR><B>GM_TYPE</B> = Unknown Line Type" }, "geometry": { "type": "LineString", "coordinates": [ [ 68.58875873, 26.24136475, 0.0 ], [ 68.58908698, 26.24134773, 0.0 ], [ 68.59958881, 26.22632287, 0.0 ] ] } },
{ "type": "Feature", "properties": { "name": "Obichan Minor", "descriptio": "Unknown Line Type<BR><BR><B>NAME</B> = Merankhori Minor<BR><BR><B>TYPE</B> = Minor<BR><BR><B>NAME</B> = Obichan Minor<BR><B>LAYER</B> = Unknown Line Type<BR><BR><B>NAME</B> = Obichan Minor<BR><BR><B>TYPE</B> = Minor<BR><B>GM_TYPE</B> = Unknown Line Type" }, "geometry": { "type": "LineString", "coordinates": [ [ 68.58792304, 26.2463946, 0.0 ], [ 68.58570018, 26.24621235, 0.0 ], [ 68.58512824, 26.24577341, 0.0 ], [ 68.58476429, 26.24475215, 0.0 ], [ 68.583658821893778, 26.2, 0.0 ] ] } },
{ "type": "Feature", "properties": { "name": "Bhith Maro Pipe II Minor", "descriptio": "Unknown Line Type<BR><BR><B>NAME</B> = Merankhori Minor<BR><BR><B>TYPE</B> = Minor<BR><BR><B>NAME</B> = Bhith Maro Pipe II Minor<BR><B>LAYER</B> = Unknown Line Type<BR><BR><B>NAME</B> = Bhith Maro Pipe II Minor<BR><BR><B>TYPE</B> = Minor<BR><B>GM_TYPE</B" }, "geometry": { "type": "LineString", "coordinates": [ [ 68.5237927, 26.26858196, 0.0 ], [ 68.52403723, 26.28342034, 0.0 ], [ 68.52457873, 26.28479269, 0.0 ], [ 68.52575223, 26.28629044, 0.0 ], [ 68.54220643, 26.30049182, 0.0 ], [ 68.54576583, 26.30664191, 0.0 ], [ 68.54657393, 26.30701748, 0.0 ] ] } },
{ "type": "Feature", "properties": { "name": "New Link Channel", "descriptio": "Unknown Line Type<BR><BR><B>NAME</B> = Merankhori Minor<BR><BR><B>TYPE</B> = Minor<BR><BR><B>NAME</B> = New Link Channel<BR><B>LAYER</B> = Unknown Line Type<BR><BR><B>NAME</B> = New Link Channel<BR><BR><B>TYPE</B> = Minor<BR><B>GM_TYPE</B> = Unknown Line" }, "geometry": { "type": "LineString", "coordinates": [ [ 68.09159303, 26.79692673, 0.0 ], [ 68.08389598, 26.79525187, 0.0 ], [ 68.07978966, 26.79495229, 0.0 ], [ 68.07291906, 26.79567507, 0.0 ], [ 68.04718577, 26.79630418, 0.0 ], [ 68.04551982, 26.79605223, 0.0 ], [ 68.03556188, 26.79127242, 0.0 ], [ 68.02355453, 26.78277669, 0.0 ], [ 67.99549959, 26.76820104, 0.0 ], [ 67.99104688, 26.76476689, 0.0 ], [ 67.98676497, 26.76051406, 0.0 ], [ 67.97748657, 26.7538731, 0.0 ], [ 67.97141448, 26.75171541, 0.0 ], [ 67.94670481, 26.74665805, 0.0 ], [ 67.94132639, 26.74485906, 0.0 ], [ 67.93943326, 26.74451844, 0.0 ], [ 67.9195948, 26.73732729, 0.0 ] ] } },
{ "type": "Feature", "properties": { "name": "Soondhan Minor", "descriptio": "Unknown Line Type<BR><BR><B>NAME</B> = Merankhori Minor<BR><BR><B>TYPE</B> = Minor<BR><BR><B>NAME</B> = Soondhan Minor<BR><B>LAYER</B> = Unknown Line Type<BR><BR><B>NAME</B> = Soondhan Minor<BR><BR><B>TYPE</B> = Minor<BR><B>GM_TYPE</B> = Unknown Line Typ" }, "geometry": { "type": "LineString", "coordinates": [ [ 68.18618705, 26.87804599, 0.0 ], [ 68.18335786, 26.87988115, 0.0 ], [ 68.18084308, 26.88200178, 0.0 ], [ 68.17691026, 26.8838519, 0.0 ], [ 68.17264261, 26.88638026, 0.0 ], [ 68.16437391, 26.89222913, 0.0 ] ] } },
{ "type": "Feature", "properties": { "name": "Sarhal Minor 2", "descriptio": "Unknown Line Type<BR><BR><B>NAME</B> = Merankhori Minor<BR><BR><B>TYPE</B> = Minor<BR><BR><B>NAME</B> = Sarhal Minor 2<BR><B>LAYER</B> = Unknown Line Type<BR><BR><B>NAME</B> = Sarhal Minor 2<BR><BR><B>TYPE</B> = Minor<BR><B>GM_TYPE</B> = Unknown Line Typ" }, "geometry": { "type": "LineString", "coordinates": [ [ 68.18637087, 26.87697561, 0.0 ], [ 68.18315784, 26.87799231, 0.0 ], [ 68.1802498, 26.8779437, 0.0 ], [ 68.17894029, 26.87755474, 0.0 ], [ 68.17710521, 26.87627279, 0.0 ], [ 68.16246852, 26.86207672, 0.0 ], [ 68.13489787, 26.84588625, 0.0 ], [ 68.13292763, 26.84387187, 0.0 ], [ 68.12690451, 26.83256435, 0.0 ], [ 68.12585439, 26.83080992, 0.0 ], [ 68.12455051, 26.82978477, 0.0 ], [ 68.12249484, 26.82970849, 0.0 ], [ 68.11207071, 26.83437902, 0.0 ], [ 68.09347632, 26.83579232, 0.0 ], [ 68.09110279, 26.83555459, 0.0 ], [ 68.08314438, 26.83321498, 0.0 ], [ 68.08123795, 26.83221731, 0.0 ], [ 68.07927319, 26.82966201, 0.0 ], [ 68.07619497, 26.81114266, 0.0 ] ] } },
{ "type": "Feature", "properties": { "name": "Sarhal Minor 1", "descriptio": "Unknown Line Type<BR><BR><B>NAME</B> = Merankhori Minor<BR><BR><B>TYPE</B> = Minor<BR><BR><B>NAME</B> = Sarhal Minor 1<BR><B>LAYER</B> = Unknown Line Type<BR><BR><B>NAME</B> = Sarhal Minor 1<BR><BR><B>TYPE</B> = Minor<BR><B>GM_TYPE</B> = Unknown Line Typ" }, "geometry": { "type": "LineString", "coordinates": [ [ 68.18792693, 26.88139954, 0.0 ], [ 68.18610269, 26.87785044, 0.0 ], [ 68.18625487, 26.87716558, 0.0 ] ] } },
{ "type": "Feature", "properties": { "name": "Dali Minor", "descriptio": "Unknown Line Type<BR><BR><B>NAME</B> = Merankhori Minor<BR><BR><B>TYPE</B> = Minor<BR><BR><B>NAME</B> = Dali Minor<BR><B>LAYER</B> = Unknown Line Type<BR><BR><B>NAME</B> = Dali Minor<BR><BR><B>TYPE</B> = Minor<BR><B>GM_TYPE</B> = Unknown Line Type" }, "geometry": { "type": "LineString", "coordinates": [ [ 68.20031922, 26.97337197, 0.0 ], [ 68.19260844, 26.9667392, 0.0 ], [ 68.17757897, 26.94746016, 0.0 ], [ 68.17279794, 26.93267966, 0.0 ] ] } },
{ "type": "Feature", "properties": { "name": "Kandhar Minor", "descriptio": "Unknown Line Type<BR><BR><B>NAME</B> = Merankhori Minor<BR><BR><B>TYPE</B> = Minor<BR><BR><B>NAME</B> = Kandhar Minor<BR><B>LAYER</B> = Unknown Line Type<BR><BR><B>NAME</B> = Kandhar Minor<BR><BR><B>TYPE</B> = Minor<BR><B>GM_TYPE</B> = Unknown Line Type" }, "geometry": { "type": "LineString", "coordinates": [ [ 68.2063147, 27.0419296, 0.0 ], [ 68.20041921, 27.03740082, 0.0 ] ] } },
{ "type": "Feature", "properties": { "name": "New Daur Minor", "descriptio": "Unknown Line Type<BR><BR><B>NAME</B> = Merankhori Minor<BR><BR><B>TYPE</B> = Minor<BR><BR><B>NAME</B> = New Daur Minor<BR><B>LAYER</B> = Unknown Line Type<BR><BR><B>NAME</B> = New Daur Minor<BR><BR><B>TYPE</B> = Minor<BR><B>GM_TYPE</B> = Unknown Line Typ" }, "geometry": { "type": "LineString", "coordinates": [ [ 68.29401928, 26.51520702, 0.0 ], [ 68.3081059, 26.51490819, 0.0 ], [ 68.30915013, 26.51464037, 0.0 ], [ 68.30897976, 26.51028122, 0.0 ], [ 68.31000903, 26.50170596, 0.0 ], [ 68.32201853, 26.4901592, 0.0 ] ] } },
{ "type": "Feature", "properties": { "name": "Mangsi Minor", "descriptio": "Unknown Line Type<BR><BR><B>NAME</B> = Merankhori Minor<BR><BR><B>TYPE</B> = Minor<BR><BR><B>NAME</B> = Mangsi Minor<BR><B>LAYER</B> = Unknown Line Type<BR><BR><B>NAME</B> = Mangsi Minor<BR><BR><B>TYPE</B> = Minor<BR><B>GM_TYPE</B> = Unknown Line Type" }, "geometry": { "type": "LineString", "coordinates": [ [ 68.35521216, 26.29723108, 0.0 ], [ 68.35481299, 26.29685059, 0.0 ], [ 68.35431658, 26.27162089, 0.0 ], [ 68.35470751, 26.27065203, 0.0 ], [ 68.35838857, 26.26691243, 0.0 ], [ 68.35919629, 26.26480319, 0.0 ], [ 68.35856365, 26.23046225, 0.0 ] ] } },
{ "type": "Feature", "properties": { "name": "Abdul Hussain Minor", "descriptio": "Unknown Line Type<BR><BR><B>NAME</B> = Merankhori Minor<BR><BR><B>TYPE</B> = Minor<BR><BR><B>NAME</B> = Abdul Hussain Minor<BR><B>LAYER</B> = Unknown Line Type<BR><BR><B>NAME</B> = Abdul Hussain Minor<BR><BR><B>TYPE</B> = Minor<BR><B>GM_TYPE</B> = Unknow" }, "geometry": { "type": "LineString", "coordinates": [ [ 68.29381594, 26.51112375, 0.0 ], [ 68.26002753, 26.48171685, 0.0 ], [ 68.25832114, 26.48065735, 0.0 ], [ 68.23057168, 26.46953131, 0.0 ], [ 68.22876586, 26.46826818, 0.0 ], [ 68.227456, 26.46619493, 0.0 ], [ 68.22685444, 26.46300489, 0.0 ], [ 68.22623173, 26.43878897, 0.0 ] ] } },
{ "type": "Feature", "properties": { "name": "Framabad Minor", "descriptio": "Unknown Line Type<BR><BR><B>NAME</B> = Merankhori Minor<BR><BR><B>TYPE</B> = Minor<BR><BR><B>NAME</B> = Framabad Minor<BR><B>LAYER</B> = Unknown Line Type<BR><BR><B>NAME</B> = Framabad Minor<BR><BR><B>TYPE</B> = Minor<BR><B>GM_TYPE</B> = Unknown Line Typ" }, "geometry": { "type": "LineString", "coordinates": [ [ 68.2930169, 26.49290814, 0.0 ], [ 68.26782951, 26.47109585, 0.0 ], [ 68.26257996, 26.46736236, 0.0 ], [ 68.26054451, 26.46525749, 0.0 ], [ 68.26039187, 26.46440681, 0.0 ] ] } },
{ "type": "Feature", "properties": { "name": "Lundo Minor", "descriptio": "Unknown Line Type<BR><BR><B>NAME</B> = Merankhori Minor<BR><BR><B>TYPE</B> = Minor<BR><BR><B>NAME</B> = Lundo Minor<BR><B>LAYER</B> = Unknown Line Type<BR><BR><B>NAME</B> = Lundo Minor<BR><BR><B>TYPE</B> = Minor<BR><B>GM_TYPE</B> = Unknown Line Type" }, "geometry": { "type": "LineString", "coordinates": [ [ 68.26668227, 27.13951836, 0.0 ], [ 68.26395503, 27.14187498, 0.0 ], [ 68.2604747, 27.14578414, 0.0 ], [ 68.25747856, 27.1502664, 0.0 ], [ 68.25493199, 27.15713261, 0.0 ] ] } },
{ "type": "Feature", "properties": { "name": "Mahesar Minor", "descriptio": "Unknown Line Type<BR><BR><B>NAME</B> = Merankhori Minor<BR><BR><B>TYPE</B> = Minor<BR><BR><B>NAME</B> = Mahesar Minor<BR><B>LAYER</B> = Unknown Line Type<BR><BR><B>NAME</B> = Mahesar Minor<BR><BR><B>TYPE</B> = Minor<BR><B>GM_TYPE</B> = Unknown Line Type" }, "geometry": { "type": "LineString", "coordinates": [ [ 68.17092688, 27.11481424, 0.0 ], [ 68.15734995, 27.11253363, 0.0 ], [ 68.15438954, 27.10295672, 0.0 ], [ 68.14880725, 27.08686242, 0.0 ], [ 68.14279217, 27.07292077, 0.0 ] ] } },
{ "type": "Feature", "properties": { "name": "Moria Minor", "descriptio": "Unknown Line Type<BR><BR><B>NAME</B> = Merankhori Minor<BR><BR><B>TYPE</B> = Minor<BR><BR><B>NAME</B> = Moria Minor<BR><B>LAYER</B> = Unknown Line Type<BR><BR><B>NAME</B> = Moria Minor<BR><BR><B>TYPE</B> = Minor<BR><B>GM_TYPE</B> = Unknown Line Type" }, "geometry": { "type": "LineString", "coordinates": [ [ 68.17092688, 27.11481424, 0.0 ], [ 68.16525928, 27.11071444, 0.0 ], [ 68.16335415, 27.10883101, 0.0 ], [ 68.16231229, 27.10733993, 0.0 ], [ 68.16179038, 27.10585672, 0.0 ], [ 68.16162087, 27.10326298, 0.0 ], [ 68.16323005, 27.07299234, 0.0 ], [ 68.16302677, 27.07079219, 0.0 ], [ 68.16226206, 27.06808342, 0.0 ], [ 68.15809185, 27.06603044, 0.0 ], [ 68.15744098, 27.06480856, 0.0 ], [ 68.15544654, 27.0639347, 0.0 ], [ 68.14995856, 27.06350422, 0.0 ], [ 68.14951493, 27.06342924, 0.0 ], [ 68.149317, 27.06290417, 0.0 ] ] } },
{ "type": "Feature", "properties": { "name": "Jatoi Minor", "descriptio": "Unknown Line Type<BR><BR><B>NAME</B> = Merankhori Minor<BR><BR><B>TYPE</B> = Minor<BR><BR><B>NAME</B> = Jatoi Minor<BR><B>LAYER</B> = Unknown Line Type<BR><BR><B>NAME</B> = Jatoi Minor<BR><BR><B>TYPE</B> = Minor<BR><B>GM_TYPE</B> = Unknown Line Type" }, "geometry": { "type": "LineString", "coordinates": [ [ 68.2073866, 27.16158722, 0.0 ], [ 68.21276669, 27.15033747, 0.0 ], [ 68.21249502, 27.14335329, 0.0 ], [ 68.19830508, 27.09001318, 0.0 ], [ 68.19704088, 27.08753858, 0.0 ], [ 68.18929364, 27.08443173, 0.0 ] ] } },
{ "type": "Feature", "properties": { "name": "Bakhri Minor", "descriptio": "Unknown Line Type<BR><BR><B>NAME</B> = Merankhori Minor<BR><BR><B>TYPE</B> = Minor<BR><BR><B>NAME</B> = Bakhri Minor<BR><B>LAYER</B> = Unknown Line Type<BR><BR><B>NAME</B> = Bakhri Minor<BR><BR><B>TYPE</B> = Minor<BR><B>GM_TYPE</B> = Unknown Line Type" }, "geometry": { "type": "LineString", "coordinates": [ [ 68.2073866, 27.16158722, 0.0 ], [ 68.19259163, 27.15818842, 0.0 ], [ 68.1882117, 27.15442583, 0.0 ], [ 68.1715837, 27.14994094, 0.0 ], [ 68.16892848, 27.14895702, 0.0 ] ] } },
{ "type": "Feature", "properties": { "name": "Gul Minor", "descriptio": "Unknown Line Type<BR><BR><B>NAME</B> = Merankhori Minor<BR><BR><B>TYPE</B> = Minor<BR><BR><B>NAME</B> = Gul Minor<BR><B>LAYER</B> = Unknown Line Type<BR><BR><B>NAME</B> = Gul Minor<BR><BR><B>TYPE</B> = Minor<BR><B>GM_TYPE</B> = Unknown Line Type" }, "geometry": { "type": "LineString", "coordinates": [ [ 68.24092181, 27.19118734, 0.0 ], [ 68.2428425, 27.1885132, 0.0 ], [ 68.24914965, 27.18399455, 0.0 ], [ 68.24951961, 27.18339287, 0.0 ], [ 68.2551536, 27.15766199, 0.0 ], [ 68.25387376, 27.14967629, 0.0 ], [ 68.24757278, 27.13703317, 0.0 ], [ 68.24626227, 27.13102719, 0.0 ], [ 68.24632458, 27.13012203, 0.0 ], [ 68.24271262, 27.12279413, 0.0 ], [ 68.24061071, 27.11745041, 0.0 ], [ 68.23850956, 27.1137923, 0.0 ], [ 68.23620478, 27.11081479, 0.0 ], [ 68.23522543, 27.10833792, 0.0 ], [ 68.23481156, 27.10474543, 0.0 ], [ 68.23086063, 27.09771541, 0.0 ], [ 68.23077476, 27.09397098, 0.0 ], [ 68.23194616, 27.08716101, 0.0 ], [ 68.23175176, 27.08352051, 0.0 ] ] } },
{ "type": "Feature", "properties": { "name": "Khushak Minor", "descriptio": "Unknown Line Type<BR><BR><B>NAME</B> = Merankhori Minor<BR><BR><B>TYPE</B> = Minor<BR><BR><B>NAME</B> = Khushak Minor<BR><B>LAYER</B> = Unknown Line Type<BR><BR><B>NAME</B> = Khushak Minor<BR><BR><B>TYPE</B> = Minor<BR><B>GM_TYPE</B> = Unknown Line Type" }, "geometry": { "type": "LineString", "coordinates": [ [ 68.27842893, 27.20370076, 0.0 ], [ 68.27709838, 27.16833254, 0.0 ] ] } },
{ "type": "Feature", "properties": { "name": "Khanwahan Minor", "descriptio": "Unknown Line Type<BR><BR><B>NAME</B> = Merankhori Minor<BR><BR><B>TYPE</B> = Minor<BR><BR><B>NAME</B> = Khanwahan Minor<BR><B>LAYER</B> = Unknown Line Type<BR><BR><B>NAME</B> = Khanwahan Minor<BR><BR><B>TYPE</B> = Minor<BR><B>GM_TYPE</B> = Unknown Line T" }, "geometry": { "type": "LineString", "coordinates": [ [ 68.30431026, 27.2048299, 0.0 ], [ 68.30497379, 27.20326617, 0.0 ], [ 68.30727757, 27.20125157, 0.0 ], [ 68.31148658, 27.18684152, 0.0 ], [ 68.31034297, 27.15552859, 0.0 ], [ 68.31021411, 27.14438207, 0.0 ], [ 68.31162046, 27.1363757, 0.0 ], [ 68.31071218, 27.10930938, 0.0 ], [ 68.31026924, 27.10882882, 0.0 ], [ 68.30929028, 27.10850502, 0.0 ], [ 68.28690746, 27.10354594, 0.0 ], [ 68.27282007, 27.08858204, 0.0 ] ] } },
{ "type": "Feature", "properties": { "name": "Dewan Minor", "descriptio": "Unknown Line Type<BR><BR><B>NAME</B> = Merankhori Minor<BR><BR><B>TYPE</B> = Minor<BR><BR><B>NAME</B> = Dewan Minor<BR><B>LAYER</B> = Unknown Line Type<BR><BR><B>NAME</B> = Dewan Minor<BR><BR><B>TYPE</B> = Minor<BR><B>GM_TYPE</B> = Unknown Line Type" }, "geometry": { "type": "LineString", "coordinates": [ [ 68.34643034, 27.2073287, 0.0 ], [ 68.34518056, 27.18228005, 0.0 ], [ 68.34385083, 27.17609271, 0.0 ], [ 68.3416037, 27.13188579, 0.0 ], [ 68.33884601, 27.1266007, 0.0 ] ] } },
{ "type": "Feature", "properties": { "name": "Kotri Minor", "descriptio": "Unknown Line Type<BR><BR><B>NAME</B> = Merankhori Minor<BR><BR><B>TYPE</B> = Minor<BR><BR><B>NAME</B> = Kotri Minor<BR><B>LAYER</B> = Unknown Line Type<BR><BR><B>NAME</B> = Kotri Minor<BR><BR><B>TYPE</B> = Minor<BR><B>GM_TYPE</B> = Unknown Line Type" }, "geometry": { "type": "LineString", "coordinates": [ [ 68.39439481, 27.11845849, 0.0 ], [ 68.39306213, 27.11971669, 0.0 ], [ 68.38798838, 27.1266627, 0.0 ], [ 68.36952979, 27.13907457, 0.0 ] ] } },
{ "type": "Feature", "properties": { "name": "Kur Kaim Minor", "descriptio": "Unknown Line Type<BR><BR><B>NAME</B> = Merankhori Minor<BR><BR><B>TYPE</B> = Minor<BR><BR><B>NAME</B> = Kur Kaim Minor<BR><B>LAYER</B> = Unknown Line Type<BR><BR><B>NAME</B> = Kur Kaim Minor<BR><BR><B>TYPE</B> = Minor<BR><B>GM_TYPE</B> = Unknown Line Typ" }, "geometry": { "type": "LineString", "coordinates": [ [ 68.15400131, 26.59998189, 0.0 ], [ 68.14622674, 26.60084978, 0.0 ], [ 68.14420892, 26.60077727, 0.0 ], [ 68.143169, 26.60037809, 0.0 ], [ 68.12637164, 26.58810626, 0.0 ] ] } },
{ "type": "Feature", "properties": { "name": "Dhodha Minor", "descriptio": "Unknown Line Type<BR><BR><B>NAME</B> = Merankhori Minor<BR><BR><B>TYPE</B> = Minor<BR><BR><B>NAME</B> = Dhodha Minor<BR><B>LAYER</B> = Unknown Line Type<BR><BR><B>NAME</B> = Dhodha Minor<BR><BR><B>TYPE</B> = Minor<BR><B>GM_TYPE</B> = Unknown Line Type" }, "geometry": { "type": "LineString", "coordinates": [ [ 68.27607824, 27.06138791, 0.0 ], [ 68.27491598, 27.06179497, 0.0 ], [ 68.27025195, 27.06074592, 0.0 ], [ 68.24797606, 27.05797488, 0.0 ], [ 68.23094038, 27.06215795, 0.0 ], [ 68.22969676, 27.06223175, 0.0 ], [ 68.22751999, 27.06307116, 0.0 ], [ 68.22031835, 27.06248688, 0.0 ], [ 68.20692493, 27.06780983, 0.0 ] ] } },
{ "type": "Feature", "properties": { "name": "Chibhar Minor", "descriptio": "Unknown Line Type<BR><BR><B>NAME</B> = Merankhori Minor<BR><BR><B>TYPE</B> = Minor<BR><BR><B>NAME</B> = Chibhar Minor<BR><B>LAYER</B> = Unknown Line Type<BR><BR><B>NAME</B> = Chibhar Minor<BR><BR><B>TYPE</B> = Minor<BR><B>GM_TYPE</B> = Unknown Line Type" }, "geometry": { "type": "LineString", "coordinates": [ [ 68.34249428, 27.08255012, 0.0 ], [ 68.34665207, 27.07581818, 0.0 ], [ 68.34527361, 27.05519203, 0.0 ] ] } },
{ "type": "Feature", "properties": { "name": "Bhogri Minor", "descriptio": "Unknown Line Type<BR><BR><B>NAME</B> = Merankhori Minor<BR><BR><B>TYPE</B> = Minor<BR><BR><B>NAME</B> = Bhogri Minor<BR><B>LAYER</B> = Unknown Line Type<BR><BR><B>NAME</B> = Bhogri Minor<BR><BR><B>TYPE</B> = Minor<BR><B>GM_TYPE</B> = Unknown Line Type" }, "geometry": { "type": "LineString", "coordinates": [ [ 68.38319103, 27.09597492, 0.0 ], [ 68.38351333, 27.09356324, 0.0 ], [ 68.382563, 27.08750095, 0.0 ], [ 68.37629508, 27.05379163, 0.0 ], [ 68.37670297, 27.04135202, 0.0 ] ] } },
{ "type": "Feature", "properties": { "name": "Kandiaro Minor", "descriptio": "Unknown Line Type<BR><BR><B>NAME</B> = Merankhori Minor<BR><BR><B>TYPE</B> = Minor<BR><BR><B>NAME</B> = Kandiaro Minor<BR><B>LAYER</B> = Unknown Line Type<BR><BR><B>NAME</B> = Kandiaro Minor<BR><BR><B>TYPE</B> = Minor<BR><B>GM_TYPE</B> = Unknown Line Typ" }, "geometry": { "type": "LineString", "coordinates": [ [ 68.22081015, 27.04125096, 0.0 ], [ 68.2251466, 27.03707969, 0.0 ], [ 68.23351518, 27.00991173, 0.0 ] ] } },
{ "type": "Feature", "properties": { "name": "Kharik Minor", "descriptio": "Unknown Line Type<BR><BR><B>NAME</B> = Merankhori Minor<BR><BR><B>TYPE</B> = Minor<BR><BR><B>NAME</B> = Kharik Minor<BR><B>LAYER</B> = Unknown Line Type<BR><BR><B>NAME</B> = Kharik Minor<BR><BR><B>TYPE</B> = Minor<BR><B>GM_TYPE</B> = Unknown Line Type" }, "geometry": { "type": "LineString", "coordinates": [ [ 68.32108581, 27.05608319, 0.0 ], [ 68.31402802, 27.05651561, 0.0 ], [ 68.27641809, 27.06059671, 0.0 ], [ 68.23818843, 27.051522, 0.0 ] ] } },
{ "type": "Feature", "properties": { "name": "Haji Minor", "descriptio": "Unknown Line Type<BR><BR><B>NAME</B> = Merankhori Minor<BR><BR><B>TYPE</B> = Minor<BR><BR><B>NAME</B> = Haji Minor<BR><B>LAYER</B> = Unknown Line Type<BR><BR><B>NAME</B> = Haji Minor<BR><BR><B>TYPE</B> = Minor<BR><B>GM_TYPE</B> = Unknown Line Type" }, "geometry": { "type": "LineString", "coordinates": [ [ 68.41481292, 27.05001284, 0.0 ], [ 68.41710187, 27.04964919, 0.0 ], [ 68.41897065, 27.04985532, 0.0 ], [ 68.43703266, 27.05739803, 0.0 ], [ 68.44352809, 27.05961666, 0.0 ] ] } },
{ "type": "Feature", "properties": { "name": "Langhirji Minor", "descriptio": "Unknown Line Type<BR><BR><B>NAME</B> = Merankhori Minor<BR><BR><B>TYPE</B> = Minor<BR><BR><B>NAME</B> = Langhirji Minor<BR><B>LAYER</B> = Unknown Line Type<BR><BR><B>NAME</B> = Langhirji Minor<BR><BR><B>TYPE</B> = Minor<BR><B>GM_TYPE</B> = Unknown Line T" }, "geometry": { "type": "LineString", "coordinates": [ [ 68.39983679, 27.10963163, 0.0 ], [ 68.42706527, 27.10912898, 0.0 ], [ 68.42954233, 27.10552807, 0.0 ], [ 68.43140057, 27.10170373, 0.0 ], [ 68.43469787, 27.09918558, 0.0 ], [ 68.43692894, 27.09227158, 0.0 ], [ 68.4368502, 27.09126825, 0.0 ], [ 68.43765432, 27.09057247, 0.0 ] ] } },
{ "type": "Feature", "properties": { "name": "Bhambo Minor", "descriptio": "Unknown Line Type<BR><BR><B>NAME</B> = Merankhori Minor<BR><BR><B>TYPE</B> = Minor<BR><BR><B>NAME</B> = Bhambo Minor<BR><B>LAYER</B> = Unknown Line Type<BR><BR><B>NAME</B> = Bhambo Minor<BR><BR><B>TYPE</B> = Minor<BR><B>GM_TYPE</B> = Unknown Line Type" }, "geometry": { "type": "LineString", "coordinates": [ [ 68.1928547, 26.41745218, 0.0 ], [ 68.19459354, 26.4128336, 0.0 ], [ 68.20149945, 26.40739186, 0.0 ], [ 68.20419086, 26.40602546, 0.0 ], [ 68.20511215, 26.40180956, 0.0 ] ] } },
{ "type": "Feature", "properties": { "name": "Pabjo Minor", "descriptio": "Unknown Line Type<BR><BR><B>NAME</B> = Merankhori Minor<BR><BR><B>TYPE</B> = Minor<BR><BR><B>NAME</B> = Pabjo Minor<BR><B>LAYER</B> = Unknown Line Type<BR><BR><B>NAME</B> = Pabjo Minor<BR><BR><B>TYPE</B> = Minor<BR><B>GM_TYPE</B> = Unknown Line Type" }, "geometry": { "type": "LineString", "coordinates": [ [ 68.14736641, 26.50127368, 0.0 ], [ 68.14694542, 26.50075646, 0.0 ], [ 68.15504248, 26.47026285, 0.0 ], [ 68.16463056, 26.42503222, 0.0 ], [ 68.16432694, 26.42361918, 0.0 ], [ 68.15879386, 26.41719551, 0.0 ], [ 68.15752698, 26.4162748, 0.0 ] ] } },
{ "type": "Feature", "properties": { "name": "San Minor", "descriptio": "Unknown Line Type<BR><BR><B>NAME</B> = Merankhori Minor<BR><BR><B>TYPE</B> = Minor<BR><BR><B>NAME</B> = San Minor<BR><B>LAYER</B> = Unknown Line Type<BR><BR><B>NAME</B> = San Minor<BR><BR><B>TYPE</B> = Minor<BR><B>GM_TYPE</B> = Unknown Line Type" }, "geometry": { "type": "LineString", "coordinates": [ [ 68.15515678, 26.59985281, 0.0 ], [ 68.15559794, 26.59930905, 0.0 ], [ 68.15436179, 26.59670537, 0.0 ], [ 68.15169257, 26.57291381, 0.0 ], [ 68.14366942, 26.53871332, 0.0 ], [ 68.14427621, 26.51529805, 0.0 ], [ 68.1516938, 26.4875345, 0.0 ] ] } },
{ "type": "Feature", "properties": { "name": "Manaharo Minor", "descriptio": "Unknown Line Type<BR><BR><B>NAME</B> = Merankhori Minor<BR><BR><B>TYPE</B> = Minor<BR><BR><B>NAME</B> = Manaharo Minor<BR><B>LAYER</B> = Unknown Line Type<BR><BR><B>NAME</B> = Manaharo Minor<BR><BR><B>TYPE</B> = Minor<BR><B>GM_TYPE</B> = Unknown Line Typ" }, "geometry": { "type": "LineString", "coordinates": [ [ 68.15515713, 26.59986049, 0.0 ], [ 68.15793948, 26.59917597, 0.0 ], [ 68.15980731, 26.59761591, 0.0 ], [ 68.21250352, 26.55055194, 0.0 ], [ 68.21276438, 26.54945771, 0.0 ], [ 68.21238002, 26.54827289, 0.0 ], [ 68.20037208, 26.53131416, 0.0 ], [ 68.19990339, 26.53022677, 0.0 ], [ 68.20032756, 26.52826816, 0.0 ], [ 68.20560299, 26.51457116, 0.0 ] ] } },
{ "type": "Feature", "properties": { "name": "Manglo Minor", "descriptio": "Unknown Line Type<BR><BR><B>NAME</B> = Merankhori Minor<BR><BR><B>TYPE</B> = Minor<BR><BR><B>NAME</B> = Manglo Minor<BR><B>LAYER</B> = Unknown Line Type<BR><BR><B>NAME</B> = Manglo Minor<BR><BR><B>TYPE</B> = Minor<BR><B>GM_TYPE</B> = Unknown Line Type" }, "geometry": { "type": "LineString", "coordinates": [ [ 68.14552999, 26.74574166, 0.0 ], [ 68.12996533, 26.73846763, 0.0 ], [ 68.12472377, 26.73551992, 0.0 ], [ 68.12331331, 26.73442262, 0.0 ], [ 68.09650587, 26.67541486, 0.0 ], [ 68.09393796, 26.67370676, 0.0 ] ] } },
{ "type": "Feature", "properties": { "name": "Jaskani Minor II", "descriptio": "Unknown Line Type<BR><BR><B>NAME</B> = Merankhori Minor<BR><BR><B>TYPE</B> = Minor<BR><BR><B>NAME</B> = Jaskani Minor II<BR><B>LAYER</B> = Unknown Line Type<BR><BR><B>NAME</B> = Jaskani Minor II<BR><BR><B>TYPE</B> = Minor<BR><B>GM_TYPE</B> = Unknown Line" }, "geometry": { "type": "LineString", "coordinates": [ [ 68.1455299, 26.74574193, 0.0 ], [ 68.14787152, 26.74255315, 0.0 ], [ 68.15012363, 26.73861767, 0.0 ], [ 68.15331832, 26.73168582, 0.0 ], [ 68.15580702, 26.7237084, 0.0 ], [ 68.15678947, 26.71843887, 0.0 ], [ 68.15737268, 26.70936136, 0.0 ], [ 68.15722873, 26.70142933, 0.0 ], [ 68.15678846, 26.68801523, 0.0 ], [ 68.15579211, 26.68001421, 0.0 ], [ 68.15539903, 26.65679422, 0.0 ], [ 68.15384685, 26.65430682, 0.0 ], [ 68.1141139, 26.62275516, 0.0 ], [ 68.10142011, 26.60874924, 0.0 ] ] } },
{ "type": "Feature", "properties": { "name": "Bhitmorro Minor", "descriptio": "Unknown Line Type<BR><BR><B>NAME</B> = Merankhori Minor<BR><BR><B>TYPE</B> = Minor<BR><BR><B>NAME</B> = Bhitmorro Minor<BR><B>LAYER</B> = Unknown Line Type<BR><BR><B>NAME</B> = Bhitmorro Minor<BR><BR><B>TYPE</B> = Minor<BR><B>GM_TYPE</B> = Unknown Line T" }, "geometry": { "type": "LineString", "coordinates": [ [ 68.43999579, 26.40129537, 0.0 ], [ 68.43992419, 26.40096993, 0.0 ], [ 68.44500325, 26.39524522, 0.0 ], [ 68.45121612, 26.38739288, 0.0 ] ] } },
{ "type": "Feature", "properties": { "name": "Suhilo Minor", "descriptio": "Unknown Line Type<BR><BR><B>NAME</B> = Merankhori Minor<BR><BR><B>TYPE</B> = Minor<BR><BR><B>NAME</B> = Suhilo Minor<BR><B>LAYER</B> = Unknown Line Type<BR><BR><B>NAME</B> = Suhilo Minor<BR><BR><B>TYPE</B> = Minor<BR><B>GM_TYPE</B> = Unknown Line Type" }, "geometry": { "type": "LineString", "coordinates": [ [ 68.45213891, 26.38709616, 0.0 ], [ 68.45285552, 26.38751858, 0.0 ], [ 68.46457122, 26.3873317, 0.0 ] ] } },
{ "type": "Feature", "properties": { "name": "Dago Minor", "descriptio": "Unknown Line Type<BR><BR><B>NAME</B> = Merankhori Minor<BR><BR><B>TYPE</B> = Minor<BR><BR><B>NAME</B> = Dago Minor<BR><B>LAYER</B> = Unknown Line Type<BR><BR><B>NAME</B> = Dago Minor<BR><BR><B>TYPE</B> = Minor<BR><B>GM_TYPE</B> = Unknown Line Type" }, "geometry": { "type": "LineString", "coordinates": [ [ 68.38250963, 26.34282782, 0.0 ], [ 68.39168958, 26.32875752, 0.0 ] ] } },
{ "type": "Feature", "properties": { "name": "Panjochan Minor", "descriptio": "Unknown Line Type<BR><BR><B>NAME</B> = Merankhori Minor<BR><BR><B>TYPE</B> = Minor<BR><BR><B>NAME</B> = Panjochan Minor<BR><B>LAYER</B> = Unknown Line Type<BR><BR><B>NAME</B> = Panjochan Minor<BR><BR><B>TYPE</B> = Minor<BR><B>GM_TYPE</B> = Unknown Line T" }, "geometry": { "type": "LineString", "coordinates": [ [ 68.43057048, 26.21839459, 0.0 ], [ 68.43944078, 26.21837881, 0.0 ], [ 68.47059563, 26.20767046, 0.0 ] ] } },
{ "type": "Feature", "properties": { "name": "Dhoronaro Minor", "descriptio": "Unknown Line Type<BR><BR><B>NAME</B> = Merankhori Minor<BR><BR><B>TYPE</B> = Minor<BR><BR><B>NAME</B> = Dhoronaro Minor<BR><B>LAYER</B> = Unknown Line Type<BR><BR><B>NAME</B> = Dhoronaro Minor<BR><BR><B>TYPE</B> = Minor<BR><B>GM_TYPE</B> = Unknown Line T" }, "geometry": { "type": "LineString", "coordinates": [ [ 68.42210601, 26.24387132, 0.0 ], [ 68.45521305, 26.24560439, 0.0 ], [ 68.45831464, 26.24545218, 0.0 ], [ 68.46160064, 26.24455222, 0.0 ], [ 68.46513982, 26.2426972, 0.0 ], [ 68.50913582, 26.2106587, 0.0 ], [ 68.51014038, 26.20956429, 0.0 ] ] } },
{ "type": "Feature", "properties": { "name": "Khiyaroon Minor", "descriptio": "Unknown Line Type<BR><BR><B>NAME</B> = Merankhori Minor<BR><BR><B>TYPE</B> = Minor<BR><BR><B>NAME</B> = Khiyaroon Minor<BR><B>LAYER</B> = Unknown Line Type<BR><BR><B>NAME</B> = Khiyaroon Minor<BR><BR><B>TYPE</B> = Minor<BR><B>GM_TYPE</B> = Unknown Line T" }, "geometry": { "type": "LineString", "coordinates": [ [ 68.42214856, 26.24373138, 0.0 ], [ 68.42595947, 26.23141661, 0.0 ], [ 68.42575289, 26.23106985, 0.0 ], [ 68.42304806, 26.23027399, 0.0 ], [ 68.42082386, 26.22791493, 0.0 ], [ 68.41868274, 26.2280426, 0.0 ], [ 68.41829685, 26.22733916, 0.0 ], [ 68.42579503, 26.20868289, 0.0 ], [ 68.42613008, 26.20650626, 0.0 ], [ 68.425999668148322, 26.2, 0.0 ] ] } },
{ "type": "Feature", "properties": { "name": "Kiranjhro Minor", "descriptio": "Unknown Line Type<BR><BR><B>NAME</B> = Merankhori Minor<BR><BR><B>TYPE</B> = Minor<BR><BR><B>NAME</B> = Kiranjhro Minor<BR><B>LAYER</B> = Unknown Line Type<BR><BR><B>NAME</B> = Kiranjhro Minor<BR><BR><B>TYPE</B> = Minor<BR><B>GM_TYPE</B> = Unknown Line T" }, "geometry": { "type": "LineString", "coordinates": [ [ 68.38257636, 26.34283479, 0.0 ], [ 68.38310795, 26.34160079, 0.0 ] ] } },
{ "type": "Feature", "properties": { "name": "Jam Laghari Minor", "descriptio": "Unknown Line Type<BR><BR><B>NAME</B> = Merankhori Minor<BR><BR><B>TYPE</B> = Minor<BR><BR><B>NAME</B> = Jam Laghari Minor<BR><B>LAYER</B> = Unknown Line Type<BR><BR><B>NAME</B> = Jam Laghari Minor<BR><BR><B>TYPE</B> = Minor<BR><B>GM_TYPE</B> = Unknown Li" }, "geometry": { "type": "LineString", "coordinates": [ [ 68.41965149, 26.32825381, 0.0 ], [ 68.43633022, 26.29682867, 0.0 ], [ 68.43705396, 26.29553021, 0.0 ], [ 68.43837291, 26.29417604, 0.0 ] ] } },
{ "type": "Feature", "properties": { "name": "Daro Minor", "descriptio": "Unknown Line Type<BR><BR><B>NAME</B> = Merankhori Minor<BR><BR><B>TYPE</B> = Minor<BR><BR><B>NAME</B> = Daro Minor<BR><B>LAYER</B> = Unknown Line Type<BR><BR><B>NAME</B> = Daro Minor<BR><BR><B>TYPE</B> = Minor<BR><B>GM_TYPE</B> = Unknown Line Type" }, "geometry": { "type": "LineString", "coordinates": [ [ 68.35145242, 26.4417631, 0.0 ], [ 68.35209905, 26.43727215, 0.0 ] ] } },
{ "type": "Feature", "properties": { "name": "Sardarabad Minor", "descriptio": "Unknown Line Type<BR><BR><B>NAME</B> = Merankhori Minor<BR><BR><B>TYPE</B> = Minor<BR><BR><B>NAME</B> = Sardarabad Minor<BR><B>LAYER</B> = Unknown Line Type<BR><BR><B>NAME</B> = Sardarabad Minor<BR><BR><B>TYPE</B> = Minor<BR><B>GM_TYPE</B> = Unknown Line" }, "geometry": { "type": "LineString", "coordinates": [ [ 68.36008493, 26.39647911, 0.0 ], [ 68.37117095, 26.39230948, 0.0 ], [ 68.38941703, 26.38653903, 0.0 ], [ 68.40730874, 26.36227494, 0.0 ] ] } },
{ "type": "Feature", "properties": { "name": "Kandi Minor", "descriptio": "Unknown Line Type<BR><BR><B>NAME</B> = Merankhori Minor<BR><BR><B>TYPE</B> = Minor<BR><BR><B>NAME</B> = Kandi Minor<BR><B>LAYER</B> = Unknown Line Type<BR><BR><B>NAME</B> = Kandi Minor<BR><BR><B>TYPE</B> = Minor<BR><B>GM_TYPE</B> = Unknown Line Type" }, "geometry": { "type": "LineString", "coordinates": [ [ 68.35145242, 26.4417631, 0.0 ], [ 68.35173089, 26.44165812, 0.0 ], [ 68.3565101, 26.41679207, 0.0 ], [ 68.36008493, 26.39647911, 0.0 ] ] } },
{ "type": "Feature", "properties": { "name": "Khararo Minor", "descriptio": "Unknown Line Type<BR><BR><B>NAME</B> = Merankhori Minor<BR><BR><B>TYPE</B> = Minor<BR><BR><B>NAME</B> = Khararo Minor<BR><B>LAYER</B> = Unknown Line Type<BR><BR><B>NAME</B> = Khararo Minor<BR><BR><B>TYPE</B> = Minor<BR><B>GM_TYPE</B> = Unknown Line Type" }, "geometry": { "type": "LineString", "coordinates": [ [ 68.567433, 26.45544783, 0.0 ], [ 68.56612266, 26.45469216, 0.0 ], [ 68.56468091, 26.45298667, 0.0 ], [ 68.56071884, 26.44085422, 0.0 ] ] } },
{ "type": "Feature", "properties": { "name": "Dhoji Minor", "descriptio": "Unknown Line Type<BR><BR><B>NAME</B> = Merankhori Minor<BR><BR><B>TYPE</B> = Minor<BR><BR><B>NAME</B> = Dhoji Minor<BR><B>LAYER</B> = Unknown Line Type<BR><BR><B>NAME</B> = Dhoji Minor<BR><BR><B>TYPE</B> = Minor<BR><B>GM_TYPE</B> = Unknown Line Type" }, "geometry": { "type": "LineString", "coordinates": [ [ 68.45939311, 26.37903014, 0.0 ], [ 68.44053052, 26.40138286, 0.0 ], [ 68.43999579, 26.40129537, 0.0 ] ] } },
{ "type": "Feature", "properties": { "name": "Akodi Minor", "descriptio": "Unknown Line Type<BR><BR><B>NAME</B> = Merankhori Minor<BR><BR><B>TYPE</B> = Minor<BR><BR><B>NAME</B> = Akodi Minor<BR><B>LAYER</B> = Unknown Line Type<BR><BR><B>NAME</B> = Akodi Minor<BR><BR><B>TYPE</B> = Minor<BR><B>GM_TYPE</B> = Unknown Line Type" }, "geometry": { "type": "LineString", "coordinates": [ [ 68.38326686, 26.46171163, 0.0 ], [ 68.38429287, 26.46204185, 0.0 ], [ 68.39744692, 26.46150025, 0.0 ], [ 68.43018014, 26.46091167, 0.0 ], [ 68.45839805, 26.44290067, 0.0 ], [ 68.47775773, 26.41560361, 0.0 ] ] } },
{ "type": "Feature", "properties": { "name": "Dewanabad Minor", "descriptio": "Unknown Line Type<BR><BR><B>NAME</B> = Merankhori Minor<BR><BR><B>TYPE</B> = Minor<BR><BR><B>NAME</B> = Dewanabad Minor<BR><B>LAYER</B> = Unknown Line Type<BR><BR><B>NAME</B> = Dewanabad Minor<BR><BR><B>TYPE</B> = Minor<BR><B>GM_TYPE</B> = Unknown Line T" }, "geometry": { "type": "LineString", "coordinates": [ [ 68.4504333, 26.38836617, 0.0 ], [ 68.44940516, 26.38760637, 0.0 ], [ 68.44820032, 26.38756923, 0.0 ], [ 68.44811025, 26.38406612, 0.0 ] ] } },
{ "type": "Feature", "properties": { "name": "Right Jari Minor", "descriptio": "Unknown Line Type<BR><BR><B>NAME</B> = Merankhori Minor<BR><BR><B>TYPE</B> = Minor<BR><BR><B>NAME</B> = Right Jari Minor<BR><B>LAYER</B> = Unknown Line Type<BR><BR><B>NAME</B> = Right Jari Minor<BR><BR><B>TYPE</B> = Minor<BR><B>GM_TYPE</B> = Unknown Line" }, "geometry": { "type": "LineString", "coordinates": [ [ 68.31136355, 26.63986694, 0.0 ], [ 68.31150191, 26.63902198, 0.0 ], [ 68.31689638, 26.62882953, 0.0 ], [ 68.31833756, 26.62430921, 0.0 ], [ 68.32182533, 26.5991929, 0.0 ], [ 68.32309201, 26.59443282, 0.0 ], [ 68.34017655, 26.56002373, 0.0 ], [ 68.34048593, 26.55716019, 0.0 ], [ 68.33981773, 26.55304639, 0.0 ], [ 68.33872145, 26.55072255, 0.0 ], [ 68.33737232, 26.54972332, 0.0 ] ] } },
{ "type": "Feature", "properties": { "name": "Left Jari Minor", "descriptio": "Unknown Line Type<BR><BR><B>NAME</B> = Merankhori Minor<BR><BR><B>TYPE</B> = Minor<BR><BR><B>NAME</B> = Left Jari Minor<BR><B>LAYER</B> = Unknown Line Type<BR><BR><B>NAME</B> = Left Jari Minor<BR><BR><B>TYPE</B> = Minor<BR><B>GM_TYPE</B> = Unknown Line T" }, "geometry": { "type": "LineString", "coordinates": [ [ 68.31136355, 26.63986694, 0.0 ], [ 68.31237779, 26.63931769, 0.0 ], [ 68.31655247, 26.63170617, 0.0 ], [ 68.31854041, 26.62696443, 0.0 ], [ 68.31932308, 26.62427276, 0.0 ], [ 68.32295222, 26.59682555, 0.0 ], [ 68.32684818, 26.58839394, 0.0 ], [ 68.33662708, 26.56957644, 0.0 ] ] } },
{ "type": "Feature", "properties": { "name": "Khipro Minor", "descriptio": "Unknown Line Type<BR><BR><B>NAME</B> = Merankhori Minor<BR><BR><B>TYPE</B> = Minor<BR><BR><B>NAME</B> = Khipro Minor<BR><B>LAYER</B> = Unknown Line Type<BR><BR><B>NAME</B> = Khipro Minor<BR><BR><B>TYPE</B> = Minor<BR><B>GM_TYPE</B> = Unknown Line Type" }, "geometry": { "type": "LineString", "coordinates": [ [ 68.31058681, 26.64135432, 0.0 ], [ 68.33278441, 26.63623548, 0.0 ], [ 68.35427931, 26.61611511, 0.0 ], [ 68.3585534, 26.61176849, 0.0 ], [ 68.35925606, 26.60981056, 0.0 ], [ 68.35899925, 26.59808144, 0.0 ] ] } },
{ "type": "Feature", "properties": { "name": "Pad Minor", "descriptio": "Unknown Line Type<BR><BR><B>NAME</B> = Merankhori Minor<BR><BR><B>TYPE</B> = Minor<BR><BR><B>NAME</B> = Pad Minor<BR><B>LAYER</B> = Unknown Line Type<BR><BR><B>NAME</B> = Pad Minor<BR><BR><B>TYPE</B> = Minor<BR><B>GM_TYPE</B> = Unknown Line Type" }, "geometry": { "type": "LineString", "coordinates": [ [ 68.32140049, 26.76766275, 0.0 ], [ 68.30348515, 26.76758739, 0.0 ] ] } },
{ "type": "Feature", "properties": { "name": "New Link Sanghi", "descriptio": "Unknown Line Type<BR><BR><B>NAME</B> = Merankhori Minor<BR><BR><B>TYPE</B> = Minor<BR><BR><B>NAME</B> = New Link Sanghi<BR><B>LAYER</B> = Unknown Line Type<BR><BR><B>NAME</B> = New Link Sanghi<BR><BR><B>TYPE</B> = Minor<BR><B>GM_TYPE</B> = Unknown Line T" }, "geometry": { "type": "LineString", "coordinates": [ [ 68.32800778, 26.81901626, 0.0 ], [ 68.3256919, 26.81995006, 0.0 ], [ 68.32204717, 26.81998428, 0.0 ], [ 68.31908599, 26.8243903, 0.0 ], [ 68.31673551, 26.82608175, 0.0 ], [ 68.31468627, 26.82640763, 0.0 ], [ 68.30034063, 26.82601084, 0.0 ], [ 68.28457578, 26.82831855, 0.0 ] ] } },
{ "type": "Feature", "properties": { "name": "Saeed Minor", "descriptio": "Unknown Line Type<BR><BR><B>NAME</B> = Merankhori Minor<BR><BR><B>TYPE</B> = Minor<BR><BR><B>NAME</B> = Saeed Minor<BR><B>LAYER</B> = Unknown Line Type<BR><BR><B>NAME</B> = Saeed Minor<BR><BR><B>TYPE</B> = Minor<BR><B>GM_TYPE</B> = Unknown Line Type" }, "geometry": { "type": "LineString", "coordinates": [ [ 68.29165556, 27.00297204, 0.0 ], [ 68.27501351, 27.002343, 0.0 ], [ 68.26302873, 27.00069354, 0.0 ] ] } },
{ "type": "Feature", "properties": { "name": "Nauabad Minor", "descriptio": "Unknown Line Type<BR><BR><B>NAME</B> = Merankhori Minor<BR><BR><B>TYPE</B> = Minor<BR><BR><B>NAME</B> = Nauabad Minor<BR><B>LAYER</B> = Unknown Line Type<BR><BR><B>NAME</B> = Nauabad Minor<BR><BR><B>TYPE</B> = Minor<BR><B>GM_TYPE</B> = Unknown Line Type" }, "geometry": { "type": "LineString", "coordinates": [ [ 68.28473935, 26.9805753, 0.0 ], [ 68.29017787, 27.00192766, 0.0 ], [ 68.29535297, 27.00559017, 0.0 ], [ 68.29570783, 27.0061802, 0.0 ], [ 68.29894771, 27.02190102, 0.0 ], [ 68.30031923, 27.02516337, 0.0 ], [ 68.30251188, 27.02873531, 0.0 ], [ 68.31086936, 27.04000685, 0.0 ], [ 68.31396312, 27.04568363, 0.0 ], [ 68.32106001, 27.05594848, 0.0 ] ] } },
{ "type": "Feature", "properties": { "name": "Khuda Bux Minor", "descriptio": "Unknown Line Type<BR><BR><B>NAME</B> = Merankhori Minor<BR><BR><B>TYPE</B> = Minor<BR><BR><B>NAME</B> = Khuda Bux Minor<BR><B>LAYER</B> = Unknown Line Type<BR><BR><B>NAME</B> = Khuda Bux Minor<BR><BR><B>TYPE</B> = Minor<BR><B>GM_TYPE</B> = Unknown Line T" }, "geometry": { "type": "LineString", "coordinates": [ [ 68.33802669, 27.03071468, 0.0 ], [ 68.34106107, 27.01373821, 0.0 ], [ 68.34085714, 27.01239142, 0.0 ], [ 68.32848829, 26.99348435, 0.0 ], [ 68.3281984, 26.99238356, 0.0 ], [ 68.32901511, 26.98325327, 0.0 ], [ 68.32868455, 26.98186794, 0.0 ], [ 68.32794751, 26.98118203, 0.0 ], [ 68.31391658, 26.97303219, 0.0 ], [ 68.31368518, 26.97278465, 0.0 ], [ 68.31358312, 26.96707738, 0.0 ] ] } },
{ "type": "Feature", "properties": { "name": "Dehngo Minor", "descriptio": "Unknown Line Type<BR><BR><B>NAME</B> = Merankhori Minor<BR><BR><B>TYPE</B> = Minor<BR><BR><B>NAME</B> = Dehngo Minor<BR><B>LAYER</B> = Unknown Line Type<BR><BR><B>NAME</B> = Dehngo Minor<BR><BR><B>TYPE</B> = Minor<BR><B>GM_TYPE</B> = Unknown Line Type" }, "geometry": { "type": "LineString", "coordinates": [ [ 68.33149784, 26.90463697, 0.0 ], [ 68.31478361, 26.90710838, 0.0 ], [ 68.30607192, 26.90558595, 0.0 ], [ 68.3047875, 26.90479776, 0.0 ], [ 68.30431655, 26.90397791, 0.0 ], [ 68.2962337, 26.8882065, 0.0 ] ] } },
{ "type": "Feature", "properties": { "name": "Punhwari Minor", "descriptio": "Unknown Line Type<BR><BR><B>NAME</B> = Merankhori Minor<BR><BR><B>TYPE</B> = Minor<BR><BR><B>NAME</B> = Punhwari Minor<BR><B>LAYER</B> = Unknown Line Type<BR><BR><B>NAME</B> = Punhwari Minor<BR><BR><B>TYPE</B> = Minor<BR><B>GM_TYPE</B> = Unknown Line Typ" }, "geometry": { "type": "LineString", "coordinates": [ [ 68.3365305, 26.87479947, 0.0 ], [ 68.33546919, 26.87460691, 0.0 ], [ 68.33434541, 26.87395523, 0.0 ], [ 68.32529126, 26.86761095, 0.0 ], [ 68.3148832, 26.85068791, 0.0 ], [ 68.31361553, 26.84960824, 0.0 ], [ 68.29527861, 26.84568087, 0.0 ], [ 68.28129932, 26.84471662, 0.0 ] ] } },
{ "type": "Feature", "properties": { "name": "Abji Minor", "descriptio": "Unknown Line Type<BR><BR><B>NAME</B> = Merankhori Minor<BR><BR><B>TYPE</B> = Minor<BR><BR><B>NAME</B> = Abji Minor<BR><B>LAYER</B> = Unknown Line Type<BR><BR><B>NAME</B> = Abji Minor<BR><BR><B>TYPE</B> = Minor<BR><B>GM_TYPE</B> = Unknown Line Type" }, "geometry": { "type": "LineString", "coordinates": [ [ 67.97707371, 26.85117861, 0.0 ], [ 67.97814884, 26.84703556, 0.0 ], [ 67.9782632, 26.84545519, 0.0 ], [ 67.97793325, 26.81510185, 0.0 ], [ 67.98083047, 26.80374601, 0.0 ] ] } },
{ "type": "Feature", "properties": { "name": "Let Minor", "descriptio": "Unknown Line Type<BR><BR><B>NAME</B> = Merankhori Minor<BR><BR><B>TYPE</B> = Minor<BR><BR><B>NAME</B> = Let Minor<BR><B>LAYER</B> = Unknown Line Type<BR><BR><B>NAME</B> = Let Minor<BR><BR><B>TYPE</B> = Minor<BR><B>GM_TYPE</B> = Unknown Line Type" }, "geometry": { "type": "LineString", "coordinates": [ [ 67.97707371, 26.85117861, 0.0 ], [ 67.97381668, 26.85018651, 0.0 ], [ 67.97229726, 26.84892654, 0.0 ], [ 67.96751473, 26.84056009, 0.0 ], [ 67.97358387, 26.8270243, 0.0 ] ] } },
{ "type": "Feature", "properties": { "name": "Dalipota Minor", "descriptio": "Unknown Line Type<BR><BR><B>NAME</B> = Merankhori Minor<BR><BR><B>TYPE</B> = Minor<BR><BR><B>NAME</B> = Dalipota Minor<BR><B>LAYER</B> = Unknown Line Type<BR><BR><B>NAME</B> = Dalipota Minor<BR><BR><B>TYPE</B> = Minor<BR><B>GM_TYPE</B> = Unknown Line Typ" }, "geometry": { "type": "LineString", "coordinates": [ [ 68.0213441, 26.89879573, 0.0 ], [ 68.02698517, 26.89354675, 0.0 ], [ 68.02769251, 26.89239754, 0.0 ], [ 68.03374027, 26.87580449, 0.0 ], [ 68.03405286, 26.87373892, 0.0 ], [ 68.03209062, 26.86680018, 0.0 ] ] } },
{ "type": "Feature", "properties": { "name": "Detha Minor", "descriptio": "Unknown Line Type<BR><BR><B>NAME</B> = Merankhori Minor<BR><BR><B>TYPE</B> = Minor<BR><BR><B>NAME</B> = Detha Minor<BR><B>LAYER</B> = Unknown Line Type<BR><BR><B>NAME</B> = Detha Minor<BR><BR><B>TYPE</B> = Minor<BR><B>GM_TYPE</B> = Unknown Line Type" }, "geometry": { "type": "LineString", "coordinates": [ [ 68.06403348, 26.97857127, 0.0 ], [ 68.07528008, 26.95719389, 0.0 ], [ 68.07604902, 26.95101062, 0.0 ], [ 68.07601186, 26.94886496, 0.0 ], [ 68.07560352, 26.9481197, 0.0 ], [ 68.06904636, 26.94240808, 0.0 ], [ 68.06839592, 26.94086908, 0.0 ], [ 68.06860235, 26.92884745, 0.0 ], [ 68.06653099, 26.92121471, 0.0 ], [ 68.068962, 26.90491246, 0.0 ] ] } },
{ "type": "Feature", "properties": { "name": "New Keti Minor", "descriptio": "Unknown Line Type<BR><BR><B>NAME</B> = Merankhori Minor<BR><BR><B>TYPE</B> = Minor<BR><BR><B>NAME</B> = New Keti Minor<BR><B>LAYER</B> = Unknown Line Type<BR><BR><B>NAME</B> = New Keti Minor<BR><BR><B>TYPE</B> = Minor<BR><B>GM_TYPE</B> = Unknown Line Typ" }, "geometry": { "type": "LineString", "coordinates": [ [ 68.05349297, 26.97396276, 0.0 ], [ 68.05402796, 26.97545304, 0.0 ], [ 68.05350882, 26.97578306, 0.0 ], [ 68.05359605, 26.97649951, 0.0 ], [ 68.05334444, 26.97675046, 0.0 ], [ 68.05363138, 26.9774714, 0.0 ], [ 68.05284786, 26.97787899, 0.0 ], [ 68.05307812, 26.97876003, 0.0 ], [ 68.05262759, 26.97943721, 0.0 ], [ 68.05298448, 26.97956399, 0.0 ], [ 68.05320358, 26.98061681, 0.0 ], [ 68.05196348, 26.98098152, 0.0 ], [ 68.05157822, 26.98155308, 0.0 ], [ 68.05167267, 26.98193272, 0.0 ], [ 68.05131765, 26.98213712, 0.0 ] ] } },
{ "type": "Feature", "properties": { "name": "Old Keti Minor", "descriptio": "Unknown Line Type<BR><BR><B>NAME</B> = Merankhori Minor<BR><BR><B>TYPE</B> = Minor<BR><BR><B>NAME</B> = Old Keti Minor<BR><B>LAYER</B> = Unknown Line Type<BR><BR><B>NAME</B> = Old Keti Minor<BR><BR><B>TYPE</B> = Minor<BR><B>GM_TYPE</B> = Unknown Line Typ" }, "geometry": { "type": "LineString", "coordinates": [ [ 68.06403348, 26.97857127, 0.0 ], [ 68.06077942, 26.97968014, 0.0 ], [ 68.05980593, 26.97938229, 0.0 ], [ 68.0579995, 26.98003102, 0.0 ], [ 68.05454356, 26.98062788, 0.0 ] ] } },
{ "type": "Feature", "properties": { "name": "Larik Minor", "descriptio": "Unknown Line Type<BR><BR><B>NAME</B> = Merankhori Minor<BR><BR><B>TYPE</B> = Minor<BR><BR><B>NAME</B> = Larik Minor<BR><B>LAYER</B> = Unknown Line Type<BR><BR><B>NAME</B> = Larik Minor<BR><BR><B>TYPE</B> = Minor<BR><B>GM_TYPE</B> = Unknown Line Type" }, "geometry": { "type": "LineString", "coordinates": [ [ 68.15061698, 27.02481577, 0.0 ], [ 68.15985452, 27.04105461, 0.0 ], [ 68.16504117, 27.04579776, 0.0 ], [ 68.16527551, 27.04729667, 0.0 ], [ 68.16495553, 27.04840526, 0.0 ], [ 68.16315221, 27.04997249, 0.0 ] ] } },
{ "type": "Feature", "properties": { "name": "Jindo Minor", "descriptio": "Unknown Line Type<BR><BR><B>NAME</B> = Merankhori Minor<BR><BR><B>TYPE</B> = Minor<BR><BR><B>NAME</B> = Jindo Minor<BR><B>LAYER</B> = Unknown Line Type<BR><BR><B>NAME</B> = Jindo Minor<BR><BR><B>TYPE</B> = Minor<BR><B>GM_TYPE</B> = Unknown Line Type" }, "geometry": { "type": "LineString", "coordinates": [ [ 69.47095544, 27.87402277, 0.0 ], [ 69.48614141, 27.85768482, 0.0 ], [ 69.48619041, 27.85616512, 0.0 ], [ 69.48419787, 27.83878274, 0.0 ] ] } },
{ "type": "Feature", "properties": { "name": "Thatt Minor", "descriptio": "Unknown Line Type<BR><BR><B>NAME</B> = Merankhori Minor<BR><BR><B>TYPE</B> = Minor<BR><BR><B>NAME</B> = Thatt Minor<BR><B>LAYER</B> = Unknown Line Type<BR><BR><B>NAME</B> = Thatt Minor<BR><BR><B>TYPE</B> = Minor<BR><B>GM_TYPE</B> = Unknown Line Type" }, "geometry": { "type": "LineString", "coordinates": [ [ 68.01132065, 26.89178612, 0.0 ], [ 68.0099956, 26.89147925, 0.0 ], [ 67.99394269, 26.8818852, 0.0 ], [ 67.97683773, 26.8750182, 0.0 ], [ 67.97542786, 26.87398777, 0.0 ], [ 67.97329623, 26.87135935, 0.0 ], [ 67.97258897, 26.86897467, 0.0 ], [ 67.97284819, 26.86600797, 0.0 ], [ 67.9746379, 26.85995517, 0.0 ] ] } },
{ "type": "Feature", "properties": { "name": "Manjuth Minor", "descriptio": "Unknown Line Type<BR><BR><B>NAME</B> = Merankhori Minor<BR><BR><B>TYPE</B> = Minor<BR><BR><B>NAME</B> = Manjuth Minor<BR><B>LAYER</B> = Unknown Line Type<BR><BR><B>NAME</B> = Manjuth Minor<BR><BR><B>TYPE</B> = Minor<BR><B>GM_TYPE</B> = Unknown Line Type" }, "geometry": { "type": "LineString", "coordinates": [ [ 68.12170825, 27.00347676, 0.0 ], [ 68.11807126, 27.0060171, 0.0 ], [ 68.11644575, 27.00677972, 0.0 ], [ 68.11407593, 27.00731254, 0.0 ], [ 68.11136614, 27.00721532, 0.0 ], [ 68.1094506, 27.00664767, 0.0 ], [ 68.08879502, 26.99735418, 0.0 ] ] } },
{ "type": "Feature", "properties": { "name": "Salehpur Minor", "descriptio": "Unknown Line Type<BR><BR><B>NAME</B> = Merankhori Minor<BR><BR><B>TYPE</B> = Minor<BR><BR><B>NAME</B> = Salehpur Minor<BR><B>LAYER</B> = Unknown Line Type<BR><BR><B>NAME</B> = Salehpur Minor<BR><BR><B>TYPE</B> = Minor<BR><B>GM_TYPE</B> = Unknown Line Typ" }, "geometry": { "type": "LineString", "coordinates": [ [ 68.16315221, 27.04997249, 0.0 ], [ 68.16228417, 27.05052586, 0.0 ], [ 68.14343211, 27.05049179, 0.0 ], [ 68.14173973, 27.05000228, 0.0 ], [ 68.13232621, 27.04508643, 0.0 ], [ 68.13132695, 27.0444414, 0.0 ], [ 68.13095592, 27.04336085, 0.0 ] ] } },
{ "type": "Feature", "properties": { "name": "Labjiwai Minor", "descriptio": "Unknown Line Type<BR><BR><B>NAME</B> = Merankhori Minor<BR><BR><B>TYPE</B> = Minor<BR><BR><B>NAME</B> = Labjiwai Minor<BR><B>LAYER</B> = Unknown Line Type<BR><BR><B>NAME</B> = Labjiwai Minor<BR><BR><B>TYPE</B> = Minor<BR><B>GM_TYPE</B> = Unknown Line Typ" }, "geometry": { "type": "LineString", "coordinates": [ [ 68.28574819, 26.34245286, 0.0 ], [ 68.29205515, 26.33499467, 0.0 ], [ 68.29407522, 26.33151833, 0.0 ], [ 68.30447699, 26.30213746, 0.0 ] ] } },
{ "type": "Feature", "properties": { "name": "Shair Khan Minor", "descriptio": "Unknown Line Type<BR><BR><B>NAME</B> = Merankhori Minor<BR><BR><B>TYPE</B> = Minor<BR><BR><B>NAME</B> = Shair Khan Minor<BR><B>LAYER</B> = Unknown Line Type<BR><BR><B>NAME</B> = Shair Khan Minor<BR><BR><B>TYPE</B> = Minor<BR><B>GM_TYPE</B> = Unknown Line" }, "geometry": { "type": "LineString", "coordinates": [ [ 69.64126281, 28.03544694, 0.0 ], [ 69.64064041, 28.03545823, 0.0 ], [ 69.64021388, 28.03508397, 0.0 ], [ 69.62772096, 28.01930903, 0.0 ], [ 69.6021578, 28.01077857, 0.0 ] ] } },
{ "type": "Feature", "properties": { "name": "Desert Minor", "descriptio": "Unknown Line Type<BR><BR><B>NAME</B> = Merankhori Minor<BR><BR><B>TYPE</B> = Minor<BR><BR><B>NAME</B> = Desert Minor<BR><B>LAYER</B> = Unknown Line Type<BR><BR><B>NAME</B> = Desert Minor<BR><BR><B>TYPE</B> = Minor<BR><B>GM_TYPE</B> = Unknown Line Type" }, "geometry": { "type": "LineString", "coordinates": [ [ 69.63342072, 27.87042837, 0.0 ], [ 69.63995808, 27.86115446, 0.0 ], [ 69.63580524, 27.83098243, 0.0 ], [ 69.63611579, 27.83056403, 0.0 ], [ 69.63846126, 27.83021728, 0.0 ], [ 69.63952785, 27.82974898, 0.0 ], [ 69.63803075, 27.82796049, 0.0 ], [ 69.63696564, 27.82599851, 0.0 ], [ 69.63721162, 27.8256962, 0.0 ], [ 69.6430206, 27.8244762, 0.0 ], [ 69.6443938, 27.82199414, 0.0 ], [ 69.64391733, 27.8208033, 0.0 ], [ 69.64392253, 27.81947113, 0.0 ], [ 69.64306934, 27.81852528, 0.0 ], [ 69.6436933, 27.8157671, 0.0 ], [ 69.64521842, 27.81567894, 0.0 ], [ 69.65035038, 27.81153198, 0.0 ], [ 69.65142993, 27.80889744, 0.0 ], [ 69.65216435, 27.80495683, 0.0 ], [ 69.65185778, 27.80165833, 0.0 ], [ 69.65227718, 27.79983773, 0.0 ], [ 69.65433747, 27.79695647, 0.0 ], [ 69.65637457, 27.79315894, 0.0 ], [ 69.6553119, 27.78787239, 0.0 ], [ 69.65661669, 27.78501778, 0.0 ], [ 69.65660855, 27.78366257, 0.0 ], [ 69.65500271, 27.77955974, 0.0 ], [ 69.65315026, 27.77713598, 0.0 ], [ 69.65316319, 27.77450826, 0.0 ], [ 69.65209856, 27.77269376, 0.0 ], [ 69.65118446, 27.76918248, 0.0 ], [ 69.64854721, 27.76671045, 0.0 ], [ 69.64612363, 27.75245888, 0.0 ], [ 69.64646965, 27.74706816, 0.0 ], [ 69.65402922, 27.73824841, 0.0 ], [ 69.65949561, 27.73339709, 0.0 ], [ 69.6655219, 27.72683696, 0.0 ], [ 69.66800496, 27.72454841, 0.0 ], [ 69.66969016, 27.72102701, 0.0 ], [ 69.67233584, 27.71952453, 0.0 ], [ 69.67343064, 27.71736546, 0.0 ], [ 69.67342097, 27.71579164, 0.0 ], [ 69.67297333, 27.71495057, 0.0 ], [ 69.6712132, 27.70151159, 0.0 ], [ 69.67164278, 27.69904699, 0.0 ], [ 69.67416501, 27.69296373, 0.0 ], [ 69.67444155, 27.69169764, 0.0 ], [ 69.67426222, 27.68900909, 0.0 ], [ 69.66881813, 27.67763481, 0.0 ], [ 69.66792734, 27.67142764, 0.0 ], [ 69.66405407, 27.66408989, 0.0 ], [ 69.65967044, 27.66003542, 0.0 ], [ 69.65239761, 27.65527176, 0.0 ], [ 69.65451984, 27.64512296, 0.0 ], [ 69.65680642, 27.63665219, 0.0 ], [ 69.65831014, 27.63462135, 0.0 ], [ 69.66177573, 27.63123831, 0.0 ], [ 69.66541129, 27.62666768, 0.0 ], [ 69.66957604, 27.62088579, 0.0 ], [ 69.66963818, 27.62032879, 0.0 ], [ 69.66892289, 27.61693139, 0.0 ], [ 69.66841304, 27.61617497, 0.0 ], [ 69.66039248, 27.60767857, 0.0 ], [ 69.65855355, 27.60639448, 0.0 ], [ 69.65447792, 27.60593594, 0.0 ], [ 69.65412865, 27.6056003, 0.0 ], [ 69.65008119, 27.59595889, 0.0 ], [ 69.64819694, 27.59228569, 0.0 ], [ 69.64692612, 27.59091439, 0.0 ], [ 69.64425449, 27.5889436, 0.0 ], [ 69.63887625, 27.58691673, 0.0 ], [ 69.6365933, 27.58515647, 0.0 ], [ 69.63446476, 27.58280527, 0.0 ], [ 69.62519685, 27.57549587, 0.0 ], [ 69.61618042, 27.56238271, 0.0 ], [ 69.61295608, 27.55576369, 0.0 ], [ 69.60814498, 27.54910008, 0.0 ], [ 69.60801623, 27.5429171, 0.0 ], [ 69.60637249, 27.53725149, 0.0 ], [ 69.60480445, 27.53323905, 0.0 ] ] } },
{ "type": "Feature", "properties": { "name": "Pitafi Minor", "descriptio": "Unknown Line Type<BR><BR><B>NAME</B> = Merankhori Minor<BR><BR><B>TYPE</B> = Minor<BR><BR><B>NAME</B> = Pitafi Minor<BR><B>LAYER</B> = Unknown Line Type<BR><BR><B>NAME</B> = Pitafi Minor<BR><BR><B>TYPE</B> = Minor<BR><B>GM_TYPE</B> = Unknown Line Type" }, "geometry": { "type": "LineString", "coordinates": [ [ 69.63335966, 27.87011312, 0.0 ], [ 69.63962047, 27.86138445, 0.0 ], [ 69.63965969, 27.86081739, 0.0 ], [ 69.6370314, 27.84087381, 0.0 ], [ 69.6326349, 27.81145506, 0.0 ], [ 69.62232694, 27.8010344, 0.0 ], [ 69.5875524, 27.78177562, 0.0 ] ] } },
{ "type": "Feature", "properties": { "name": "Bakro Minor", "descriptio": "Unknown Line Type<BR><BR><B>NAME</B> = Merankhori Minor<BR><BR><B>TYPE</B> = Minor<BR><BR><B>NAME</B> = Bakro Minor<BR><B>LAYER</B> = Unknown Line Type<BR><BR><B>NAME</B> = Bakro Minor<BR><BR><B>TYPE</B> = Minor<BR><B>GM_TYPE</B> = Unknown Line Type" }, "geometry": { "type": "LineString", "coordinates": [ [ 69.30635356, 28.04664909, 0.0 ], [ 69.30716557, 28.04447091, 0.0 ], [ 69.30826821, 28.04295353, 0.0 ], [ 69.31418981, 28.03203833, 0.0 ], [ 69.31569187, 28.02557571, 0.0 ] ] } },
{ "type": "Feature", "properties": { "name": "Kundho Minor", "descriptio": "Unknown Line Type<BR><BR><B>NAME</B> = Merankhori Minor<BR><BR><B>TYPE</B> = Minor<BR><BR><B>NAME</B> = Kundho Minor<BR><B>LAYER</B> = Unknown Line Type<BR><BR><B>NAME</B> = Kundho Minor<BR><BR><B>TYPE</B> = Minor<BR><B>GM_TYPE</B> = Unknown Line Type" }, "geometry": { "type": "LineString", "coordinates": [ [ 69.60174018, 27.64240156, 0.0 ], [ 69.60867561, 27.64248185, 0.0 ], [ 69.61404214, 27.64290054, 0.0 ], [ 69.63950821, 27.64978722, 0.0 ], [ 69.64709955, 27.65337288, 0.0 ], [ 69.64873789, 27.65371542, 0.0 ], [ 69.65899805, 27.65998266, 0.0 ], [ 69.66368384, 27.66412587, 0.0 ], [ 69.6674659, 27.67129015, 0.0 ], [ 69.66857219, 27.67780964, 0.0 ], [ 69.67422993, 27.69011036, 0.0 ], [ 69.67417728, 27.69214415, 0.0 ], [ 69.67082967, 27.69830001, 0.0 ], [ 69.67070438, 27.70050049, 0.0 ], [ 69.66980824, 27.70275624, 0.0 ], [ 69.66981804, 27.70627767, 0.0 ], [ 69.67061675, 27.71087111, 0.0 ], [ 69.67132616, 27.71338172, 0.0 ], [ 69.67315162, 27.71670254, 0.0 ], [ 69.67209054, 27.71942111, 0.0 ], [ 69.66841644, 27.72125709, 0.0 ], [ 69.66808662, 27.72339763, 0.0 ], [ 69.6673375, 27.72473692, 0.0 ], [ 69.66115851, 27.73100751, 0.0 ], [ 69.65935054, 27.73325599, 0.0 ], [ 69.65334579, 27.73865463, 0.0 ], [ 69.64455563, 27.74853922, 0.0 ], [ 69.64631259, 27.7541648, 0.0 ], [ 69.64840887, 27.76697572, 0.0 ], [ 69.65109741, 27.76943245, 0.0 ], [ 69.6519842, 27.77288383, 0.0 ], [ 69.65305151, 27.77497838, 0.0 ], [ 69.65303758, 27.77732731, 0.0 ], [ 69.65498437, 27.77989305, 0.0 ], [ 69.6564968, 27.78389595, 0.0 ], [ 69.65648666, 27.78467507, 0.0 ], [ 69.65512147, 27.78771616, 0.0 ], [ 69.65616467, 27.79309414, 0.0 ], [ 69.65310287, 27.79847948, 0.0 ], [ 69.65205535, 27.79973887, 0.0 ], [ 69.64456713, 27.79994567, 0.0 ], [ 69.64040072, 27.800773, 0.0 ], [ 69.62892954, 27.80756741, 0.0 ] ] } },
{ "type": "Feature", "properties": { "name": "Gaji Minor", "descriptio": "Unknown Line Type<BR><BR><B>NAME</B> = Merankhori Minor<BR><BR><B>TYPE</B> = Minor<BR><BR><B>NAME</B> = Gaji Minor<BR><B>LAYER</B> = Unknown Line Type<BR><BR><B>NAME</B> = Gaji Minor<BR><BR><B>TYPE</B> = Minor<BR><B>GM_TYPE</B> = Unknown Line Type" }, "geometry": { "type": "LineString", "coordinates": [ [ 69.63335966, 27.87011312, 0.0 ], [ 69.63092588, 27.86921777, 0.0 ], [ 69.61025749, 27.85513637, 0.0 ], [ 69.57641079, 27.83276914, 0.0 ], [ 69.5350998, 27.81768911, 0.0 ] ] } },
{ "type": "Feature", "properties": { "name": "Jhanghan Minor", "descriptio": "Unknown Line Type<BR><BR><B>NAME</B> = Merankhori Minor<BR><BR><B>TYPE</B> = Minor<BR><BR><B>NAME</B> = Jhanghan Minor<BR><B>LAYER</B> = Unknown Line Type<BR><BR><B>NAME</B> = Jhanghan Minor<BR><BR><B>TYPE</B> = Minor<BR><B>GM_TYPE</B> = Unknown Line Typ" }, "geometry": { "type": "LineString", "coordinates": [ [ 69.6163365, 27.91592003, 0.0 ], [ 69.60995946, 27.91132818, 0.0 ], [ 69.60708224, 27.90649711, 0.0 ], [ 69.60686011, 27.90553581, 0.0 ] ] } },
{ "type": "Feature", "properties": { "name": "Jado Minor", "descriptio": "Unknown Line Type<BR><BR><B>NAME</B> = Merankhori Minor<BR><BR><B>TYPE</B> = Minor<BR><BR><B>NAME</B> = Jado Minor<BR><B>LAYER</B> = Unknown Line Type<BR><BR><B>NAME</B> = Jado Minor<BR><BR><B>TYPE</B> = Minor<BR><B>GM_TYPE</B> = Unknown Line Type" }, "geometry": { "type": "LineString", "coordinates": [ [ 69.61515009, 27.90965538, 0.0 ], [ 69.61633839, 27.91591433, 0.0 ], [ 69.63731976, 27.9463831, 0.0 ], [ 69.64611155, 27.94984633, 0.0 ], [ 69.65232306, 27.95111955, 0.0 ] ] } },
{ "type": "Feature", "properties": { "name": "Tig Minor", "descriptio": "Unknown Line Type<BR><BR><B>NAME</B> = Merankhori Minor<BR><BR><B>TYPE</B> = Minor<BR><BR><B>NAME</B> = Tig Minor<BR><B>LAYER</B> = Unknown Line Type<BR><BR><B>NAME</B> = Tig Minor<BR><BR><B>TYPE</B> = Minor<BR><B>GM_TYPE</B> = Unknown Line Type" }, "geometry": { "type": "LineString", "coordinates": [ [ 69.69789965, 28.16019506, 0.0 ], [ 69.67288899, 28.16357801, 0.0 ], [ 69.67012518, 28.16332569, 0.0 ], [ 69.66808099, 28.16291024, 0.0 ], [ 69.66137316, 28.15818549, 0.0 ], [ 69.65575602, 28.15278861, 0.0 ], [ 69.65034813, 28.1421793, 0.0 ], [ 69.6480899, 28.13434578, 0.0 ], [ 69.6442975, 28.12653242, 0.0 ], [ 69.63844136, 28.11059281, 0.0 ], [ 69.63432135, 28.09882038, 0.0 ], [ 69.63193219, 28.08315466, 0.0 ], [ 69.63116855, 28.08187887, 0.0 ], [ 69.62966384, 28.08078563, 0.0 ] ] } },
{ "type": "Feature", "properties": { "name": "Kalwali Minor", "descriptio": "Unknown Line Type<BR><BR><B>NAME</B> = Merankhori Minor<BR><BR><B>TYPE</B> = Minor<BR><BR><B>NAME</B> = Kalwali Minor<BR><B>LAYER</B> = Unknown Line Type<BR><BR><B>NAME</B> = Kalwali Minor<BR><BR><B>TYPE</B> = Minor<BR><B>GM_TYPE</B> = Unknown Line Type" }, "geometry": { "type": "LineString", "coordinates": [ [ 69.69789965, 28.16019506, 0.0 ], [ 69.69818432, 28.15999416, 0.0 ], [ 69.69814526, 28.15931921, 0.0 ], [ 69.6968207, 28.15720303, 0.0 ], [ 69.67362724, 28.12398205, 0.0 ] ] } },
{ "type": "Feature", "properties": { "name": "Sher Ali Minor", "descriptio": "Unknown Line Type<BR><BR><B>NAME</B> = Merankhori Minor<BR><BR><B>TYPE</B> = Minor<BR><BR><B>NAME</B> = Sher Ali Minor<BR><B>LAYER</B> = Unknown Line Type<BR><BR><B>NAME</B> = Sher Ali Minor<BR><BR><B>TYPE</B> = Minor<BR><B>GM_TYPE</B> = Unknown Line Typ" }, "geometry": { "type": "LineString", "coordinates": [ [ 69.4952127, 27.92797142, 0.0 ], [ 69.47969008, 27.91977689, 0.0 ], [ 69.4633172, 27.90474353, 0.0 ], [ 69.46200303, 27.90022395, 0.0 ], [ 69.45802067, 27.89410031, 0.0 ], [ 69.45680645, 27.89326822, 0.0 ], [ 69.4546166, 27.89024716, 0.0 ] ] } },
{ "type": "Feature", "properties": { "name": "Saidpur Minor", "descriptio": "Unknown Line Type<BR><BR><B>NAME</B> = Merankhori Minor<BR><BR><B>TYPE</B> = Minor<BR><BR><B>NAME</B> = Saidpur Minor<BR><B>LAYER</B> = Unknown Line Type<BR><BR><B>NAME</B> = Saidpur Minor<BR><BR><B>TYPE</B> = Minor<BR><B>GM_TYPE</B> = Unknown Line Type" }, "geometry": { "type": "LineString", "coordinates": [ [ 69.64261963, 28.12211273, 0.0 ], [ 69.61900463, 28.1124047, 0.0 ], [ 69.60562094, 28.09372161, 0.0 ], [ 69.60488045, 28.09252211, 0.0 ], [ 69.6032421, 28.08820605, 0.0 ], [ 69.59868799, 28.07490435, 0.0 ], [ 69.59899145, 28.0700922, 0.0 ], [ 69.59870647, 28.065355, 0.0 ], [ 69.59875561, 28.05540163, 0.0 ] ] } },
{ "type": "Feature", "properties": { "name": "Dilwaro Minor", "descriptio": "Unknown Line Type<BR><BR><B>NAME</B> = Merankhori Minor<BR><BR><B>TYPE</B> = Minor<BR><BR><B>NAME</B> = Dilwaro Minor<BR><B>LAYER</B> = Unknown Line Type<BR><BR><B>NAME</B> = Dilwaro Minor<BR><BR><B>TYPE</B> = Minor<BR><B>GM_TYPE</B> = Unknown Line Type" }, "geometry": { "type": "LineString", "coordinates": [ [ 69.77933732, 28.26708019, 0.0 ], [ 69.7597357, 28.26212043, 0.0 ], [ 69.75424018, 28.26011536, 0.0 ], [ 69.73196948, 28.25426597, 0.0 ], [ 69.6895619, 28.24373646, 0.0 ], [ 69.67964193, 28.23876321, 0.0 ], [ 69.66788497, 28.21817813, 0.0 ] ] } },
{ "type": "Feature", "properties": { "name": "Bori Minor", "descriptio": "Unknown Line Type<BR><BR><B>NAME</B> = Merankhori Minor<BR><BR><B>TYPE</B> = Minor<BR><BR><B>NAME</B> = Bori Minor<BR><B>LAYER</B> = Unknown Line Type<BR><BR><B>NAME</B> = Bori Minor<BR><BR><B>TYPE</B> = Minor<BR><B>GM_TYPE</B> = Unknown Line Type" }, "geometry": { "type": "LineString", "coordinates": [ [ 69.77675265, 28.26193669, 0.0 ], [ 69.77671408, 28.2614984, 0.0 ], [ 69.7629387, 28.2513329, 0.0 ], [ 69.75754484, 28.24634878, 0.0 ], [ 69.75514467, 28.24319312, 0.0 ], [ 69.75014132, 28.23524273, 0.0 ], [ 69.73535442, 28.2143942, 0.0 ] ] } },
{ "type": "Feature", "properties": { "name": "Gaji Minor Lower", "descriptio": "Unknown Line Type<BR><BR><B>NAME</B> = Merankhori Minor<BR><BR><B>TYPE</B> = Minor<BR><BR><B>NAME</B> = Gaji Minor Lower<BR><B>LAYER</B> = Unknown Line Type<BR><BR><B>NAME</B> = Gaji Minor Lower<BR><BR><B>TYPE</B> = Minor<BR><B>GM_TYPE</B> = Unknown Line" }, "geometry": { "type": "LineString", "coordinates": [ [ 69.43001031, 27.73732238, 0.0 ], [ 69.43392586, 27.75094204, 0.0 ], [ 69.43719424, 27.7607594, 0.0 ], [ 69.43927023, 27.77054859, 0.0 ], [ 69.44024069, 27.77317421, 0.0 ], [ 69.4501903, 27.78706992, 0.0 ], [ 69.45280261, 27.79017015, 0.0 ], [ 69.4550763, 27.79204027, 0.0 ], [ 69.45969372, 27.79410746, 0.0 ], [ 69.50920725, 27.8073992, 0.0 ] ] } },
{ "type": "Feature", "properties": { "name": "Chatto Minor", "descriptio": "Unknown Line Type<BR><BR><B>NAME</B> = Merankhori Minor<BR><BR><B>TYPE</B> = Minor<BR><BR><B>NAME</B> = Chatto Minor<BR><B>LAYER</B> = Unknown Line Type<BR><BR><B>NAME</B> = Chatto Minor<BR><BR><B>TYPE</B> = Minor<BR><B>GM_TYPE</B> = Unknown Line Type" }, "geometry": { "type": "LineString", "coordinates": [ [ 69.73056835, 28.206297, 0.0 ], [ 69.72962895, 28.20623063, 0.0 ], [ 69.70830659, 28.17586231, 0.0 ] ] } },
{ "type": "Feature", "properties": { "name": "Langho Minor", "descriptio": "Unknown Line Type<BR><BR><B>NAME</B> = Merankhori Minor<BR><BR><B>TYPE</B> = Minor<BR><BR><B>NAME</B> = Langho Minor<BR><B>LAYER</B> = Unknown Line Type<BR><BR><B>NAME</B> = Langho Minor<BR><BR><B>TYPE</B> = Minor<BR><B>GM_TYPE</B> = Unknown Line Type" }, "geometry": { "type": "LineString", "coordinates": [ [ 69.73056835, 28.206297, 0.0 ], [ 69.7307925, 28.20568862, 0.0 ], [ 69.71462245, 28.18196773, 0.0 ] ] } },
{ "type": "Feature", "properties": { "name": "Dub Minor I", "descriptio": "Unknown Line Type<BR><BR><B>NAME</B> = Merankhori Minor<BR><BR><B>TYPE</B> = Minor<BR><BR><B>NAME</B> = Dub Minor I<BR><B>LAYER</B> = Unknown Line Type<BR><BR><B>NAME</B> = Dub Minor I<BR><BR><B>TYPE</B> = Minor<BR><B>GM_TYPE</B> = Unknown Line Type" }, "geometry": { "type": "LineString", "coordinates": [ [ 69.73054974, 28.20642624, 0.0 ], [ 69.73003583, 28.20660768, 0.0 ], [ 69.71294568, 28.20518984, 0.0 ], [ 69.70972656, 28.20316642, 0.0 ], [ 69.66200393, 28.19643147, 0.0 ] ] } },
{ "type": "Feature", "properties": { "name": "Dub Minor II", "descriptio": "Unknown Line Type<BR><BR><B>NAME</B> = Merankhori Minor<BR><BR><B>TYPE</B> = Minor<BR><BR><B>NAME</B> = Dub Minor II<BR><B>LAYER</B> = Unknown Line Type<BR><BR><B>NAME</B> = Dub Minor II<BR><BR><B>TYPE</B> = Minor<BR><B>GM_TYPE</B> = Unknown Line Type" }, "geometry": { "type": "LineString", "coordinates": [ [ 69.6609931, 28.19889509, 0.0 ], [ 69.66030848, 28.19645347, 0.0 ], [ 69.64615421, 28.18055463, 0.0 ], [ 69.6462353, 28.17938453, 0.0 ], [ 69.6488441, 28.17399155, 0.0 ], [ 69.64970427, 28.17152222, 0.0 ], [ 69.64517161, 28.16816165, 0.0 ], [ 69.63800874, 28.16553809, 0.0 ] ] } },
{ "type": "Feature", "properties": { "name": "Kandi Minor", "descriptio": "Unknown Line Type<BR><BR><B>NAME</B> = Merankhori Minor<BR><BR><B>TYPE</B> = Minor<BR><BR><B>NAME</B> = Kandi Minor<BR><B>LAYER</B> = Unknown Line Type<BR><BR><B>NAME</B> = Kandi Minor<BR><BR><B>TYPE</B> = Minor<BR><B>GM_TYPE</B> = Unknown Line Type" }, "geometry": { "type": "LineString", "coordinates": [ [ 69.50920725, 27.8073992, 0.0 ], [ 69.49751756, 27.78562284, 0.0 ], [ 69.49656172, 27.78527221, 0.0 ], [ 69.4846658, 27.78593675, 0.0 ], [ 69.48342014, 27.78535644, 0.0 ], [ 69.47552815, 27.76270453, 0.0 ] ] } },
{ "type": "Feature", "properties": { "name": "Masu Minor", "descriptio": "Unknown Line Type<BR><BR><B>NAME</B> = Merankhori Minor<BR><BR><B>TYPE</B> = Minor<BR><BR><B>NAME</B> = Masu Minor<BR><B>LAYER</B> = Unknown Line Type<BR><BR><B>NAME</B> = Masu Minor<BR><BR><B>TYPE</B> = Minor<BR><B>GM_TYPE</B> = Unknown Line Type" }, "geometry": { "type": "LineString", "coordinates": [ [ 69.57419885, 28.05426664, 0.0 ], [ 69.57383927, 28.05097135, 0.0 ], [ 69.57037326, 28.04467468, 0.0 ], [ 69.56944779, 28.04203018, 0.0 ], [ 69.56461908, 28.03563241, 0.0 ], [ 69.5597179, 28.03132788, 0.0 ], [ 69.55887537, 28.02966318, 0.0 ], [ 69.55606961, 28.02709508, 0.0 ], [ 69.55206009, 28.02238629, 0.0 ], [ 69.55031221, 28.02219303, 0.0 ], [ 69.54947847, 28.0206952, 0.0 ], [ 69.54344736, 28.01925223, 0.0 ], [ 69.54163187, 28.0182076, 0.0 ], [ 69.54078483, 28.01732511, 0.0 ], [ 69.54058413, 28.01464099, 0.0 ], [ 69.54197372, 28.01262163, 0.0 ], [ 69.5429291, 28.01020975, 0.0 ], [ 69.54251011, 28.0075542, 0.0 ], [ 69.54280942, 28.00500646, 0.0 ], [ 69.54444189, 28.00135228, 0.0 ], [ 69.5463054, 27.99960103, 0.0 ], [ 69.54731396, 27.99538973, 0.0 ], [ 69.54739888, 27.99367324, 0.0 ], [ 69.54435937, 27.99113883, 0.0 ], [ 69.53753225, 27.98832499, 0.0 ], [ 69.53596944, 27.98777748, 0.0 ], [ 69.53322356, 27.98776045, 0.0 ], [ 69.52828765, 27.98653392, 0.0 ], [ 69.52725199, 27.98529232, 0.0 ], [ 69.52200158, 27.98351316, 0.0 ], [ 69.51612952, 27.97972556, 0.0 ], [ 69.5150347, 27.97912073, 0.0 ], [ 69.51369204, 27.97890427, 0.0 ] ] } },
{ "type": "Feature", "properties": { "name": "Mirpur Forest Minor", "descriptio": "Unknown Line Type<BR><BR><B>NAME</B> = Merankhori Minor<BR><BR><B>TYPE</B> = Minor<BR><BR><B>NAME</B> = Mirpur Forest Minor<BR><B>LAYER</B> = Unknown Line Type<BR><BR><B>NAME</B> = Mirpur Forest Minor<BR><BR><B>TYPE</B> = Minor<BR><B>GM_TYPE</B> = Unknow" }, "geometry": { "type": "LineString", "coordinates": [ [ 69.59836677, 28.12139499, 0.0 ], [ 69.59384305, 28.11831131, 0.0 ], [ 69.59212869, 28.11773011, 0.0 ], [ 69.57830881, 28.11790046, 0.0 ], [ 69.5746274, 28.11764789, 0.0 ], [ 69.57161211, 28.11658895, 0.0 ], [ 69.57160891, 28.11310439, 0.0 ], [ 69.5703155, 28.11042464, 0.0 ], [ 69.57073441, 28.10914269, 0.0 ], [ 69.57073957, 28.1030428, 0.0 ], [ 69.54126951, 28.05620623, 0.0 ], [ 69.54284326, 28.04887014, 0.0 ] ] } },
{ "type": "Feature", "properties": { "name": "Chandio Minor", "descriptio": "Unknown Line Type<BR><BR><B>NAME</B> = Merankhori Minor<BR><BR><B>TYPE</B> = Minor<BR><BR><B>NAME</B> = Chandio Minor<BR><B>LAYER</B> = Unknown Line Type<BR><BR><B>NAME</B> = Chandio Minor<BR><BR><B>TYPE</B> = Minor<BR><B>GM_TYPE</B> = Unknown Line Type" }, "geometry": { "type": "LineString", "coordinates": [ [ 69.59287426, 28.01717571, 0.0 ], [ 69.5848787, 28.01868378, 0.0 ], [ 69.57995199, 28.01699024, 0.0 ], [ 69.57727247, 28.01694132, 0.0 ], [ 69.57501681, 28.01743335, 0.0 ], [ 69.56557903, 28.02073909, 0.0 ], [ 69.56396663, 28.02090041, 0.0 ], [ 69.56147972, 28.02058189, 0.0 ], [ 69.55570459, 28.01909987, 0.0 ], [ 69.55132265, 28.01588939, 0.0 ] ] } },
{ "type": "Feature", "properties": { "name": "Jarwar Minor", "descriptio": "Unknown Line Type<BR><BR><B>NAME</B> = Merankhori Minor<BR><BR><B>TYPE</B> = Minor<BR><BR><B>NAME</B> = Jarwar Minor<BR><B>LAYER</B> = Unknown Line Type<BR><BR><B>NAME</B> = Jarwar Minor<BR><BR><B>TYPE</B> = Minor<BR><B>GM_TYPE</B> = Unknown Line Type" }, "geometry": { "type": "LineString", "coordinates": [ [ 69.54814607, 27.99352667, 0.0 ], [ 69.54825366, 27.99228374, 0.0 ], [ 69.54685753, 27.98882911, 0.0 ], [ 69.54617006, 27.9613242, 0.0 ], [ 69.54613415, 27.95818616, 0.0 ], [ 69.54863187, 27.94987477, 0.0 ], [ 69.54723723, 27.93957081, 0.0 ], [ 69.54035051, 27.93388715, 0.0 ], [ 69.5360088, 27.92913333, 0.0 ], [ 69.53066477, 27.92426364, 0.0 ], [ 69.52475855, 27.91730272, 0.0 ], [ 69.52273356, 27.91249891, 0.0 ], [ 69.51890541, 27.90929584, 0.0 ], [ 69.5175323, 27.90593571, 0.0 ], [ 69.51395049, 27.90011908, 0.0 ], [ 69.51094963, 27.89732317, 0.0 ], [ 69.5091596, 27.8945349, 0.0 ], [ 69.50507031, 27.89020755, 0.0 ], [ 69.5019339, 27.88530557, 0.0 ], [ 69.50095154, 27.88217173, 0.0 ], [ 69.50031411, 27.87970983, 0.0 ], [ 69.49988033, 27.87047279, 0.0 ] ] } },
{ "type": "Feature", "properties": { "name": "Mirpur Minor", "descriptio": "Unknown Line Type<BR><BR><B>NAME</B> = Merankhori Minor<BR><BR><B>TYPE</B> = Minor<BR><BR><B>NAME</B> = Mirpur Minor<BR><B>LAYER</B> = Unknown Line Type<BR><BR><B>NAME</B> = Mirpur Minor<BR><BR><B>TYPE</B> = Minor<BR><B>GM_TYPE</B> = Unknown Line Type" }, "geometry": { "type": "LineString", "coordinates": [ [ 69.57486045, 28.06731204, 0.0 ], [ 69.56778112, 28.06009477, 0.0 ], [ 69.55453412, 28.04470137, 0.0 ], [ 69.54597419, 28.03557745, 0.0 ], [ 69.53737584, 28.01913287, 0.0 ], [ 69.52257548, 28.01248095, 0.0 ], [ 69.51867835, 27.99670893, 0.0 ], [ 69.49189024, 27.97745579, 0.0 ], [ 69.49033894, 27.95789318, 0.0 ], [ 69.47944222, 27.94338614, 0.0 ], [ 69.46502992, 27.91976064, 0.0 ] ] } },
{ "type": "Feature", "properties": { "name": "Lath Waro Minor", "descriptio": "Unknown Line Type<BR><BR><B>NAME</B> = Merankhori Minor<BR><BR><B>TYPE</B> = Minor<BR><BR><B>NAME</B> = Lath Waro Minor<BR><B>LAYER</B> = Unknown Line Type<BR><BR><B>NAME</B> = Lath Waro Minor<BR><BR><B>TYPE</B> = Minor<BR><B>GM_TYPE</B> = Unknown Line T" }, "geometry": { "type": "LineString", "coordinates": [ [ 69.3264698, 27.77054518, 0.0 ], [ 69.30507194, 27.77752298, 0.0 ], [ 69.30309283, 27.77776201, 0.0 ], [ 69.30144234, 27.77753095, 0.0 ], [ 69.25718174, 27.75663741, 0.0 ], [ 69.20395456, 27.74424028, 0.0 ], [ 69.20227062, 27.74336274, 0.0 ], [ 69.18706413, 27.73268688, 0.0 ], [ 69.15868659, 27.70577127, 0.0 ], [ 69.15429741, 27.68182146, 0.0 ] ] } },
{ "type": "Feature", "properties": { "name": "Mubarakpur Minor", "descriptio": "Unknown Line Type<BR><BR><B>NAME</B> = Merankhori Minor<BR><BR><B>TYPE</B> = Minor<BR><BR><B>NAME</B> = Mubarakpur Minor<BR><B>LAYER</B> = Unknown Line Type<BR><BR><B>NAME</B> = Mubarakpur Minor<BR><BR><B>TYPE</B> = Minor<BR><B>GM_TYPE</B> = Unknown Line" }, "geometry": { "type": "LineString", "coordinates": [ [ 69.26328793, 27.72231427, 0.0 ], [ 69.27043511, 27.69176147, 0.0 ], [ 69.27090278, 27.68807577, 0.0 ], [ 69.26678461, 27.67842036, 0.0 ], [ 69.26516935, 27.67301274, 0.0 ], [ 69.26037975, 27.66562344, 0.0 ], [ 69.25387355, 27.65412104, 0.0 ], [ 69.25026911, 27.63239175, 0.0 ], [ 69.24974968, 27.62765526, 0.0 ], [ 69.24989046, 27.62531496, 0.0 ], [ 69.24893679, 27.62204117, 0.0 ], [ 69.21464352, 27.60575765, 0.0 ], [ 69.20926386, 27.60308724, 0.0 ], [ 69.20845463, 27.60236575, 0.0 ], [ 69.20224138, 27.58895894, 0.0 ], [ 69.19990279, 27.58732962, 0.0 ], [ 69.19172731, 27.57620092, 0.0 ], [ 69.19215264, 27.57453703, 0.0 ], [ 69.19071213, 27.56774569, 0.0 ], [ 69.1901867, 27.56265556, 0.0 ], [ 69.190251, 27.55843103, 0.0 ], [ 69.17913653, 27.54965934, 0.0 ], [ 69.17841874, 27.54862029, 0.0 ], [ 69.17813142, 27.54451733, 0.0 ], [ 69.17818614, 27.52382054, 0.0 ], [ 69.17868281, 27.51788022, 0.0 ] ] } },
{ "type": "Feature", "properties": { "name": "Mahar Minor", "descriptio": "Unknown Line Type<BR><BR><B>NAME</B> = Merankhori Minor<BR><BR><B>TYPE</B> = Minor<BR><BR><B>NAME</B> = Mahar Minor<BR><B>LAYER</B> = Unknown Line Type<BR><BR><B>NAME</B> = Mahar Minor<BR><BR><B>TYPE</B> = Minor<BR><B>GM_TYPE</B> = Unknown Line Type" }, "geometry": { "type": "LineString", "coordinates": [ [ 69.3153735, 27.70073265, 0.0 ], [ 69.3156999, 27.69982121, 0.0 ], [ 69.3136951, 27.66821192, 0.0 ], [ 69.31063781, 27.65835836, 0.0 ], [ 69.30507343, 27.64246285, 0.0 ], [ 69.30161496, 27.63325636, 0.0 ], [ 69.30034253, 27.63119103, 0.0 ], [ 69.298431, 27.61830006, 0.0 ], [ 69.29690587, 27.61562544, 0.0 ], [ 69.29697758, 27.61361233, 0.0 ] ] } },
{ "type": "Feature", "properties": { "name": "Rawanti Minor", "descriptio": "Unknown Line Type<BR><BR><B>NAME</B> = Merankhori Minor<BR><BR><B>TYPE</B> = Minor<BR><BR><B>NAME</B> = Rawanti Minor<BR><B>LAYER</B> = Unknown Line Type<BR><BR><B>NAME</B> = Rawanti Minor<BR><BR><B>TYPE</B> = Minor<BR><B>GM_TYPE</B> = Unknown Line Type" }, "geometry": { "type": "LineString", "coordinates": [ [ 69.61732872, 28.17335821, 0.0 ], [ 69.60254403, 28.18511417, 0.0 ], [ 69.59961686, 28.18603989, 0.0 ], [ 69.59645465, 28.18582781, 0.0 ], [ 69.57335652, 28.17452597, 0.0 ], [ 69.56561447, 28.15691087, 0.0 ], [ 69.56401342, 28.15414734, 0.0 ], [ 69.54298169, 28.14572711, 0.0 ], [ 69.52970525, 28.14387984, 0.0 ], [ 69.52758994, 28.14323396, 0.0 ] ] } },
{ "type": "Feature", "properties": { "name": "Tibi Minor", "descriptio": "Unknown Line Type<BR><BR><B>NAME</B> = Merankhori Minor<BR><BR><B>TYPE</B> = Minor<BR><BR><B>NAME</B> = Tibi Minor<BR><B>LAYER</B> = Unknown Line Type<BR><BR><B>NAME</B> = Tibi Minor<BR><BR><B>TYPE</B> = Minor<BR><B>GM_TYPE</B> = Unknown Line Type" }, "geometry": { "type": "LineString", "coordinates": [ [ 69.22439231, 28.05604643, 0.0 ], [ 69.21582747, 28.03596744, 0.0 ], [ 69.21521669, 28.03392117, 0.0 ] ] } },
{ "type": "Feature", "properties": { "name": "Makhi Minor", "descriptio": "Unknown Line Type<BR><BR><B>NAME</B> = Merankhori Minor<BR><BR><B>TYPE</B> = Minor<BR><BR><B>NAME</B> = Makhi Minor<BR><B>LAYER</B> = Unknown Line Type<BR><BR><B>NAME</B> = Makhi Minor<BR><BR><B>TYPE</B> = Minor<BR><B>GM_TYPE</B> = Unknown Line Type" }, "geometry": { "type": "LineString", "coordinates": [ [ 69.41809855, 27.84639071, 0.0 ], [ 69.41580329, 27.84167829, 0.0 ], [ 69.41518689, 27.83231578, 0.0 ], [ 69.41532264, 27.82772146, 0.0 ], [ 69.41618391, 27.81869981, 0.0 ], [ 69.41627092, 27.81299855, 0.0 ], [ 69.41568135, 27.81000383, 0.0 ], [ 69.4137857, 27.80610578, 0.0 ], [ 69.40868889, 27.799683, 0.0 ], [ 69.4070027, 27.79803495, 0.0 ], [ 69.39712168, 27.79064619, 0.0 ], [ 69.39041516, 27.78216686, 0.0 ], [ 69.38242942, 27.77505876, 0.0 ], [ 69.37659041, 27.77176292, 0.0 ], [ 69.3733817, 27.76683062, 0.0 ], [ 69.37107466, 27.76189248, 0.0 ], [ 69.36940498, 27.75926805, 0.0 ], [ 69.36505655, 27.75518961, 0.0 ], [ 69.35698808, 27.74253454, 0.0 ], [ 69.35199985, 27.73762796, 0.0 ], [ 69.35160768, 27.73646554, 0.0 ], [ 69.35014973, 27.7344334, 0.0 ], [ 69.34891353, 27.73140081, 0.0 ], [ 69.34542562, 27.72753654, 0.0 ], [ 69.34485605, 27.72438617, 0.0 ], [ 69.33991995, 27.71704431, 0.0 ], [ 69.33769583, 27.71475315, 0.0 ], [ 69.33669738, 27.7123893, 0.0 ], [ 69.33519955, 27.71142366, 0.0 ], [ 69.33373361, 27.70968731, 0.0 ], [ 69.33182626, 27.70855519, 0.0 ], [ 69.32551143, 27.70754946, 0.0 ], [ 69.32122495, 27.70442771, 0.0 ], [ 69.31509607, 27.70058138, 0.0 ], [ 69.31214239, 27.69824507, 0.0 ], [ 69.308072, 27.69387162, 0.0 ], [ 69.30666967, 27.69316937, 0.0 ] ] } },
{ "type": "Feature", "properties": { "name": "Bandh Minor", "descriptio": "Unknown Line Type<BR><BR><B>NAME</B> = Merankhori Minor<BR><BR><B>TYPE</B> = Minor<BR><BR><B>NAME</B> = Bandh Minor<BR><B>LAYER</B> = Unknown Line Type<BR><BR><B>NAME</B> = Bandh Minor<BR><BR><B>TYPE</B> = Minor<BR><B>GM_TYPE</B> = Unknown Line Type" }, "geometry": { "type": "LineString", "coordinates": [ [ 69.47719612, 28.10630714, 0.0 ], [ 69.47602218, 28.10607133, 0.0 ], [ 69.46494291, 28.10848647, 0.0 ], [ 69.46201601, 28.1087867, 0.0 ], [ 69.45827595, 28.108372, 0.0 ], [ 69.42352998, 28.09164089, 0.0 ], [ 69.38985479, 28.07775295, 0.0 ], [ 69.38841574, 28.07689151, 0.0 ], [ 69.37961231, 28.05614414, 0.0 ], [ 69.38488579, 28.03192914, 0.0 ], [ 69.38676584, 28.02785092, 0.0 ], [ 69.39606071, 28.01056516, 0.0 ], [ 69.39413888, 28.00513157, 0.0 ], [ 69.37494804, 27.95627059, 0.0 ], [ 69.37421241, 27.95551058, 0.0 ], [ 69.3635404, 27.94868987, 0.0 ], [ 69.36305676, 27.94809638, 0.0 ], [ 69.35115632, 27.94317291, 0.0 ], [ 69.33660982, 27.92214201, 0.0 ], [ 69.33125068, 27.9183681, 0.0 ], [ 69.32875226, 27.91605092, 0.0 ], [ 69.32649283, 27.91163588, 0.0 ], [ 69.32539212, 27.90758694, 0.0 ] ] } },
{ "type": "Feature", "properties": { "name": "Mithri Minor", "descriptio": "Unknown Line Type<BR><BR><B>NAME</B> = Merankhori Minor<BR><BR><B>TYPE</B> = Minor<BR><BR><B>NAME</B> = Mithri Minor<BR><B>LAYER</B> = Unknown Line Type<BR><BR><B>NAME</B> = Mithri Minor<BR><BR><B>TYPE</B> = Minor<BR><B>GM_TYPE</B> = Unknown Line Type" }, "geometry": { "type": "LineString", "coordinates": [ [ 69.4236047, 27.9303484, 0.0 ], [ 69.42496051, 27.92891622, 0.0 ], [ 69.42520378, 27.92781699, 0.0 ], [ 69.41491682, 27.90972601, 0.0 ], [ 69.40287223, 27.88956998, 0.0 ], [ 69.37658733, 27.86985072, 0.0 ] ] } },
{ "type": "Feature", "properties": { "name": "Bagodraho Minor", "descriptio": "Unknown Line Type<BR><BR><B>NAME</B> = Merankhori Minor<BR><BR><B>TYPE</B> = Minor<BR><BR><B>NAME</B> = Bagodraho Minor<BR><B>LAYER</B> = Unknown Line Type<BR><BR><B>NAME</B> = Bagodraho Minor<BR><BR><B>TYPE</B> = Minor<BR><B>GM_TYPE</B> = Unknown Line T" }, "geometry": { "type": "LineString", "coordinates": [ [ 69.50208006, 28.10567066, 0.0 ], [ 69.50253511, 28.10458462, 0.0 ], [ 69.50315484, 28.07206718, 0.0 ], [ 69.50175921, 28.05483861, 0.0 ], [ 69.49510984, 28.04668889, 0.0 ], [ 69.48654199, 28.03857551, 0.0 ] ] } },
{ "type": "Feature", "properties": { "name": "Dahar Minor", "descriptio": "Unknown Line Type<BR><BR><B>NAME</B> = Merankhori Minor<BR><BR><B>TYPE</B> = Minor<BR><BR><B>NAME</B> = Dahar Minor<BR><B>LAYER</B> = Unknown Line Type<BR><BR><B>NAME</B> = Dahar Minor<BR><BR><B>TYPE</B> = Minor<BR><B>GM_TYPE</B> = Unknown Line Type" }, "geometry": { "type": "LineString", "coordinates": [ [ 69.79100198, 28.25147914, 0.0 ], [ 69.78885197, 28.2200218, 0.0 ], [ 69.78712141, 28.20976617, 0.0 ] ] } },
{ "type": "Feature", "properties": { "name": "Nasir Minor", "descriptio": "Unknown Line Type<BR><BR><B>NAME</B> = Merankhori Minor<BR><BR><B>TYPE</B> = Minor<BR><BR><B>NAME</B> = Nasir Minor<BR><B>LAYER</B> = Unknown Line Type<BR><BR><B>NAME</B> = Nasir Minor<BR><BR><B>TYPE</B> = Minor<BR><B>GM_TYPE</B> = Unknown Line Type" }, "geometry": { "type": "LineString", "coordinates": [ [ 69.8402931, 28.1340166, 0.0 ], [ 69.83826669, 28.13114515, 0.0 ], [ 69.81875338, 28.09013673, 0.0 ], [ 69.8112766, 28.0755757, 0.0 ] ] } },
{ "type": "Feature", "properties": { "name": "Reti Minor", "descriptio": "Unknown Line Type<BR><BR><B>NAME</B> = Merankhori Minor<BR><BR><B>TYPE</B> = Minor<BR><BR><B>NAME</B> = Reti Minor<BR><B>LAYER</B> = Unknown Line Type<BR><BR><B>NAME</B> = Reti Minor<BR><BR><B>TYPE</B> = Minor<BR><B>GM_TYPE</B> = Unknown Line Type" }, "geometry": { "type": "LineString", "coordinates": [ [ 69.86644147, 28.08443956, 0.0 ], [ 69.8405365, 28.05101372, 0.0 ], [ 69.82021297, 28.02412908, 0.0 ], [ 69.81958684, 28.02251672, 0.0 ], [ 69.81220342, 27.97841006, 0.0 ], [ 69.79272345, 27.9633726, 0.0 ], [ 69.78539504, 27.93767356, 0.0 ], [ 69.78491187, 27.9368989, 0.0 ] ] } },
{ "type": "Feature", "properties": { "name": "Likpur Minor", "descriptio": "Unknown Line Type<BR><BR><B>NAME</B> = Merankhori Minor<BR><BR><B>TYPE</B> = Minor<BR><BR><B>NAME</B> = Likpur Minor<BR><B>LAYER</B> = Unknown Line Type<BR><BR><B>NAME</B> = Likpur Minor<BR><BR><B>TYPE</B> = Minor<BR><B>GM_TYPE</B> = Unknown Line Type" }, "geometry": { "type": "LineString", "coordinates": [ [ 69.74663976, 28.10362033, 0.0 ], [ 69.74515207, 28.10500752, 0.0 ], [ 69.70371307, 28.11439175, 0.0 ], [ 69.69381218, 28.11452217, 0.0 ] ] } },
{ "type": "Feature", "properties": { "name": "Malir Minor", "descriptio": "Unknown Line Type<BR><BR><B>NAME</B> = Merankhori Minor<BR><BR><B>TYPE</B> = Minor<BR><BR><B>NAME</B> = Malir Minor<BR><B>LAYER</B> = Unknown Line Type<BR><BR><B>NAME</B> = Malir Minor<BR><BR><B>TYPE</B> = Minor<BR><B>GM_TYPE</B> = Unknown Line Type" }, "geometry": { "type": "LineString", "coordinates": [ [ 69.704937, 28.04433624, 0.0 ], [ 69.70620699, 28.04372883, 0.0 ], [ 69.71899666, 28.02610657, 0.0 ] ] } },
{ "type": "Feature", "properties": { "name": "Sonan Minor", "descriptio": "Unknown Line Type<BR><BR><B>NAME</B> = Merankhori Minor<BR><BR><B>TYPE</B> = Minor<BR><BR><B>NAME</B> = Sonan Minor<BR><B>LAYER</B> = Unknown Line Type<BR><BR><B>NAME</B> = Sonan Minor<BR><BR><B>TYPE</B> = Minor<BR><B>GM_TYPE</B> = Unknown Line Type" }, "geometry": { "type": "LineString", "coordinates": [ [ 69.77796932, 28.26273513, 0.0 ], [ 69.74158075, 28.14921571, 0.0 ], [ 69.73090063, 28.13484694, 0.0 ] ] } },
{ "type": "Feature", "properties": { "name": "Narli Minor", "descriptio": "Unknown Line Type<BR><BR><B>NAME</B> = Merankhori Minor<BR><BR><B>TYPE</B> = Minor<BR><BR><B>NAME</B> = Narli Minor<BR><B>LAYER</B> = Unknown Line Type<BR><BR><B>NAME</B> = Narli Minor<BR><BR><B>TYPE</B> = Minor<BR><B>GM_TYPE</B> = Unknown Line Type" }, "geometry": { "type": "LineString", "coordinates": [ [ 69.76549084, 28.10610114, 0.0 ], [ 69.77126172, 28.05269142, 0.0 ], [ 69.77319121, 28.04320222, 0.0 ], [ 69.77312242, 28.04194678, 0.0 ], [ 69.77201001, 28.0402929, 0.0 ], [ 69.75157776, 28.02662228, 0.0 ], [ 69.74160855, 28.01946068, 0.0 ], [ 69.70708681, 27.97279706, 0.0 ], [ 69.7055925, 27.95550944, 0.0 ], [ 69.70508807, 27.93765479, 0.0 ], [ 69.71057359, 27.92517683, 0.0 ], [ 69.70527859, 27.92043424, 0.0 ], [ 69.70480713, 27.91969831, 0.0 ], [ 69.705273, 27.89753312, 0.0 ], [ 69.70484845, 27.89483946, 0.0 ], [ 69.70251284, 27.89124951, 0.0 ], [ 69.67626542, 27.86048702, 0.0 ], [ 69.667735, 27.85260734, 0.0 ], [ 69.66689594, 27.85135074, 0.0 ], [ 69.66775159, 27.84869921, 0.0 ], [ 69.67618267, 27.83057891, 0.0 ], [ 69.68085681, 27.82184433, 0.0 ], [ 69.68004018, 27.81749354, 0.0 ] ] } },
{ "type": "Feature", "properties": { "name": "Shah Minor", "descriptio": "Unknown Line Type<BR><BR><B>NAME</B> = Merankhori Minor<BR><BR><B>TYPE</B> = Minor<BR><BR><B>NAME</B> = Shah Minor<BR><B>LAYER</B> = Unknown Line Type<BR><BR><B>NAME</B> = Shah Minor<BR><BR><B>TYPE</B> = Minor<BR><B>GM_TYPE</B> = Unknown Line Type" }, "geometry": { "type": "LineString", "coordinates": [ [ 69.70542618, 27.95085251, 0.0 ], [ 69.72488704, 27.94888907, 0.0 ], [ 69.72663674, 27.94831271, 0.0 ], [ 69.74216692, 27.93208754, 0.0 ], [ 69.74793195, 27.9215808, 0.0 ], [ 69.74887432, 27.92044141, 0.0 ], [ 69.75095937, 27.91869949, 0.0 ], [ 69.76256823, 27.91086761, 0.0 ], [ 69.7911916, 27.90080217, 0.0 ], [ 69.79865735, 27.89478846, 0.0 ], [ 69.82100949, 27.89530964, 0.0 ], [ 69.82231062, 27.89409496, 0.0 ], [ 69.83637628, 27.87668482, 0.0 ], [ 69.83677366, 27.87656445, 0.0 ], [ 69.83701845, 27.87509756, 0.0 ] ] } },
{ "type": "Feature", "properties": { "name": "Rind Minor", "descriptio": "Unknown Line Type<BR><BR><B>NAME</B> = Merankhori Minor<BR><BR><B>TYPE</B> = Minor<BR><BR><B>NAME</B> = Rind Minor<BR><B>LAYER</B> = Unknown Line Type<BR><BR><B>NAME</B> = Rind Minor<BR><BR><B>TYPE</B> = Minor<BR><B>GM_TYPE</B> = Unknown Line Type" }, "geometry": { "type": "LineString", "coordinates": [ [ 69.78049511, 28.16432175, 0.0 ], [ 69.78150459, 28.163919, 0.0 ], [ 69.7821493, 28.16054835, 0.0 ], [ 69.78641398, 28.14959276, 0.0 ], [ 69.79030577, 28.14455412, 0.0 ], [ 69.80823832, 28.13174742, 0.0 ], [ 69.80994713, 28.12616299, 0.0 ], [ 69.80307762, 28.11219031, 0.0 ] ] } },
{ "type": "Feature", "properties": { "name": "Chandia Minor", "descriptio": "Unknown Line Type<BR><BR><B>NAME</B> = Merankhori Minor<BR><BR><B>TYPE</B> = Minor<BR><BR><B>NAME</B> = Chandia Minor<BR><B>LAYER</B> = Unknown Line Type<BR><BR><B>NAME</B> = Chandia Minor<BR><BR><B>TYPE</B> = Minor<BR><B>GM_TYPE</B> = Unknown Line Type" }, "geometry": { "type": "LineString", "coordinates": [ [ 69.73770786, 28.38925186, 0.0 ], [ 69.73920081, 28.39003143, 0.0 ], [ 69.74031474, 28.38990851, 0.0 ], [ 69.74051918, 28.38942333, 0.0 ], [ 69.74024654, 28.38825631, 0.0 ], [ 69.74059989, 28.38743641, 0.0 ], [ 69.74751622, 28.37886288, 0.0 ], [ 69.78803792, 28.35799521, 0.0 ], [ 69.79366035, 28.34009261, 0.0 ], [ 69.79554546, 28.33930272, 0.0 ], [ 69.79762049, 28.33426692, 0.0 ], [ 69.79852636, 28.33112171, 0.0 ], [ 69.79744978, 28.32793052, 0.0 ] ] } },
{ "type": "Feature", "properties": { "name": "Hussaini Minor", "descriptio": "Unknown Line Type<BR><BR><B>NAME</B> = Merankhori Minor<BR><BR><B>TYPE</B> = Minor<BR><BR><B>NAME</B> = Hussaini Minor<BR><B>LAYER</B> = Unknown Line Type<BR><BR><B>NAME</B> = Hussaini Minor<BR><BR><B>TYPE</B> = Minor<BR><B>GM_TYPE</B> = Unknown Line Typ" }, "geometry": { "type": "LineString", "coordinates": [ [ 69.78803792, 28.35799521, 0.0 ], [ 69.80174292, 28.37224955, 0.0 ], [ 69.80893025, 28.37238532, 0.0 ] ] } },
{ "type": "Feature", "properties": { "name": "Bori Upper Minor", "descriptio": "Unknown Line Type<BR><BR><B>NAME</B> = Merankhori Minor<BR><BR><B>TYPE</B> = Minor<BR><BR><B>NAME</B> = Bori Upper Minor<BR><B>LAYER</B> = Unknown Line Type<BR><BR><B>NAME</B> = Bori Upper Minor<BR><BR><B>TYPE</B> = Minor<BR><B>GM_TYPE</B> = Unknown Line" }, "geometry": { "type": "LineString", "coordinates": [ [ 69.79053259, 28.31437509, 0.0 ], [ 69.78933906, 28.31433281, 0.0 ], [ 69.78876304, 28.3113722, 0.0 ], [ 69.78885974, 28.30922704, 0.0 ], [ 69.7896907, 28.30668037, 0.0 ], [ 69.78953239, 28.30208462, 0.0 ], [ 69.78129782, 28.2748587, 0.0 ], [ 69.78001942, 28.27191152, 0.0 ] ] } },
{ "type": "Feature", "properties": { "name": "Guhram Minor", "descriptio": "Unknown Line Type<BR><BR><B>NAME</B> = Merankhori Minor<BR><BR><B>TYPE</B> = Minor<BR><BR><B>NAME</B> = Guhram Minor<BR><B>LAYER</B> = Unknown Line Type<BR><BR><B>NAME</B> = Guhram Minor<BR><BR><B>TYPE</B> = Minor<BR><B>GM_TYPE</B> = Unknown Line Type" }, "geometry": { "type": "LineString", "coordinates": [ [ 69.79053232, 28.31439512, 0.0 ], [ 69.79265251, 28.31415171, 0.0 ], [ 69.79365641, 28.31297512, 0.0 ], [ 69.79242568, 28.30765037, 0.0 ], [ 69.8087272, 28.29069092, 0.0 ], [ 69.80916754, 28.28629479, 0.0 ], [ 69.80873216, 28.27910721, 0.0 ], [ 69.81674213, 28.27199907, 0.0 ], [ 69.81995233, 28.26837181, 0.0 ], [ 69.82379626, 28.26471232, 0.0 ], [ 69.82522291, 28.26378862, 0.0 ], [ 69.82579346, 28.26246885, 0.0 ], [ 69.82695077, 28.26100781, 0.0 ], [ 69.82998018, 28.25850127, 0.0 ], [ 69.83276319, 28.2542038, 0.0 ], [ 69.83306431, 28.25325483, 0.0 ], [ 69.83155759, 28.2491079, 0.0 ], [ 69.8324893, 28.24757717, 0.0 ], [ 69.8327685, 28.24614678, 0.0 ], [ 69.83558244, 28.24099732, 0.0 ], [ 69.83719298, 28.23950219, 0.0 ] ] } },
{ "type": "Feature", "properties": { "name": "Khambhra Minor", "descriptio": "Unknown Line Type<BR><BR><B>NAME</B> = Merankhori Minor<BR><BR><B>TYPE</B> = Minor<BR><BR><B>NAME</B> = Khambhra Minor<BR><B>LAYER</B> = Unknown Line Type<BR><BR><B>NAME</B> = Khambhra Minor<BR><BR><B>TYPE</B> = Minor<BR><B>GM_TYPE</B> = Unknown Line Typ" }, "geometry": { "type": "LineString", "coordinates": [ [ 69.80150904, 28.29819735, 0.0 ], [ 69.80182507, 28.29749131, 0.0 ], [ 69.79854838, 28.28429688, 0.0 ], [ 69.79511447, 28.26312594, 0.0 ] ] } },
{ "type": "Feature", "properties": { "name": "Qadirpur Minor I", "descriptio": "Unknown Line Type<BR><BR><B>NAME</B> = Merankhori Minor<BR><BR><B>TYPE</B> = Minor<BR><BR><B>NAME</B> = Qadirpur Minor I<BR><B>LAYER</B> = Unknown Line Type<BR><BR><B>NAME</B> = Qadirpur Minor I<BR><BR><B>TYPE</B> = Minor<BR><B>GM_TYPE</B> = Unknown Line" }, "geometry": { "type": "LineString", "coordinates": [ [ 69.31089785, 28.10656469, 0.0 ], [ 69.31345069, 28.1057273, 0.0 ], [ 69.34406665, 28.08184712, 0.0 ], [ 69.34804368, 28.07292446, 0.0 ] ] } },
{ "type": "Feature", "properties": { "name": "Qadirpur Minor II", "descriptio": "Unknown Line Type<BR><BR><B>NAME</B> = Merankhori Minor<BR><BR><B>TYPE</B> = Minor<BR><BR><B>NAME</B> = Qadirpur Minor II<BR><B>LAYER</B> = Unknown Line Type<BR><BR><B>NAME</B> = Qadirpur Minor II<BR><BR><B>TYPE</B> = Minor<BR><B>GM_TYPE</B> = Unknown Li" }, "geometry": { "type": "LineString", "coordinates": [ [ 69.33939589, 28.08534079, 0.0 ], [ 69.32737636, 28.07831629, 0.0 ], [ 69.32158605, 28.07424261, 0.0 ], [ 69.31564183, 28.07176642, 0.0 ], [ 69.31314628, 28.07031564, 0.0 ], [ 69.30799454, 28.06680372, 0.0 ], [ 69.30425077, 28.06382145, 0.0 ], [ 69.28102252, 28.05040599, 0.0 ], [ 69.25273301, 28.05511217, 0.0 ], [ 69.23880557, 28.05774677, 0.0 ], [ 69.21198075, 28.05454908, 0.0 ] ] } },
{ "type": "Feature", "properties": { "name": "Barri Minor", "descriptio": "Unknown Line Type<BR><BR><B>NAME</B> = Merankhori Minor<BR><BR><B>TYPE</B> = Minor<BR><BR><B>NAME</B> = Barri Minor<BR><B>LAYER</B> = Unknown Line Type<BR><BR><B>NAME</B> = Barri Minor<BR><BR><B>TYPE</B> = Minor<BR><B>GM_TYPE</B> = Unknown Line Type" }, "geometry": { "type": "LineString", "coordinates": [ [ 69.3702225, 27.89139641, 0.0 ], [ 69.3517883, 27.89153134, 0.0 ], [ 69.34033232, 27.89124348, 0.0 ], [ 69.30231811, 27.87173872, 0.0 ], [ 69.29133311, 27.86345125, 0.0 ] ] } },
{ "type": "Feature", "properties": { "name": "Bakro Minor", "descriptio": "Unknown Line Type<BR><BR><B>NAME</B> = Merankhori Minor<BR><BR><B>TYPE</B> = Minor<BR><BR><B>NAME</B> = Bakro Minor<BR><B>LAYER</B> = Unknown Line Type<BR><BR><B>NAME</B> = Bakro Minor<BR><BR><B>TYPE</B> = Minor<BR><B>GM_TYPE</B> = Unknown Line Type" }, "geometry": { "type": "LineString", "coordinates": [ [ 69.64694893, 28.0576105, 0.0 ], [ 69.64442592, 28.05776298, 0.0 ], [ 69.64315312, 28.05890312, 0.0 ], [ 69.64213209, 28.05933316, 0.0 ], [ 69.63587556, 28.06160212, 0.0 ], [ 69.63054183, 28.06307272, 0.0 ], [ 69.62872401, 28.06404502, 0.0 ], [ 69.62547972, 28.06427654, 0.0 ], [ 69.6192816, 28.06569386, 0.0 ], [ 69.61637661, 28.06678435, 0.0 ], [ 69.61364093, 28.06951848, 0.0 ], [ 69.61242687, 28.06980738, 0.0 ] ] } },
{ "type": "Feature", "properties": { "name": "Pipri Minor", "descriptio": "Unknown Line Type<BR><BR><B>NAME</B> = Merankhori Minor<BR><BR><B>TYPE</B> = Minor<BR><BR><B>NAME</B> = Pipri Minor<BR><B>LAYER</B> = Unknown Line Type<BR><BR><B>NAME</B> = Pipri Minor<BR><BR><B>TYPE</B> = Minor<BR><B>GM_TYPE</B> = Unknown Line Type" }, "geometry": { "type": "LineString", "coordinates": [ [ 67.76812763, 26.71326755, 0.0 ], [ 67.75584278, 26.72207222, 0.0 ], [ 67.75319033, 26.72318501, 0.0 ], [ 67.72450885, 26.73132472, 0.0 ], [ 67.71621855, 26.73174562, 0.0 ], [ 67.70138633, 26.72454743, 0.0 ], [ 67.68702298, 26.72287905, 0.0 ] ] } },
{ "type": "Feature", "properties": { "name": "Landhi Minor", "descriptio": "Unknown Line Type<BR><BR><B>NAME</B> = Merankhori Minor<BR><BR><B>TYPE</B> = Minor<BR><BR><B>NAME</B> = Landhi Minor<BR><B>LAYER</B> = Unknown Line Type<BR><BR><B>NAME</B> = Landhi Minor<BR><BR><B>TYPE</B> = Minor<BR><B>GM_TYPE</B> = Unknown Line Type" }, "geometry": { "type": "LineString", "coordinates": [ [ 67.74118607, 26.73680787, 0.0 ], [ 67.73697175, 26.73787452, 0.0 ], [ 67.73244425, 26.73644127, 0.0 ], [ 67.73074202, 26.73630709, 0.0 ], [ 67.71911107, 26.73721755, 0.0 ], [ 67.71051969, 26.73925017, 0.0 ], [ 67.70743503, 26.73915413, 0.0 ], [ 67.69620777, 26.73445889, 0.0 ] ] } },
{ "type": "Feature", "properties": { "name": "Jagir Minor", "descriptio": "Unknown Line Type<BR><BR><B>NAME</B> = Merankhori Minor<BR><BR><B>TYPE</B> = Minor<BR><BR><B>NAME</B> = Jagir Minor<BR><B>LAYER</B> = Unknown Line Type<BR><BR><B>NAME</B> = Jagir Minor<BR><BR><B>TYPE</B> = Minor<BR><B>GM_TYPE</B> = Unknown Line Type" }, "geometry": { "type": "LineString", "coordinates": [ [ 67.78857363, 26.72041103, 0.0 ], [ 67.78229413, 26.72018524, 0.0 ], [ 67.7779677, 26.71718584, 0.0 ], [ 67.77081735, 26.714724, 0.0 ], [ 67.76485956, 26.71602994, 0.0 ], [ 67.75373321, 26.72383278, 0.0 ], [ 67.75290702, 26.72481719, 0.0 ], [ 67.7521537, 26.72662819, 0.0 ], [ 67.74875227, 26.72846828, 0.0 ], [ 67.745007, 26.73109618, 0.0 ], [ 67.74385158, 26.73271926, 0.0 ], [ 67.74258455, 26.73548726, 0.0 ], [ 67.74120469, 26.73681815, 0.0 ], [ 67.74051491, 26.73807518, 0.0 ], [ 67.73936306, 26.74371499, 0.0 ], [ 67.73579607, 26.75066051, 0.0 ], [ 67.73363671, 26.76780739, 0.0 ], [ 67.73271021, 26.77094665, 0.0 ], [ 67.73205854, 26.77245462, 0.0 ], [ 67.7278817, 26.77790499, 0.0 ] ] } },
{ "type": "Feature", "properties": { "name": "Kando Minor", "descriptio": "Unknown Line Type<BR><BR><B>NAME</B> = Merankhori Minor<BR><BR><B>TYPE</B> = Minor<BR><BR><B>NAME</B> = Kando Minor<BR><B>LAYER</B> = Unknown Line Type<BR><BR><B>NAME</B> = Kando Minor<BR><BR><B>TYPE</B> = Minor<BR><B>GM_TYPE</B> = Unknown Line Type" }, "geometry": { "type": "LineString", "coordinates": [ [ 67.67473643, 27.30536579, 0.0 ], [ 67.67209373, 27.30662577, 0.0 ], [ 67.66813767, 27.30687377, 0.0 ], [ 67.66416947, 27.30814137, 0.0 ], [ 67.6597384, 27.30877636, 0.0 ], [ 67.65453995, 27.30782889, 0.0 ], [ 67.64934605, 27.30839078, 0.0 ] ] } },
{ "type": "Feature", "properties": { "name": "Lal Minor", "descriptio": "Unknown Line Type<BR><BR><B>NAME</B> = Merankhori Minor<BR><BR><B>TYPE</B> = Minor<BR><BR><B>NAME</B> = Lal Minor<BR><B>LAYER</B> = Unknown Line Type<BR><BR><B>NAME</B> = Lal Minor<BR><BR><B>TYPE</B> = Minor<BR><B>GM_TYPE</B> = Unknown Line Type" }, "geometry": { "type": "LineString", "coordinates": [ [ 67.66902718, 27.28102267, 0.0 ], [ 67.6745961, 27.28033343, 0.0 ], [ 67.6862881, 27.28095625, 0.0 ], [ 67.68801314, 27.28186213, 0.0 ], [ 67.68877504, 27.28267286, 0.0 ], [ 67.68940093, 27.2841137, 0.0 ], [ 67.69602178, 27.3055072, 0.0 ] ] } },
{ "type": "Feature", "properties": { "name": "Bisharat Minor", "descriptio": "Unknown Line Type<BR><BR><B>NAME</B> = Merankhori Minor<BR><BR><B>TYPE</B> = Minor<BR><BR><B>NAME</B> = Bisharat Minor<BR><B>LAYER</B> = Unknown Line Type<BR><BR><B>NAME</B> = Bisharat Minor<BR><BR><B>TYPE</B> = Minor<BR><B>GM_TYPE</B> = Unknown Line Typ" }, "geometry": { "type": "LineString", "coordinates": [ [ 67.64428862, 27.29091682, 0.0 ], [ 67.63936015, 27.31483101, 0.0 ], [ 67.64329757, 27.32437158, 0.0 ], [ 67.64297946, 27.3267617, 0.0 ] ] } },
{ "type": "Feature", "properties": { "name": "Waiting Channal", "descriptio": "Unknown Line Type<BR><BR><B>NAME</B> = Merankhori Minor<BR><BR><B>TYPE</B> = Minor<BR><BR><B>NAME</B> = Waiting Channal<BR><B>LAYER</B> = Unknown Line Type<BR><BR><B>NAME</B> = Waiting Channal<BR><BR><B>TYPE</B> = Minor<BR><B>GM_TYPE</B> = Unknown Line T" }, "geometry": { "type": "LineString", "coordinates": [ [ 67.87321463, 26.9673317, 0.0 ], [ 67.88034331, 26.96070571, 0.0 ], [ 67.88087554, 26.95915236, 0.0 ], [ 67.88268229, 26.95928393, 0.0 ], [ 67.88549621, 26.95885807, 0.0 ] ] } },
{ "type": "Feature", "properties": { "name": "Baghban Minor", "descriptio": "Unknown Line Type<BR><BR><B>NAME</B> = Merankhori Minor<BR><BR><B>TYPE</B> = Minor<BR><BR><B>NAME</B> = Baghban Minor<BR><B>LAYER</B> = Unknown Line Type<BR><BR><B>NAME</B> = Baghban Minor<BR><BR><B>TYPE</B> = Minor<BR><B>GM_TYPE</B> = Unknown Line Type" }, "geometry": { "type": "LineString", "coordinates": [ [ 67.7812164, 26.85105864, 0.0 ], [ 67.77949105, 26.85152149, 0.0 ], [ 67.77784537, 26.85133362, 0.0 ], [ 67.77693051, 26.85078281, 0.0 ], [ 67.77417977, 26.84745828, 0.0 ], [ 67.77227864, 26.84624751, 0.0 ], [ 67.75312051, 26.84045499, 0.0 ], [ 67.75160595, 26.8393776, 0.0 ], [ 67.74769041, 26.83453383, 0.0 ] ] } },
{ "type": "Feature", "properties": { "name": "Pat Minor", "descriptio": "Unknown Line Type<BR><BR><B>NAME</B> = Merankhori Minor<BR><BR><B>TYPE</B> = Minor<BR><BR><B>NAME</B> = Pat Minor<BR><B>LAYER</B> = Unknown Line Type<BR><BR><B>NAME</B> = Pat Minor<BR><BR><B>TYPE</B> = Minor<BR><B>GM_TYPE</B> = Unknown Line Type" }, "geometry": { "type": "LineString", "coordinates": [ [ 67.86207405, 26.94563284, 0.0 ], [ 67.86059291, 26.94578994, 0.0 ], [ 67.85940294, 26.94396163, 0.0 ], [ 67.85279936, 26.93894825, 0.0 ], [ 67.8420713, 26.92831908, 0.0 ], [ 67.81507614, 26.91291953, 0.0 ], [ 67.81010143, 26.91075854, 0.0 ], [ 67.8079656, 26.90933739, 0.0 ] ] } },
{ "type": "Feature", "properties": { "name": "Nagia Minor", "descriptio": "Unknown Line Type<BR><BR><B>NAME</B> = Merankhori Minor<BR><BR><B>TYPE</B> = Minor<BR><BR><B>NAME</B> = Nagia Minor<BR><B>LAYER</B> = Unknown Line Type<BR><BR><B>NAME</B> = Nagia Minor<BR><BR><B>TYPE</B> = Minor<BR><B>GM_TYPE</B> = Unknown Line Type" }, "geometry": { "type": "LineString", "coordinates": [ [ 67.91876264, 27.09573982, 0.0 ], [ 67.91935574, 27.09541097, 0.0 ], [ 67.92188279, 27.08851164, 0.0 ], [ 67.92233777, 27.08419543, 0.0 ], [ 67.92267863, 27.08369431, 0.0 ] ] } },
{ "type": "Feature", "properties": { "name": "Nari Left Minor", "descriptio": "Unknown Line Type<BR><BR><B>NAME</B> = Merankhori Minor<BR><BR><B>TYPE</B> = Minor<BR><BR><B>NAME</B> = Nari Left Minor<BR><B>LAYER</B> = Unknown Line Type<BR><BR><B>NAME</B> = Nari Left Minor<BR><BR><B>TYPE</B> = Minor<BR><B>GM_TYPE</B> = Unknown Line T" }, "geometry": { "type": "LineString", "coordinates": [ [ 67.93524814, 27.11142194, 0.0 ], [ 67.94560462, 27.10280964, 0.0 ], [ 67.95317403, 27.09601146, 0.0 ] ] } },
{ "type": "Feature", "properties": { "name": "Khariro Minor", "descriptio": "Unknown Line Type<BR><BR><B>NAME</B> = Merankhori Minor<BR><BR><B>TYPE</B> = Minor<BR><BR><B>NAME</B> = Khariro Minor<BR><B>LAYER</B> = Unknown Line Type<BR><BR><B>NAME</B> = Khariro Minor<BR><BR><B>TYPE</B> = Minor<BR><B>GM_TYPE</B> = Unknown Line Type" }, "geometry": { "type": "LineString", "coordinates": [ [ 67.7159586, 26.81495626, 0.0 ], [ 67.71733981, 26.81853355, 0.0 ], [ 67.71982924, 26.82301783, 0.0 ], [ 67.73031563, 26.83338216, 0.0 ], [ 67.73154288, 26.84076658, 0.0 ], [ 67.7315393, 26.84347027, 0.0 ], [ 67.73227377, 26.84534182, 0.0 ], [ 67.73219508, 26.84888873, 0.0 ], [ 67.73188634, 26.85042519, 0.0 ], [ 67.72800728, 26.85454322, 0.0 ], [ 67.72721543, 26.85661487, 0.0 ], [ 67.72748934, 26.85810991, 0.0 ], [ 67.72872859, 26.85987906, 0.0 ], [ 67.74029377, 26.87310649, 0.0 ], [ 67.76156082, 26.88586269, 0.0 ], [ 67.78756956, 26.8928785, 0.0 ], [ 67.79118066, 26.89615247, 0.0 ], [ 67.79273774, 26.89684281, 0.0 ], [ 67.7949175, 26.8969867, 0.0 ], [ 67.79713102, 26.89635942, 0.0 ] ] } },
{ "type": "Feature", "properties": { "name": "Rukkan Minor", "descriptio": "Unknown Line Type<BR><BR><B>NAME</B> = Merankhori Minor<BR><BR><B>TYPE</B> = Minor<BR><BR><B>NAME</B> = Rukkan Minor<BR><B>LAYER</B> = Unknown Line Type<BR><BR><B>NAME</B> = Rukkan Minor<BR><BR><B>TYPE</B> = Minor<BR><B>GM_TYPE</B> = Unknown Line Type" }, "geometry": { "type": "LineString", "coordinates": [ [ 67.86207405, 26.94563284, 0.0 ], [ 67.86071573, 26.94686626, 0.0 ], [ 67.85908563, 26.94744446, 0.0 ], [ 67.85455625, 26.94700818, 0.0 ], [ 67.85266029, 26.94739234, 0.0 ], [ 67.84797514, 26.95066299, 0.0 ] ] } },
{ "type": "Feature", "properties": { "name": "Dhoro Minor", "descriptio": "Unknown Line Type<BR><BR><B>NAME</B> = Merankhori Minor<BR><BR><B>TYPE</B> = Minor<BR><BR><B>NAME</B> = Dhoro Minor<BR><B>LAYER</B> = Unknown Line Type<BR><BR><B>NAME</B> = Dhoro Minor<BR><BR><B>TYPE</B> = Minor<BR><B>GM_TYPE</B> = Unknown Line Type" }, "geometry": { "type": "LineString", "coordinates": [ [ 67.91732699, 27.02220967, 0.0 ], [ 67.91417397, 27.02138191, 0.0 ], [ 67.91242711, 27.02020519, 0.0 ], [ 67.90370643, 27.00967986, 0.0 ], [ 67.9022024, 27.00822655, 0.0 ], [ 67.89791722, 27.00527659, 0.0 ], [ 67.88807097, 27.00133258, 0.0 ] ] } },
{ "type": "Feature", "properties": { "name": "Rabi Lakhiar Minor", "descriptio": "Unknown Line Type<BR><BR><B>NAME</B> = Merankhori Minor<BR><BR><B>TYPE</B> = Minor<BR><BR><B>NAME</B> = Rabi Lakhiar Minor<BR><B>LAYER</B> = Unknown Line Type<BR><BR><B>NAME</B> = Rabi Lakhiar Minor<BR><BR><B>TYPE</B> = Minor<BR><B>GM_TYPE</B> = Unknown" }, "geometry": { "type": "LineString", "coordinates": [ [ 67.89746489, 27.06615265, 0.0 ], [ 67.90383137, 27.065769, 0.0 ], [ 67.90571316, 27.06502143, 0.0 ], [ 67.90829532, 27.06233153, 0.0 ], [ 67.90878551, 27.0598539, 0.0 ], [ 67.90942769, 27.05936779, 0.0 ], [ 67.90730235, 27.0538735, 0.0 ], [ 67.90398066, 27.03897038, 0.0 ], [ 67.91097889, 27.03297682, 0.0 ], [ 67.91793412, 27.02170321, 0.0 ], [ 67.91754106, 27.01877213, 0.0 ], [ 67.91782976, 27.01823876, 0.0 ], [ 67.91708633, 27.01690797, 0.0 ], [ 67.91557958, 27.00971005, 0.0 ], [ 67.91616804, 27.00748737, 0.0 ], [ 67.91434875, 27.0033854, 0.0 ], [ 67.91410971, 27.00203032, 0.0 ], [ 67.91503213, 27.00110705, 0.0 ], [ 67.91458549, 26.99988242, 0.0 ] ] } },
{ "type": "Feature", "properties": { "name": "Sita Minor", "descriptio": "Unknown Line Type<BR><BR><B>NAME</B> = Merankhori Minor<BR><BR><B>TYPE</B> = Minor<BR><BR><B>NAME</B> = Sita Minor<BR><B>LAYER</B> = Unknown Line Type<BR><BR><B>NAME</B> = Sita Minor<BR><BR><B>TYPE</B> = Minor<BR><B>GM_TYPE</B> = Unknown Line Type" }, "geometry": { "type": "LineString", "coordinates": [ [ 67.89747451, 27.06587401, 0.0 ], [ 67.90258688, 27.06580081, 0.0 ], [ 67.90447858, 27.06542971, 0.0 ], [ 67.90668233, 27.06404625, 0.0 ], [ 67.9081474, 27.0623395, 0.0 ], [ 67.90859061, 27.06110831, 0.0 ], [ 67.90856593, 27.05920017, 0.0 ], [ 67.90140012, 27.04401712, 0.0 ], [ 67.90130172, 27.04170044, 0.0 ], [ 67.90319766, 27.038927, 0.0 ], [ 67.91092898, 27.03238561, 0.0 ], [ 67.91757387, 27.02190514, 0.0 ], [ 67.91768066, 27.02120421, 0.0 ], [ 67.91360684, 27.00320774, 0.0 ], [ 67.91381551, 27.00078646, 0.0 ], [ 67.91353927, 26.99866011, 0.0 ], [ 67.91265955, 26.99677857, 0.0 ], [ 67.91062721, 26.98809079, 0.0 ], [ 67.90796225, 26.98251325, 0.0 ], [ 67.90596142, 26.97689063, 0.0 ], [ 67.89887373, 26.97454108, 0.0 ], [ 67.8926987, 26.95684762, 0.0 ] ] } },
{ "type": "Feature", "properties": { "name": "Rip Nari Minor", "descriptio": "Unknown Line Type<BR><BR><B>NAME</B> = Merankhori Minor<BR><BR><B>TYPE</B> = Minor<BR><BR><B>NAME</B> = Rip Nari Minor<BR><B>LAYER</B> = Unknown Line Type<BR><BR><B>NAME</B> = Rip Nari Minor<BR><BR><B>TYPE</B> = Minor<BR><B>GM_TYPE</B> = Unknown Line Typ" }, "geometry": { "type": "LineString", "coordinates": [ [ 67.9148818, 27.09215099, 0.0 ], [ 67.91437756, 27.09245117, 0.0 ] ] } },
{ "type": "Feature", "properties": { "name": "Seri Minor", "descriptio": "Unknown Line Type<BR><BR><B>NAME</B> = Merankhori Minor<BR><BR><B>TYPE</B> = Minor<BR><BR><B>NAME</B> = Seri Minor<BR><B>LAYER</B> = Unknown Line Type<BR><BR><B>NAME</B> = Seri Minor<BR><BR><B>TYPE</B> = Minor<BR><B>GM_TYPE</B> = Unknown Line Type" }, "geometry": { "type": "LineString", "coordinates": [ [ 67.99386112, 27.18206854, 0.0 ], [ 67.99328178, 27.18179108, 0.0 ], [ 67.9925511, 27.18026428, 0.0 ], [ 67.98885512, 27.17088615, 0.0 ], [ 67.97545317, 27.17039105, 0.0 ], [ 67.96848837, 27.1704419, 0.0 ] ] } },
{ "type": "Feature", "properties": { "name": "Nao Goth Minor", "descriptio": "Unknown Line Type<BR><BR><B>NAME</B> = Merankhori Minor<BR><BR><B>TYPE</B> = Minor<BR><BR><B>NAME</B> = Nao Goth Minor<BR><B>LAYER</B> = Unknown Line Type<BR><BR><B>NAME</B> = Nao Goth Minor<BR><BR><B>TYPE</B> = Minor<BR><B>GM_TYPE</B> = Unknown Line Typ" }, "geometry": { "type": "LineString", "coordinates": [ [ 67.99384005, 27.18203256, 0.0 ], [ 67.99558456, 27.18124087, 0.0 ], [ 67.99659462, 27.1800429, 0.0 ], [ 68.00196185, 27.17583369, 0.0 ], [ 68.00305652, 27.17362521, 0.0 ], [ 67.99785857, 27.15832709, 0.0 ], [ 67.99826994, 27.15746789, 0.0 ], [ 67.99980595, 27.15667989, 0.0 ], [ 68.00010827, 27.15615846, 0.0 ], [ 67.99531684, 27.14856364, 0.0 ], [ 67.99477894, 27.1432651, 0.0 ] ] } },
{ "type": "Feature", "properties": { "name": "Wadha Rabi Minor", "descriptio": "Unknown Line Type<BR><BR><B>NAME</B> = Merankhori Minor<BR><BR><B>TYPE</B> = Minor<BR><BR><B>NAME</B> = Wadha Rabi Minor<BR><B>LAYER</B> = Unknown Line Type<BR><BR><B>NAME</B> = Wadha Rabi Minor<BR><BR><B>TYPE</B> = Minor<BR><B>GM_TYPE</B> = Unknown Line" }, "geometry": { "type": "LineString", "coordinates": [ [ 67.99583267, 27.18509103, 0.0 ], [ 67.99726581, 27.18457048, 0.0 ], [ 67.99711376, 27.18238021, 0.0 ], [ 67.99786397, 27.18032284, 0.0 ], [ 68.00306862, 27.17510136, 0.0 ], [ 68.00680668, 27.16560374, 0.0 ], [ 68.00660014, 27.16042953, 0.0 ], [ 68.0047641, 27.15691831, 0.0 ], [ 68.00441239, 27.15276307, 0.0 ], [ 68.00813128, 27.14190215, 0.0 ], [ 68.00706092, 27.1368526, 0.0 ], [ 68.00340102, 27.13367153, 0.0 ], [ 68.00273763, 27.13167627, 0.0 ], [ 67.99674581, 27.12584689, 0.0 ], [ 67.99629256, 27.11897809, 0.0 ], [ 67.99492332, 27.11640001, 0.0 ], [ 67.99467606, 27.11415028, 0.0 ], [ 67.99385081, 27.11336355, 0.0 ], [ 67.99035007, 27.11225056, 0.0 ] ] } },
{ "type": "Feature", "properties": { "name": "Sukhpur Minor", "descriptio": "Unknown Line Type<BR><BR><B>NAME</B> = Merankhori Minor<BR><BR><B>TYPE</B> = Minor<BR><BR><B>NAME</B> = Sukhpur Minor<BR><B>LAYER</B> = Unknown Line Type<BR><BR><B>NAME</B> = Sukhpur Minor<BR><BR><B>TYPE</B> = Minor<BR><B>GM_TYPE</B> = Unknown Line Type" }, "geometry": { "type": "LineString", "coordinates": [ [ 67.83541188, 27.04661888, 0.0 ], [ 67.83372423, 27.04920129, 0.0 ], [ 67.83102663, 27.0508435, 0.0 ], [ 67.7992399, 27.06328624, 0.0 ], [ 67.77977916, 27.07341563, 0.0 ] ] } },
{ "type": "Feature", "properties": { "name": "Pai Minor", "descriptio": "Unknown Line Type<BR><BR><B>NAME</B> = Merankhori Minor<BR><BR><B>TYPE</B> = Minor<BR><BR><B>NAME</B> = Pai Minor<BR><B>LAYER</B> = Unknown Line Type<BR><BR><B>NAME</B> = Pai Minor<BR><BR><B>TYPE</B> = Minor<BR><B>GM_TYPE</B> = Unknown Line Type" }, "geometry": { "type": "LineString", "coordinates": [ [ 67.85224242, 27.02172582, 0.0 ], [ 67.84372536, 27.02149863, 0.0 ], [ 67.83780581, 27.02309761, 0.0 ], [ 67.83619789, 27.02316276, 0.0 ], [ 67.8219979, 27.01934173, 0.0 ] ] } },
{ "type": "Feature", "properties": { "name": "Rahuja Minor", "descriptio": "Unknown Line Type<BR><BR><B>NAME</B> = Merankhori Minor<BR><BR><B>TYPE</B> = Minor<BR><BR><B>NAME</B> = Rahuja Minor<BR><B>LAYER</B> = Unknown Line Type<BR><BR><B>NAME</B> = Rahuja Minor<BR><BR><B>TYPE</B> = Minor<BR><B>GM_TYPE</B> = Unknown Line Type" }, "geometry": { "type": "LineString", "coordinates": [ [ 67.82182617, 26.97062894, 0.0 ], [ 67.82071735, 26.97290623, 0.0 ], [ 67.81929219, 26.97476207, 0.0 ], [ 67.81673948, 26.97601969, 0.0 ], [ 67.81485596, 26.97616624, 0.0 ], [ 67.75777956, 26.97496691, 0.0 ], [ 67.75583445, 26.97452339, 0.0 ], [ 67.7535458, 26.97301829, 0.0 ], [ 67.7490868, 26.97230892, 0.0 ], [ 67.73574081, 26.96635316, 0.0 ], [ 67.73450344, 26.96548933, 0.0 ], [ 67.72871832, 26.95908839, 0.0 ], [ 67.72796288, 26.95772135, 0.0 ], [ 67.7261479, 26.9496303, 0.0 ], [ 67.7255286, 26.94826448, 0.0 ], [ 67.71439317, 26.93501483, 0.0 ], [ 67.71386228, 26.93302691, 0.0 ], [ 67.71488607, 26.92872295, 0.0 ], [ 67.7150736, 26.9249622, 0.0 ], [ 67.71475135, 26.92352998, 0.0 ], [ 67.71341869, 26.92165534, 0.0 ], [ 67.71258745, 26.92105578, 0.0 ], [ 67.70316503, 26.91736763, 0.0 ], [ 67.70036639, 26.91559428, 0.0 ], [ 67.69932369, 26.91364718, 0.0 ], [ 67.69902851, 26.9119881, 0.0 ], [ 67.69905188, 26.90566217, 0.0 ], [ 67.69827772, 26.90459824, 0.0 ] ] } },
{ "type": "Feature", "properties": { "name": "Dubi Minor", "descriptio": "Unknown Line Type<BR><BR><B>NAME</B> = Merankhori Minor<BR><BR><B>TYPE</B> = Minor<BR><BR><B>NAME</B> = Dubi Minor<BR><B>LAYER</B> = Unknown Line Type<BR><BR><B>NAME</B> = Dubi Minor<BR><BR><B>TYPE</B> = Minor<BR><B>GM_TYPE</B> = Unknown Line Type" }, "geometry": { "type": "LineString", "coordinates": [ [ 67.80259167, 26.65576264, 0.0 ], [ 67.7949936, 26.65525677, 0.0 ], [ 67.7918224, 26.65465237, 0.0 ], [ 67.78631769, 26.65294107, 0.0 ], [ 67.77359445, 26.64815, 0.0 ], [ 67.77053821, 26.6480717, 0.0 ], [ 67.76925254, 26.64839994, 0.0 ] ] } },
{ "type": "Feature", "properties": { "name": "Lower Farm Minor", "descriptio": "Unknown Line Type<BR><BR><B>NAME</B> = Merankhori Minor<BR><BR><B>TYPE</B> = Minor<BR><BR><B>NAME</B> = Lower Farm Minor<BR><B>LAYER</B> = Unknown Line Type<BR><BR><B>NAME</B> = Lower Farm Minor<BR><BR><B>TYPE</B> = Minor<BR><B>GM_TYPE</B> = Unknown Line" }, "geometry": { "type": "LineString", "coordinates": [ [ 67.79778777, 26.64471315, 0.0 ], [ 67.79329046, 26.63961831, 0.0 ], [ 67.76513517, 26.62263862, 0.0 ], [ 67.76224337, 26.61958509, 0.0 ], [ 67.76072695, 26.61587864, 0.0 ] ] } },
{ "type": "Feature", "properties": { "name": "Bagh Yousaf Minor", "descriptio": "Unknown Line Type<BR><BR><B>NAME</B> = Merankhori Minor<BR><BR><B>TYPE</B> = Minor<BR><BR><B>NAME</B> = Bagh Yousaf Minor<BR><B>LAYER</B> = Unknown Line Type<BR><BR><B>NAME</B> = Bagh Yousaf Minor<BR><BR><B>TYPE</B> = Minor<BR><B>GM_TYPE</B> = Unknown Li" }, "geometry": { "type": "LineString", "coordinates": [ [ 67.81537462, 26.4471801, 0.0 ], [ 67.81471477, 26.44595075, 0.0 ], [ 67.81735573, 26.44314262, 0.0 ], [ 67.81876603, 26.43920239, 0.0 ], [ 67.81877017, 26.4346046, 0.0 ], [ 67.82231031, 26.42540331, 0.0 ], [ 67.82241415, 26.42103407, 0.0 ], [ 67.82110084, 26.41937549, 0.0 ], [ 67.82069529, 26.41831976, 0.0 ] ] } },
{ "type": "Feature", "properties": { "name": "Tando Minor", "descriptio": "Unknown Line Type<BR><BR><B>NAME</B> = Merankhori Minor<BR><BR><B>TYPE</B> = Minor<BR><BR><B>NAME</B> = Tando Minor<BR><B>LAYER</B> = Unknown Line Type<BR><BR><B>NAME</B> = Tando Minor<BR><BR><B>TYPE</B> = Minor<BR><B>GM_TYPE</B> = Unknown Line Type" }, "geometry": { "type": "LineString", "coordinates": [ [ 67.80327321, 26.45763863, 0.0 ], [ 67.79853457, 26.45309403, 0.0 ], [ 67.78847602, 26.43781667, 0.0 ], [ 67.78845952, 26.43386827, 0.0 ], [ 67.78899039, 26.43021289, 0.0 ] ] } },
{ "type": "Feature", "properties": { "name": "Sultanpur Minor", "descriptio": "Unknown Line Type<BR><BR><B>NAME</B> = Merankhori Minor<BR><BR><B>TYPE</B> = Minor<BR><BR><B>NAME</B> = Sultanpur Minor<BR><B>LAYER</B> = Unknown Line Type<BR><BR><B>NAME</B> = Sultanpur Minor<BR><BR><B>TYPE</B> = Minor<BR><B>GM_TYPE</B> = Unknown Line T" }, "geometry": { "type": "LineString", "coordinates": [ [ 67.77808406, 26.52924211, 0.0 ], [ 67.77259916, 26.52798081, 0.0 ], [ 67.77031232, 26.52658616, 0.0 ], [ 67.75898854, 26.51621601, 0.0 ], [ 67.75078612, 26.50674573, 0.0 ], [ 67.74886682, 26.5040005, 0.0 ] ] } },
{ "type": "Feature", "properties": { "name": "Talti Minor", "descriptio": "Unknown Line Type<BR><BR><B>NAME</B> = Merankhori Minor<BR><BR><B>TYPE</B> = Minor<BR><BR><B>NAME</B> = Talti Minor<BR><B>LAYER</B> = Unknown Line Type<BR><BR><B>NAME</B> = Talti Minor<BR><BR><B>TYPE</B> = Minor<BR><B>GM_TYPE</B> = Unknown Line Type" }, "geometry": { "type": "LineString", "coordinates": [ [ 67.77313444, 26.55719682, 0.0 ], [ 67.7739178, 26.55704497, 0.0 ], [ 67.78526737, 26.54678482, 0.0 ], [ 67.78910172, 26.54630224, 0.0 ], [ 67.7912327, 26.54530083, 0.0 ], [ 67.8347935, 26.52015768, 0.0 ], [ 67.83717971, 26.49987269, 0.0 ], [ 67.84106913, 26.47243642, 0.0 ], [ 67.84132043, 26.46591992, 0.0 ], [ 67.85514424, 26.45100325, 0.0 ], [ 67.85608054, 26.43998458, 0.0 ] ] } },
{ "type": "Feature", "properties": { "name": "Arazi Minor", "descriptio": "Unknown Line Type<BR><BR><B>NAME</B> = Merankhori Minor<BR><BR><B>TYPE</B> = Minor<BR><BR><B>NAME</B> = Arazi Minor<BR><B>LAYER</B> = Unknown Line Type<BR><BR><B>NAME</B> = Arazi Minor<BR><BR><B>TYPE</B> = Minor<BR><B>GM_TYPE</B> = Unknown Line Type" }, "geometry": { "type": "LineString", "coordinates": [ [ 67.77843725, 26.48341209, 0.0 ], [ 67.77574665, 26.48347317, 0.0 ], [ 67.77462062, 26.48308125, 0.0 ], [ 67.77003766, 26.47799125, 0.0 ], [ 67.76941605, 26.47648845, 0.0 ], [ 67.7690996, 26.47180602, 0.0 ], [ 67.76824858, 26.46923083, 0.0 ], [ 67.76707504, 26.46715777, 0.0 ], [ 67.75944445, 26.45617302, 0.0 ], [ 67.74894243, 26.44291986, 0.0 ] ] } },
{ "type": "Feature", "properties": { "name": "Aktar Minor", "descriptio": "Unknown Line Type<BR><BR><B>NAME</B> = Merankhori Minor<BR><BR><B>TYPE</B> = Minor<BR><BR><B>NAME</B> = Aktar Minor<BR><B>LAYER</B> = Unknown Line Type<BR><BR><B>NAME</B> = Aktar Minor<BR><BR><B>TYPE</B> = Minor<BR><B>GM_TYPE</B> = Unknown Line Type" }, "geometry": { "type": "LineString", "coordinates": [ [ 67.70244102, 26.54318942, 0.0 ], [ 67.69665091, 26.54170788, 0.0 ], [ 67.69605511, 26.54123723, 0.0 ], [ 67.68759877, 26.51674052, 0.0 ], [ 67.68729046, 26.51309436, 0.0 ], [ 67.68824483, 26.50869478, 0.0 ], [ 67.69493639, 26.49289571, 0.0 ], [ 67.7026325, 26.47765352, 0.0 ], [ 67.70482146, 26.47220543, 0.0 ] ] } },
{ "type": "Feature", "properties": { "name": "Bhan Minor", "descriptio": "Unknown Line Type<BR><BR><B>NAME</B> = Merankhori Minor<BR><BR><B>TYPE</B> = Minor<BR><BR><B>NAME</B> = Bhan Minor<BR><B>LAYER</B> = Unknown Line Type<BR><BR><B>NAME</B> = Bhan Minor<BR><BR><B>TYPE</B> = Minor<BR><B>GM_TYPE</B> = Unknown Line Type" }, "geometry": { "type": "LineString", "coordinates": [ [ 67.729873, 26.58758146, 0.0 ], [ 67.7288161, 26.57966277, 0.0 ], [ 67.72894552, 26.57856691, 0.0 ], [ 67.72980361, 26.57739325, 0.0 ], [ 67.73381281, 26.57503338, 0.0 ], [ 67.73533418, 26.57310098, 0.0 ], [ 67.74088604, 26.5566289, 0.0 ], [ 67.74094902, 26.55506173, 0.0 ], [ 67.74073131, 26.55398716, 0.0 ], [ 67.73233042, 26.53582573, 0.0 ], [ 67.72990794, 26.53446309, 0.0 ] ] } },
{ "type": "Feature", "properties": { "name": "Upper Farm Minor", "descriptio": "Unknown Line Type<BR><BR><B>NAME</B> = Merankhori Minor<BR><BR><B>TYPE</B> = Minor<BR><BR><B>NAME</B> = Upper Farm Minor<BR><B>LAYER</B> = Unknown Line Type<BR><BR><B>NAME</B> = Upper Farm Minor<BR><BR><B>TYPE</B> = Minor<BR><B>GM_TYPE</B> = Unknown Line" }, "geometry": { "type": "LineString", "coordinates": [ [ 67.79026273, 26.71154042, 0.0 ], [ 67.78725323, 26.7111296, 0.0 ], [ 67.78620475, 26.70942819, 0.0 ] ] } },
{ "type": "Feature", "properties": { "name": "Qaim Shah Minor", "descriptio": "Unknown Line Type<BR><BR><B>NAME</B> = Merankhori Minor<BR><BR><B>TYPE</B> = Minor<BR><BR><B>NAME</B> = Qaim Shah Minor<BR><B>LAYER</B> = Unknown Line Type<BR><BR><B>NAME</B> = Qaim Shah Minor<BR><BR><B>TYPE</B> = Minor<BR><B>GM_TYPE</B> = Unknown Line T" }, "geometry": { "type": "LineString", "coordinates": [ [ 67.79231474, 27.21004526, 0.0 ], [ 67.78882379, 27.2120757, 0.0 ], [ 67.78600955, 27.21318203, 0.0 ], [ 67.78504772, 27.21434482, 0.0 ], [ 67.78327199, 27.21554088, 0.0 ], [ 67.78011714, 27.21886525, 0.0 ], [ 67.77553071, 27.22080394, 0.0 ], [ 67.76691405, 27.2233937, 0.0 ], [ 67.76420133, 27.22345048, 0.0 ], [ 67.75878634, 27.22450584, 0.0 ], [ 67.75464377, 27.22401637, 0.0 ] ] } },
{ "type": "Feature", "properties": { "name": "Jadam Kalhoro Minor", "descriptio": "Unknown Line Type<BR><BR><B>NAME</B> = Merankhori Minor<BR><BR><B>TYPE</B> = Minor<BR><BR><B>NAME</B> = Jadam Kalhoro Minor<BR><B>LAYER</B> = Unknown Line Type<BR><BR><B>NAME</B> = Jadam Kalhoro Minor<BR><BR><B>TYPE</B> = Minor<BR><B>GM_TYPE</B> = Unknow" }, "geometry": { "type": "LineString", "coordinates": [ [ 67.9740132, 27.21927107, 0.0 ], [ 67.97058585, 27.21955082, 0.0 ], [ 67.96799773, 27.22032693, 0.0 ], [ 67.96207519, 27.22076027, 0.0 ], [ 67.95242068, 27.22052938, 0.0 ], [ 67.94724703, 27.21987587, 0.0 ] ] } },
{ "type": "Feature", "properties": { "name": "Pejaho Minor", "descriptio": "Unknown Line Type<BR><BR><B>NAME</B> = Merankhori Minor<BR><BR><B>TYPE</B> = Minor<BR><BR><B>NAME</B> = Pejaho Minor<BR><B>LAYER</B> = Unknown Line Type<BR><BR><B>NAME</B> = Pejaho Minor<BR><BR><B>TYPE</B> = Minor<BR><B>GM_TYPE</B> = Unknown Line Type" }, "geometry": { "type": "LineString", "coordinates": [ [ 67.6634398, 27.09885911, 0.0 ], [ 67.66162326, 27.09904254, 0.0 ], [ 67.65013182, 27.10273699, 0.0 ], [ 67.64486771, 27.10352547, 0.0 ], [ 67.64385285, 27.10469057, 0.0 ], [ 67.64180033, 27.11406969, 0.0 ], [ 67.63641885, 27.12312505, 0.0 ], [ 67.63628213, 27.12407479, 0.0 ], [ 67.63851358, 27.15188909, 0.0 ], [ 67.63827975, 27.15569116, 0.0 ], [ 67.63736833, 27.15859145, 0.0 ], [ 67.63566567, 27.16176255, 0.0 ] ] } },
{ "type": "Feature", "properties": { "name": "Kalro Minor", "descriptio": "Unknown Line Type<BR><BR><B>NAME</B> = Merankhori Minor<BR><BR><B>TYPE</B> = Minor<BR><BR><B>NAME</B> = Kalro Minor<BR><B>LAYER</B> = Unknown Line Type<BR><BR><B>NAME</B> = Kalro Minor<BR><BR><B>TYPE</B> = Minor<BR><B>GM_TYPE</B> = Unknown Line Type" }, "geometry": { "type": "LineString", "coordinates": [ [ 67.66289312, 27.08285152, 0.0 ], [ 67.65964999, 27.08097508, 0.0 ], [ 67.65537613, 27.07743709, 0.0 ], [ 67.65301457, 27.07615547, 0.0 ], [ 67.65305119, 27.07570826, 0.0 ], [ 67.65593857, 27.07223863, 0.0 ], [ 67.6568338, 27.07059656, 0.0 ], [ 67.65754838, 27.06823066, 0.0 ], [ 67.65755253, 27.05737544, 0.0 ], [ 67.65718269, 27.04862259, 0.0 ] ] } },
{ "type": "Feature", "properties": { "name": "Balidai Minor", "descriptio": "Unknown Line Type<BR><BR><B>NAME</B> = Merankhori Minor<BR><BR><B>TYPE</B> = Minor<BR><BR><B>NAME</B> = Balidai Minor<BR><B>LAYER</B> = Unknown Line Type<BR><BR><B>NAME</B> = Balidai Minor<BR><BR><B>TYPE</B> = Minor<BR><B>GM_TYPE</B> = Unknown Line Type" }, "geometry": { "type": "LineString", "coordinates": [ [ 67.69144191, 27.15123272, 0.0 ], [ 67.68849656, 27.1467069, 0.0 ], [ 67.68308686, 27.13957834, 0.0 ], [ 67.68181407, 27.13676191, 0.0 ], [ 67.67926125, 27.135491, 0.0 ], [ 67.67676826, 27.13301493, 0.0 ], [ 67.67636168, 27.13212537, 0.0 ] ] } },
{ "type": "Feature", "properties": { "name": "Mangwani Minor", "descriptio": "Unknown Line Type<BR><BR><B>NAME</B> = Merankhori Minor<BR><BR><B>TYPE</B> = Minor<BR><BR><B>NAME</B> = Mangwani Minor<BR><B>LAYER</B> = Unknown Line Type<BR><BR><B>NAME</B> = Mangwani Minor<BR><BR><B>TYPE</B> = Minor<BR><B>GM_TYPE</B> = Unknown Line Typ" }, "geometry": { "type": "LineString", "coordinates": [ [ 67.70417185, 27.17181024, 0.0 ], [ 67.70413858, 27.17469077, 0.0 ], [ 67.70272932, 27.17865415, 0.0 ], [ 67.70230352, 27.18270323, 0.0 ], [ 67.70030024, 27.19091336, 0.0 ], [ 67.69962142, 27.19259964, 0.0 ], [ 67.69197173, 27.1987254, 0.0 ], [ 67.68337168, 27.20458096, 0.0 ], [ 67.68278975, 27.2056937, 0.0 ], [ 67.67996951, 27.20825772, 0.0 ] ] } },
{ "type": "Feature", "properties": { "name": "Betto Minor", "descriptio": "Unknown Line Type<BR><BR><B>NAME</B> = Merankhori Minor<BR><BR><B>TYPE</B> = Minor<BR><BR><B>NAME</B> = Betto Minor<BR><B>LAYER</B> = Unknown Line Type<BR><BR><B>NAME</B> = Betto Minor<BR><BR><B>TYPE</B> = Minor<BR><B>GM_TYPE</B> = Unknown Line Type" }, "geometry": { "type": "LineString", "coordinates": [ [ 67.87788326, 27.15722578, 0.0 ], [ 67.87755473, 27.15717415, 0.0 ], [ 67.87738107, 27.15625766, 0.0 ], [ 67.87525299, 27.15336454, 0.0 ], [ 67.87178622, 27.15273209, 0.0 ], [ 67.87106018, 27.15221965, 0.0 ], [ 67.87048575, 27.15116924, 0.0 ], [ 67.87092459, 27.14934257, 0.0 ] ] } },
{ "type": "Feature", "properties": { "name": "Billawalpur Rabi Minor", "descriptio": "Unknown Line Type<BR><BR><B>NAME</B> = Merankhori Minor<BR><BR><B>TYPE</B> = Minor<BR><BR><B>NAME</B> = Billawalpur Rabi Minor<BR><B>LAYER</B> = Unknown Line Type<BR><BR><B>NAME</B> = Billawalpur Rabi Minor<BR><BR><B>TYPE</B> = Minor<BR><B>GM_TYPE</B> =" }, "geometry": { "type": "LineString", "coordinates": [ [ 67.77919824, 26.59946549, 0.0 ], [ 67.78044266, 26.59940422, 0.0 ], [ 67.78080314, 26.59859009, 0.0 ], [ 67.77913363, 26.59605797, 0.0 ], [ 67.77416244, 26.56144602, 0.0 ], [ 67.77932893, 26.55267199, 0.0 ], [ 67.79013081, 26.54639511, 0.0 ] ] } },
{ "type": "Feature", "properties": { "name": "Khabri Minor", "descriptio": "Unknown Line Type<BR><BR><B>NAME</B> = Merankhori Minor<BR><BR><B>TYPE</B> = Minor<BR><BR><B>NAME</B> = Khabri Minor<BR><B>LAYER</B> = Unknown Line Type<BR><BR><B>NAME</B> = Khabri Minor<BR><BR><B>TYPE</B> = Minor<BR><B>GM_TYPE</B> = Unknown Line Type" }, "geometry": { "type": "LineString", "coordinates": [ [ 67.70503445, 27.01991604, 0.0 ], [ 67.70534173, 27.01871813, 0.0 ], [ 67.70346973, 27.01715314, 0.0 ] ] } },
{ "type": "Feature", "properties": { "name": "Pusia Minor", "descriptio": "Unknown Line Type<BR><BR><B>NAME</B> = Merankhori Minor<BR><BR><B>TYPE</B> = Minor<BR><BR><B>NAME</B> = Pusia Minor<BR><B>LAYER</B> = Unknown Line Type<BR><BR><B>NAME</B> = Pusia Minor<BR><BR><B>TYPE</B> = Minor<BR><B>GM_TYPE</B> = Unknown Line Type" }, "geometry": { "type": "LineString", "coordinates": [ [ 67.64893516, 26.99342265, 0.0 ], [ 67.65174082, 26.99262435, 0.0 ] ] } },
{ "type": "Feature", "properties": { "name": "Wasai Minor", "descriptio": "Unknown Line Type<BR><BR><B>NAME</B> = Merankhori Minor<BR><BR><B>TYPE</B> = Minor<BR><BR><B>NAME</B> = Wasai Minor<BR><B>LAYER</B> = Unknown Line Type<BR><BR><B>NAME</B> = Wasai Minor<BR><BR><B>TYPE</B> = Minor<BR><B>GM_TYPE</B> = Unknown Line Type" }, "geometry": { "type": "LineString", "coordinates": [ [ 67.69732913, 27.0165451, 0.0 ], [ 67.69763928, 27.01527792, 0.0 ], [ 67.68876622, 27.0027535, 0.0 ], [ 67.68867948, 27.00081116, 0.0 ], [ 67.68950661, 26.99791775, 0.0 ], [ 67.68364427, 26.97581575, 0.0 ], [ 67.68348133, 26.97414661, 0.0 ] ] } },
{ "type": "Feature", "properties": { "name": "Khan Minor", "descriptio": "Unknown Line Type<BR><BR><B>NAME</B> = Merankhori Minor<BR><BR><B>TYPE</B> = Minor<BR><BR><B>NAME</B> = Khan Minor<BR><B>LAYER</B> = Unknown Line Type<BR><BR><B>NAME</B> = Khan Minor<BR><BR><B>TYPE</B> = Minor<BR><B>GM_TYPE</B> = Unknown Line Type" }, "geometry": { "type": "LineString", "coordinates": [ [ 67.59196998, 26.70583928, 0.0 ], [ 67.59411174, 26.70535039, 0.0 ], [ 67.60057232, 26.7011727, 0.0 ] ] } },
{ "type": "Feature", "properties": { "name": "Khambhar Minor", "descriptio": "Unknown Line Type<BR><BR><B>NAME</B> = Merankhori Minor<BR><BR><B>TYPE</B> = Minor<BR><BR><B>NAME</B> = Khambhar Minor<BR><B>LAYER</B> = Unknown Line Type<BR><BR><B>NAME</B> = Khambhar Minor<BR><BR><B>TYPE</B> = Minor<BR><B>GM_TYPE</B> = Unknown Line Typ" }, "geometry": { "type": "LineString", "coordinates": [ [ 67.67101236, 27.00583704, 0.0 ], [ 67.6712507, 27.0062531, 0.0 ], [ 67.6710038, 27.00746187, 0.0 ], [ 67.67018141, 27.00936838, 0.0 ], [ 67.67112928, 27.0144148, 0.0 ], [ 67.66926929, 27.01796539, 0.0 ], [ 67.66958813, 27.01929665, 0.0 ], [ 67.66953604, 27.0221801, 0.0 ] ] } },
{ "type": "Feature", "properties": { "name": "Chhini Minor", "descriptio": "Unknown Line Type<BR><BR><B>NAME</B> = Merankhori Minor<BR><BR><B>TYPE</B> = Minor<BR><BR><B>NAME</B> = Chhini Minor<BR><B>LAYER</B> = Unknown Line Type<BR><BR><B>NAME</B> = Chhini Minor<BR><BR><B>TYPE</B> = Minor<BR><B>GM_TYPE</B> = Unknown Line Type" }, "geometry": { "type": "LineString", "coordinates": [ [ 67.56232633, 26.6304136, 0.0 ], [ 67.53884779, 26.60906036, 0.0 ], [ 67.53772965, 26.60668095, 0.0 ], [ 67.53740011, 26.59982938, 0.0 ], [ 67.53778779, 26.59746544, 0.0 ], [ 67.53977017, 26.59111667, 0.0 ], [ 67.54464796, 26.57649274, 0.0 ], [ 67.54711282, 26.57066944, 0.0 ], [ 67.56813673, 26.54413991, 0.0 ], [ 67.57003262, 26.54309771, 0.0 ], [ 67.56956751, 26.54184137, 0.0 ], [ 67.57392683, 26.51902954, 0.0 ] ] } },
{ "type": "Feature", "properties": { "name": "Nonari Minor", "descriptio": "Unknown Line Type<BR><BR><B>NAME</B> = Merankhori Minor<BR><BR><B>TYPE</B> = Minor<BR><BR><B>NAME</B> = Nonari Minor<BR><B>LAYER</B> = Unknown Line Type<BR><BR><B>NAME</B> = Nonari Minor<BR><BR><B>TYPE</B> = Minor<BR><B>GM_TYPE</B> = Unknown Line Type" }, "geometry": { "type": "LineString", "coordinates": [ [ 67.59050364, 26.66457233, 0.0 ], [ 67.59266127, 26.65990504, 0.0 ], [ 67.5959844, 26.65539507, 0.0 ] ] } },
{ "type": "Feature", "properties": { "name": "Phulji Minor", "descriptio": "Unknown Line Type<BR><BR><B>NAME</B> = Merankhori Minor<BR><BR><B>TYPE</B> = Minor<BR><BR><B>NAME</B> = Phulji Minor<BR><B>LAYER</B> = Unknown Line Type<BR><BR><B>NAME</B> = Phulji Minor<BR><BR><B>TYPE</B> = Minor<BR><B>GM_TYPE</B> = Unknown Line Type" }, "geometry": { "type": "LineString", "coordinates": [ [ 67.65858108, 26.88665629, 0.0 ], [ 67.68139157, 26.85486807, 0.0 ] ] } },
{ "type": "Feature", "properties": { "name": "Mir Muhammad Minor", "descriptio": "Unknown Line Type<BR><BR><B>NAME</B> = Merankhori Minor<BR><BR><B>TYPE</B> = Minor<BR><BR><B>NAME</B> = Mir Muhammad Minor<BR><B>LAYER</B> = Unknown Line Type<BR><BR><B>NAME</B> = Mir Muhammad Minor<BR><BR><B>TYPE</B> = Minor<BR><B>GM_TYPE</B> = Unknown" }, "geometry": { "type": "LineString", "coordinates": [ [ 67.63764011, 26.98327138, 0.0 ], [ 67.62883096, 26.99118303, 0.0 ], [ 67.62701005, 26.9935226, 0.0 ], [ 67.62571166, 26.99640695, 0.0 ], [ 67.61890253, 27.03887172, 0.0 ], [ 67.62040894, 27.06952397, 0.0 ], [ 67.62129758, 27.07652653, 0.0 ], [ 67.62321508, 27.08067106, 0.0 ] ] } },
{ "type": "Feature", "properties": { "name": "Qomi Charo Minor", "descriptio": "Unknown Line Type<BR><BR><B>NAME</B> = Merankhori Minor<BR><BR><B>TYPE</B> = Minor<BR><BR><B>NAME</B> = Qomi Charo Minor<BR><B>LAYER</B> = Unknown Line Type<BR><BR><B>NAME</B> = Qomi Charo Minor<BR><BR><B>TYPE</B> = Minor<BR><B>GM_TYPE</B> = Unknown Line" }, "geometry": { "type": "LineString", "coordinates": [ [ 67.70503445, 27.01991604, 0.0 ], [ 67.70426943, 27.02140513, 0.0 ], [ 67.69785525, 27.02492568, 0.0 ], [ 67.69642895, 27.02671312, 0.0 ], [ 67.6936865, 27.02913925, 0.0 ] ] } },
{ "type": "Feature", "properties": { "name": "Vaiji Minor", "descriptio": "Unknown Line Type<BR><BR><B>NAME</B> = Merankhori Minor<BR><BR><B>TYPE</B> = Minor<BR><BR><B>NAME</B> = Vaiji Minor<BR><B>LAYER</B> = Unknown Line Type<BR><BR><B>NAME</B> = Vaiji Minor<BR><BR><B>TYPE</B> = Minor<BR><B>GM_TYPE</B> = Unknown Line Type" }, "geometry": { "type": "LineString", "coordinates": [ [ 67.74580302, 27.04115797, 0.0 ], [ 67.74539236, 27.0394384, 0.0 ], [ 67.74567613, 27.03848333, 0.0 ], [ 67.74557807, 27.03501867, 0.0 ], [ 67.74595143, 27.03214911, 0.0 ], [ 67.74580592, 27.02552431, 0.0 ], [ 67.74318053, 27.02145037, 0.0 ] ] } },
{ "type": "Feature", "properties": { "name": "Pahore Minor", "descriptio": "Unknown Line Type<BR><BR><B>NAME</B> = Merankhori Minor<BR><BR><B>TYPE</B> = Minor<BR><BR><B>NAME</B> = Pahore Minor<BR><B>LAYER</B> = Unknown Line Type<BR><BR><B>NAME</B> = Pahore Minor<BR><BR><B>TYPE</B> = Minor<BR><B>GM_TYPE</B> = Unknown Line Type" }, "geometry": { "type": "LineString", "coordinates": [ [ 67.64282867, 26.86468799, 0.0 ], [ 67.64212842, 26.86378414, 0.0 ], [ 67.63445395, 26.85806816, 0.0 ], [ 67.63218446, 26.85420789, 0.0 ], [ 67.63010536, 26.84969708, 0.0 ], [ 67.62877762, 26.84587937, 0.0 ], [ 67.62841164, 26.84206646, 0.0 ], [ 67.62928099, 26.83854956, 0.0 ], [ 67.63014897, 26.83681669, 0.0 ], [ 67.67056292, 26.78145825, 0.0 ], [ 67.67313417, 26.77880375, 0.0 ], [ 67.67906078, 26.77455943, 0.0 ], [ 67.69682232, 26.76674623, 0.0 ] ] } },
{ "type": "Feature", "properties": { "name": "Thariri Minor", "descriptio": "Unknown Line Type<BR><BR><B>NAME</B> = Merankhori Minor<BR><BR><B>TYPE</B> = Minor<BR><BR><B>NAME</B> = Thariri Minor<BR><B>LAYER</B> = Unknown Line Type<BR><BR><B>NAME</B> = Thariri Minor<BR><BR><B>TYPE</B> = Minor<BR><B>GM_TYPE</B> = Unknown Line Type" }, "geometry": { "type": "LineString", "coordinates": [ [ 67.6333277, 26.95839523, 0.0 ], [ 67.63404183, 26.95861488, 0.0 ], [ 67.64821779, 26.95667982, 0.0 ], [ 67.65061702, 26.95664747, 0.0 ], [ 67.65306542, 26.95595842, 0.0 ], [ 67.65966626, 26.95677177, 0.0 ], [ 67.66263101, 26.95560595, 0.0 ], [ 67.66386135, 26.95380514, 0.0 ], [ 67.66379293, 26.95064174, 0.0 ], [ 67.66403351, 26.94968056, 0.0 ], [ 67.66779096, 26.94316448, 0.0 ], [ 67.67098326, 26.941786, 0.0 ], [ 67.67272795, 26.94224305, 0.0 ], [ 67.67382522, 26.94192169, 0.0 ], [ 67.67542923, 26.93718416, 0.0 ] ] } },
{ "type": "Feature", "properties": { "name": "Patoro Minor", "descriptio": "Unknown Line Type<BR><BR><B>NAME</B> = Merankhori Minor<BR><BR><B>TYPE</B> = Minor<BR><BR><B>NAME</B> = Patoro Minor<BR><B>LAYER</B> = Unknown Line Type<BR><BR><B>NAME</B> = Patoro Minor<BR><BR><B>TYPE</B> = Minor<BR><B>GM_TYPE</B> = Unknown Line Type" }, "geometry": { "type": "LineString", "coordinates": [ [ 67.66235913, 26.73871795, 0.0 ], [ 67.63745964, 26.75714826, 0.0 ], [ 67.63580325, 26.75882154, 0.0 ], [ 67.60466528, 26.80493054, 0.0 ] ] } },
{ "type": "Feature", "properties": { "name": "Chinjani Minor", "descriptio": "Unknown Line Type<BR><BR><B>NAME</B> = Merankhori Minor<BR><BR><B>TYPE</B> = Minor<BR><BR><B>NAME</B> = Chinjani Minor<BR><B>LAYER</B> = Unknown Line Type<BR><BR><B>NAME</B> = Chinjani Minor<BR><BR><B>TYPE</B> = Minor<BR><B>GM_TYPE</B> = Unknown Line Typ" }, "geometry": { "type": "LineString", "coordinates": [ [ 67.59176178, 26.75528468, 0.0 ], [ 67.60065494, 26.73705972, 0.0 ], [ 67.62628109, 26.69251766, 0.0 ], [ 67.62656107, 26.69129822, 0.0 ], [ 67.62654601, 26.68842748, 0.0 ], [ 67.62560203, 26.66162771, 0.0 ], [ 67.62584679, 26.65779464, 0.0 ], [ 67.62698258, 26.65602603, 0.0 ], [ 67.63362348, 26.64804728, 0.0 ] ] } },
{ "type": "Feature", "properties": { "name": "Dogar Minor", "descriptio": "Unknown Line Type<BR><BR><B>NAME</B> = Merankhori Minor<BR><BR><B>TYPE</B> = Minor<BR><BR><B>NAME</B> = Dogar Minor<BR><B>LAYER</B> = Unknown Line Type<BR><BR><B>NAME</B> = Dogar Minor<BR><BR><B>TYPE</B> = Minor<BR><B>GM_TYPE</B> = Unknown Line Type" }, "geometry": { "type": "LineString", "coordinates": [ [ 67.89745526, 27.06574226, 0.0 ], [ 67.8964804, 27.06497881, 0.0 ], [ 67.89705076, 27.06229832, 0.0 ], [ 67.89745721, 27.04793277, 0.0 ], [ 67.897056, 27.04478552, 0.0 ], [ 67.89572295, 27.04035021, 0.0 ], [ 67.89381608, 27.03659389, 0.0 ], [ 67.87426272, 27.00645241, 0.0 ] ] } },
{ "type": "Feature", "properties": { "name": "Bakhrani Minor", "descriptio": "Unknown Line Type<BR><BR><B>NAME</B> = Merankhori Minor<BR><BR><B>TYPE</B> = Minor<BR><BR><B>NAME</B> = Bakhrani Minor<BR><B>LAYER</B> = Unknown Line Type<BR><BR><B>NAME</B> = Bakhrani Minor<BR><BR><B>TYPE</B> = Minor<BR><B>GM_TYPE</B> = Unknown Line Typ" }, "geometry": { "type": "LineString", "coordinates": [ [ 67.72654794, 26.69480549, 0.0 ], [ 67.72340992, 26.69775772, 0.0 ], [ 67.72143209, 26.69828778, 0.0 ], [ 67.71434199, 26.6983502, 0.0 ], [ 67.69941556, 26.70217554, 0.0 ], [ 67.6968987, 26.70254967, 0.0 ], [ 67.69441199, 26.70240037, 0.0 ], [ 67.67592867, 26.69428329, 0.0 ], [ 67.67551254, 26.69320274, 0.0 ], [ 67.67479852, 26.69241264, 0.0 ], [ 67.67124598, 26.69018583, 0.0 ], [ 67.67053149, 26.68944048, 0.0 ], [ 67.66790721, 26.6852434, 0.0 ], [ 67.66521299, 26.68276979, 0.0 ], [ 67.6606023, 26.68151766, 0.0 ], [ 67.65693575, 26.68148439, 0.0 ], [ 67.65613449, 26.68095783, 0.0 ], [ 67.65580065, 26.68027784, 0.0 ], [ 67.65600662, 26.67677593, 0.0 ], [ 67.65412349, 26.67396853, 0.0 ], [ 67.6538443, 26.67121242, 0.0 ], [ 67.65273484, 26.6697883, 0.0 ] ] } },
{ "type": "Feature", "properties": { "name": "Lund Minor", "descriptio": "Unknown Line Type<BR><BR><B>NAME</B> = Merankhori Minor<BR><BR><B>TYPE</B> = Minor<BR><BR><B>NAME</B> = Lund Minor<BR><B>LAYER</B> = Unknown Line Type<BR><BR><B>NAME</B> = Lund Minor<BR><BR><B>TYPE</B> = Minor<BR><B>GM_TYPE</B> = Unknown Line Type" }, "geometry": { "type": "LineString", "coordinates": [ [ 67.98288021, 28.0549067, 0.0 ], [ 67.99209925, 28.0441317, 0.0 ], [ 67.99944681, 28.03758364, 0.0 ], [ 68.00533797, 28.03037638, 0.0 ], [ 68.00802011, 28.02587252, 0.0 ], [ 68.00946838, 28.02265412, 0.0 ], [ 68.01036703, 28.01932435, 0.0 ], [ 68.01286122, 27.99635748, 0.0 ], [ 68.01485137, 27.98828759, 0.0 ] ] } },
{ "type": "Feature", "properties": { "name": "Buriro Minor", "descriptio": "Unknown Line Type<BR><BR><B>NAME</B> = Merankhori Minor<BR><BR><B>TYPE</B> = Minor<BR><BR><B>NAME</B> = Buriro Minor<BR><B>LAYER</B> = Unknown Line Type<BR><BR><B>NAME</B> = Buriro Minor<BR><BR><B>TYPE</B> = Minor<BR><B>GM_TYPE</B> = Unknown Line Type" }, "geometry": { "type": "LineString", "coordinates": [ [ 68.21404104, 28.13845317, 0.0 ], [ 68.19871062, 28.14804275, 0.0 ], [ 68.19548166, 28.14922313, 0.0 ], [ 68.19339833, 28.14922893, 0.0 ], [ 68.18178826, 28.14490564, 0.0 ], [ 68.14521502, 28.1434404, 0.0 ], [ 68.14334654, 28.14363404, 0.0 ] ] } },
{ "type": "Feature", "properties": { "name": "Lal Shahbaz Minor", "descriptio": "Unknown Line Type<BR><BR><B>NAME</B> = Merankhori Minor<BR><BR><B>TYPE</B> = Minor<BR><BR><B>NAME</B> = Lal Shahbaz Minor<BR><B>LAYER</B> = Unknown Line Type<BR><BR><B>NAME</B> = Lal Shahbaz Minor<BR><BR><B>TYPE</B> = Minor<BR><B>GM_TYPE</B> = Unknown Li" }, "geometry": { "type": "LineString", "coordinates": [ [ 68.25813302, 28.12363572, 0.0 ], [ 68.25864159, 28.12271424, 0.0 ], [ 68.25868689, 28.12175604, 0.0 ], [ 68.25834552, 28.12082996, 0.0 ], [ 68.25761545, 28.12024408, 0.0 ], [ 68.25684402, 28.12006879, 0.0 ], [ 68.25139343, 28.12051836, 0.0 ], [ 68.24641619, 28.11956686, 0.0 ], [ 68.23669886, 28.11150327, 0.0 ], [ 68.23612667, 28.11047314, 0.0 ], [ 68.23586202, 28.1080521, 0.0 ], [ 68.23469779, 28.10335611, 0.0 ], [ 68.23518964, 28.08853873, 0.0 ], [ 68.23194709, 28.07742992, 0.0 ], [ 68.22726473, 28.06311874, 0.0 ] ] } },
{ "type": "Feature", "properties": { "name": "Kotri Minor", "descriptio": "Unknown Line Type<BR><BR><B>NAME</B> = Merankhori Minor<BR><BR><B>TYPE</B> = Minor<BR><BR><B>NAME</B> = Kotri Minor<BR><B>LAYER</B> = Unknown Line Type<BR><BR><B>NAME</B> = Kotri Minor<BR><BR><B>TYPE</B> = Minor<BR><B>GM_TYPE</B> = Unknown Line Type" }, "geometry": { "type": "LineString", "coordinates": [ [ 68.19890063, 28.10165629, 0.0 ], [ 68.20061124, 28.09808837, 0.0 ], [ 68.19907311, 28.0628634, 0.0 ], [ 68.1985002, 28.05674118, 0.0 ], [ 68.19987057, 28.03960926, 0.0 ] ] } },
{ "type": "Feature", "properties": { "name": "Mirpur Minor", "descriptio": "Unknown Line Type<BR><BR><B>NAME</B> = Merankhori Minor<BR><BR><B>TYPE</B> = Minor<BR><BR><B>NAME</B> = Mirpur Minor<BR><B>LAYER</B> = Unknown Line Type<BR><BR><B>NAME</B> = Mirpur Minor<BR><BR><B>TYPE</B> = Minor<BR><B>GM_TYPE</B> = Unknown Line Type" }, "geometry": { "type": "LineString", "coordinates": [ [ 68.76602823, 28.13395031, 0.0 ], [ 68.76788513, 28.13905138, 0.0 ], [ 68.76792164, 28.14018763, 0.0 ], [ 68.75900665, 28.15365339, 0.0 ], [ 68.74706438, 28.16846424, 0.0 ], [ 68.73810053, 28.18118652, 0.0 ], [ 68.72910108, 28.19535024, 0.0 ], [ 68.71955504, 28.20499621, 0.0 ], [ 68.71455618, 28.21274333, 0.0 ], [ 68.7081815, 28.21972019, 0.0 ], [ 68.70322636, 28.22603107, 0.0 ], [ 68.70132647, 28.22786526, 0.0 ] ] } },
{ "type": "Feature", "properties": { "name": "Nar Minor", "descriptio": "Unknown Line Type<BR><BR><B>NAME</B> = Merankhori Minor<BR><BR><B>TYPE</B> = Minor<BR><BR><B>NAME</B> = Nar Minor<BR><B>LAYER</B> = Unknown Line Type<BR><BR><B>NAME</B> = Nar Minor<BR><BR><B>TYPE</B> = Minor<BR><B>GM_TYPE</B> = Unknown Line Type" }, "geometry": { "type": "LineString", "coordinates": [ [ 69.09650632, 28.17569941, 0.0 ], [ 69.09405993, 28.17309869, 0.0 ], [ 69.08342438, 28.16390228, 0.0 ], [ 69.08212177, 28.16349495, 0.0 ], [ 69.06797968, 28.16940538, 0.0 ], [ 69.03621565, 28.17866481, 0.0 ] ] } },
{ "type": "Feature", "properties": { "name": "Baragh Minor", "descriptio": "Unknown Line Type<BR><BR><B>NAME</B> = Merankhori Minor<BR><BR><B>TYPE</B> = Minor<BR><BR><B>NAME</B> = Baragh Minor<BR><B>LAYER</B> = Unknown Line Type<BR><BR><B>NAME</B> = Baragh Minor<BR><BR><B>TYPE</B> = Minor<BR><B>GM_TYPE</B> = Unknown Line Type" }, "geometry": { "type": "LineString", "coordinates": [ [ 69.05102231, 28.19386866, 0.0 ], [ 69.04994525, 28.19285011, 0.0 ], [ 69.04780383, 28.19200873, 0.0 ], [ 69.04630576, 28.19081837, 0.0 ], [ 69.04472613, 28.19041755, 0.0 ], [ 69.03915909, 28.19023947, 0.0 ], [ 69.03635206, 28.18980424, 0.0 ], [ 69.03228591, 28.19145804, 0.0 ], [ 69.02427594, 28.19196231, 0.0 ], [ 69.02209301, 28.19123615, 0.0 ], [ 69.01800111, 28.18878984, 0.0 ], [ 69.0141419, 28.18793984, 0.0 ], [ 69.01273076, 28.18793998, 0.0 ], [ 69.01030453, 28.18818125, 0.0 ], [ 69.00008687, 28.1905939, 0.0 ], [ 68.97130583, 28.18971138, 0.0 ], [ 68.95058239, 28.19497763, 0.0 ] ] } },
{ "type": "Feature", "properties": { "name": "Tagio Minor", "descriptio": "Unknown Line Type<BR><BR><B>NAME</B> = Merankhori Minor<BR><BR><B>TYPE</B> = Minor<BR><BR><B>NAME</B> = Tagio Minor<BR><B>LAYER</B> = Unknown Line Type<BR><BR><B>NAME</B> = Tagio Minor<BR><BR><B>TYPE</B> = Minor<BR><B>GM_TYPE</B> = Unknown Line Type" }, "geometry": { "type": "LineString", "coordinates": [ [ 69.00000622, 28.15984214, 0.0 ], [ 68.98396592, 28.1608079, 0.0 ] ] } },
{ "type": "Feature", "properties": { "name": "Allahandho Minor", "descriptio": "Unknown Line Type<BR><BR><B>NAME</B> = Merankhori Minor<BR><BR><B>TYPE</B> = Minor<BR><BR><B>NAME</B> = Allahandho Minor<BR><B>LAYER</B> = Unknown Line Type<BR><BR><B>NAME</B> = Allahandho Minor<BR><BR><B>TYPE</B> = Minor<BR><B>GM_TYPE</B> = Unknown Line" }, "geometry": { "type": "LineString", "coordinates": [ [ 68.36720031, 28.19825645, 0.0 ], [ 68.36627637, 28.20142045, 0.0 ], [ 68.36560037, 28.20219942, 0.0 ], [ 68.35732102, 28.20397533, 0.0 ], [ 68.35035661, 28.20447428, 0.0 ], [ 68.33920675, 28.2063412, 0.0 ], [ 68.33077085, 28.21397502, 0.0 ], [ 68.32387885, 28.22749506, 0.0 ], [ 68.32349122, 28.22771434, 0.0 ], [ 68.32210474, 28.22780801, 0.0 ], [ 68.31048125, 28.22646297, 0.0 ], [ 68.30385344, 28.22531808, 0.0 ] ] } },
{ "type": "Feature", "properties": { "name": "Dadar Minor", "descriptio": "Unknown Line Type<BR><BR><B>NAME</B> = Merankhori Minor<BR><BR><B>TYPE</B> = Minor<BR><BR><B>NAME</B> = Dadar Minor<BR><B>LAYER</B> = Unknown Line Type<BR><BR><B>NAME</B> = Dadar Minor<BR><BR><B>TYPE</B> = Minor<BR><B>GM_TYPE</B> = Unknown Line Type" }, "geometry": { "type": "LineString", "coordinates": [ [ 69.1688485, 28.1946409, 0.0 ], [ 69.17047889, 28.19217978, 0.0 ], [ 69.170851, 28.18568949, 0.0 ] ] } },
{ "type": "Feature", "properties": { "name": "Vakro Minor", "descriptio": "Unknown Line Type<BR><BR><B>NAME</B> = Merankhori Minor<BR><BR><B>TYPE</B> = Minor<BR><BR><B>NAME</B> = Vakro Minor<BR><B>LAYER</B> = Unknown Line Type<BR><BR><B>NAME</B> = Vakro Minor<BR><BR><B>TYPE</B> = Minor<BR><B>GM_TYPE</B> = Unknown Line Type" }, "geometry": { "type": "LineString", "coordinates": [ [ 69.16439692, 28.19164057, 0.0 ], [ 69.1610457, 28.19507457, 0.0 ], [ 69.160804, 28.19615201, 0.0 ], [ 69.16775956, 28.22164011, 0.0 ], [ 69.16808387, 28.22437822, 0.0 ], [ 69.1688863, 28.22588804, 0.0 ], [ 69.16745589, 28.22742795, 0.0 ], [ 69.1643906, 28.22905646, 0.0 ] ] } },
{ "type": "Feature", "properties": { "name": "Sheeran Minor", "descriptio": "Unknown Line Type<BR><BR><B>NAME</B> = Merankhori Minor<BR><BR><B>TYPE</B> = Minor<BR><BR><B>NAME</B> = Sheeran Minor<BR><B>LAYER</B> = Unknown Line Type<BR><BR><B>NAME</B> = Sheeran Minor<BR><BR><B>TYPE</B> = Minor<BR><B>GM_TYPE</B> = Unknown Line Type" }, "geometry": { "type": "LineString", "coordinates": [ [ 69.14653591, 28.17512009, 0.0 ], [ 69.14305292, 28.17489742, 0.0 ], [ 69.14167883, 28.17553612, 0.0 ], [ 69.13644805, 28.1893037, 0.0 ], [ 69.13928578, 28.2248306, 0.0 ], [ 69.14005865, 28.22602456, 0.0 ], [ 69.14794063, 28.23370749, 0.0 ] ] } },
{ "type": "Feature", "properties": { "name": "Ditch Channel", "descriptio": "Unknown Line Type<BR><BR><B>NAME</B> = Merankhori Minor<BR><BR><B>TYPE</B> = Minor<BR><BR><B>NAME</B> = Ditch Channel<BR><B>LAYER</B> = Unknown Line Type<BR><BR><B>NAME</B> = Ditch Channel<BR><BR><B>TYPE</B> = Minor<BR><B>GM_TYPE</B> = Unknown Line Type" }, "geometry": { "type": "LineString", "coordinates": [ [ 69.30917508, 28.26942245, 0.0 ], [ 69.30964471, 28.26842927, 0.0 ], [ 69.30950823, 28.26754936, 0.0 ], [ 69.30904703, 28.26685638, 0.0 ], [ 69.30808876, 28.2662999, 0.0 ], [ 69.30264627, 28.26573527, 0.0 ], [ 69.30088479, 28.26528213, 0.0 ], [ 69.26549712, 28.25152184, 0.0 ], [ 69.21586013, 28.22208881, 0.0 ] ] } },
{ "type": "Feature", "properties": { "name": "Ghouspur Minor", "descriptio": "Unknown Line Type<BR><BR><B>NAME</B> = Merankhori Minor<BR><BR><B>TYPE</B> = Minor<BR><BR><B>NAME</B> = Ghouspur Minor<BR><B>LAYER</B> = Unknown Line Type<BR><BR><B>NAME</B> = Ghouspur Minor<BR><BR><B>TYPE</B> = Minor<BR><B>GM_TYPE</B> = Unknown Line Typ" }, "geometry": { "type": "LineString", "coordinates": [ [ 69.12663007, 28.16637068, 0.0 ], [ 69.12307184, 28.15421025, 0.0 ], [ 69.12183608, 28.15323933, 0.0 ], [ 69.10273674, 28.14684823, 0.0 ], [ 69.09818177, 28.14600103, 0.0 ], [ 69.08803716, 28.13841559, 0.0 ], [ 69.07485375, 28.13452496, 0.0 ], [ 69.06191401, 28.13246399, 0.0 ], [ 69.03996019, 28.12519506, 0.0 ], [ 69.03788592, 28.12382552, 0.0 ], [ 69.03607858, 28.12036147, 0.0 ] ] } },
{ "type": "Feature", "properties": { "name": "Hairdin Minor", "descriptio": "Unknown Line Type<BR><BR><B>NAME</B> = Merankhori Minor<BR><BR><B>TYPE</B> = Minor<BR><BR><B>NAME</B> = Hairdin Minor<BR><B>LAYER</B> = Unknown Line Type<BR><BR><B>NAME</B> = Hairdin Minor<BR><BR><B>TYPE</B> = Minor<BR><B>GM_TYPE</B> = Unknown Line Type" }, "geometry": { "type": "LineString", "coordinates": [ [ 69.02333553, 28.38002445, 0.0 ], [ 69.01678633, 28.36975121, 0.0 ], [ 69.01295042, 28.36842424, 0.0 ], [ 69.00072101, 28.36591726, 0.0 ], [ 68.99708442, 28.36575731, 0.0 ], [ 68.97976517, 28.36764991, 0.0 ] ] } },
{ "type": "Feature", "properties": { "name": "Khoski Minor", "descriptio": "Unknown Line Type<BR><BR><B>NAME</B> = Merankhori Minor<BR><BR><B>TYPE</B> = Minor<BR><BR><B>NAME</B> = Khoski Minor<BR><B>LAYER</B> = Unknown Line Type<BR><BR><B>NAME</B> = Khoski Minor<BR><BR><B>TYPE</B> = Minor<BR><B>GM_TYPE</B> = Unknown Line Type" }, "geometry": { "type": "LineString", "coordinates": [ [ 69.5716341, 28.42434895, 0.0 ], [ 69.56948937, 28.42184114, 0.0 ], [ 69.56864869, 28.42135109, 0.0 ], [ 69.55362836, 28.42007427, 0.0 ], [ 69.53643248, 28.41495769, 0.0 ], [ 69.52949272, 28.4125415, 0.0 ], [ 69.52223171, 28.40954843, 0.0 ], [ 69.50889987, 28.39464554, 0.0 ], [ 69.50830201, 28.3943319, 0.0 ], [ 69.4738516, 28.38698807, 0.0 ] ] } },
{ "type": "Feature", "properties": { "name": "Gublo Minor", "descriptio": "Unknown Line Type<BR><BR><B>NAME</B> = Merankhori Minor<BR><BR><B>TYPE</B> = Minor<BR><BR><B>NAME</B> = Gublo Minor<BR><B>LAYER</B> = Unknown Line Type<BR><BR><B>NAME</B> = Gublo Minor<BR><BR><B>TYPE</B> = Minor<BR><B>GM_TYPE</B> = Unknown Line Type" }, "geometry": { "type": "LineString", "coordinates": [ [ 69.34355288, 28.26265154, 0.0 ], [ 69.34737386, 28.25949928, 0.0 ], [ 69.34826356, 28.25697244, 0.0 ], [ 69.34801988, 28.2556842, 0.0 ], [ 69.3397761, 28.24982657, 0.0 ], [ 69.32878401, 28.23965297, 0.0 ], [ 69.32066447, 28.235458, 0.0 ], [ 69.31936203, 28.23431594, 0.0 ] ] } },
{ "type": "Feature", "properties": { "name": "Gihalpur Minor", "descriptio": "Unknown Line Type<BR><BR><B>NAME</B> = Merankhori Minor<BR><BR><B>TYPE</B> = Minor<BR><BR><B>NAME</B> = Gihalpur Minor<BR><B>LAYER</B> = Unknown Line Type<BR><BR><B>NAME</B> = Gihalpur Minor<BR><BR><B>TYPE</B> = Minor<BR><B>GM_TYPE</B> = Unknown Line Typ" }, "geometry": { "type": "LineString", "coordinates": [ [ 69.53820529, 28.39113368, 0.0 ], [ 69.53355108, 28.34510938, 0.0 ], [ 69.5311317, 28.33652324, 0.0 ], [ 69.52614626, 28.32187723, 0.0 ] ] } },
{ "type": "Feature", "properties": { "name": "Gandher Minor", "descriptio": "Unknown Line Type<BR><BR><B>NAME</B> = Merankhori Minor<BR><BR><B>TYPE</B> = Minor<BR><BR><B>NAME</B> = Gandher Minor<BR><B>LAYER</B> = Unknown Line Type<BR><BR><B>NAME</B> = Gandher Minor<BR><BR><B>TYPE</B> = Minor<BR><B>GM_TYPE</B> = Unknown Line Type" }, "geometry": { "type": "LineString", "coordinates": [ [ 69.50241998, 28.36379089, 0.0 ], [ 69.50222646, 28.31986655, 0.0 ], [ 69.50180712, 28.31704657, 0.0 ], [ 69.50083493, 28.31429115, 0.0 ], [ 69.49952319, 28.31291082, 0.0 ], [ 69.44989548, 28.28537142, 0.0 ] ] } },
{ "type": "Feature", "properties": { "name": "Goserji Minor I", "descriptio": "Unknown Line Type<BR><BR><B>NAME</B> = Merankhori Minor<BR><BR><B>TYPE</B> = Minor<BR><BR><B>NAME</B> = Goserji Minor I<BR><B>LAYER</B> = Unknown Line Type<BR><BR><B>NAME</B> = Goserji Minor I<BR><BR><B>TYPE</B> = Minor<BR><B>GM_TYPE</B> = Unknown Line T" }, "geometry": { "type": "LineString", "coordinates": [ [ 68.79461567, 27.80941199, 0.0 ], [ 68.79508978, 27.80868919, 0.0 ], [ 68.79546681, 27.80535666, 0.0 ], [ 68.7964975, 27.79228329, 0.0 ], [ 68.79396136, 27.78253926, 0.0 ], [ 68.79508017, 27.77564636, 0.0 ] ] } },
{ "type": "Feature", "properties": { "name": "Goserji Minor II", "descriptio": "Unknown Line Type<BR><BR><B>NAME</B> = Merankhori Minor<BR><BR><B>TYPE</B> = Minor<BR><BR><B>NAME</B> = Goserji Minor II<BR><B>LAYER</B> = Unknown Line Type<BR><BR><B>NAME</B> = Goserji Minor II<BR><BR><B>TYPE</B> = Minor<BR><B>GM_TYPE</B> = Unknown Line" }, "geometry": { "type": "LineString", "coordinates": [ [ 68.79498028, 27.77651927, 0.0 ], [ 68.79617059, 27.77421397, 0.0 ], [ 68.79642179, 27.77288792, 0.0 ], [ 68.79129892, 27.76948146, 0.0 ], [ 68.78663636, 27.76930854, 0.0 ] ] } },
{ "type": "Feature", "properties": { "name": "Azim Abad Minor", "descriptio": "Unknown Line Type<BR><BR><B>NAME</B> = Merankhori Minor<BR><BR><B>TYPE</B> = Minor<BR><BR><B>NAME</B> = Azim Abad Minor<BR><B>LAYER</B> = Unknown Line Type<BR><BR><B>NAME</B> = Azim Abad Minor<BR><BR><B>TYPE</B> = Minor<BR><B>GM_TYPE</B> = Unknown Line T" }, "geometry": { "type": "LineString", "coordinates": [ [ 68.7854595, 27.88924802, 0.0 ], [ 68.83301425, 27.90971748, 0.0 ], [ 68.8339411, 27.91192074, 0.0 ], [ 68.84060499, 27.92259428, 0.0 ], [ 68.84501667, 27.92858731, 0.0 ], [ 68.84529525, 27.93000328, 0.0 ], [ 68.84510068, 27.93179887, 0.0 ] ] } },
{ "type": "Feature", "properties": { "name": "Rustum Minor", "descriptio": "Unknown Line Type<BR><BR><B>NAME</B> = Merankhori Minor<BR><BR><B>TYPE</B> = Minor<BR><BR><B>NAME</B> = Rustum Minor<BR><B>LAYER</B> = Unknown Line Type<BR><BR><B>NAME</B> = Rustum Minor<BR><BR><B>TYPE</B> = Minor<BR><B>GM_TYPE</B> = Unknown Line Type" }, "geometry": { "type": "LineString", "coordinates": [ [ 68.77429216, 27.93694088, 0.0 ], [ 68.77676321, 27.94167986, 0.0 ], [ 68.78063165, 27.94529781, 0.0 ], [ 68.78313644, 27.94672231, 0.0 ], [ 68.78702832, 27.94824358, 0.0 ], [ 68.80762591, 27.9554591, 0.0 ], [ 68.81026147, 27.95675061, 0.0 ], [ 68.81188745, 27.95758147, 0.0 ], [ 68.81979982, 27.96457607, 0.0 ] ] } },
{ "type": "Feature", "properties": { "name": "Fall Minor", "descriptio": "Unknown Line Type<BR><BR><B>NAME</B> = Merankhori Minor<BR><BR><B>TYPE</B> = Minor<BR><BR><B>NAME</B> = Fall Minor<BR><B>LAYER</B> = Unknown Line Type<BR><BR><B>NAME</B> = Fall Minor<BR><BR><B>TYPE</B> = Minor<BR><B>GM_TYPE</B> = Unknown Line Type" }, "geometry": { "type": "LineString", "coordinates": [ [ 69.04877025, 28.40432008, 0.0 ], [ 69.0282692, 28.40694564, 0.0 ] ] } },
{ "type": "Feature", "properties": { "name": "Noon Minor 1", "descriptio": "Unknown Line Type<BR><BR><B>NAME</B> = Merankhori Minor<BR><BR><B>TYPE</B> = Minor<BR><BR><B>NAME</B> = Noon Minor 1<BR><B>LAYER</B> = Unknown Line Type<BR><BR><B>NAME</B> = Noon Minor 1<BR><BR><B>TYPE</B> = Minor<BR><B>GM_TYPE</B> = Unknown Line Type" }, "geometry": { "type": "LineString", "coordinates": [ [ 68.77879191, 27.97210965, 0.0 ], [ 68.77834219, 27.97292059, 0.0 ], [ 68.77587698, 27.97342175, 0.0 ], [ 68.77553866, 27.97452266, 0.0 ], [ 68.77651558, 27.97612672, 0.0 ], [ 68.77748817, 27.97990058, 0.0 ], [ 68.77822418, 27.98114069, 0.0 ], [ 68.77942618, 27.9822523, 0.0 ] ] } },
{ "type": "Feature", "properties": { "name": "Noon Minor 2", "descriptio": "Unknown Line Type<BR><BR><B>NAME</B> = Merankhori Minor<BR><BR><B>TYPE</B> = Minor<BR><BR><B>NAME</B> = Noon Minor 2<BR><B>LAYER</B> = Unknown Line Type<BR><BR><B>NAME</B> = Noon Minor 2<BR><BR><B>TYPE</B> = Minor<BR><B>GM_TYPE</B> = Unknown Line Type" }, "geometry": { "type": "LineString", "coordinates": [ [ 68.7609961, 27.97381323, 0.0 ], [ 68.7611531, 27.97581417, 0.0 ], [ 68.76171269, 27.9769926, 0.0 ], [ 68.76193331, 27.97854996, 0.0 ], [ 68.76483816, 27.9820664, 0.0 ], [ 68.7650955, 27.98392193, 0.0 ], [ 68.76488011, 27.99558287, 0.0 ] ] } },
{ "type": "Feature", "properties": { "name": "Khan pur Minor", "descriptio": "Unknown Line Type<BR><BR><B>NAME</B> = Merankhori Minor<BR><BR><B>TYPE</B> = Minor<BR><BR><B>NAME</B> = Khan pur Minor<BR><B>LAYER</B> = Unknown Line Type<BR><BR><B>NAME</B> = Khan pur Minor<BR><BR><B>TYPE</B> = Minor<BR><B>GM_TYPE</B> = Unknown Line Typ" }, "geometry": { "type": "LineString", "coordinates": [ [ 68.76079656, 27.97377019, 0.0 ], [ 68.76073459, 27.97582644, 0.0 ], [ 68.75539072, 27.98089241, 0.0 ], [ 68.75242569, 27.98555696, 0.0 ], [ 68.75018163, 27.98674254, 0.0 ], [ 68.74774786, 27.98709497, 0.0 ], [ 68.74479421, 27.98853413, 0.0 ], [ 68.74289756, 27.98853059, 0.0 ], [ 68.74075981, 27.98821836, 0.0 ], [ 68.73943996, 27.98740015, 0.0 ], [ 68.73664811, 27.98528749, 0.0 ], [ 68.73559827, 27.98370494, 0.0 ], [ 68.73556319, 27.98138227, 0.0 ], [ 68.73465134, 27.97825347, 0.0 ], [ 68.73559911, 27.97428338, 0.0 ], [ 68.73457371, 27.97061058, 0.0 ], [ 68.7338473, 27.96999734, 0.0 ] ] } },
{ "type": "Feature", "properties": { "name": "Metar Minor", "descriptio": "Unknown Line Type<BR><BR><B>NAME</B> = Merankhori Minor<BR><BR><B>TYPE</B> = Minor<BR><BR><B>NAME</B> = Metar Minor<BR><B>LAYER</B> = Unknown Line Type<BR><BR><B>NAME</B> = Metar Minor<BR><BR><B>TYPE</B> = Minor<BR><B>GM_TYPE</B> = Unknown Line Type" }, "geometry": { "type": "LineString", "coordinates": [ [ 68.66347216, 27.95813662, 0.0 ], [ 68.66076774, 27.96416708, 0.0 ], [ 68.65975815, 27.96800012, 0.0 ], [ 68.65743208, 27.98191296, 0.0 ] ] } },
{ "type": "Feature", "properties": { "name": "Wazira Abad Minor", "descriptio": "Unknown Line Type<BR><BR><B>NAME</B> = Merankhori Minor<BR><BR><B>TYPE</B> = Minor<BR><BR><B>NAME</B> = Wazira Abad Minor<BR><B>LAYER</B> = Unknown Line Type<BR><BR><B>NAME</B> = Wazira Abad Minor<BR><BR><B>TYPE</B> = Minor<BR><B>GM_TYPE</B> = Unknown Li" }, "geometry": { "type": "LineString", "coordinates": [ [ 68.69075969, 27.91114895, 0.0 ], [ 68.68985611, 27.91009536, 0.0 ], [ 68.68875337, 27.90710715, 0.0 ], [ 68.68815611, 27.90631399, 0.0 ], [ 68.68788321, 27.90315697, 0.0 ], [ 68.68827216, 27.90242516, 0.0 ], [ 68.68830276, 27.90075379, 0.0 ], [ 68.69229396, 27.89475411, 0.0 ], [ 68.69454996, 27.88192753, 0.0 ], [ 68.69423923, 27.87268702, 0.0 ], [ 68.69465813, 27.87042118, 0.0 ], [ 68.6975531, 27.86777152, 0.0 ], [ 68.69951145, 27.86814215, 0.0 ], [ 68.70209004, 27.86801037, 0.0 ], [ 68.70804996, 27.87177766, 0.0 ], [ 68.70972482, 27.87217047, 0.0 ] ] } },
{ "type": "Feature", "properties": { "name": "Lakhi Minor", "descriptio": "Unknown Line Type<BR><BR><B>NAME</B> = Merankhori Minor<BR><BR><B>TYPE</B> = Minor<BR><BR><B>NAME</B> = Lakhi Minor<BR><B>LAYER</B> = Unknown Line Type<BR><BR><B>NAME</B> = Lakhi Minor<BR><BR><B>TYPE</B> = Minor<BR><B>GM_TYPE</B> = Unknown Line Type" }, "geometry": { "type": "LineString", "coordinates": [ [ 68.68321532, 27.87853443, 0.0 ], [ 68.6874836, 27.86490638, 0.0 ], [ 68.68822014, 27.84428055, 0.0 ], [ 68.68778007, 27.84316778, 0.0 ], [ 68.68588148, 27.8414959, 0.0 ], [ 68.68564884, 27.84080049, 0.0 ], [ 68.68899051, 27.82113612, 0.0 ], [ 68.68812319, 27.81454158, 0.0 ] ] } },
{ "type": "Feature", "properties": { "name": "Kajli Minor", "descriptio": "Unknown Line Type<BR><BR><B>NAME</B> = Merankhori Minor<BR><BR><B>TYPE</B> = Minor<BR><BR><B>NAME</B> = Kajli Minor<BR><B>LAYER</B> = Unknown Line Type<BR><BR><B>NAME</B> = Kajli Minor<BR><BR><B>TYPE</B> = Minor<BR><B>GM_TYPE</B> = Unknown Line Type" }, "geometry": { "type": "LineString", "coordinates": [ [ 69.2215765, 28.37783784, 0.0 ], [ 69.22021728, 28.3778655, 0.0 ], [ 69.19666485, 28.36970317, 0.0 ], [ 69.19230937, 28.37138234, 0.0 ] ] } },
{ "type": "Feature", "properties": { "name": "Mari Minor", "descriptio": "Unknown Line Type<BR><BR><B>NAME</B> = Merankhori Minor<BR><BR><B>TYPE</B> = Minor<BR><BR><B>NAME</B> = Mari Minor<BR><B>LAYER</B> = Unknown Line Type<BR><BR><B>NAME</B> = Mari Minor<BR><BR><B>TYPE</B> = Minor<BR><B>GM_TYPE</B> = Unknown Line Type" }, "geometry": { "type": "LineString", "coordinates": [ [ 69.15559, 28.32488663, 0.0 ], [ 69.14038621, 28.3237925, 0.0 ], [ 69.11791178, 28.32718064, 0.0 ] ] } },
{ "type": "Feature", "properties": { "name": "Thallo Minor", "descriptio": "Unknown Line Type<BR><BR><B>NAME</B> = Merankhori Minor<BR><BR><B>TYPE</B> = Minor<BR><BR><B>NAME</B> = Thallo Minor<BR><B>LAYER</B> = Unknown Line Type<BR><BR><B>NAME</B> = Thallo Minor<BR><BR><B>TYPE</B> = Minor<BR><B>GM_TYPE</B> = Unknown Line Type" }, "geometry": { "type": "LineString", "coordinates": [ [ 69.36376066, 28.35066981, 0.0 ], [ 69.36255847, 28.34801293, 0.0 ], [ 69.36226866, 28.34008965, 0.0 ] ] } },
{ "type": "Feature", "properties": { "name": "Chachar Minor", "descriptio": "Unknown Line Type<BR><BR><B>NAME</B> = Merankhori Minor<BR><BR><B>TYPE</B> = Minor<BR><BR><B>NAME</B> = Chachar Minor<BR><B>LAYER</B> = Unknown Line Type<BR><BR><B>NAME</B> = Chachar Minor<BR><BR><B>TYPE</B> = Minor<BR><B>GM_TYPE</B> = Unknown Line Type" }, "geometry": { "type": "LineString", "coordinates": [ [ 69.3976274, 28.34505133, 0.0 ], [ 69.38386835, 28.32529768, 0.0 ], [ 69.3834677, 28.32466842, 0.0 ], [ 69.3835259, 28.32335179, 0.0 ] ] } },
{ "type": "Feature", "properties": { "name": "Zorghar Minor", "descriptio": "Unknown Line Type<BR><BR><B>NAME</B> = Merankhori Minor<BR><BR><B>TYPE</B> = Minor<BR><BR><B>NAME</B> = Zorghar Minor<BR><B>LAYER</B> = Unknown Line Type<BR><BR><B>NAME</B> = Zorghar Minor<BR><BR><B>TYPE</B> = Minor<BR><B>GM_TYPE</B> = Unknown Line Type" }, "geometry": { "type": "LineString", "coordinates": [ [ 69.30478126, 28.30219962, 0.0 ], [ 69.30561677, 28.30012958, 0.0 ], [ 69.30459351, 28.29344678, 0.0 ] ] } },
{ "type": "Feature", "properties": { "name": "Kashmore Minor", "descriptio": "Unknown Line Type<BR><BR><B>NAME</B> = Merankhori Minor<BR><BR><B>TYPE</B> = Minor<BR><BR><B>NAME</B> = Kashmore Minor<BR><B>LAYER</B> = Unknown Line Type<BR><BR><B>NAME</B> = Kashmore Minor<BR><BR><B>TYPE</B> = Minor<BR><B>GM_TYPE</B> = Unknown Line Typ" }, "geometry": { "type": "LineString", "coordinates": [ [ 69.59759603, 28.45053925, 0.0 ], [ 69.59134531, 28.45188966, 0.0 ], [ 69.58689817, 28.45215213, 0.0 ], [ 69.5528572, 28.4578036, 0.0 ], [ 69.51218868, 28.45498211, 0.0 ], [ 69.48138541, 28.44795362, 0.0 ], [ 69.47987385, 28.44629381, 0.0 ], [ 69.47386457, 28.43748888, 0.0 ], [ 69.47399452, 28.43241167, 0.0 ] ] } },
{ "type": "Feature", "properties": { "name": "Desert Minor", "descriptio": "Unknown Line Type<BR><BR><B>NAME</B> = Merankhori Minor<BR><BR><B>TYPE</B> = Minor<BR><BR><B>NAME</B> = Desert Minor<BR><B>LAYER</B> = Unknown Line Type<BR><BR><B>NAME</B> = Desert Minor<BR><BR><B>TYPE</B> = Minor<BR><B>GM_TYPE</B> = Unknown Line Type" }, "geometry": { "type": "LineString", "coordinates": [ [ 69.60021678, 28.44774435, 0.0 ], [ 69.5998842, 28.44706898, 0.0 ], [ 69.59897766, 28.4466073, 0.0 ], [ 69.59755186, 28.44756702, 0.0 ], [ 69.59534506, 28.44806456, 0.0 ], [ 69.59116592, 28.44861758, 0.0 ], [ 69.58611884, 28.44859501, 0.0 ], [ 69.55137981, 28.44384812, 0.0 ] ] } },
{ "type": "Feature", "properties": { "name": "Buxapur Minor", "descriptio": "Unknown Line Type<BR><BR><B>NAME</B> = Merankhori Minor<BR><BR><B>TYPE</B> = Minor<BR><BR><B>NAME</B> = Buxapur Minor<BR><B>LAYER</B> = Unknown Line Type<BR><BR><B>NAME</B> = Buxapur Minor<BR><BR><B>TYPE</B> = Minor<BR><B>GM_TYPE</B> = Unknown Line Type" }, "geometry": { "type": "LineString", "coordinates": [ [ 69.47583386, 28.42735276, 0.0 ], [ 69.475065, 28.42624964, 0.0 ], [ 69.46716664, 28.4257169, 0.0 ], [ 69.45563536, 28.42306408, 0.0 ], [ 69.41936502, 28.41008142, 0.0 ], [ 69.41449911, 28.40799869, 0.0 ], [ 69.40022155, 28.39922126, 0.0 ], [ 69.39674413, 28.39793123, 0.0 ], [ 69.39481975, 28.39748603, 0.0 ], [ 69.39151113, 28.39740677, 0.0 ], [ 69.37980307, 28.39868814, 0.0 ] ] } },
{ "type": "Feature", "properties": { "name": "Buxio Minor", "descriptio": "Unknown Line Type<BR><BR><B>NAME</B> = Merankhori Minor<BR><BR><B>TYPE</B> = Minor<BR><BR><B>NAME</B> = Buxio Minor<BR><B>LAYER</B> = Unknown Line Type<BR><BR><B>NAME</B> = Buxio Minor<BR><BR><B>TYPE</B> = Minor<BR><B>GM_TYPE</B> = Unknown Line Type" }, "geometry": { "type": "LineString", "coordinates": [ [ 69.47467707, 28.42714796, 0.0 ], [ 69.47170219, 28.42783326, 0.0 ], [ 69.45893625, 28.42849662, 0.0 ], [ 69.45204223, 28.42773499, 0.0 ], [ 69.44871835, 28.42700225, 0.0 ], [ 69.44722184, 28.42704851, 0.0 ], [ 69.44444517, 28.42854506, 0.0 ], [ 69.44003718, 28.43021786, 0.0 ], [ 69.43557361, 28.43101719, 0.0 ], [ 69.42830039, 28.42855114, 0.0 ] ] } },
{ "type": "Feature", "properties": { "name": "Risaldar Minor", "descriptio": "Unknown Line Type<BR><BR><B>NAME</B> = Merankhori Minor<BR><BR><B>TYPE</B> = Minor<BR><BR><B>NAME</B> = Risaldar Minor<BR><B>LAYER</B> = Unknown Line Type<BR><BR><B>NAME</B> = Risaldar Minor<BR><BR><B>TYPE</B> = Minor<BR><B>GM_TYPE</B> = Unknown Line Typ" }, "geometry": { "type": "LineString", "coordinates": [ [ 69.24101587, 28.41264574, 0.0 ], [ 69.21337773, 28.40669381, 0.0 ], [ 69.1957929, 28.40496362, 0.0 ], [ 69.1899119, 28.40516995, 0.0 ] ] } },
{ "type": "Feature", "properties": { "name": "Selachi Minor", "descriptio": "Unknown Line Type<BR><BR><B>NAME</B> = Merankhori Minor<BR><BR><B>TYPE</B> = Minor<BR><BR><B>NAME</B> = Selachi Minor<BR><B>LAYER</B> = Unknown Line Type<BR><BR><B>NAME</B> = Selachi Minor<BR><BR><B>TYPE</B> = Minor<BR><B>GM_TYPE</B> = Unknown Line Type" }, "geometry": { "type": "LineString", "coordinates": [ [ 69.42799162, 28.43568663, 0.0 ], [ 69.42496889, 28.44558316, 0.0 ], [ 69.42313965, 28.44722062, 0.0 ], [ 69.41962295, 28.44886553, 0.0 ], [ 69.41299644, 28.44803919, 0.0 ], [ 69.40478582, 28.4444573, 0.0 ], [ 69.40109942, 28.44329382, 0.0 ], [ 69.38871401, 28.44289332, 0.0 ] ] } },
{ "type": "Feature", "properties": { "name": "Dubi Minor", "descriptio": "Unknown Line Type<BR><BR><B>NAME</B> = Merankhori Minor<BR><BR><B>TYPE</B> = Minor<BR><BR><B>NAME</B> = Dubi Minor<BR><B>LAYER</B> = Unknown Line Type<BR><BR><B>NAME</B> = Dubi Minor<BR><BR><B>TYPE</B> = Minor<BR><B>GM_TYPE</B> = Unknown Line Type" }, "geometry": { "type": "LineString", "coordinates": [ [ 68.75280946, 28.32204965, 0.0 ], [ 68.75189916, 28.32175739, 0.0 ], [ 68.75185452, 28.31786699, 0.0 ], [ 68.75832963, 28.31146382, 0.0 ], [ 68.76091683, 28.30696932, 0.0 ], [ 68.76214104, 28.30459256, 0.0 ], [ 68.76274522, 28.29895243, 0.0 ], [ 68.76317699, 28.29761729, 0.0 ] ] } },
{ "type": "Feature", "properties": { "name": "Bhutta Minor", "descriptio": "Unknown Line Type<BR><BR><B>NAME</B> = Merankhori Minor<BR><BR><B>TYPE</B> = Minor<BR><BR><B>NAME</B> = Bhutta Minor<BR><B>LAYER</B> = Unknown Line Type<BR><BR><B>NAME</B> = Bhutta Minor<BR><BR><B>TYPE</B> = Minor<BR><B>GM_TYPE</B> = Unknown Line Type" }, "geometry": { "type": "LineString", "coordinates": [ [ 68.64853802, 28.32650833, 0.0 ], [ 68.64563476, 28.32383585, 0.0 ], [ 68.61366254, 28.31689609, 0.0 ], [ 68.60892565, 28.31682232, 0.0 ], [ 68.60677712, 28.31720792, 0.0 ], [ 68.59700464, 28.32045401, 0.0 ] ] } },
{ "type": "Feature", "properties": { "name": "Bahadurpur Minor", "descriptio": "Unknown Line Type<BR><BR><B>NAME</B> = Merankhori Minor<BR><BR><B>TYPE</B> = Minor<BR><BR><B>NAME</B> = Bahadurpur Minor<BR><B>LAYER</B> = Unknown Line Type<BR><BR><B>NAME</B> = Bahadurpur Minor<BR><BR><B>TYPE</B> = Minor<BR><B>GM_TYPE</B> = Unknown Line" }, "geometry": { "type": "LineString", "coordinates": [ [ 68.59335652, 28.36304633, 0.0 ], [ 68.54572652, 28.32970537, 0.0 ] ] } },
{ "type": "Feature", "properties": { "name": "Qaisar Minor", "descriptio": "Unknown Line Type<BR><BR><B>NAME</B> = Merankhori Minor<BR><BR><B>TYPE</B> = Minor<BR><BR><B>NAME</B> = Qaisar Minor<BR><B>LAYER</B> = Unknown Line Type<BR><BR><B>NAME</B> = Qaisar Minor<BR><BR><B>TYPE</B> = Minor<BR><B>GM_TYPE</B> = Unknown Line Type" }, "geometry": { "type": "LineString", "coordinates": [ [ 68.57363647, 28.42747579, 0.0 ], [ 68.57318844, 28.42711962, 0.0 ], [ 68.55855255, 28.42753574, 0.0 ], [ 68.55660271, 28.42732662, 0.0 ], [ 68.53689266, 28.41854094, 0.0 ], [ 68.51196927, 28.40666073, 0.0 ], [ 68.49232554, 28.40530778, 0.0 ], [ 68.48654455, 28.40528449, 0.0 ], [ 68.47959939, 28.40558257, 0.0 ], [ 68.47326541, 28.40632722, 0.0 ], [ 68.4642519, 28.40632158, 0.0 ], [ 68.45810227, 28.40666068, 0.0 ] ] } },
{ "type": "Feature", "properties": { "name": "Mistry Minor", "descriptio": "Unknown Line Type<BR><BR><B>NAME</B> = Merankhori Minor<BR><BR><B>TYPE</B> = Minor<BR><BR><B>NAME</B> = Mistry Minor<BR><B>LAYER</B> = Unknown Line Type<BR><BR><B>NAME</B> = Mistry Minor<BR><BR><B>TYPE</B> = Minor<BR><B>GM_TYPE</B> = Unknown Line Type" }, "geometry": { "type": "LineString", "coordinates": [ [ 68.91012227, 28.30245064, 0.0 ], [ 68.87521428, 28.31321976, 0.0 ], [ 68.84968003, 28.32178315, 0.0 ], [ 68.83208179, 28.32554321, 0.0 ], [ 68.79551866, 28.32939492, 0.0 ] ] } },
{ "type": "Feature", "properties": { "name": "Old Manghi Minor", "descriptio": "Unknown Line Type<BR><BR><B>NAME</B> = Merankhori Minor<BR><BR><B>TYPE</B> = Minor<BR><BR><B>NAME</B> = Old Manghi Minor<BR><B>LAYER</B> = Unknown Line Type<BR><BR><B>NAME</B> = Old Manghi Minor<BR><BR><B>TYPE</B> = Minor<BR><B>GM_TYPE</B> = Unknown Line" }, "geometry": { "type": "LineString", "coordinates": [ [ 68.90687525, 28.41077859, 0.0 ], [ 68.90667934, 28.39023095, 0.0 ] ] } },
{ "type": "Feature", "properties": { "name": "Tharo Minor", "descriptio": "Unknown Line Type<BR><BR><B>NAME</B> = Merankhori Minor<BR><BR><B>TYPE</B> = Minor<BR><BR><B>NAME</B> = Tharo Minor<BR><B>LAYER</B> = Unknown Line Type<BR><BR><B>NAME</B> = Tharo Minor<BR><BR><B>TYPE</B> = Minor<BR><B>GM_TYPE</B> = Unknown Line Type" }, "geometry": { "type": "LineString", "coordinates": [ [ 68.8576381, 28.41364737, 0.0 ], [ 68.85092631, 28.40721752, 0.0 ], [ 68.81423502, 28.37753424, 0.0 ] ] } },
{ "type": "Feature", "properties": { "name": "Anees Minor", "descriptio": "Unknown Line Type<BR><BR><B>NAME</B> = Merankhori Minor<BR><BR><B>TYPE</B> = Minor<BR><BR><B>NAME</B> = Anees Minor<BR><B>LAYER</B> = Unknown Line Type<BR><BR><B>NAME</B> = Anees Minor<BR><BR><B>TYPE</B> = Minor<BR><B>GM_TYPE</B> = Unknown Line Type" }, "geometry": { "type": "LineString", "coordinates": [ [ 68.80404632, 28.20451577, 0.0 ], [ 68.8025271, 28.2079333, 0.0 ], [ 68.80078244, 28.20997533, 0.0 ], [ 68.7961143, 28.21370496, 0.0 ], [ 68.78635787, 28.22251666, 0.0 ], [ 68.77890785, 28.23272731, 0.0 ] ] } },
{ "type": "Feature", "properties": { "name": "Amrote Minor", "descriptio": "Unknown Line Type<BR><BR><B>NAME</B> = Merankhori Minor<BR><BR><B>TYPE</B> = Minor<BR><BR><B>NAME</B> = Amrote Minor<BR><B>LAYER</B> = Unknown Line Type<BR><BR><B>NAME</B> = Amrote Minor<BR><BR><B>TYPE</B> = Minor<BR><B>GM_TYPE</B> = Unknown Line Type" }, "geometry": { "type": "LineString", "coordinates": [ [ 68.59295618, 27.89662422, 0.0 ], [ 68.59342734, 27.89333827, 0.0 ], [ 68.59226039, 27.89068774, 0.0 ], [ 68.59486536, 27.88641148, 0.0 ], [ 68.59593582, 27.88334965, 0.0 ], [ 68.59669862, 27.87861513, 0.0 ], [ 68.59930892, 27.87403508, 0.0 ], [ 68.59884384, 27.87253603, 0.0 ], [ 68.59888689, 27.87149128, 0.0 ], [ 68.5995223, 27.86933377, 0.0 ], [ 68.59855676, 27.8652907, 0.0 ], [ 68.59872116, 27.86379393, 0.0 ], [ 68.59767281, 27.86191637, 0.0 ], [ 68.59647176, 27.86055172, 0.0 ], [ 68.59590502, 27.85755982, 0.0 ], [ 68.59444919, 27.85517895, 0.0 ], [ 68.59261928, 27.85403544, 0.0 ], [ 68.59061111, 27.85356089, 0.0 ], [ 68.58958073, 27.85364709, 0.0 ], [ 68.58814574, 27.85442388, 0.0 ], [ 68.58693516, 27.85562526, 0.0 ], [ 68.5844933, 27.8568898, 0.0 ], [ 68.58302832, 27.85889374, 0.0 ], [ 68.58171747, 27.86002789, 0.0 ], [ 68.57963367, 27.86329267, 0.0 ], [ 68.57896915, 27.86621382, 0.0 ], [ 68.57821108, 27.86730494, 0.0 ], [ 68.57579677, 27.86783311, 0.0 ], [ 68.57326249, 27.87065163, 0.0 ], [ 68.57082058, 27.87180446, 0.0 ], [ 68.56396834, 27.87170092, 0.0 ] ] } },
{ "type": "Feature", "properties": { "name": "Nawab Distry", "descriptio": "Unknown Line Type<BR><BR><B>NAME</B> = Gharghagi Distry<BR><BR><B>TYPE</B> = Distry<BR><BR><B>NAME</B> = Nawab Distry<BR><B>LAYER</B> = Unknown Line Type<BR><BR><B>NAME</B> = Nawab Distry<BR><BR><B>TYPE</B> = Distry<BR><B>GM_TYPE</B> = Unknown Line Type" }, "geometry": { "type": "LineString", "coordinates": [ [ 67.75261765, 27.48331028, 0.0 ], [ 67.74735882, 27.47534236, 0.0 ], [ 67.74629054, 27.47256986, 0.0 ], [ 67.73055692, 27.40152253, 0.0 ], [ 67.73035075, 27.39706476, 0.0 ], [ 67.73194304, 27.39255124, 0.0 ], [ 67.73478914, 27.38902873, 0.0 ], [ 67.76048721, 27.36825815, 0.0 ] ] } },
{ "type": "Feature", "properties": { "name": "Kanwar Distry", "descriptio": "Unknown Line Type<BR><BR><B>NAME</B> = Gharghagi Distry<BR><BR><B>TYPE</B> = Distry<BR><BR><B>NAME</B> = Kanwar Distry<BR><B>LAYER</B> = Unknown Line Type<BR><BR><B>NAME</B> = Kanwar Distry<BR><BR><B>TYPE</B> = Distry<BR><B>GM_TYPE</B> = Unknown Line Typ" }, "geometry": { "type": "LineString", "coordinates": [ [ 67.69351254, 27.45723382, 0.0 ], [ 67.73351367, 27.48513975, 0.0 ], [ 67.78719535, 27.50492658, 0.0 ], [ 67.82778053, 27.5274795, 0.0 ], [ 67.83021761, 27.52912164, 0.0 ], [ 67.83437457, 27.53285816, 0.0 ], [ 67.8373811, 27.53683168, 0.0 ], [ 67.83975604, 27.54184658, 0.0 ], [ 67.84094392, 27.5461255, 0.0 ], [ 67.84121434, 27.54933, 0.0 ], [ 67.84155689, 27.54939431, 0.0 ] ] } },
{ "type": "Feature", "properties": { "name": "Punna Distry", "descriptio": "Unknown Line Type<BR><BR><B>NAME</B> = Gharghagi Distry<BR><BR><B>TYPE</B> = Distry<BR><BR><B>NAME</B> = Punna Distry<BR><B>LAYER</B> = Unknown Line Type<BR><BR><B>NAME</B> = Punna Distry<BR><BR><B>TYPE</B> = Distry<BR><B>GM_TYPE</B> = Unknown Line Type" }, "geometry": { "type": "LineString", "coordinates": [ [ 67.84155687, 27.54939657, 0.0 ], [ 67.8419783, 27.5491463, 0.0 ], [ 67.84198213, 27.54878064, 0.0 ], [ 67.83571196, 27.49751692, 0.0 ], [ 67.83464944, 27.49028899, 0.0 ], [ 67.83360504, 27.48771478, 0.0 ], [ 67.8288404, 27.48179251, 0.0 ], [ 67.77406955, 27.42106987, 0.0 ], [ 67.77254533, 27.41859028, 0.0 ], [ 67.77170639, 27.41641102, 0.0 ], [ 67.77130546, 27.41087704, 0.0 ] ] } },
{ "type": "Feature", "properties": { "name": "Nasir Distry", "descriptio": "Unknown Line Type<BR><BR><B>NAME</B> = Gharghagi Distry<BR><BR><B>TYPE</B> = Distry<BR><BR><B>NAME</B> = Nasir Distry<BR><B>LAYER</B> = Unknown Line Type<BR><BR><B>NAME</B> = Nasir Distry<BR><BR><B>TYPE</B> = Distry<BR><B>GM_TYPE</B> = Unknown Line Type" }, "geometry": { "type": "LineString", "coordinates": [ [ 67.69933588, 27.33367619, 0.0 ], [ 67.70551771, 27.35523318, 0.0 ], [ 67.70658873, 27.36927086, 0.0 ], [ 67.70893779, 27.38705035, 0.0 ], [ 67.71417522, 27.40396081, 0.0 ], [ 67.71603682, 27.41146647, 0.0 ], [ 67.7165992, 27.41292547, 0.0 ], [ 67.71876739, 27.41577491, 0.0 ], [ 67.71887383, 27.4217946, 0.0 ], [ 67.71861844, 27.42358433, 0.0 ], [ 67.71928681, 27.42753336, 0.0 ], [ 67.71915589, 27.43041317, 0.0 ], [ 67.71960773, 27.43280215, 0.0 ], [ 67.7213447, 27.43605253, 0.0 ], [ 67.73855679, 27.46318487, 0.0 ], [ 67.73984735, 27.46496589, 0.0 ], [ 67.74098773, 27.46565442, 0.0 ], [ 67.74283242, 27.46786432, 0.0 ], [ 67.74499266, 27.47239824, 0.0 ], [ 67.75261765, 27.48331028, 0.0 ] ] } },
{ "type": "Feature", "properties": { "name": "Mastoi Distry", "descriptio": "Unknown Line Type<BR><BR><B>NAME</B> = Gharghagi Distry<BR><BR><B>TYPE</B> = Distry<BR><BR><B>NAME</B> = Mastoi Distry<BR><B>LAYER</B> = Unknown Line Type<BR><BR><B>NAME</B> = Mastoi Distry<BR><BR><B>TYPE</B> = Distry<BR><B>GM_TYPE</B> = Unknown Line Typ" }, "geometry": { "type": "LineString", "coordinates": [ [ 68.01673782, 27.85822443, 0.0 ], [ 67.95939526, 27.82968118, 0.0 ], [ 67.87915853, 27.79581728, 0.0 ] ] } },
{ "type": "Feature", "properties": { "name": "Tanwari Distry", "descriptio": "Unknown Line Type<BR><BR><B>NAME</B> = Gharghagi Distry<BR><BR><B>TYPE</B> = Distry<BR><BR><B>NAME</B> = Tanwari Distry<BR><B>LAYER</B> = Unknown Line Type<BR><BR><B>NAME</B> = Tanwari Distry<BR><BR><B>TYPE</B> = Distry<BR><B>GM_TYPE</B> = Unknown Line T" }, "geometry": { "type": "LineString", "coordinates": [ [ 68.11334763, 27.86534692, 0.0 ], [ 68.04887341, 27.85905451, 0.0 ], [ 67.90860855, 27.85534872, 0.0 ], [ 67.90177223, 27.8549786, 0.0 ], [ 67.89773138, 27.85435056, 0.0 ], [ 67.84170356, 27.83790568, 0.0 ], [ 67.83906962, 27.83685456, 0.0 ], [ 67.83637131, 27.83517095, 0.0 ], [ 67.834437, 27.83326812, 0.0 ], [ 67.83268718, 27.83073492, 0.0 ], [ 67.82033576, 27.7987575, 0.0 ], [ 67.80711284, 27.7811998, 0.0 ] ] } },
{ "type": "Feature", "properties": { "name": "Laghari Distry", "descriptio": "Unknown Line Type<BR><BR><B>NAME</B> = Gharghagi Distry<BR><BR><B>TYPE</B> = Distry<BR><BR><B>NAME</B> = Laghari Distry<BR><B>LAYER</B> = Unknown Line Type<BR><BR><B>NAME</B> = Laghari Distry<BR><BR><B>TYPE</B> = Distry<BR><B>GM_TYPE</B> = Unknown Line T" }, "geometry": { "type": "LineString", "coordinates": [ [ 68.04067649, 27.94601304, 0.0 ], [ 68.02401632, 27.94460376, 0.0 ], [ 68.00101752, 27.94346745, 0.0 ], [ 67.94139521, 27.89005874, 0.0 ], [ 67.93865721, 27.88797959, 0.0 ], [ 67.93434186, 27.88619063, 0.0 ], [ 67.87912829, 27.873351, 0.0 ] ] } },
{ "type": "Feature", "properties": { "name": "Ding Distry", "descriptio": "Unknown Line Type<BR><BR><B>NAME</B> = Gharghagi Distry<BR><BR><B>TYPE</B> = Distry<BR><BR><B>NAME</B> = Ding Distry<BR><B>LAYER</B> = Unknown Line Type<BR><BR><B>NAME</B> = Ding Distry<BR><BR><B>TYPE</B> = Distry<BR><B>GM_TYPE</B> = Unknown Line Type" }, "geometry": { "type": "LineString", "coordinates": [ [ 68.06226386, 27.92402135, 0.0 ], [ 68.00343643, 27.88489516, 0.0 ] ] } },
{ "type": "Feature", "properties": { "name": "Gul Shah Distry", "descriptio": "Unknown Line Type<BR><BR><B>NAME</B> = Gharghagi Distry<BR><BR><B>TYPE</B> = Distry<BR><BR><B>NAME</B> = Gul Shah Distry<BR><B>LAYER</B> = Unknown Line Type<BR><BR><B>NAME</B> = Gul Shah Distry<BR><BR><B>TYPE</B> = Distry<BR><B>GM_TYPE</B> = Unknown Line" }, "geometry": { "type": "LineString", "coordinates": [ [ 68.11334763, 27.86534692, 0.0 ], [ 68.10786087, 27.86616656, 0.0 ], [ 68.10577455, 27.86689554, 0.0 ], [ 68.10205847, 27.86897359, 0.0 ], [ 68.09953522, 27.87134732, 0.0 ], [ 68.0976889, 27.87354096, 0.0 ], [ 68.09592753, 27.8764593, 0.0 ], [ 68.0879204, 27.8852032, 0.0 ], [ 68.08456331, 27.89026137, 0.0 ], [ 68.08146626, 27.89804987, 0.0 ], [ 68.07949684, 27.9068502, 0.0 ], [ 68.07858225, 27.90864565, 0.0 ], [ 68.06399219, 27.92277206, 0.0 ], [ 68.06136945, 27.92470124, 0.0 ], [ 68.05321912, 27.92967853, 0.0 ], [ 68.04917939, 27.93330089, 0.0 ], [ 68.04402816, 27.93996761, 0.0 ], [ 68.04071228, 27.94589849, 0.0 ] ] } },
{ "type": "Feature", "properties": { "name": "Sunharo Distry", "descriptio": "Unknown Line Type<BR><BR><B>NAME</B> = Gharghagi Distry<BR><BR><B>TYPE</B> = Distry<BR><BR><B>NAME</B> = Sunharo Distry<BR><B>LAYER</B> = Unknown Line Type<BR><BR><B>NAME</B> = Sunharo Distry<BR><BR><B>TYPE</B> = Distry<BR><B>GM_TYPE</B> = Unknown Line T" }, "geometry": { "type": "LineString", "coordinates": [ [ 68.11334763, 27.86534692, 0.0 ], [ 68.09201263, 27.85277807, 0.0 ], [ 67.97574462, 27.79906371, 0.0 ] ] } },
{ "type": "Feature", "properties": { "name": "Nim Distry", "descriptio": "Unknown Line Type<BR><BR><B>NAME</B> = Gharghagi Distry<BR><BR><B>TYPE</B> = Distry<BR><BR><B>NAME</B> = Nim Distry<BR><B>LAYER</B> = Unknown Line Type<BR><BR><B>NAME</B> = Nim Distry<BR><BR><B>TYPE</B> = Distry<BR><B>GM_TYPE</B> = Unknown Line Type" }, "geometry": { "type": "LineString", "coordinates": [ [ 68.41538895, 27.98104859, 0.0 ], [ 68.38568477, 27.95912976, 0.0 ], [ 68.34660812, 27.91077645, 0.0 ], [ 68.3435794, 27.90660087, 0.0 ], [ 68.33839633, 27.90151572, 0.0 ], [ 68.33333429, 27.89945487, 0.0 ], [ 68.32937817, 27.89844822, 0.0 ], [ 68.2717265, 27.88472174, 0.0 ] ] } },
{ "type": "Feature", "properties": { "name": "Kur Biro Distry", "descriptio": "Unknown Line Type<BR><BR><B>NAME</B> = Gharghagi Distry<BR><BR><B>TYPE</B> = Distry<BR><BR><B>NAME</B> = Kur Biro Distry<BR><B>LAYER</B> = Unknown Line Type<BR><BR><B>NAME</B> = Kur Biro Distry<BR><BR><B>TYPE</B> = Distry<BR><B>GM_TYPE</B> = Unknown Line" }, "geometry": { "type": "LineString", "coordinates": [ [ 68.2400472, 27.90525336, 0.0 ], [ 68.15567166, 27.89792438, 0.0 ], [ 68.15133566, 27.89839548, 0.0 ], [ 68.14862379, 27.89973621, 0.0 ], [ 68.14672276, 27.90167016, 0.0 ], [ 68.14460457, 27.90527687, 0.0 ], [ 68.13968127, 27.9151239, 0.0 ], [ 68.13512366, 27.92326803, 0.0 ], [ 68.13292984, 27.92645116, 0.0 ], [ 68.12608873, 27.93974581, 0.0 ], [ 68.12135112, 27.94652813, 0.0 ], [ 68.11563674, 27.95304832, 0.0 ], [ 68.11269471, 27.95766151, 0.0 ], [ 68.10885586, 27.96700049, 0.0 ], [ 68.10781355, 27.96855955, 0.0 ], [ 68.10519429, 27.97405548, 0.0 ], [ 68.10516791, 27.9772521, 0.0 ], [ 68.1048038, 27.97928122, 0.0 ], [ 68.10511802, 27.98169164, 0.0 ] ] } },
{ "type": "Feature", "properties": { "name": "Ahsan Distry", "descriptio": "Unknown Line Type<BR><BR><B>NAME</B> = Gharghagi Distry<BR><BR><B>TYPE</B> = Distry<BR><BR><B>NAME</B> = Ahsan Distry<BR><B>LAYER</B> = Unknown Line Type<BR><BR><B>NAME</B> = Ahsan Distry<BR><BR><B>TYPE</B> = Distry<BR><B>GM_TYPE</B> = Unknown Line Type" }, "geometry": { "type": "LineString", "coordinates": [ [ 68.49481006, 28.15911909, 0.0 ], [ 68.49104354, 28.10095676, 0.0 ], [ 68.490635, 28.09873525, 0.0 ], [ 68.48878419, 28.09521361, 0.0 ], [ 68.47444655, 28.07502589, 0.0 ], [ 68.43114955, 28.00999175, 0.0 ] ] } },
{ "type": "Feature", "properties": { "name": "Warisdino Distry", "descriptio": "Unknown Line Type<BR><BR><B>NAME</B> = Gharghagi Distry<BR><BR><B>TYPE</B> = Distry<BR><BR><B>NAME</B> = Warisdino Distry<BR><B>LAYER</B> = Unknown Line Type<BR><BR><B>NAME</B> = Warisdino Distry<BR><BR><B>TYPE</B> = Distry<BR><B>GM_TYPE</B> = Unknown Li" }, "geometry": { "type": "LineString", "coordinates": [ [ 68.2411056, 27.90574646, 0.0 ], [ 68.24023438, 27.90211048, 0.0 ], [ 68.24162973, 27.89797942, 0.0 ], [ 68.24423111, 27.89270542, 0.0 ], [ 68.25490068, 27.87399664, 0.0 ], [ 68.25570944, 27.87081971, 0.0 ], [ 68.25558821, 27.86886213, 0.0 ], [ 68.25519628, 27.86772572, 0.0 ], [ 68.2527799, 27.86441827, 0.0 ], [ 68.24784237, 27.86172377, 0.0 ], [ 68.24526712, 27.85926432, 0.0 ], [ 68.24337878, 27.85624498, 0.0 ], [ 68.2408795, 27.84971749, 0.0 ], [ 68.23915997, 27.84731616, 0.0 ], [ 68.23574847, 27.84415635, 0.0 ], [ 68.23065066, 27.84159438, 0.0 ], [ 68.2161748, 27.83603995, 0.0 ], [ 68.20334456, 27.83311075, 0.0 ] ] } },
{ "type": "Feature", "properties": { "name": "Qadir Distry", "descriptio": "Unknown Line Type<BR><BR><B>NAME</B> = Gharghagi Distry<BR><BR><B>TYPE</B> = Distry<BR><BR><B>NAME</B> = Qadir Distry<BR><B>LAYER</B> = Unknown Line Type<BR><BR><B>NAME</B> = Qadir Distry<BR><BR><B>TYPE</B> = Distry<BR><B>GM_TYPE</B> = Unknown Line Type" }, "geometry": { "type": "LineString", "coordinates": [ [ 68.30836881, 27.87772083, 0.0 ], [ 68.37240366, 27.88258601, 0.0 ], [ 68.37689625, 27.88248545, 0.0 ], [ 68.38201138, 27.88063518, 0.0 ], [ 68.38460576, 27.87919641, 0.0 ], [ 68.38638479, 27.87751227, 0.0 ], [ 68.3930091, 27.86696001, 0.0 ] ] } },
{ "type": "Feature", "properties": { "name": "Jalbani Distry", "descriptio": "Unknown Line Type<BR><BR><B>NAME</B> = Gharghagi Distry<BR><BR><B>TYPE</B> = Distry<BR><BR><B>NAME</B> = Jalbani Distry<BR><B>LAYER</B> = Unknown Line Type<BR><BR><B>NAME</B> = Jalbani Distry<BR><BR><B>TYPE</B> = Distry<BR><B>GM_TYPE</B> = Unknown Line T" }, "geometry": { "type": "LineString", "coordinates": [ [ 68.2929374, 27.81759609, 0.0 ], [ 68.28150952, 27.81199277, 0.0 ], [ 68.27755096, 27.81102247, 0.0 ], [ 68.2108493, 27.81230446, 0.0 ], [ 68.20301893, 27.81284153, 0.0 ], [ 68.19979031, 27.81319722, 0.0 ], [ 68.18912848, 27.81892469, 0.0 ], [ 68.18416383, 27.82087322, 0.0 ], [ 68.17019968, 27.83037788, 0.0 ] ] } },
{ "type": "Feature", "properties": { "name": "Kohri Distry", "descriptio": "Unknown Line Type<BR><BR><B>NAME</B> = Gharghagi Distry<BR><BR><B>TYPE</B> = Distry<BR><BR><B>NAME</B> = Kohri Distry<BR><B>LAYER</B> = Unknown Line Type<BR><BR><B>NAME</B> = Kohri Distry<BR><BR><B>TYPE</B> = Distry<BR><B>GM_TYPE</B> = Unknown Line Type" }, "geometry": { "type": "LineString", "coordinates": [ [ 68.29294616, 27.81760028, 0.0 ], [ 68.24208926, 27.78213321, 0.0 ], [ 68.21257046, 27.75704334, 0.0 ] ] } },
{ "type": "Feature", "properties": { "name": "Sijawal Distry", "descriptio": "Unknown Line Type<BR><BR><B>NAME</B> = Gharghagi Distry<BR><BR><B>TYPE</B> = Distry<BR><BR><B>NAME</B> = Sijawal Distry<BR><B>LAYER</B> = Unknown Line Type<BR><BR><B>NAME</B> = Sijawal Distry<BR><BR><B>TYPE</B> = Distry<BR><B>GM_TYPE</B> = Unknown Line T" }, "geometry": { "type": "LineString", "coordinates": [ [ 68.23956915, 27.90503069, 0.0 ], [ 68.20305633, 27.87874144, 0.0 ], [ 68.16817169, 27.85205576, 0.0 ], [ 68.14489421, 27.8362458, 0.0 ], [ 68.11072578, 27.80636256, 0.0 ], [ 68.08958554, 27.7886818, 0.0 ] ] } },
{ "type": "Feature", "properties": { "name": "Korai  Distry", "descriptio": "Unknown Line Type<BR><BR><B>NAME</B> = Gharghagi Distry<BR><BR><B>TYPE</B> = Distry<BR><BR><B>NAME</B> = Korai  Distry<BR><B>LAYER</B> = Unknown Line Type<BR><BR><B>NAME</B> = Korai  Distry<BR><BR><B>TYPE</B> = Distry<BR><B>GM_TYPE</B> = Unknown Line Typ" }, "geometry": { "type": "LineString", "coordinates": [ [ 69.0741568, 27.8098207, 0.0 ], [ 69.07559061, 27.80493476, 0.0 ], [ 69.07580544, 27.80267108, 0.0 ], [ 69.07663203, 27.80183484, 0.0 ], [ 69.0761789, 27.80076013, 0.0 ], [ 69.07660052, 27.79796617, 0.0 ], [ 69.07600266, 27.78978179, 0.0 ], [ 69.0775111, 27.78909635, 0.0 ], [ 69.07865812, 27.78741511, 0.0 ], [ 69.07875536, 27.78436787, 0.0 ], [ 69.08079275, 27.78286951, 0.0 ], [ 69.08467566, 27.77885876, 0.0 ], [ 69.08664344, 27.77625668, 0.0 ], [ 69.08731358, 27.77511631, 0.0 ], [ 69.08861877, 27.77099206, 0.0 ], [ 69.09290519, 27.76384482, 0.0 ], [ 69.09422926, 27.75950307, 0.0 ], [ 69.09444309, 27.75663075, 0.0 ], [ 69.09531719, 27.75471334, 0.0 ], [ 69.09498978, 27.75106228, 0.0 ], [ 69.09588181, 27.74760398, 0.0 ], [ 69.09626434, 27.74664229, 0.0 ], [ 69.09853704, 27.74409207, 0.0 ], [ 69.10035302, 27.73966299, 0.0 ] ] } },
{ "type": "Feature", "properties": { "name": "Tarai Distry", "descriptio": "Unknown Line Type<BR><BR><B>NAME</B> = Gharghagi Distry<BR><BR><B>TYPE</B> = Distry<BR><BR><B>NAME</B> = Tarai Distry<BR><B>LAYER</B> = Unknown Line Type<BR><BR><B>NAME</B> = Tarai Distry<BR><BR><B>TYPE</B> = Distry<BR><B>GM_TYPE</B> = Unknown Line Type" }, "geometry": { "type": "LineString", "coordinates": [ [ 68.44025365, 27.76623818, 0.0 ], [ 68.44156921, 27.76065155, 0.0 ], [ 68.44108291, 27.75902183, 0.0 ], [ 68.41692393, 27.73810408, 0.0 ] ] } },
{ "type": "Feature", "properties": { "name": "Ali Sher Distry", "descriptio": "Unknown Line Type<BR><BR><B>NAME</B> = Gharghagi Distry<BR><BR><B>TYPE</B> = Distry<BR><BR><B>NAME</B> = Ali Sher Distry<BR><B>LAYER</B> = Unknown Line Type<BR><BR><B>NAME</B> = Ali Sher Distry<BR><BR><B>TYPE</B> = Distry<BR><B>GM_TYPE</B> = Unknown Line" }, "geometry": { "type": "LineString", "coordinates": [ [ 68.12101013, 27.76293932, 0.0 ], [ 68.13817484, 27.76458744, 0.0 ], [ 68.16094912, 27.77094861, 0.0 ], [ 68.16492761, 27.77126854, 0.0 ], [ 68.16775311, 27.77089606, 0.0 ], [ 68.17421282, 27.7686932, 0.0 ], [ 68.17889031, 27.76644291, 0.0 ], [ 68.18279982, 27.76391888, 0.0 ], [ 68.18570088, 27.76158013, 0.0 ], [ 68.18902134, 27.75819424, 0.0 ], [ 68.19146124, 27.75515365, 0.0 ], [ 68.19613135, 27.74698069, 0.0 ], [ 68.20049011, 27.73845313, 0.0 ], [ 68.20236044, 27.73673676, 0.0 ], [ 68.21775221, 27.73478185, 0.0 ], [ 68.22315832, 27.73469462, 0.0 ], [ 68.24225663, 27.73593881, 0.0 ], [ 68.24263579, 27.73552509, 0.0 ] ] } },
{ "type": "Feature", "properties": { "name": "Thul Distry", "descriptio": "Unknown Line Type<BR><BR><B>NAME</B> = Gharghagi Distry<BR><BR><B>TYPE</B> = Distry<BR><BR><B>NAME</B> = Thul Distry<BR><B>LAYER</B> = Unknown Line Type<BR><BR><B>NAME</B> = Thul Distry<BR><BR><B>TYPE</B> = Distry<BR><B>GM_TYPE</B> = Unknown Line Type" }, "geometry": { "type": "LineString", "coordinates": [ [ 67.84663019, 27.72836548, 0.0 ], [ 67.85374412, 27.7324565, 0.0 ], [ 67.85973286, 27.7363556, 0.0 ], [ 67.86223189, 27.73751772, 0.0 ], [ 67.89093781, 27.74601939, 0.0 ], [ 67.89806145, 27.74788256, 0.0 ], [ 67.90162136, 27.74815888, 0.0 ], [ 67.90665992, 27.74744252, 0.0 ], [ 67.9540219, 27.73474783, 0.0 ], [ 67.95703779, 27.73358544, 0.0 ], [ 67.95916891, 27.73200236, 0.0 ], [ 67.96123135, 27.72960097, 0.0 ], [ 67.96251365, 27.72743305, 0.0 ] ] } },
{ "type": "Feature", "properties": { "name": "Panwharo Distry", "descriptio": "Unknown Line Type<BR><BR><B>NAME</B> = Gharghagi Distry<BR><BR><B>TYPE</B> = Distry<BR><BR><B>NAME</B> = Panwharo Distry<BR><B>LAYER</B> = Unknown Line Type<BR><BR><B>NAME</B> = Panwharo Distry<BR><BR><B>TYPE</B> = Distry<BR><B>GM_TYPE</B> = Unknown Line" }, "geometry": { "type": "LineString", "coordinates": [ [ 67.69643852, 27.50645021, 0.0 ], [ 67.78545681, 27.56070209, 0.0 ], [ 67.83721359, 27.5901205, 0.0 ], [ 67.85852878, 27.60684627, 0.0 ], [ 67.86183053, 27.60978791, 0.0 ], [ 67.86334872, 27.6117011, 0.0 ], [ 67.86607309, 27.6160217, 0.0 ], [ 67.8671371, 27.61835044, 0.0 ], [ 67.87601898, 27.64800067, 0.0 ], [ 67.87935937, 27.65803978, 0.0 ] ] } },
{ "type": "Feature", "properties": { "name": "Gopang Distry", "descriptio": "Unknown Line Type<BR><BR><B>NAME</B> = Gharghagi Distry<BR><BR><B>TYPE</B> = Distry<BR><BR><B>NAME</B> = Gopang Distry<BR><B>LAYER</B> = Unknown Line Type<BR><BR><B>NAME</B> = Gopang Distry<BR><BR><B>TYPE</B> = Distry<BR><B>GM_TYPE</B> = Unknown Line Typ" }, "geometry": { "type": "LineString", "coordinates": [ [ 67.84719047, 27.72821302, 0.0 ], [ 67.84594602, 27.69225338, 0.0 ], [ 67.84544007, 27.68926258, 0.0 ], [ 67.84345143, 27.68673727, 0.0 ], [ 67.83763054, 27.6845382, 0.0 ], [ 67.82334063, 27.67512409, 0.0 ] ] } },
{ "type": "Feature", "properties": { "name": "Chhori Distry", "descriptio": "Unknown Line Type<BR><BR><B>NAME</B> = Gharghagi Distry<BR><BR><B>TYPE</B> = Distry<BR><BR><B>NAME</B> = Chhori Distry<BR><B>LAYER</B> = Unknown Line Type<BR><BR><B>NAME</B> = Chhori Distry<BR><BR><B>TYPE</B> = Distry<BR><B>GM_TYPE</B> = Unknown Line Typ" }, "geometry": { "type": "LineString", "coordinates": [ [ 67.77125231, 27.66074354, 0.0 ], [ 67.78270549, 27.68371335, 0.0 ], [ 67.78505798, 27.6873243, 0.0 ], [ 67.78622541, 27.6885258, 0.0 ], [ 67.78928869, 27.69088009, 0.0 ], [ 67.82416402, 27.71361154, 0.0 ], [ 67.84106922, 27.72396592, 0.0 ], [ 67.84662771, 27.72782262, 0.0 ] ] } },
{ "type": "Feature", "properties": { "name": "Ghahaja Distry", "descriptio": "Unknown Line Type<BR><BR><B>NAME</B> = Gharghagi Distry<BR><BR><B>TYPE</B> = Distry<BR><BR><B>NAME</B> = Ghahaja Distry<BR><B>LAYER</B> = Unknown Line Type<BR><BR><B>NAME</B> = Ghahaja Distry<BR><BR><B>TYPE</B> = Distry<BR><B>GM_TYPE</B> = Unknown Line T" }, "geometry": { "type": "LineString", "coordinates": [ [ 68.58137223, 27.79912119, 0.0 ], [ 68.578366, 27.80028681, 0.0 ], [ 68.57677069, 27.801529, 0.0 ], [ 68.5750282, 27.80212232, 0.0 ], [ 68.57150282, 27.80654894, 0.0 ], [ 68.56989847, 27.81000201, 0.0 ], [ 68.56844297, 27.8119265, 0.0 ], [ 68.56487677, 27.81413641, 0.0 ] ] } },
{ "type": "Feature", "properties": { "name": "Akil Distry", "descriptio": "Unknown Line Type<BR><BR><B>NAME</B> = Gharghagi Distry<BR><BR><B>TYPE</B> = Distry<BR><BR><B>NAME</B> = Akil Distry<BR><B>LAYER</B> = Unknown Line Type<BR><BR><B>NAME</B> = Akil Distry<BR><BR><B>TYPE</B> = Distry<BR><B>GM_TYPE</B> = Unknown Line Type" }, "geometry": { "type": "LineString", "coordinates": [ [ 68.24295272, 27.73554397, 0.0 ], [ 68.24274118, 27.73510382, 0.0 ], [ 68.23630444, 27.73157301, 0.0 ], [ 68.22800097, 27.72970878, 0.0 ], [ 68.22485198, 27.72782211, 0.0 ], [ 68.22098646, 27.72731277, 0.0 ], [ 68.21782773, 27.72605523, 0.0 ], [ 68.21555785, 27.7263293, 0.0 ], [ 68.21292078, 27.72558237, 0.0 ], [ 68.20858483, 27.72279796, 0.0 ], [ 68.20550403, 27.72175558, 0.0 ], [ 68.20088518, 27.71820505, 0.0 ], [ 68.19766603, 27.71401429, 0.0 ], [ 68.19712224, 27.71087907, 0.0 ], [ 68.1957924, 27.70940591, 0.0 ], [ 68.18585083, 27.7048716, 0.0 ], [ 68.17922057, 27.70375781, 0.0 ], [ 68.17583866, 27.70404377, 0.0 ], [ 68.14953111, 27.70885734, 0.0 ], [ 68.14038068, 27.71235217, 0.0 ], [ 68.11043724, 27.72510821, 0.0 ] ] } },
{ "type": "Feature", "properties": { "name": "Unar Distry", "descriptio": "Unknown Line Type<BR><BR><B>NAME</B> = Gharghagi Distry<BR><BR><B>TYPE</B> = Distry<BR><BR><B>NAME</B> = Unar Distry<BR><B>LAYER</B> = Unknown Line Type<BR><BR><B>NAME</B> = Unar Distry<BR><BR><B>TYPE</B> = Distry<BR><B>GM_TYPE</B> = Unknown Line Type" }, "geometry": { "type": "LineString", "coordinates": [ [ 68.28486838, 27.73819453, 0.0 ], [ 68.28426433, 27.73849277, 0.0 ], [ 68.26562591, 27.73734363, 0.0 ] ] } },
{ "type": "Feature", "properties": { "name": "Nazar Distry", "descriptio": "Unknown Line Type<BR><BR><B>NAME</B> = Gharghagi Distry<BR><BR><B>TYPE</B> = Distry<BR><BR><B>NAME</B> = Nazar Distry<BR><B>LAYER</B> = Unknown Line Type<BR><BR><B>NAME</B> = Nazar Distry<BR><BR><B>TYPE</B> = Distry<BR><B>GM_TYPE</B> = Unknown Line Type" }, "geometry": { "type": "LineString", "coordinates": [ [ 68.38762575, 27.74480809, 0.0 ], [ 68.38560851, 27.7440707, 0.0 ], [ 68.3789648, 27.74328659, 0.0 ], [ 68.26770405, 27.73692395, 0.0 ] ] } },
{ "type": "Feature", "properties": { "name": "Wasand Distry", "descriptio": "Unknown Line Type<BR><BR><B>NAME</B> = Gharghagi Distry<BR><BR><B>TYPE</B> = Distry<BR><BR><B>NAME</B> = Wasand Distry<BR><B>LAYER</B> = Unknown Line Type<BR><BR><B>NAME</B> = Wasand Distry<BR><BR><B>TYPE</B> = Distry<BR><B>GM_TYPE</B> = Unknown Line Typ" }, "geometry": { "type": "LineString", "coordinates": [ [ 68.38788926, 27.74487424, 0.0 ], [ 68.38761597, 27.74299627, 0.0 ], [ 68.3864537, 27.74162249, 0.0 ], [ 68.36800376, 27.73424151, 0.0 ], [ 68.36568463, 27.73303493, 0.0 ], [ 68.31116584, 27.6997937, 0.0 ], [ 68.30923732, 27.69906151, 0.0 ], [ 68.30621536, 27.69846092, 0.0 ], [ 68.2842354, 27.69567752, 0.0 ] ] } },
{ "type": "Feature", "properties": { "name": "Jatoi Distry", "descriptio": "Unknown Line Type<BR><BR><B>NAME</B> = Gharghagi Distry<BR><BR><B>TYPE</B> = Distry<BR><BR><B>NAME</B> = Jatoi Distry<BR><B>LAYER</B> = Unknown Line Type<BR><BR><B>NAME</B> = Jatoi Distry<BR><BR><B>TYPE</B> = Distry<BR><B>GM_TYPE</B> = Unknown Line Type" }, "geometry": { "type": "LineString", "coordinates": [ [ 68.23179184, 27.46672625, 0.0 ], [ 68.22818309, 27.4701476, 0.0 ], [ 68.22681224, 27.47068425, 0.0 ], [ 68.20778169, 27.47287394, 0.0 ], [ 68.18839975, 27.46738322, 0.0 ] ] } },
{ "type": "Feature", "properties": { "name": "Baqarani Distry", "descriptio": "Unknown Line Type<BR><BR><B>NAME</B> = Gharghagi Distry<BR><BR><B>TYPE</B> = Distry<BR><BR><B>NAME</B> = Baqarani Distry<BR><B>LAYER</B> = Unknown Line Type<BR><BR><B>NAME</B> = Baqarani Distry<BR><BR><B>TYPE</B> = Distry<BR><B>GM_TYPE</B> = Unknown Line" }, "geometry": { "type": "LineString", "coordinates": [ [ 68.23179184, 27.46672625, 0.0 ], [ 68.23252435, 27.46445509, 0.0 ], [ 68.23193716, 27.46342328, 0.0 ], [ 68.2284465, 27.46259357, 0.0 ], [ 68.20228701, 27.45143398, 0.0 ], [ 68.1918287, 27.44436726, 0.0 ], [ 68.18849883, 27.4425203, 0.0 ], [ 68.17664862, 27.439491, 0.0 ] ] } },
{ "type": "Feature", "properties": { "name": "Gilles Pie Distry", "descriptio": "Unknown Line Type<BR><BR><B>NAME</B> = Gharghagi Distry<BR><BR><B>TYPE</B> = Distry<BR><BR><B>NAME</B> = Gilles Pie Distry<BR><B>LAYER</B> = Unknown Line Type<BR><BR><B>NAME</B> = Gilles Pie Distry<BR><BR><B>TYPE</B> = Distry<BR><B>GM_TYPE</B> = Unknown" }, "geometry": { "type": "LineString", "coordinates": [ [ 68.17938903, 27.37438099, 0.0 ], [ 68.19538165, 27.38197252, 0.0 ], [ 68.22616522, 27.40942485, 0.0 ], [ 68.25930045, 27.43471693, 0.0 ], [ 68.25990794, 27.44088971, 0.0 ], [ 68.25964255, 27.44177517, 0.0 ], [ 68.24317097, 27.46568047, 0.0 ], [ 68.24155987, 27.46835694, 0.0 ], [ 68.2410249, 27.47063798, 0.0 ], [ 68.23705853, 27.47029923, 0.0 ] ] } },
{ "type": "Feature", "properties": { "name": "Kur Matal Distry", "descriptio": "Unknown Line Type<BR><BR><B>NAME</B> = Gharghagi Distry<BR><BR><B>TYPE</B> = Distry<BR><BR><B>NAME</B> = Kur Matal Distry<BR><B>LAYER</B> = Unknown Line Type<BR><BR><B>NAME</B> = Kur Matal Distry<BR><BR><B>TYPE</B> = Distry<BR><B>GM_TYPE</B> = Unknown Li" }, "geometry": { "type": "LineString", "coordinates": [ [ 68.00764456, 27.53588319, 0.0 ], [ 68.00556265, 27.53782255, 0.0 ], [ 67.99749167, 27.542519, 0.0 ], [ 67.99265081, 27.54285675, 0.0 ], [ 67.99073613, 27.54367128, 0.0 ], [ 67.98738205, 27.54418533, 0.0 ], [ 67.98449899, 27.54567476, 0.0 ], [ 67.98333382, 27.5459148, 0.0 ], [ 67.98113383, 27.54738975, 0.0 ], [ 67.97945308, 27.54804014, 0.0 ], [ 67.96735565, 27.54828209, 0.0 ], [ 67.95451661, 27.54910703, 0.0 ], [ 67.95293029, 27.5495921, 0.0 ], [ 67.95049411, 27.55139618, 0.0 ], [ 67.94956118, 27.55165131, 0.0 ], [ 67.94849433, 27.55100643, 0.0 ], [ 67.94045857, 27.54954505, 0.0 ], [ 67.93927002, 27.54917208, 0.0 ], [ 67.93805207, 27.54831361, 0.0 ], [ 67.93653295, 27.54866597, 0.0 ], [ 67.9353102, 27.54830779, 0.0 ], [ 67.92911274, 27.54837795, 0.0 ], [ 67.92709243, 27.54772546, 0.0 ], [ 67.92595356, 27.54694736, 0.0 ] ] } },
{ "type": "Feature", "properties": { "name": "Lalan Distry", "descriptio": "Unknown Line Type<BR><BR><B>NAME</B> = Gharghagi Distry<BR><BR><B>TYPE</B> = Distry<BR><BR><B>NAME</B> = Lalan Distry<BR><B>LAYER</B> = Unknown Line Type<BR><BR><B>NAME</B> = Lalan Distry<BR><BR><B>TYPE</B> = Distry<BR><B>GM_TYPE</B> = Unknown Line Type" }, "geometry": { "type": "LineString", "coordinates": [ [ 68.54726796, 27.57636134, 0.0 ], [ 68.5518982, 27.57126465, 0.0 ], [ 68.55692793, 27.56665349, 0.0 ], [ 68.56304648, 27.56005374, 0.0 ], [ 68.58729378, 27.54666303, 0.0 ], [ 68.58929647, 27.54604662, 0.0 ], [ 68.59507472, 27.54548185, 0.0 ], [ 68.59794661, 27.54107326, 0.0 ], [ 68.60514129, 27.53208969, 0.0 ], [ 68.61278224, 27.52747681, 0.0 ], [ 68.61357016, 27.52628793, 0.0 ], [ 68.61359082, 27.51712889, 0.0 ], [ 68.60912816, 27.47828226, 0.0 ], [ 68.60859143, 27.47694661, 0.0 ], [ 68.60745661, 27.47601545, 0.0 ], [ 68.60077669, 27.47343786, 0.0 ], [ 68.56917855, 27.4642942, 0.0 ] ] } },
{ "type": "Feature", "properties": { "name": "Kur Hashim Distry", "descriptio": "Unknown Line Type<BR><BR><B>NAME</B> = Gharghagi Distry<BR><BR><B>TYPE</B> = Distry<BR><BR><B>NAME</B> = Kur Hashim Distry<BR><B>LAYER</B> = Unknown Line Type<BR><BR><B>NAME</B> = Kur Hashim Distry<BR><BR><B>TYPE</B> = Distry<BR><B>GM_TYPE</B> = Unknown" }, "geometry": { "type": "LineString", "coordinates": [ [ 67.97030815, 27.46095243, 0.0 ], [ 67.96145961, 27.46287021, 0.0 ], [ 67.96014208, 27.46285127, 0.0 ], [ 67.95000215, 27.46038764, 0.0 ], [ 67.94778841, 27.45959006, 0.0 ], [ 67.94291002, 27.45754915, 0.0 ], [ 67.93002054, 27.45098728, 0.0 ], [ 67.92689103, 27.45075563, 0.0 ], [ 67.92422655, 27.45004898, 0.0 ], [ 67.91612881, 27.44930011, 0.0 ], [ 67.91495911, 27.44940391, 0.0 ], [ 67.90652185, 27.45283142, 0.0 ], [ 67.90342591, 27.45329905, 0.0 ], [ 67.90126266, 27.45460447, 0.0 ], [ 67.89450849, 27.45762022, 0.0 ], [ 67.89013961, 27.45887184, 0.0 ], [ 67.88499526, 27.45923688, 0.0 ], [ 67.88329069, 27.45868162, 0.0 ], [ 67.87990022, 27.45672716, 0.0 ], [ 67.87835584, 27.45634461, 0.0 ] ] } },
{ "type": "Feature", "properties": { "name": "Hasla Distry", "descriptio": "Unknown Line Type<BR><BR><B>NAME</B> = Gharghagi Distry<BR><BR><B>TYPE</B> = Distry<BR><BR><B>NAME</B> = Hasla Distry<BR><B>LAYER</B> = Unknown Line Type<BR><BR><B>NAME</B> = Hasla Distry<BR><BR><B>TYPE</B> = Distry<BR><B>GM_TYPE</B> = Unknown Line Type" }, "geometry": { "type": "LineString", "coordinates": [ [ 67.98779336, 27.67169304, 0.0 ], [ 67.98865971, 27.67071898, 0.0 ], [ 67.99013589, 27.67002172, 0.0 ], [ 67.99371645, 27.6668889, 0.0 ], [ 67.99673431, 27.66500459, 0.0 ], [ 67.99963753, 27.66224801, 0.0 ], [ 68.00214641, 27.65896182, 0.0 ], [ 68.00449191, 27.65690913, 0.0 ], [ 68.02247792, 27.64752913, 0.0 ], [ 68.02291089, 27.64704194, 0.0 ], [ 68.02341084, 27.64590179, 0.0 ], [ 68.02396616, 27.64541554, 0.0 ], [ 68.02503404, 27.64237309, 0.0 ], [ 68.02574506, 27.63812993, 0.0 ], [ 68.02792475, 27.63395149, 0.0 ], [ 68.02910089, 27.63248916, 0.0 ], [ 68.02974128, 27.63081785, 0.0 ], [ 68.0347236, 27.61206815, 0.0 ] ] } },
{ "type": "Feature", "properties": { "name": "Sanhro Chillo Distry", "descriptio": "Unknown Line Type<BR><BR><B>NAME</B> = Gharghagi Distry<BR><BR><B>TYPE</B> = Distry<BR><BR><B>NAME</B> = Sanhro Chillo Distry<BR><B>LAYER</B> = Unknown Line Type<BR><BR><B>NAME</B> = Sanhro Chillo Distry<BR><BR><B>TYPE</B> = Distry<BR><B>GM_TYPE</B> = Un" }, "geometry": { "type": "LineString", "coordinates": [ [ 67.93957816, 27.41576033, 0.0 ], [ 67.93794173, 27.41513866, 0.0 ], [ 67.93390122, 27.41476586, 0.0 ], [ 67.93236706, 27.41394121, 0.0 ], [ 67.93169516, 27.41483769, 0.0 ], [ 67.92693735, 27.41525025, 0.0 ], [ 67.92195875, 27.41736988, 0.0 ], [ 67.92108535, 27.41578939, 0.0 ], [ 67.91524527, 27.41442855, 0.0 ], [ 67.91384387, 27.41360464, 0.0 ], [ 67.91216069, 27.41328791, 0.0 ], [ 67.90823448, 27.41123213, 0.0 ], [ 67.90484168, 27.41058467, 0.0 ], [ 67.90241335, 27.40899121, 0.0 ], [ 67.90213432, 27.40870815, 0.0 ], [ 67.90231809, 27.40689145, 0.0 ], [ 67.90108728, 27.40366407, 0.0 ], [ 67.89945139, 27.40310424, 0.0 ], [ 67.89810687, 27.4020374, 0.0 ], [ 67.89762506, 27.40046671, 0.0 ], [ 67.8944012, 27.40120988, 0.0 ], [ 67.89211428, 27.40110301, 0.0 ], [ 67.89017701, 27.40150232, 0.0 ], [ 67.88702915, 27.40127028, 0.0 ], [ 67.88387522, 27.40164418, 0.0 ], [ 67.8819532, 27.40240541, 0.0 ], [ 67.87480807, 27.40404965, 0.0 ], [ 67.8704444, 27.40435435, 0.0 ], [ 67.86265225, 27.40632783, 0.0 ], [ 67.86061389, 27.40634305, 0.0 ], [ 67.85681207, 27.40745958, 0.0 ], [ 67.85276779, 27.40780895, 0.0 ], [ 67.84923205, 27.40858152, 0.0 ], [ 67.8464868, 27.40779377, 0.0 ], [ 67.84511327, 27.40689848, 0.0 ] ] } },
{ "type": "Feature", "properties": { "name": "Wagan Distry", "descriptio": "Unknown Line Type<BR><BR><B>NAME</B> = Gharghagi Distry<BR><BR><B>TYPE</B> = Distry<BR><BR><B>NAME</B> = Wagan Distry<BR><B>LAYER</B> = Unknown Line Type<BR><BR><B>NAME</B> = Wagan Distry<BR><BR><B>TYPE</B> = Distry<BR><B>GM_TYPE</B> = Unknown Line Type" }, "geometry": { "type": "LineString", "coordinates": [ [ 67.97378353, 27.52240626, 0.0 ], [ 67.96631031, 27.50156233, 0.0 ], [ 67.96440309, 27.49903244, 0.0 ], [ 67.96147291, 27.49706503, 0.0 ], [ 67.96040244, 27.49679079, 0.0 ], [ 67.93171145, 27.4980945, 0.0 ], [ 67.93061089, 27.49779724, 0.0 ], [ 67.92767638, 27.49350031, 0.0 ], [ 67.92536344, 27.49088718, 0.0 ], [ 67.92304577, 27.48408547, 0.0 ], [ 67.92123209, 27.48116016, 0.0 ], [ 67.92012448, 27.47745503, 0.0 ], [ 67.91896117, 27.46963133, 0.0 ] ] } },
{ "type": "Feature", "properties": { "name": "Kalar Distry", "descriptio": "Unknown Line Type<BR><BR><B>NAME</B> = Gharghagi Distry<BR><BR><B>TYPE</B> = Distry<BR><BR><B>NAME</B> = Kalar Distry<BR><B>LAYER</B> = Unknown Line Type<BR><BR><B>NAME</B> = Kalar Distry<BR><BR><B>TYPE</B> = Distry<BR><B>GM_TYPE</B> = Unknown Line Type" }, "geometry": { "type": "LineString", "coordinates": [ [ 67.99862011, 27.62925677, 0.0 ], [ 67.99602877, 27.62828345, 0.0 ], [ 67.9927151, 27.62627588, 0.0 ], [ 67.98621096, 27.62204381, 0.0 ], [ 67.98378643, 27.61985002, 0.0 ], [ 67.98135003, 27.6163581, 0.0 ], [ 67.97662472, 27.60470148, 0.0 ], [ 67.97492543, 27.59890553, 0.0 ], [ 67.97337123, 27.59580247, 0.0 ], [ 67.96842775, 27.59171047, 0.0 ], [ 67.96549093, 27.58854804, 0.0 ], [ 67.92816195, 27.58901405, 0.0 ] ] } },
{ "type": "Feature", "properties": { "name": "Phatuhal Distry", "descriptio": "Unknown Line Type<BR><BR><B>NAME</B> = Gharghagi Distry<BR><BR><B>TYPE</B> = Distry<BR><BR><B>NAME</B> = Phatuhal Distry<BR><B>LAYER</B> = Unknown Line Type<BR><BR><B>NAME</B> = Phatuhal Distry<BR><BR><B>TYPE</B> = Distry<BR><B>GM_TYPE</B> = Unknown Line" }, "geometry": { "type": "LineString", "coordinates": [ [ 67.97763521, 27.63812573, 0.0 ], [ 67.97463218, 27.63852945, 0.0 ], [ 67.96658221, 27.63830887, 0.0 ], [ 67.96290041, 27.63867406, 0.0 ], [ 67.94451369, 27.63801378, 0.0 ], [ 67.93365333, 27.6381925, 0.0 ], [ 67.93022337, 27.63774769, 0.0 ], [ 67.92464515, 27.63642182, 0.0 ], [ 67.92141082, 27.63616114, 0.0 ], [ 67.91375693, 27.63444477, 0.0 ], [ 67.90701523, 27.63475831, 0.0 ], [ 67.89952331, 27.63414592, 0.0 ], [ 67.89121654, 27.6320902, 0.0 ], [ 67.88710104, 27.62995659, 0.0 ], [ 67.88230388, 27.63004896, 0.0 ], [ 67.88158777, 27.62783542, 0.0 ], [ 67.88203651, 27.62710603, 0.0 ], [ 67.88144552, 27.62445722, 0.0 ] ] } },
{ "type": "Feature", "properties": { "name": "Garhi Distry", "descriptio": "Unknown Line Type<BR><BR><B>NAME</B> = Gharghagi Distry<BR><BR><B>TYPE</B> = Distry<BR><BR><B>NAME</B> = Garhi Distry<BR><B>LAYER</B> = Unknown Line Type<BR><BR><B>NAME</B> = Garhi Distry<BR><BR><B>TYPE</B> = Distry<BR><B>GM_TYPE</B> = Unknown Line Type" }, "geometry": { "type": "LineString", "coordinates": [ [ 68.12658309, 27.60354335, 0.0 ], [ 68.1253142, 27.60239726, 0.0 ], [ 68.12382672, 27.5983464, 0.0 ], [ 68.12331901, 27.59599994, 0.0 ], [ 68.1195917, 27.58905352, 0.0 ], [ 68.11747809, 27.58553753, 0.0 ], [ 68.11494977, 27.58230244, 0.0 ], [ 68.10811709, 27.57200174, 0.0 ], [ 68.10809239, 27.57112106, 0.0 ], [ 68.10738225, 27.57020756, 0.0 ], [ 68.10663933, 27.56743352, 0.0 ], [ 68.10517581, 27.56449085, 0.0 ], [ 68.10306436, 27.5628875, 0.0 ], [ 68.09943047, 27.56270063, 0.0 ], [ 68.09750731, 27.5615172, 0.0 ], [ 68.09587344, 27.56153536, 0.0 ], [ 68.09552897, 27.56106786, 0.0 ], [ 68.09451083, 27.5610069, 0.0 ], [ 68.09428881, 27.56071321, 0.0 ], [ 68.0940888, 27.55628369, 0.0 ], [ 68.09442837, 27.55561432, 0.0 ], [ 68.09407378, 27.55449106, 0.0 ], [ 68.09462106, 27.55368893, 0.0 ], [ 68.09436835, 27.55215955, 0.0 ], [ 68.09792078, 27.5477575, 0.0 ], [ 68.09664287, 27.54555197, 0.0 ], [ 68.09597879, 27.54537833, 0.0 ], [ 68.09569742, 27.54491088, 0.0 ], [ 68.09550239, 27.54356925, 0.0 ], [ 68.09576381, 27.54229097, 0.0 ], [ 68.09544744, 27.54144846, 0.0 ], [ 68.09495996, 27.54098472, 0.0 ], [ 68.09300956, 27.54033265, 0.0 ], [ 68.09226557, 27.5393192, 0.0 ], [ 68.09128132, 27.53924265, 0.0 ], [ 68.08936254, 27.53785019, 0.0 ], [ 68.08698567, 27.53412859, 0.0 ], [ 68.08693855, 27.53215163, 0.0 ], [ 68.08367159, 27.52784893, 0.0 ], [ 68.08093749, 27.52678908, 0.0 ], [ 68.07820108, 27.52653387, 0.0 ], [ 68.0769636, 27.52694092, 0.0 ], [ 68.07681235, 27.52763478, 0.0 ], [ 68.07629483, 27.52785509, 0.0 ], [ 68.0709326, 27.52778525, 0.0 ] ] } },
{ "type": "Feature", "properties": { "name": "Kilch Distry", "descriptio": "Unknown Line Type<BR><BR><B>NAME</B> = Gharghagi Distry<BR><BR><B>TYPE</B> = Distry<BR><BR><B>NAME</B> = Kilch Distry<BR><B>LAYER</B> = Unknown Line Type<BR><BR><B>NAME</B> = Kilch Distry<BR><BR><B>TYPE</B> = Distry<BR><B>GM_TYPE</B> = Unknown Line Type" }, "geometry": { "type": "LineString", "coordinates": [ [ 68.26789957, 27.98184564, 0.0 ], [ 68.25660491, 27.96905584, 0.0 ], [ 68.25440262, 27.96741661, 0.0 ], [ 68.22959627, 27.95594946, 0.0 ], [ 68.22706351, 27.95511614, 0.0 ], [ 68.2237327, 27.95462033, 0.0 ], [ 68.21918332, 27.95492085, 0.0 ], [ 68.10705333, 27.98124459, 0.0 ], [ 68.10546409, 27.98244919, 0.0 ], [ 68.104982, 27.98328924, 0.0 ], [ 68.10529832, 27.98973225, 0.0 ], [ 68.10466185, 27.99328814, 0.0 ], [ 68.10390265, 27.99571909, 0.0 ], [ 68.10049282, 28.00254397, 0.0 ], [ 68.10091907, 28.00562693, 0.0 ], [ 68.09861829, 28.01378447, 0.0 ] ] } },
{ "type": "Feature", "properties": { "name": "Salar Distry", "descriptio": "Unknown Line Type<BR><BR><B>NAME</B> = Gharghagi Distry<BR><BR><B>TYPE</B> = Distry<BR><BR><B>NAME</B> = Salar Distry<BR><B>LAYER</B> = Unknown Line Type<BR><BR><B>NAME</B> = Salar Distry<BR><BR><B>TYPE</B> = Distry<BR><B>GM_TYPE</B> = Unknown Line Type" }, "geometry": { "type": "LineString", "coordinates": [ [ 68.41538895, 27.98104859, 0.0 ], [ 68.35361415, 27.98959237, 0.0 ], [ 68.35051839, 27.9897647, 0.0 ], [ 68.26820775, 27.98178979, 0.0 ], [ 68.19956003, 28.01002282, 0.0 ], [ 68.19459679, 28.01095824, 0.0 ] ] } },
{ "type": "Feature", "properties": { "name": "Arther Distry", "descriptio": "Unknown Line Type<BR><BR><B>NAME</B> = Gharghagi Distry<BR><BR><B>TYPE</B> = Distry<BR><BR><B>NAME</B> = Arther Distry<BR><B>LAYER</B> = Unknown Line Type<BR><BR><B>NAME</B> = Arther Distry<BR><BR><B>TYPE</B> = Distry<BR><B>GM_TYPE</B> = Unknown Line Typ" }, "geometry": { "type": "LineString", "coordinates": [ [ 68.11056533, 27.43492815, 0.0 ], [ 68.10959295, 27.43467157, 0.0 ], [ 68.09302576, 27.41037056, 0.0 ], [ 68.04614656, 27.40866414, 0.0 ] ] } },
{ "type": "Feature", "properties": { "name": "Saidu Distry", "descriptio": "Unknown Line Type<BR><BR><B>NAME</B> = Gharghagi Distry<BR><BR><B>TYPE</B> = Distry<BR><BR><B>NAME</B> = Saidu Distry<BR><B>LAYER</B> = Unknown Line Type<BR><BR><B>NAME</B> = Saidu Distry<BR><BR><B>TYPE</B> = Distry<BR><B>GM_TYPE</B> = Unknown Line Type" }, "geometry": { "type": "LineString", "coordinates": [ [ 68.3549635, 27.67749954, 0.0 ], [ 68.35443574, 27.67758174, 0.0 ], [ 68.35253862, 27.67594874, 0.0 ], [ 68.33778718, 27.66211353, 0.0 ], [ 68.33278378, 27.65824988, 0.0 ], [ 68.33138042, 27.65817597, 0.0 ], [ 68.31756056, 27.66284956, 0.0 ], [ 68.31438435, 27.66309743, 0.0 ], [ 68.31148946, 27.66231726, 0.0 ], [ 68.29470354, 27.65435096, 0.0 ], [ 68.29239694, 27.65375517, 0.0 ], [ 68.26479549, 27.65335007, 0.0 ], [ 68.24834898, 27.65586599, 0.0 ], [ 68.21576817, 27.66344708, 0.0 ], [ 68.21227946, 27.66342008, 0.0 ], [ 68.21135581, 27.66381835, 0.0 ] ] } },
{ "type": "Feature", "properties": { "name": "Hira Wah Distry", "descriptio": "Unknown Line Type<BR><BR><B>NAME</B> = Gharghagi Distry<BR><BR><B>TYPE</B> = Distry<BR><BR><B>NAME</B> = Hira Wah Distry<BR><B>LAYER</B> = Unknown Line Type<BR><BR><B>NAME</B> = Hira Wah Distry<BR><BR><B>TYPE</B> = Distry<BR><B>GM_TYPE</B> = Unknown Line" }, "geometry": { "type": "LineString", "coordinates": [ [ 68.26527938, 27.61915551, 0.0 ], [ 68.26473095, 27.62017574, 0.0 ], [ 68.26176334, 27.62305998, 0.0 ], [ 68.26041669, 27.62509419, 0.0 ], [ 68.25959505, 27.62588144, 0.0 ], [ 68.25808968, 27.62643144, 0.0 ], [ 68.25596048, 27.62654983, 0.0 ], [ 68.2543739, 27.62617794, 0.0 ], [ 68.25165586, 27.62441272, 0.0 ], [ 68.25003989, 27.62254943, 0.0 ], [ 68.24863203, 27.62180371, 0.0 ], [ 68.2453397, 27.62171309, 0.0 ], [ 68.24131587, 27.623417, 0.0 ], [ 68.23826102, 27.62349394, 0.0 ], [ 68.23745742, 27.62318799, 0.0 ], [ 68.23564424, 27.6236458, 0.0 ], [ 68.23321985, 27.62374723, 0.0 ], [ 68.2292329, 27.62611598, 0.0 ], [ 68.22622581, 27.62887385, 0.0 ], [ 68.21994537, 27.63264923, 0.0 ], [ 68.21351838, 27.63581877, 0.0 ], [ 68.20577713, 27.63867092, 0.0 ], [ 68.20117276, 27.64309031, 0.0 ], [ 68.20069994, 27.64386729, 0.0 ], [ 68.19721591, 27.6470659, 0.0 ], [ 68.1965955, 27.6472494, 0.0 ], [ 68.194186, 27.64994466, 0.0 ], [ 68.18823943, 27.65328466, 0.0 ], [ 68.18735915, 27.65440795, 0.0 ], [ 68.18384879, 27.65727211, 0.0 ], [ 68.18249333, 27.6592849, 0.0 ], [ 68.18122292, 27.66203944, 0.0 ], [ 68.17956134, 27.66280146, 0.0 ], [ 68.17687372, 27.6658028, 0.0 ], [ 68.17419291, 27.66760167, 0.0 ] ] } },
{ "type": "Feature", "properties": { "name": "Mir Wah Distry", "descriptio": "Unknown Line Type<BR><BR><B>NAME</B> = Gharghagi Distry<BR><BR><B>TYPE</B> = Distry<BR><BR><B>NAME</B> = Mir Wah Distry<BR><B>LAYER</B> = Unknown Line Type<BR><BR><B>NAME</B> = Mir Wah Distry<BR><BR><B>TYPE</B> = Distry<BR><B>GM_TYPE</B> = Unknown Line T" }, "geometry": { "type": "LineString", "coordinates": [ [ 68.35805576, 27.6802259, 0.0 ], [ 68.35521869, 27.68031842, 0.0 ], [ 68.35272012, 27.6794701, 0.0 ], [ 68.34980271, 27.6792382, 0.0 ], [ 68.34327416, 27.6799494, 0.0 ], [ 68.34186824, 27.67838717, 0.0 ], [ 68.34025085, 27.67930938, 0.0 ], [ 68.34013275, 27.68009314, 0.0 ], [ 68.33840969, 27.68179616, 0.0 ], [ 68.33836488, 27.68296114, 0.0 ], [ 68.33662677, 27.68509288, 0.0 ], [ 68.33512467, 27.68563695, 0.0 ], [ 68.3338774, 27.68486271, 0.0 ], [ 68.33133437, 27.68656206, 0.0 ], [ 68.32646198, 27.68688016, 0.0 ], [ 68.32450852, 27.68616981, 0.0 ], [ 68.31753001, 27.67793945, 0.0 ], [ 68.31589789, 27.67814819, 0.0 ], [ 68.31500513, 27.67970402, 0.0 ], [ 68.3128908, 27.67980141, 0.0 ], [ 68.31207562, 27.68032274, 0.0 ], [ 68.30906432, 27.68032725, 0.0 ], [ 68.30687191, 27.68096081, 0.0 ], [ 68.30657699, 27.6799547, 0.0 ], [ 68.30627544, 27.6798411, 0.0 ], [ 68.30436746, 27.68086233, 0.0 ], [ 68.3021355, 27.68133289, 0.0 ], [ 68.29918306, 27.68115074, 0.0 ], [ 68.2961769, 27.68059767, 0.0 ], [ 68.29339317, 27.67921596, 0.0 ], [ 68.29063633, 27.67972815, 0.0 ], [ 68.28882386, 27.67748379, 0.0 ], [ 68.28391068, 27.67361642, 0.0 ], [ 68.27739743, 27.67179313, 0.0 ], [ 68.27599411, 27.6711097, 0.0 ], [ 68.27157324, 27.67182301, 0.0 ], [ 68.26438211, 27.67218034, 0.0 ], [ 68.26259254, 27.67196685, 0.0 ], [ 68.25922389, 27.67266569, 0.0 ], [ 68.25571642, 27.67223894, 0.0 ], [ 68.2527798, 27.67333263, 0.0 ], [ 68.25205833, 27.67408092, 0.0 ], [ 68.25096672, 27.67447025, 0.0 ], [ 68.24783178, 27.67488938, 0.0 ], [ 68.24411423, 27.67583812, 0.0 ], [ 68.24108906, 27.67736312, 0.0 ], [ 68.23823745, 27.67711877, 0.0 ], [ 68.23530821, 27.67946323, 0.0 ], [ 68.22862753, 27.68220349, 0.0 ], [ 68.22227769, 27.68362821, 0.0 ], [ 68.219666, 27.68432933, 0.0 ], [ 68.21753507, 27.68529088, 0.0 ], [ 68.21627959, 27.685341, 0.0 ], [ 68.21341796, 27.68619492, 0.0 ], [ 68.21149303, 27.68630004, 0.0 ], [ 68.20946185, 27.68564658, 0.0 ], [ 68.20788531, 27.68560842, 0.0 ] ] } },
{ "type": "Feature", "properties": { "name": "Abro Distry", "descriptio": "Unknown Line Type<BR><BR><B>NAME</B> = Gharghagi Distry<BR><BR><B>TYPE</B> = Distry<BR><BR><B>NAME</B> = Abro Distry<BR><B>LAYER</B> = Unknown Line Type<BR><BR><B>NAME</B> = Abro Distry<BR><BR><B>TYPE</B> = Distry<BR><B>GM_TYPE</B> = Unknown Line Type" }, "geometry": { "type": "LineString", "coordinates": [ [ 68.20748099, 27.56185924, 0.0 ], [ 68.20583419, 27.56310286, 0.0 ], [ 68.20457178, 27.56522358, 0.0 ], [ 68.1975075, 27.56892159, 0.0 ], [ 68.19548554, 27.56929123, 0.0 ], [ 68.19335989, 27.57022188, 0.0 ], [ 68.19149299, 27.56833878, 0.0 ], [ 68.19090135, 27.56721058, 0.0 ], [ 68.18919907, 27.56685164, 0.0 ], [ 68.18856495, 27.5660415, 0.0 ], [ 68.18725241, 27.56563075, 0.0 ], [ 68.18555474, 27.56450607, 0.0 ], [ 68.18450918, 27.56442286, 0.0 ], [ 68.1835918, 27.56340706, 0.0 ], [ 68.18239712, 27.56282078, 0.0 ], [ 68.18224233, 27.56177607, 0.0 ], [ 68.18118798, 27.56098925, 0.0 ], [ 68.18042419, 27.55987091, 0.0 ], [ 68.18007042, 27.55807915, 0.0 ], [ 68.17365057, 27.55462199, 0.0 ], [ 68.17198325, 27.55407956, 0.0 ], [ 68.17102812, 27.55409201, 0.0 ], [ 68.16177291, 27.55704784, 0.0 ], [ 68.16081212, 27.55647226, 0.0 ], [ 68.15795113, 27.55643753, 0.0 ], [ 68.15609795, 27.55562167, 0.0 ], [ 68.15420994, 27.5537856, 0.0 ], [ 68.15271511, 27.55161146, 0.0 ], [ 68.15034724, 27.55127498, 0.0 ], [ 68.1490291, 27.55007293, 0.0 ], [ 68.14944618, 27.54693913, 0.0 ], [ 68.14864573, 27.54373993, 0.0 ] ] } },
{ "type": "Feature", "properties": { "name": "Shah Beg Distry", "descriptio": "Unknown Line Type<BR><BR><B>NAME</B> = Gharghagi Distry<BR><BR><B>TYPE</B> = Distry<BR><BR><B>NAME</B> = Shah Beg Distry<BR><B>LAYER</B> = Unknown Line Type<BR><BR><B>NAME</B> = Shah Beg Distry<BR><BR><B>TYPE</B> = Distry<BR><B>GM_TYPE</B> = Unknown Line" }, "geometry": { "type": "LineString", "coordinates": [ [ 67.70772592, 27.87560876, 0.0 ], [ 67.70960125, 27.87454106, 0.0 ], [ 67.71029171, 27.87370158, 0.0 ], [ 67.71060361, 27.87322106, 0.0 ], [ 67.71083095, 27.87125922, 0.0 ], [ 67.71181969, 27.81978354, 0.0 ], [ 67.71202713, 27.81661295, 0.0 ], [ 67.71281731, 27.81384179, 0.0 ], [ 67.7142109, 27.81101452, 0.0 ], [ 67.74528324, 27.75771397, 0.0 ], [ 67.75674412, 27.73878837, 0.0 ] ] } },
{ "type": "Feature", "properties": { "name": "Dhori Distry", "descriptio": "Unknown Line Type<BR><BR><B>NAME</B> = Gharghagi Distry<BR><BR><B>TYPE</B> = Distry<BR><BR><B>NAME</B> = Dhori Distry<BR><B>LAYER</B> = Unknown Line Type<BR><BR><B>NAME</B> = Dhori Distry<BR><BR><B>TYPE</B> = Distry<BR><B>GM_TYPE</B> = Unknown Line Type" }, "geometry": { "type": "LineString", "coordinates": [ [ 67.62423699, 27.91995552, 0.0 ], [ 67.64940022, 27.76654014, 0.0 ], [ 67.65116339, 27.75660964, 0.0 ], [ 67.65305606, 27.75192576, 0.0 ] ] } },
{ "type": "Feature", "properties": { "name": "Qubo Distry", "descriptio": "Unknown Line Type<BR><BR><B>NAME</B> = Gharghagi Distry<BR><BR><B>TYPE</B> = Distry<BR><BR><B>NAME</B> = Qubo Distry<BR><B>LAYER</B> = Unknown Line Type<BR><BR><B>NAME</B> = Qubo Distry<BR><BR><B>TYPE</B> = Distry<BR><B>GM_TYPE</B> = Unknown Line Type" }, "geometry": { "type": "LineString", "coordinates": [ [ 67.71919234, 27.93107421, 0.0 ], [ 67.71115039, 27.91283972, 0.0 ], [ 67.71006011, 27.90946978, 0.0 ], [ 67.70985323, 27.90697145, 0.0 ], [ 67.71047914, 27.88521449, 0.0 ], [ 67.71016536, 27.88064795, 0.0 ], [ 67.70878443, 27.87743861, 0.0 ], [ 67.70610644, 27.87263729, 0.0 ], [ 67.69619439, 27.85048326, 0.0 ], [ 67.68677145, 27.82717493, 0.0 ], [ 67.69657871, 27.7540463, 0.0 ], [ 67.69883173, 27.74019105, 0.0 ], [ 67.69971087, 27.73809616, 0.0 ], [ 67.70392897, 27.73147586, 0.0 ], [ 67.70499393, 27.73031743, 0.0 ], [ 67.70648477, 27.72647565, 0.0 ], [ 67.708087, 27.72432907, 0.0 ], [ 67.70825657, 27.71821736, 0.0 ] ] } },
{ "type": "Feature", "properties": { "name": "Patuja Distry", "descriptio": "Unknown Line Type<BR><BR><B>NAME</B> = Gharghagi Distry<BR><BR><B>TYPE</B> = Distry<BR><BR><B>NAME</B> = Patuja Distry<BR><B>LAYER</B> = Unknown Line Type<BR><BR><B>NAME</B> = Patuja Distry<BR><BR><B>TYPE</B> = Distry<BR><B>GM_TYPE</B> = Unknown Line Typ" }, "geometry": { "type": "LineString", "coordinates": [ [ 67.76119733, 27.93744744, 0.0 ], [ 67.75738385, 27.91367007, 0.0 ], [ 67.75583958, 27.83638257, 0.0 ], [ 67.75608168, 27.81743434, 0.0 ], [ 67.75666244, 27.81405683, 0.0 ], [ 67.75669512, 27.80216021, 0.0 ] ] } },
{ "type": "Feature", "properties": { "name": "Noor Pur Distry", "descriptio": "Unknown Line Type<BR><BR><B>NAME</B> = Gharghagi Distry<BR><BR><B>TYPE</B> = Distry<BR><BR><B>NAME</B> = Noor Pur Distry<BR><B>LAYER</B> = Unknown Line Type<BR><BR><B>NAME</B> = Noor Pur Distry<BR><BR><B>TYPE</B> = Distry<BR><B>GM_TYPE</B> = Unknown Line" }, "geometry": { "type": "LineString", "coordinates": [ [ 67.91638728, 27.99865442, 0.0 ], [ 67.91307508, 27.96351855, 0.0 ], [ 67.9118642, 27.95949556, 0.0 ], [ 67.90987542, 27.95627762, 0.0 ], [ 67.87965218, 27.91607872, 0.0 ], [ 67.87655974, 27.91276596, 0.0 ], [ 67.87440815, 27.91151014, 0.0 ], [ 67.83845434, 27.89682794, 0.0 ], [ 67.83649493, 27.89565861, 0.0 ], [ 67.81636558, 27.87783263, 0.0 ], [ 67.81492951, 27.87612323, 0.0 ], [ 67.80717548, 27.86344478, 0.0 ] ] } },
{ "type": "Feature", "properties": { "name": "Dokri Distry", "descriptio": "Unknown Line Type<BR><BR><B>NAME</B> = Gharghagi Distry<BR><BR><B>TYPE</B> = Distry<BR><BR><B>NAME</B> = Dokri Distry<BR><B>LAYER</B> = Unknown Line Type<BR><BR><B>NAME</B> = Dokri Distry<BR><BR><B>TYPE</B> = Distry<BR><B>GM_TYPE</B> = Unknown Line Type" }, "geometry": { "type": "LineString", "coordinates": [ [ 68.11889047, 27.39216338, 0.0 ], [ 68.11835328, 27.39193669, 0.0 ], [ 68.11291175, 27.35429719, 0.0 ], [ 68.1012461, 27.3432566, 0.0 ], [ 68.07516757, 27.32726324, 0.0 ] ] } },
{ "type": "Feature", "properties": { "name": "Moen Jo Daro Distry", "descriptio": "Unknown Line Type<BR><BR><B>NAME</B> = Gharghagi Distry<BR><BR><B>TYPE</B> = Distry<BR><BR><B>NAME</B> = Moen Jo Daro Distry<BR><B>LAYER</B> = Unknown Line Type<BR><BR><B>NAME</B> = Moen Jo Daro Distry<BR><BR><B>TYPE</B> = Distry<BR><B>GM_TYPE</B> = Unkn" }, "geometry": { "type": "LineString", "coordinates": [ [ 68.1265934, 27.33745077, 0.0 ], [ 68.13467435, 27.35290461, 0.0 ], [ 68.14602234, 27.35851473, 0.0 ], [ 68.14825221, 27.36132307, 0.0 ], [ 68.14304996, 27.37380465, 0.0 ], [ 68.14208303, 27.38236986, 0.0 ], [ 68.14168575, 27.3834189, 0.0 ], [ 68.14088412, 27.383787, 0.0 ], [ 68.13240862, 27.38426365, 0.0 ], [ 68.12170681, 27.39171388, 0.0 ], [ 68.11889047, 27.39216338, 0.0 ] ] } },
{ "type": "Feature", "properties": { "name": "Samatri Distry", "descriptio": "Unknown Line Type<BR><BR><B>NAME</B> = Gharghagi Distry<BR><BR><B>TYPE</B> = Distry<BR><BR><B>NAME</B> = Samatri Distry<BR><B>LAYER</B> = Unknown Line Type<BR><BR><B>NAME</B> = Samatri Distry<BR><BR><B>TYPE</B> = Distry<BR><B>GM_TYPE</B> = Unknown Line T" }, "geometry": { "type": "LineString", "coordinates": [ [ 68.94188658, 26.32292245, 0.0 ], [ 68.94336619, 26.32169809, 0.0 ], [ 68.94341843, 26.32129954, 0.0 ], [ 68.94058252, 26.31314338, 0.0 ], [ 68.93936201, 26.30735281, 0.0 ], [ 68.93735417, 26.30348713, 0.0 ], [ 68.93550673, 26.30229078, 0.0 ], [ 68.93496073, 26.3011888, 0.0 ], [ 68.93130254, 26.2754988, 0.0 ], [ 68.93044759, 26.26786495, 0.0 ], [ 68.9306672, 26.26588908, 0.0 ], [ 68.92959976, 26.26355652, 0.0 ], [ 68.92988434, 26.2624282, 0.0 ], [ 68.92845271, 26.25185931, 0.0 ], [ 68.92834566, 26.24882857, 0.0 ], [ 68.92979782, 26.21015656, 0.0 ], [ 68.92831756, 26.20321547, 0.0 ], [ 68.92725292255659, 26.2, 0.0 ] ] } },
{ "type": "Feature", "properties": { "name": "Mal Wal Distry/Hotipota Minor", "descriptio": "Unknown Line Type<BR><BR><B>NAME</B> = Gharghagi Distry<BR><BR><B>TYPE</B> = Distry<BR><BR><B>NAME</B> = Mal Wal Distry/Hotipota Minor<BR><B>LAYER</B> = Unknown Line Type<BR><BR><B>NAME</B> = Mal Wal Distry/Hotipota Minor<BR><BR><B>TYPE</B> = Distry<BR><" }, "geometry": { "type": "LineString", "coordinates": [ [ 68.10650625, 26.52453548, 0.0 ], [ 68.05666347, 26.50524132, 0.0 ], [ 68.05391109, 26.50385312, 0.0 ], [ 68.05327881, 26.50317978, 0.0 ], [ 68.05279429, 26.50177473, 0.0 ], [ 68.05269372, 26.50107305, 0.0 ], [ 68.0531317, 26.4995148, 0.0 ], [ 68.07178971, 26.46265978, 0.0 ], [ 68.07209836, 26.45950748, 0.0 ], [ 68.07078042, 26.45602597, 0.0 ], [ 68.05387916, 26.42969793, 0.0 ], [ 68.0479709, 26.42357894, 0.0 ], [ 68.04737848, 26.42242796, 0.0 ], [ 68.04740518, 26.38442035, 0.0 ], [ 68.08100662, 26.33324449, 0.0 ], [ 68.08154843, 26.331846, 0.0 ], [ 68.07963796, 26.30934455, 0.0 ], [ 68.0792561, 26.28605486, 0.0 ], [ 68.0782068, 26.28458242, 0.0 ], [ 68.05350386, 26.25813701, 0.0 ], [ 68.05341068, 26.25654333, 0.0 ], [ 68.05423442, 26.25524237, 0.0 ], [ 68.06136197, 26.24865142, 0.0 ] ] } },
{ "type": "Feature", "properties": { "name": "Daulat pur Distry", "descriptio": "Unknown Line Type<BR><BR><B>NAME</B> = Gharghagi Distry<BR><BR><B>TYPE</B> = Distry<BR><BR><B>NAME</B> = Daulat pur Distry<BR><B>LAYER</B> = Unknown Line Type<BR><BR><B>NAME</B> = Daulat pur Distry<BR><BR><B>TYPE</B> = Distry<BR><B>GM_TYPE</B> = Unknown" }, "geometry": { "type": "LineString", "coordinates": [ [ 68.02453602, 26.67244678, 0.0 ], [ 68.02173465, 26.66989805, 0.0 ], [ 67.99611445, 26.63840668, 0.0 ], [ 67.99474408, 26.63614961, 0.0 ], [ 67.99043452, 26.58738036, 0.0 ], [ 67.9653144, 26.49718761, 0.0 ], [ 67.9651399, 26.47945638, 0.0 ], [ 67.96582014, 26.47791298, 0.0 ], [ 67.96925298, 26.47279358, 0.0 ], [ 67.98090108, 26.45654739, 0.0 ], [ 67.98240773, 26.4493662, 0.0 ], [ 67.97985202, 26.38867352, 0.0 ] ] } },
{ "type": "Feature", "properties": { "name": "Lundki Distry", "descriptio": "Unknown Line Type<BR><BR><B>NAME</B> = Gharghagi Distry<BR><BR><B>TYPE</B> = Distry<BR><BR><B>NAME</B> = Lundki Distry<BR><B>LAYER</B> = Unknown Line Type<BR><BR><B>NAME</B> = Lundki Distry<BR><BR><B>TYPE</B> = Distry<BR><B>GM_TYPE</B> = Unknown Line Typ" }, "geometry": { "type": "LineString", "coordinates": [ [ 68.02068414, 26.5146087, 0.0 ], [ 68.0198121, 26.52027275, 0.0 ], [ 68.0203946, 26.52214651, 0.0 ], [ 68.02103578, 26.52302568, 0.0 ], [ 68.03878519, 26.53992549, 0.0 ], [ 68.04201973, 26.54347385, 0.0 ], [ 68.05755387, 26.58390815, 0.0 ], [ 68.05774092, 26.58531464, 0.0 ], [ 68.05710144, 26.58760794, 0.0 ], [ 68.05637217, 26.58874063, 0.0 ], [ 68.03655864, 26.61452733, 0.0 ], [ 68.03402098, 26.61717429, 0.0 ], [ 68.02667154, 26.62731181, 0.0 ], [ 68.02641939, 26.62966852, 0.0 ], [ 68.02629724, 26.66930378, 0.0 ], [ 68.02571266, 26.67087217, 0.0 ], [ 68.02453037, 26.67244864, 0.0 ] ] } },
{ "type": "Feature", "properties": { "name": "Bhiria Distry", "descriptio": "Unknown Line Type<BR><BR><B>NAME</B> = Gharghagi Distry<BR><BR><B>TYPE</B> = Distry<BR><BR><B>NAME</B> = Bhiria Distry<BR><B>LAYER</B> = Unknown Line Type<BR><BR><B>NAME</B> = Bhiria Distry<BR><BR><B>TYPE</B> = Distry<BR><B>GM_TYPE</B> = Unknown Line Typ" }, "geometry": { "type": "LineString", "coordinates": [ [ 68.19965886, 26.90432179, 0.0 ], [ 68.19994988, 26.90381842, 0.0 ], [ 68.19950706, 26.90272255, 0.0 ], [ 68.17632477, 26.85437649, 0.0 ], [ 68.16617783, 26.82581519, 0.0 ], [ 68.16431669, 26.77928809, 0.0 ] ] } },
{ "type": "Feature", "properties": { "name": "Chanari Distry", "descriptio": "Unknown Line Type<BR><BR><B>NAME</B> = Gharghagi Distry<BR><BR><B>TYPE</B> = Distry<BR><BR><B>NAME</B> = Chanari Distry<BR><B>LAYER</B> = Unknown Line Type<BR><BR><B>NAME</B> = Chanari Distry<BR><BR><B>TYPE</B> = Distry<BR><B>GM_TYPE</B> = Unknown Line T" }, "geometry": { "type": "LineString", "coordinates": [ [ 68.2864856, 26.70364866, 0.0 ], [ 68.28082876, 26.70183499, 0.0 ], [ 68.27880787, 26.70044762, 0.0 ], [ 68.26108555, 26.68218709, 0.0 ], [ 68.25873922, 26.68011975, 0.0 ], [ 68.24102738, 26.67174783, 0.0 ], [ 68.22285668, 26.66570164, 0.0 ], [ 68.22090761, 26.66435628, 0.0 ], [ 68.21193227, 26.65089874, 0.0 ], [ 68.21128482, 26.64898835, 0.0 ], [ 68.21146435, 26.6468919, 0.0 ], [ 68.21635113, 26.62951525, 0.0 ] ] } },
{ "type": "Feature", "properties": { "name": "Khadhar Distry", "descriptio": "Unknown Line Type<BR><BR><B>NAME</B> = Gharghagi Distry<BR><BR><B>TYPE</B> = Distry<BR><BR><B>NAME</B> = Khadhar Distry<BR><B>LAYER</B> = Unknown Line Type<BR><BR><B>NAME</B> = Khadhar Distry<BR><BR><B>TYPE</B> = Distry<BR><B>GM_TYPE</B> = Unknown Line T" }, "geometry": { "type": "LineString", "coordinates": [ [ 68.28712748, 26.229915, 0.0 ], [ 68.28795608, 26.22993878, 0.0 ], [ 68.30088013, 26.21326311, 0.0 ], [ 68.30389782, 26.20730797, 0.0 ], [ 68.30477903, 26.20485453, 0.0 ], [ 68.305857468063607, 26.2, 0.0 ] ] } },
{ "type": "Feature", "properties": { "name": "Gupchani Distry", "descriptio": "Unknown Line Type<BR><BR><B>NAME</B> = Gharghagi Distry<BR><BR><B>TYPE</B> = Distry<BR><BR><B>NAME</B> = Gupchani Distry<BR><B>LAYER</B> = Unknown Line Type<BR><BR><B>NAME</B> = Gupchani Distry<BR><BR><B>TYPE</B> = Distry<BR><B>GM_TYPE</B> = Unknown Line" }, "geometry": { "type": "LineString", "coordinates": [ [ 68.55660946, 26.27509775, 0.0 ], [ 68.55617396, 26.27445275, 0.0 ], [ 68.55694748, 26.27351104, 0.0 ], [ 68.55874318, 26.27236159, 0.0 ], [ 68.56941789, 26.27002725, 0.0 ], [ 68.57224566, 26.26897569, 0.0 ], [ 68.57509912, 26.26716015, 0.0 ], [ 68.57809506, 26.26426049, 0.0 ] ] } },
{ "type": "Feature", "properties": { "name": "Rain Distry", "descriptio": "Unknown Line Type<BR><BR><B>NAME</B> = Gharghagi Distry<BR><BR><B>TYPE</B> = Distry<BR><BR><B>NAME</B> = Rain Distry<BR><B>LAYER</B> = Unknown Line Type<BR><BR><B>NAME</B> = Rain Distry<BR><BR><B>TYPE</B> = Distry<BR><B>GM_TYPE</B> = Unknown Line Type" }, "geometry": { "type": "LineString", "coordinates": [ [ 68.22459895, 26.28380047, 0.0 ], [ 68.18629719, 26.25996156, 0.0 ], [ 68.17295218, 26.24827842, 0.0 ], [ 68.17226216, 26.24705976, 0.0 ], [ 68.17176971, 26.24611223, 0.0 ], [ 68.17172742, 26.24503225, 0.0 ], [ 68.17290999, 26.21858634, 0.0 ], [ 68.17378176, 26.21526222, 0.0 ], [ 68.17864082, 26.2057605, 0.0 ], [ 68.179704598434284, 26.2, 0.0 ] ] } },
{ "type": "Feature", "properties": { "name": "Channa Distry", "descriptio": "Unknown Line Type<BR><BR><B>NAME</B> = Gharghagi Distry<BR><BR><B>TYPE</B> = Distry<BR><BR><B>NAME</B> = Channa Distry<BR><B>LAYER</B> = Unknown Line Type<BR><BR><B>NAME</B> = Channa Distry<BR><BR><B>TYPE</B> = Distry<BR><B>GM_TYPE</B> = Unknown Line Typ" }, "geometry": { "type": "LineString", "coordinates": [ [ 68.55660946, 26.27509775, 0.0 ], [ 68.55668032, 26.27427042, 0.0 ], [ 68.55841007, 26.27278883, 0.0 ], [ 68.57056827, 26.26989158, 0.0 ], [ 68.57306107, 26.26881933, 0.0 ], [ 68.57693223, 26.26591272, 0.0 ], [ 68.58370472, 26.25865568, 0.0 ], [ 68.58630897, 26.25487903, 0.0 ], [ 68.58698511, 26.25318614, 0.0 ], [ 68.58843353, 26.24189925, 0.0 ], [ 68.60649197, 26.21584922, 0.0 ], [ 68.60898296, 26.21420685, 0.0 ], [ 68.61723628, 26.21046101, 0.0 ], [ 68.62333266, 26.20300349, 0.0 ], [ 68.626256081823257, 26.2, 0.0 ] ] } },
{ "type": "Feature", "properties": { "name": "Nawabshah Distry", "descriptio": "Unknown Line Type<BR><BR><B>NAME</B> = Gharghagi Distry<BR><BR><B>TYPE</B> = Distry<BR><BR><B>NAME</B> = Nawabshah Distry<BR><B>LAYER</B> = Unknown Line Type<BR><BR><B>NAME</B> = Nawabshah Distry<BR><BR><B>TYPE</B> = Distry<BR><B>GM_TYPE</B> = Unknown Li" }, "geometry": { "type": "LineString", "coordinates": [ [ 68.28571767, 26.34247166, 0.0 ], [ 68.34228721, 26.31101927, 0.0 ], [ 68.34540635, 26.30821811, 0.0 ], [ 68.35318552, 26.29962015, 0.0 ], [ 68.38394244, 26.26403637, 0.0 ], [ 68.38791312, 26.26090849, 0.0 ] ] } },
{ "type": "Feature", "properties": { "name": "Chanbandani Distry", "descriptio": "Unknown Line Type<BR><BR><B>NAME</B> = Gharghagi Distry<BR><BR><B>TYPE</B> = Distry<BR><BR><B>NAME</B> = Chanbandani Distry<BR><B>LAYER</B> = Unknown Line Type<BR><BR><B>NAME</B> = Chanbandani Distry<BR><BR><B>TYPE</B> = Distry<BR><B>GM_TYPE</B> = Unknow" }, "geometry": { "type": "LineString", "coordinates": [ [ 68.55651036, 26.27526969, 0.0 ], [ 68.55798086, 26.27342612, 0.0 ], [ 68.56071344, 26.27224097, 0.0 ], [ 68.57002013, 26.2702162, 0.0 ], [ 68.57294638, 26.27010107, 0.0 ], [ 68.61293606, 26.26012605, 0.0 ], [ 68.63651331, 26.25960646, 0.0 ], [ 68.63696915, 26.25835143, 0.0 ], [ 68.64019247, 26.2263869, 0.0 ], [ 68.64102215, 26.20813987, 0.0 ], [ 68.64174205, 26.20668704, 0.0 ], [ 68.649623966297469, 26.2, 0.0 ] ] } },
{ "type": "Feature", "properties": { "name": "Jam Sahib Distry", "descriptio": "Unknown Line Type<BR><BR><B>NAME</B> = Gharghagi Distry<BR><BR><B>TYPE</B> = Distry<BR><BR><B>NAME</B> = Jam Sahib Distry<BR><B>LAYER</B> = Unknown Line Type<BR><BR><B>NAME</B> = Jam Sahib Distry<BR><BR><B>TYPE</B> = Distry<BR><B>GM_TYPE</B> = Unknown Li" }, "geometry": { "type": "LineString", "coordinates": [ [ 68.5363807, 26.33257724, 0.0 ], [ 68.58300952, 26.33707243, 0.0 ], [ 68.58763757, 26.33702461, 0.0 ], [ 68.59251746, 26.33554064, 0.0 ], [ 68.61258292, 26.32487046, 0.0 ], [ 68.61557828, 26.32272375, 0.0 ], [ 68.6623452, 26.27832566, 0.0 ], [ 68.66617948, 26.27284487, 0.0 ], [ 68.67718532, 26.2521988, 0.0 ] ] } },
{ "type": "Feature", "properties": { "name": "Nather Detha Distry", "descriptio": "Unknown Line Type<BR><BR><B>NAME</B> = Gharghagi Distry<BR><BR><B>TYPE</B> = Distry<BR><BR><B>NAME</B> = Nather Detha Distry<BR><B>LAYER</B> = Unknown Line Type<BR><BR><B>NAME</B> = Nather Detha Distry<BR><BR><B>TYPE</B> = Distry<BR><B>GM_TYPE</B> = Unkn" }, "geometry": { "type": "LineString", "coordinates": [ [ 67.95578108, 26.69358667, 0.0 ], [ 67.96318378, 26.70616196, 0.0 ], [ 67.96445998, 26.7086405, 0.0 ], [ 67.96831905, 26.71853068, 0.0 ], [ 67.96896834, 26.7191426, 0.0 ], [ 67.97015255, 26.7197388, 0.0 ], [ 67.98853277, 26.72211956, 0.0 ], [ 67.99095883, 26.72297691, 0.0 ], [ 67.99918245, 26.73060216, 0.0 ], [ 68.00546923, 26.73502719, 0.0 ], [ 68.0453896, 26.76550016, 0.0 ], [ 68.04682694, 26.76653874, 0.0 ], [ 68.05590642, 26.76983537, 0.0 ], [ 68.0916298, 26.79695531, 0.0 ], [ 68.09351246, 26.7973454, 0.0 ], [ 68.09669044, 26.79741761, 0.0 ], [ 68.13198889, 26.79750678, 0.0 ], [ 68.13333999, 26.7972689, 0.0 ], [ 68.1428511, 26.79338026, 0.0 ] ] } },
{ "type": "Feature", "properties": { "name": "Budika Distry", "descriptio": "Unknown Line Type<BR><BR><B>NAME</B> = Gharghagi Distry<BR><BR><B>TYPE</B> = Distry<BR><BR><B>NAME</B> = Budika Distry<BR><B>LAYER</B> = Unknown Line Type<BR><BR><B>NAME</B> = Budika Distry<BR><BR><B>TYPE</B> = Distry<BR><B>GM_TYPE</B> = Unknown Line Typ" }, "geometry": { "type": "LineString", "coordinates": [ [ 68.21959569, 27.04186496, 0.0 ], [ 68.21381756, 27.04453028, 0.0 ], [ 68.21114266, 27.04467137, 0.0 ], [ 68.20914154, 27.04406198, 0.0 ], [ 68.19643995, 27.03378105, 0.0 ], [ 68.19574881, 27.03289289, 0.0 ], [ 68.19517898, 27.03130337, 0.0 ], [ 68.18948212, 26.98553893, 0.0 ], [ 68.19025465, 26.98312488, 0.0 ], [ 68.2024046, 26.97152238, 0.0 ], [ 68.20378262, 26.96968375, 0.0 ], [ 68.20773844, 26.93687403, 0.0 ], [ 68.2076903, 26.93360018, 0.0 ], [ 68.2068958, 26.92542769, 0.0 ], [ 68.20600337, 26.92081924, 0.0 ], [ 68.20430027, 26.91575634, 0.0 ], [ 68.18798775, 26.88156778, 0.0 ] ] } },
{ "type": "Feature", "properties": { "name": "James Distry", "descriptio": "Unknown Line Type<BR><BR><B>NAME</B> = Gharghagi Distry<BR><BR><B>TYPE</B> = Distry<BR><BR><B>NAME</B> = James Distry<BR><B>LAYER</B> = Unknown Line Type<BR><BR><B>NAME</B> = James Distry<BR><BR><B>TYPE</B> = Distry<BR><B>GM_TYPE</B> = Unknown Line Type" }, "geometry": { "type": "LineString", "coordinates": [ [ 68.29579021, 26.45709761, 0.0 ], [ 68.27098124, 26.43525407, 0.0 ], [ 68.26589935, 26.43034164, 0.0 ], [ 68.26317911, 26.42687246, 0.0 ], [ 68.26208429, 26.4250513, 0.0 ], [ 68.26057937, 26.42120731, 0.0 ], [ 68.25940635, 26.41636942, 0.0 ], [ 68.25897808, 26.40074355, 0.0 ], [ 68.25817637, 26.39892387, 0.0 ], [ 68.2535226, 26.39409709, 0.0 ], [ 68.25306284, 26.39286972, 0.0 ], [ 68.2533495, 26.39133282, 0.0 ], [ 68.26469555, 26.36184028, 0.0 ], [ 68.2666755, 26.35785512, 0.0 ], [ 68.2689074, 26.35442818, 0.0 ], [ 68.2718104, 26.35132328, 0.0 ], [ 68.2760817, 26.34788536, 0.0 ], [ 68.28511096, 26.34312193, 0.0 ], [ 68.28564762, 26.34253559, 0.0 ] ] } },
{ "type": "Feature", "properties": { "name": "Dholu Distry", "descriptio": "Unknown Line Type<BR><BR><B>NAME</B> = Gharghagi Distry<BR><BR><B>TYPE</B> = Distry<BR><BR><B>NAME</B> = Dholu Distry<BR><B>LAYER</B> = Unknown Line Type<BR><BR><B>NAME</B> = Dholu Distry<BR><BR><B>TYPE</B> = Distry<BR><B>GM_TYPE</B> = Unknown Line Type" }, "geometry": { "type": "LineString", "coordinates": [ [ 68.29579153, 26.4570978, 0.0 ], [ 68.30146096, 26.42561125, 0.0 ], [ 68.30237681, 26.42189332, 0.0 ], [ 68.31841485, 26.39403912, 0.0 ], [ 68.32004946, 26.39172403, 0.0 ], [ 68.33846143, 26.37326227, 0.0 ], [ 68.35281358, 26.35988996, 0.0 ], [ 68.35341062, 26.35792643, 0.0 ], [ 68.35334104, 26.35000554, 0.0 ] ] } },
{ "type": "Feature", "properties": { "name": "Siyal Distry", "descriptio": "Unknown Line Type<BR><BR><B>NAME</B> = Gharghagi Distry<BR><BR><B>TYPE</B> = Distry<BR><BR><B>NAME</B> = Siyal Distry<BR><B>LAYER</B> = Unknown Line Type<BR><BR><B>NAME</B> = Siyal Distry<BR><BR><B>TYPE</B> = Distry<BR><B>GM_TYPE</B> = Unknown Line Type" }, "geometry": { "type": "LineString", "coordinates": [ [ 68.30444867, 27.20483826, 0.0 ], [ 68.28207755, 27.20352706, 0.0 ], [ 68.26446857, 27.20451645, 0.0 ], [ 68.26171679, 27.20415322, 0.0 ], [ 68.25921856, 27.20294607, 0.0 ], [ 68.25517915, 27.19978369, 0.0 ], [ 68.24817962, 27.19514457, 0.0 ], [ 68.22466718, 27.18232094, 0.0 ], [ 68.22276852, 27.1808335, 0.0 ], [ 68.21322102, 27.17163346, 0.0 ], [ 68.2072534, 27.16135748, 0.0 ], [ 68.20680481, 27.15985039, 0.0 ], [ 68.2069688, 27.15763064, 0.0 ], [ 68.20673557, 27.15664612, 0.0 ], [ 68.20202536, 27.1408036, 0.0 ], [ 68.20073767, 27.13804495, 0.0 ], [ 68.19838588, 27.13557239, 0.0 ], [ 68.17092688, 27.11481424, 0.0 ] ] } },
{ "type": "Feature", "properties": { "name": "Godhu Distry", "descriptio": "Unknown Line Type<BR><BR><B>NAME</B> = Gharghagi Distry<BR><BR><B>TYPE</B> = Distry<BR><BR><B>NAME</B> = Godhu Distry<BR><B>LAYER</B> = Unknown Line Type<BR><BR><B>NAME</B> = Godhu Distry<BR><BR><B>TYPE</B> = Distry<BR><B>GM_TYPE</B> = Unknown Line Type" }, "geometry": { "type": "LineString", "coordinates": [ [ 68.39453231, 27.11742755, 0.0 ], [ 68.40218204, 27.10595365, 0.0 ], [ 68.40289492, 27.07935819, 0.0 ], [ 68.40366716, 27.07768455, 0.0 ], [ 68.4061162, 27.07580948, 0.0 ], [ 68.40590944, 27.06407422, 0.0 ], [ 68.40619136, 27.06168559, 0.0 ], [ 68.40737937, 27.05988315, 0.0 ], [ 68.41446514, 27.05214018, 0.0 ], [ 68.41488707, 27.05086669, 0.0 ], [ 68.41100794, 27.0320175, 0.0 ], [ 68.41258134, 27.02940325, 0.0 ], [ 68.41985509, 27.02002316, 0.0 ] ] } },
{ "type": "Feature", "properties": { "name": "Jamal Shah Distry", "descriptio": "Unknown Line Type<BR><BR><B>NAME</B> = Gharghagi Distry<BR><BR><B>TYPE</B> = Distry<BR><BR><B>NAME</B> = Jamal Shah Distry<BR><B>LAYER</B> = Unknown Line Type<BR><BR><B>NAME</B> = Jamal Shah Distry<BR><BR><B>TYPE</B> = Distry<BR><B>GM_TYPE</B> = Unknown" }, "geometry": { "type": "LineString", "coordinates": [ [ 68.16575126, 26.37643692, 0.0 ], [ 68.16361272, 26.37657871, 0.0 ], [ 68.16222101, 26.37541756, 0.0 ], [ 68.1599755, 26.36574356, 0.0 ], [ 68.15951288, 26.36179525, 0.0 ], [ 68.15956096, 26.35860837, 0.0 ], [ 68.16101161, 26.35203034, 0.0 ], [ 68.16941918, 26.30506601, 0.0 ], [ 68.17006291, 26.30295496, 0.0 ], [ 68.16986352, 26.30105072, 0.0 ], [ 68.16841238, 26.29805373, 0.0 ], [ 68.1500544, 26.26600641, 0.0 ], [ 68.12703408, 26.22474619, 0.0 ], [ 68.12581814, 26.22369076, 0.0 ], [ 68.10544439, 26.21130926, 0.0 ], [ 68.10107146, 26.21050106, 0.0 ], [ 68.09037227, 26.20459652, 0.0 ] ] } },
{ "type": "Feature", "properties": { "name": "Sujawal Distry", "descriptio": "Unknown Line Type<BR><BR><B>NAME</B> = Gharghagi Distry<BR><BR><B>TYPE</B> = Distry<BR><BR><B>NAME</B> = Sujawal Distry<BR><B>LAYER</B> = Unknown Line Type<BR><BR><B>NAME</B> = Sujawal Distry<BR><BR><B>TYPE</B> = Distry<BR><B>GM_TYPE</B> = Unknown Line T" }, "geometry": { "type": "LineString", "coordinates": [ [ 68.16481605, 26.42707257, 0.0 ], [ 68.16978575, 26.4249356, 0.0 ], [ 68.19269479, 26.41748757, 0.0 ], [ 68.1990502, 26.4165066, 0.0 ], [ 68.22657752, 26.41411376, 0.0 ], [ 68.23032417, 26.41301688, 0.0 ], [ 68.23537239, 26.41041484, 0.0 ], [ 68.23866848, 26.40777143, 0.0 ], [ 68.24872073, 26.3981484, 0.0 ], [ 68.25215473, 26.39371821, 0.0 ], [ 68.26476521, 26.36105844, 0.0 ], [ 68.2674775, 26.35602518, 0.0 ], [ 68.27030778, 26.35237939, 0.0 ], [ 68.27358076, 26.34936291, 0.0 ], [ 68.28037669, 26.34510425, 0.0 ] ] } },
{ "type": "Feature", "properties": { "name": "Jaskani Distry I", "descriptio": "Unknown Line Type<BR><BR><B>NAME</B> = Gharghagi Distry<BR><BR><B>TYPE</B> = Distry<BR><BR><B>NAME</B> = Jaskani Distry I<BR><B>LAYER</B> = Unknown Line Type<BR><BR><B>NAME</B> = Jaskani Distry I<BR><BR><B>TYPE</B> = Distry<BR><B>GM_TYPE</B> = Unknown Li" }, "geometry": { "type": "LineString", "coordinates": [ [ 68.14265796, 26.79290909, 0.0 ], [ 68.14194844, 26.79291138, 0.0 ], [ 68.14132873, 26.79181579, 0.0 ], [ 68.13852658, 26.78385119, 0.0 ], [ 68.13739619, 26.77733147, 0.0 ], [ 68.13715607, 26.77341398, 0.0 ], [ 68.13731857, 26.76888921, 0.0 ], [ 68.13815386, 26.76358674, 0.0 ], [ 68.13957562, 26.75874745, 0.0 ], [ 68.14109135, 26.75506951, 0.0 ], [ 68.1452502, 26.74713014, 0.0 ], [ 68.1455299, 26.74574193, 0.0 ] ] } },
{ "type": "Feature", "properties": { "name": "Phull Distry", "descriptio": "Unknown Line Type<BR><BR><B>NAME</B> = Gharghagi Distry<BR><BR><B>TYPE</B> = Distry<BR><BR><B>NAME</B> = Phull Distry<BR><B>LAYER</B> = Unknown Line Type<BR><BR><B>NAME</B> = Phull Distry<BR><BR><B>TYPE</B> = Distry<BR><B>GM_TYPE</B> = Unknown Line Type" }, "geometry": { "type": "LineString", "coordinates": [ [ 68.14265796, 26.79290909, 0.0 ], [ 68.14405244, 26.79201037, 0.0 ], [ 68.14103871, 26.78770863, 0.0 ], [ 68.14057487, 26.78652724, 0.0 ], [ 68.1392612, 26.78198709, 0.0 ], [ 68.13851646, 26.77747829, 0.0 ], [ 68.1384544, 26.76863372, 0.0 ], [ 68.13910565, 26.76475621, 0.0 ], [ 68.14117682, 26.75781976, 0.0 ], [ 68.14266315, 26.754459, 0.0 ], [ 68.14846741, 26.74433973, 0.0 ], [ 68.15433697, 26.73279305, 0.0 ], [ 68.15704241, 26.72477221, 0.0 ], [ 68.15803383, 26.72031556, 0.0 ], [ 68.15871267, 26.71260749, 0.0 ], [ 68.15840064, 26.69138268, 0.0 ], [ 68.15722236, 26.67950187, 0.0 ], [ 68.15676409, 26.66477209, 0.0 ], [ 68.15777116, 26.66207821, 0.0 ], [ 68.18078579, 26.62468289, 0.0 ], [ 68.18324045, 26.62095354, 0.0 ], [ 68.18974447, 26.61280162, 0.0 ] ] } },
{ "type": "Feature", "properties": { "name": "Chanbabu Distry", "descriptio": "Unknown Line Type<BR><BR><B>NAME</B> = Gharghagi Distry<BR><BR><B>TYPE</B> = Distry<BR><BR><B>NAME</B> = Chanbabu Distry<BR><B>LAYER</B> = Unknown Line Type<BR><BR><B>NAME</B> = Chanbabu Distry<BR><BR><B>TYPE</B> = Distry<BR><B>GM_TYPE</B> = Unknown Line" }, "geometry": { "type": "LineString", "coordinates": [ [ 68.42216216, 26.24368666, 0.0 ], [ 68.43400414, 26.20789501, 0.0 ], [ 68.43551355, 26.20506171, 0.0 ], [ 68.439863114115497, 26.2, 0.0 ] ] } },
{ "type": "Feature", "properties": { "name": "Chudiko Distry", "descriptio": "Unknown Line Type<BR><BR><B>NAME</B> = Gharghagi Distry<BR><BR><B>TYPE</B> = Distry<BR><BR><B>NAME</B> = Chudiko Distry<BR><B>LAYER</B> = Unknown Line Type<BR><BR><B>NAME</B> = Chudiko Distry<BR><BR><B>TYPE</B> = Distry<BR><B>GM_TYPE</B> = Unknown Line T" }, "geometry": { "type": "LineString", "coordinates": [ [ 68.38257636, 26.34283479, 0.0 ], [ 68.38422033, 26.34349264, 0.0 ], [ 68.38972389, 26.34013574, 0.0 ], [ 68.41234756, 26.3313773, 0.0 ], [ 68.44897649, 26.31539558, 0.0 ], [ 68.4510228, 26.31391418, 0.0 ], [ 68.45276828, 26.31214751, 0.0 ], [ 68.4664934, 26.29484386, 0.0 ], [ 68.47023216, 26.28783212, 0.0 ] ] } },
{ "type": "Feature", "properties": { "name": "Setharki Distry", "descriptio": "Unknown Line Type<BR><BR><B>NAME</B> = Gharghagi Distry<BR><BR><B>TYPE</B> = Distry<BR><BR><B>NAME</B> = Setharki Distry<BR><B>LAYER</B> = Unknown Line Type<BR><BR><B>NAME</B> = Setharki Distry<BR><BR><B>TYPE</B> = Distry<BR><B>GM_TYPE</B> = Unknown Line" }, "geometry": { "type": "LineString", "coordinates": [ [ 68.3622729, 26.51427833, 0.0 ], [ 68.36381547, 26.51463519, 0.0 ], [ 68.40279509, 26.51414346, 0.0 ], [ 68.40389809, 26.51452062, 0.0 ], [ 68.40774759, 26.51801371, 0.0 ], [ 68.40894233, 26.51847399, 0.0 ], [ 68.42627687, 26.51287521, 0.0 ], [ 68.42775627, 26.51163929, 0.0 ], [ 68.42830799, 26.51180715, 0.0 ], [ 68.42881107, 26.51247139, 0.0 ], [ 68.43209984, 26.51778289, 0.0 ], [ 68.4332044, 26.51787006, 0.0 ], [ 68.45404945, 26.51066612, 0.0 ], [ 68.4649781, 26.49349535, 0.0 ], [ 68.47269056, 26.48801865, 0.0 ], [ 68.47444984, 26.48578992, 0.0 ], [ 68.49646893, 26.47756696, 0.0 ], [ 68.51583198, 26.46787711, 0.0 ], [ 68.52247566, 26.46388425, 0.0 ], [ 68.52680264, 26.4636503, 0.0 ], [ 68.55472611, 26.46448591, 0.0 ], [ 68.55689066, 26.46407874, 0.0 ], [ 68.56602851, 26.45723531, 0.0 ], [ 68.58228009, 26.43481476, 0.0 ], [ 68.58838874, 26.41455082, 0.0 ], [ 68.58697886, 26.40867816, 0.0 ], [ 68.58703272, 26.4064844, 0.0 ], [ 68.5955653, 26.39430935, 0.0 ] ] } },
{ "type": "Feature", "properties": { "name": "Sanghi Distry", "descriptio": "Unknown Line Type<BR><BR><B>NAME</B> = Gharghagi Distry<BR><BR><B>TYPE</B> = Distry<BR><BR><B>NAME</B> = Sanghi Distry<BR><B>LAYER</B> = Unknown Line Type<BR><BR><B>NAME</B> = Sanghi Distry<BR><BR><B>TYPE</B> = Distry<BR><B>GM_TYPE</B> = Unknown Line Typ" }, "geometry": { "type": "LineString", "coordinates": [ [ 68.30107001, 26.72362649, 0.0 ], [ 68.30112782, 26.72434133, 0.0 ], [ 68.30188102, 26.72508775, 0.0 ], [ 68.30932229, 26.72633737, 0.0 ], [ 68.31041299, 26.72737271, 0.0 ], [ 68.31490415, 26.74682617, 0.0 ], [ 68.32156858, 26.76833722, 0.0 ], [ 68.32156337, 26.76942247, 0.0 ], [ 68.32003825, 26.77268841, 0.0 ], [ 68.31992647, 26.77431304, 0.0 ], [ 68.3324926, 26.80089169, 0.0 ], [ 68.33278924, 26.80254117, 0.0 ], [ 68.33261841, 26.80556176, 0.0 ], [ 68.3320684, 26.80797605, 0.0 ], [ 68.32848326, 26.81259029, 0.0 ], [ 68.32803043, 26.81426177, 0.0 ], [ 68.32795331, 26.82206239, 0.0 ], [ 68.32843922, 26.82551133, 0.0 ], [ 68.33049329, 26.82937913, 0.0 ], [ 68.33087878, 26.83108301, 0.0 ], [ 68.33093639, 26.84024392, 0.0 ], [ 68.33409271, 26.8587468, 0.0 ], [ 68.33659955, 26.86347931, 0.0 ], [ 68.33676211, 26.86546573, 0.0 ], [ 68.33654989, 26.87469097, 0.0 ], [ 68.33114719, 26.90151891, 0.0 ], [ 68.33103852, 26.9035721, 0.0 ], [ 68.36578053, 26.96051586, 0.0 ], [ 68.36608913, 26.96197819, 0.0 ], [ 68.35270113, 26.99031024, 0.0 ], [ 68.35242474, 26.99154288, 0.0 ], [ 68.36140825, 27.00735919, 0.0 ], [ 68.36133498, 27.00911756, 0.0 ], [ 68.36061554, 27.01023475, 0.0 ], [ 68.35827446, 27.01170804, 0.0 ], [ 68.35718922, 27.01305055, 0.0 ], [ 68.33735642, 27.03149167, 0.0 ], [ 68.32362168, 27.05247756, 0.0 ], [ 68.32106001, 27.05594848, 0.0 ] ] } },
{ "type": "Feature", "properties": { "name": "Mithiani Distry", "descriptio": "Unknown Line Type<BR><BR><B>NAME</B> = Gharghagi Distry<BR><BR><B>TYPE</B> = Distry<BR><BR><B>NAME</B> = Mithiani Distry<BR><B>LAYER</B> = Unknown Line Type<BR><BR><B>NAME</B> = Mithiani Distry<BR><BR><B>TYPE</B> = Distry<BR><B>GM_TYPE</B> = Unknown Line" }, "geometry": { "type": "LineString", "coordinates": [ [ 68.06403348, 26.97857127, 0.0 ], [ 68.04495156, 26.97012811, 0.0 ], [ 68.04166284, 26.96787248, 0.0 ], [ 68.03945663, 26.96586686, 0.0 ], [ 68.03768554, 26.9637185, 0.0 ], [ 68.03490621, 26.95899007, 0.0 ], [ 68.03364106, 26.95475749, 0.0 ], [ 68.03307747, 26.95091809, 0.0 ], [ 68.03291172, 26.93064738, 0.0 ], [ 68.02339937, 26.90151174, 0.0 ], [ 68.02259908, 26.90004966, 0.0 ], [ 68.02147118, 26.89887667, 0.0 ], [ 68.01166248, 26.89264238, 0.0 ], [ 68.01128959, 26.89191145, 0.0 ], [ 68.0123906, 26.88819381, 0.0 ], [ 68.01224747, 26.88595948, 0.0 ], [ 68.01150705, 26.88386657, 0.0 ], [ 68.01054534, 26.88230626, 0.0 ], [ 67.98488053, 26.85985525, 0.0 ], [ 67.98342355, 26.85921358, 0.0 ], [ 67.97751036, 26.85412166, 0.0 ], [ 67.97668988, 26.85263418, 0.0 ], [ 67.97707371, 26.85117861, 0.0 ] ] } },
{ "type": "Feature", "properties": { "name": "Darbello Distry", "descriptio": "Unknown Line Type<BR><BR><B>NAME</B> = Gharghagi Distry<BR><BR><B>TYPE</B> = Distry<BR><BR><B>NAME</B> = Darbello Distry<BR><B>LAYER</B> = Unknown Line Type<BR><BR><B>NAME</B> = Darbello Distry<BR><BR><B>TYPE</B> = Distry<BR><B>GM_TYPE</B> = Unknown Line" }, "geometry": { "type": "LineString", "coordinates": [ [ 68.12170825, 27.00347676, 0.0 ], [ 68.12283156, 27.00271275, 0.0 ], [ 68.12339628, 27.00183324, 0.0 ], [ 68.1236896, 27.00059478, 0.0 ], [ 68.12349439, 26.99934092, 0.0 ], [ 68.11274848, 26.98126255, 0.0 ], [ 68.10897931, 26.97029846, 0.0 ], [ 68.10875311, 26.96534547, 0.0 ], [ 68.10918013, 26.96284359, 0.0 ], [ 68.11046444, 26.96057854, 0.0 ], [ 68.12148996, 26.95020897, 0.0 ], [ 68.1223022, 26.94904053, 0.0 ], [ 68.12281565, 26.94753725, 0.0 ], [ 68.12299011, 26.93042437, 0.0 ], [ 68.12020237, 26.90820999, 0.0 ], [ 68.1201179, 26.89685823, 0.0 ], [ 68.11926728, 26.89552851, 0.0 ], [ 68.08863908, 26.86892564, 0.0 ], [ 68.08754785, 26.86745743, 0.0 ] ] } },
{ "type": "Feature", "properties": { "name": "Khudabad Distry", "descriptio": "Unknown Line Type<BR><BR><B>NAME</B> = Gharghagi Distry<BR><BR><B>TYPE</B> = Distry<BR><BR><B>NAME</B> = Khudabad Distry<BR><B>LAYER</B> = Unknown Line Type<BR><BR><B>NAME</B> = Khudabad Distry<BR><BR><B>TYPE</B> = Distry<BR><B>GM_TYPE</B> = Unknown Line" }, "geometry": { "type": "LineString", "coordinates": [ [ 67.76812763, 26.71326755, 0.0 ], [ 67.76240895, 26.69307989, 0.0 ], [ 67.75769591, 26.68086607, 0.0 ], [ 67.75490103, 26.67615625, 0.0 ], [ 67.74256695, 26.65872748, 0.0 ], [ 67.71608781, 26.63882385, 0.0 ], [ 67.7127722, 26.6353923, 0.0 ], [ 67.70292623, 26.61795551, 0.0 ], [ 67.69859401, 26.60913371, 0.0 ] ] } },
{ "type": "Feature", "properties": { "name": "Kander Distry", "descriptio": "Unknown Line Type<BR><BR><B>NAME</B> = Gharghagi Distry<BR><BR><B>TYPE</B> = Distry<BR><BR><B>NAME</B> = Kander Distry<BR><B>LAYER</B> = Unknown Line Type<BR><BR><B>NAME</B> = Kander Distry<BR><BR><B>TYPE</B> = Distry<BR><B>GM_TYPE</B> = Unknown Line Typ" }, "geometry": { "type": "LineString", "coordinates": [ [ 69.64133733, 28.03543702, 0.0 ], [ 69.62832184, 28.01901703, 0.0 ], [ 69.6166137, 27.99995009, 0.0 ], [ 69.6126107, 27.9939759, 0.0 ], [ 69.59790174, 27.96109861, 0.0 ], [ 69.56958961, 27.90792786, 0.0 ], [ 69.55354179, 27.88210772, 0.0 ], [ 69.55097973, 27.87726151, 0.0 ], [ 69.53664975, 27.85390647, 0.0 ], [ 69.51993677, 27.82728561, 0.0 ], [ 69.50919963, 27.80739986, 0.0 ] ] } },
{ "type": "Feature", "properties": { "name": "Mahro Wah", "descriptio": "Unknown Line Type<BR><BR><B>NAME</B> = Gharghagi Distry<BR><BR><B>TYPE</B> = Distry<BR><BR><B>NAME</B> = Mahro Wah<BR><B>LAYER</B> = Unknown Line Type<BR><BR><B>NAME</B> = Mahro Wah<BR><BR><B>TYPE</B> = Distry<BR><B>GM_TYPE</B> = Unknown Line Type" }, "geometry": { "type": "LineString", "coordinates": [ [ 69.56790091, 28.13959802, 0.0 ], [ 69.56864726, 28.13815326, 0.0 ], [ 69.56785905, 28.1350688, 0.0 ], [ 69.56791952, 28.1332241, 0.0 ], [ 69.56399923, 28.12671653, 0.0 ], [ 69.55845462, 28.12097141, 0.0 ], [ 69.55535524, 28.11876681, 0.0 ], [ 69.5522059, 28.11717568, 0.0 ], [ 69.54739432, 28.11537318, 0.0 ], [ 69.54169189, 28.11421651, 0.0 ], [ 69.53498356, 28.11418482, 0.0 ] ] } },
{ "type": "Feature", "properties": { "name": "Darra Distry", "descriptio": "Unknown Line Type<BR><BR><B>NAME</B> = Gharghagi Distry<BR><BR><B>TYPE</B> = Distry<BR><BR><B>NAME</B> = Darra Distry<BR><B>LAYER</B> = Unknown Line Type<BR><BR><B>NAME</B> = Darra Distry<BR><BR><B>TYPE</B> = Distry<BR><B>GM_TYPE</B> = Unknown Line Type" }, "geometry": { "type": "LineString", "coordinates": [ [ 67.59020298, 26.66387068, 0.0 ], [ 67.59064806, 26.66343203, 0.0 ], [ 67.59298516, 26.65834773, 0.0 ], [ 67.6214719, 26.59525408, 0.0 ], [ 67.62159597, 26.59384836, 0.0 ], [ 67.62093262, 26.5901413, 0.0 ], [ 67.61912443, 26.58258975, 0.0 ] ] } },
{ "type": "Feature", "properties": { "name": "Phaka Distry", "descriptio": "Unknown Line Type<BR><BR><B>NAME</B> = Gharghagi Distry<BR><BR><B>TYPE</B> = Distry<BR><BR><B>NAME</B> = Phaka Distry<BR><B>LAYER</B> = Unknown Line Type<BR><BR><B>NAME</B> = Phaka Distry<BR><BR><B>TYPE</B> = Distry<BR><B>GM_TYPE</B> = Unknown Line Type" }, "geometry": { "type": "LineString", "coordinates": [ [ 67.78851435, 26.72004317, 0.0 ], [ 67.78214096, 26.71989483, 0.0 ], [ 67.77462414, 26.7142967, 0.0 ], [ 67.77167481, 26.71260484, 0.0 ], [ 67.75801267, 26.71560372, 0.0 ], [ 67.75560887, 26.7156296, 0.0 ], [ 67.75415006, 26.71524159, 0.0 ], [ 67.75218052, 26.71377058, 0.0 ], [ 67.74726905, 26.70899109, 0.0 ], [ 67.74426414, 26.70666674, 0.0 ], [ 67.73527203, 26.7002765, 0.0 ], [ 67.72588157, 26.69437773, 0.0 ], [ 67.72495119, 26.69347835, 0.0 ], [ 67.71820635, 26.67898843, 0.0 ], [ 67.71655921, 26.67681648, 0.0 ], [ 67.67999435, 26.65078416, 0.0 ], [ 67.66283496, 26.64317365, 0.0 ], [ 67.66078978, 26.64070365, 0.0 ], [ 67.66020064, 26.63506152, 0.0 ], [ 67.65943627, 26.63198187, 0.0 ] ] } },
{ "type": "Feature", "properties": { "name": "Vicholo Distry", "descriptio": "Unknown Line Type<BR><BR><B>NAME</B> = Gharghagi Distry<BR><BR><B>TYPE</B> = Distry<BR><BR><B>NAME</B> = Vicholo Distry<BR><B>LAYER</B> = Unknown Line Type<BR><BR><B>NAME</B> = Vicholo Distry<BR><BR><B>TYPE</B> = Distry<BR><B>GM_TYPE</B> = Unknown Line T" }, "geometry": { "type": "LineString", "coordinates": [ [ 67.82942507, 27.3090714, 0.0 ], [ 67.82211544, 27.30476705, 0.0 ], [ 67.81458488, 27.3049821, 0.0 ], [ 67.81301657, 27.30565019, 0.0 ], [ 67.80866458, 27.30384784, 0.0 ], [ 67.80055824, 27.29782152, 0.0 ], [ 67.79464166, 27.28951808, 0.0 ], [ 67.79482583, 27.28530759, 0.0 ], [ 67.79448572, 27.28468526, 0.0 ], [ 67.78630247, 27.27737843, 0.0 ], [ 67.78305731, 27.27598753, 0.0 ], [ 67.78018096, 27.27577665, 0.0 ], [ 67.76350672, 27.2796286, 0.0 ], [ 67.7566176, 27.28208393, 0.0 ], [ 67.7553224, 27.2822715, 0.0 ], [ 67.75189336, 27.28387333, 0.0 ], [ 67.74846221, 27.28361054, 0.0 ], [ 67.74673703, 27.28409418, 0.0 ], [ 67.74498759, 27.28546051, 0.0 ], [ 67.74441887, 27.28633834, 0.0 ], [ 67.74130061, 27.28707808, 0.0 ], [ 67.73805943, 27.28660167, 0.0 ], [ 67.73635182, 27.28679095, 0.0 ], [ 67.73136441, 27.28855668, 0.0 ] ] } },
{ "type": "Feature", "properties": { "name": "Mado Distry", "descriptio": "Unknown Line Type<BR><BR><B>NAME</B> = Gharghagi Distry<BR><BR><B>TYPE</B> = Distry<BR><BR><B>NAME</B> = Mado Distry<BR><B>LAYER</B> = Unknown Line Type<BR><BR><B>NAME</B> = Mado Distry<BR><BR><B>TYPE</B> = Distry<BR><B>GM_TYPE</B> = Unknown Line Type" }, "geometry": { "type": "LineString", "coordinates": [ [ 67.65323642, 27.2947886, 0.0 ], [ 67.64185367, 27.28939452, 0.0 ], [ 67.6396942, 27.28781809, 0.0 ], [ 67.62869869, 27.26523123, 0.0 ], [ 67.61817256, 27.23292078, 0.0 ], [ 67.59793486, 27.17936328, 0.0 ], [ 67.59295219, 27.14988825, 0.0 ], [ 67.58674355, 27.14653699, 0.0 ] ] } },
{ "type": "Feature", "properties": { "name": "Pir Gunio Distry", "descriptio": "Unknown Line Type<BR><BR><B>NAME</B> = Gharghagi Distry<BR><BR><B>TYPE</B> = Distry<BR><BR><B>NAME</B> = Pir Gunio Distry<BR><B>LAYER</B> = Unknown Line Type<BR><BR><B>NAME</B> = Pir Gunio Distry<BR><BR><B>TYPE</B> = Distry<BR><B>GM_TYPE</B> = Unknown Li" }, "geometry": { "type": "LineString", "coordinates": [ [ 67.72457663, 26.79826729, 0.0 ], [ 67.72389525, 26.79897382, 0.0 ], [ 67.72341244, 26.80016898, 0.0 ], [ 67.72387296, 26.80317372, 0.0 ], [ 67.73227501, 26.80962576, 0.0 ], [ 67.73433057, 26.81030574, 0.0 ], [ 67.75735064, 26.81302337, 0.0 ], [ 67.76159032, 26.81388133, 0.0 ], [ 67.76266352, 26.81450104, 0.0 ], [ 67.77840975, 26.82984316, 0.0 ], [ 67.77934752, 26.83216618, 0.0 ], [ 67.77963265, 26.83837239, 0.0 ], [ 67.77938054, 26.8399907, 0.0 ], [ 67.77980541, 26.84197254, 0.0 ], [ 67.78017786, 26.84796288, 0.0 ], [ 67.7830921, 26.85681191, 0.0 ], [ 67.78280401, 26.86160651, 0.0 ], [ 67.78302465, 26.86309215, 0.0 ], [ 67.78747369, 26.86975878, 0.0 ], [ 67.78921435, 26.87364141, 0.0 ], [ 67.79702339, 26.89626789, 0.0 ], [ 67.79918119, 26.89625087, 0.0 ], [ 67.80264607, 26.89912004, 0.0 ], [ 67.80583142, 26.90006168, 0.0 ], [ 67.80990116, 26.8996563, 0.0 ], [ 67.81244345, 26.89874977, 0.0 ] ] } },
{ "type": "Feature", "properties": { "name": "Zerkharl Distry", "descriptio": "Unknown Line Type<BR><BR><B>NAME</B> = Gharghagi Distry<BR><BR><B>TYPE</B> = Distry<BR><BR><B>NAME</B> = Zerkharl Distry<BR><B>LAYER</B> = Unknown Line Type<BR><BR><B>NAME</B> = Zerkharl Distry<BR><BR><B>TYPE</B> = Distry<BR><B>GM_TYPE</B> = Unknown Line" }, "geometry": { "type": "LineString", "coordinates": [ [ 68.71827582, 28.13350182, 0.0 ], [ 68.70777462, 28.12636155, 0.0 ], [ 68.67695266, 28.08892384, 0.0 ], [ 68.67594236, 28.08813617, 0.0 ], [ 68.66183895, 28.08473662, 0.0 ], [ 68.65085112, 28.0810851, 0.0 ], [ 68.64086699, 28.0711635, 0.0 ], [ 68.63344272, 28.04607977, 0.0 ] ] } },
{ "type": "Feature", "properties": { "name": "Kakar Distry", "descriptio": "Unknown Line Type<BR><BR><B>NAME</B> = Gharghagi Distry<BR><BR><B>TYPE</B> = Distry<BR><BR><B>NAME</B> = Kakar Distry<BR><B>LAYER</B> = Unknown Line Type<BR><BR><B>NAME</B> = Kakar Distry<BR><BR><B>TYPE</B> = Distry<BR><B>GM_TYPE</B> = Unknown Line Type" }, "geometry": { "type": "LineString", "coordinates": [ [ 67.83541468, 27.04661412, 0.0 ], [ 67.83597166, 27.04551986, 0.0 ], [ 67.83685151, 27.04200002, 0.0 ], [ 67.83693188, 27.03967118, 0.0 ], [ 67.83658608, 27.03714611, 0.0 ], [ 67.83591878, 27.0352546, 0.0 ], [ 67.83314577, 27.03129034, 0.0 ], [ 67.81175937, 27.01740527, 0.0 ], [ 67.80072123, 27.01280342, 0.0 ], [ 67.79322455, 27.00916706, 0.0 ], [ 67.78730297, 27.00781913, 0.0 ], [ 67.78408866, 27.00772273, 0.0 ], [ 67.78058043, 27.00807888, 0.0 ], [ 67.77698548, 27.00889051, 0.0 ], [ 67.7609685, 27.01431436, 0.0 ], [ 67.75583669, 27.01561599, 0.0 ], [ 67.7499676, 27.01540408, 0.0 ], [ 67.74694165, 27.01463863, 0.0 ], [ 67.74374803, 27.01317883, 0.0 ], [ 67.7407963, 27.01104249, 0.0 ], [ 67.73840767, 27.00862089, 0.0 ], [ 67.7369311, 27.00631302, 0.0 ], [ 67.73536058, 27.00186779, 0.0 ], [ 67.73201076, 26.97233271, 0.0 ], [ 67.73130948, 26.96921405, 0.0 ], [ 67.73033172, 26.96712153, 0.0 ], [ 67.72688413, 26.9633251, 0.0 ], [ 67.72448726, 26.96174727, 0.0 ], [ 67.70408709, 26.95090554, 0.0 ], [ 67.70004308, 26.9481597, 0.0 ], [ 67.70009016, 26.94148708, 0.0 ], [ 67.69715794, 26.94045775, 0.0 ] ] } },
{ "type": "Feature", "properties": { "name": "Piaro Goth Distry", "descriptio": "Unknown Line Type<BR><BR><B>NAME</B> = Gharghagi Distry<BR><BR><B>TYPE</B> = Distry<BR><BR><B>NAME</B> = Piaro Goth Distry<BR><B>LAYER</B> = Unknown Line Type<BR><BR><B>NAME</B> = Piaro Goth Distry<BR><BR><B>TYPE</B> = Distry<BR><B>GM_TYPE</B> = Unknown" }, "geometry": { "type": "LineString", "coordinates": [ [ 67.70664911, 26.8630224, 0.0 ], [ 67.70660868, 26.87254345, 0.0 ], [ 67.70690179, 26.87421207, 0.0 ], [ 67.71661856, 26.88808701, 0.0 ], [ 67.72165941, 26.90386534, 0.0 ], [ 67.72279789, 26.90644756, 0.0 ], [ 67.72462586, 26.90804482, 0.0 ], [ 67.75631163, 26.92164737, 0.0 ], [ 67.7638668, 26.92701511, 0.0 ], [ 67.76534018, 26.92883981, 0.0 ], [ 67.77064466, 26.94370851, 0.0 ], [ 67.77279693, 26.94570412, 0.0 ], [ 67.78681566, 26.95321141, 0.0 ], [ 67.81071288, 26.95911096, 0.0 ], [ 67.81279344, 26.96068063, 0.0 ], [ 67.81545269, 26.96642337, 0.0 ], [ 67.81685097, 26.96803347, 0.0 ], [ 67.82294645, 26.97123995, 0.0 ], [ 67.82356352, 26.97107587, 0.0 ], [ 67.82490312, 26.97172146, 0.0 ], [ 67.83128801, 26.97523995, 0.0 ], [ 67.83380702, 26.97695249, 0.0 ], [ 67.8348039, 26.97946609, 0.0 ], [ 67.83465383, 26.98267781, 0.0 ], [ 67.83534159, 26.98473936, 0.0 ], [ 67.85283925, 27.00793865, 0.0 ], [ 67.8530796, 27.01051662, 0.0 ], [ 67.85180521, 27.03114341, 0.0 ], [ 67.85248353, 27.03392063, 0.0 ], [ 67.85425049, 27.03711043, 0.0 ], [ 67.85514564, 27.03827967, 0.0 ], [ 67.86661988, 27.04899566, 0.0 ], [ 67.87008853, 27.05173423, 0.0 ], [ 67.88296018, 27.06315485, 0.0 ], [ 67.88730048, 27.06506163, 0.0 ], [ 67.88978183, 27.06558406, 0.0 ], [ 67.89746616, 27.06576699, 0.0 ] ] } },
{ "type": "Feature", "properties": { "name": "Bhambha Distry", "descriptio": "Unknown Line Type<BR><BR><B>NAME</B> = Gharghagi Distry<BR><BR><B>TYPE</B> = Distry<BR><BR><B>NAME</B> = Bhambha Distry<BR><B>LAYER</B> = Unknown Line Type<BR><BR><B>NAME</B> = Bhambha Distry<BR><BR><B>TYPE</B> = Distry<BR><B>GM_TYPE</B> = Unknown Line T" }, "geometry": { "type": "LineString", "coordinates": [ [ 67.77919824, 26.59946549, 0.0 ], [ 67.77243061, 26.55098524, 0.0 ], [ 67.77281926, 26.54748385, 0.0 ], [ 67.77906532, 26.52598017, 0.0 ], [ 67.77983215, 26.52171332, 0.0 ], [ 67.77993649, 26.51742454, 0.0 ], [ 67.77839617, 26.48495106, 0.0 ], [ 67.77892587, 26.48101152, 0.0 ], [ 67.78057535, 26.4779458, 0.0 ], [ 67.78285128, 26.47546668, 0.0 ], [ 67.81711603, 26.44571358, 0.0 ], [ 67.83636104, 26.43291509, 0.0 ] ] } },
{ "type": "Feature", "properties": { "name": "Dall Distry", "descriptio": "Unknown Line Type<BR><BR><B>NAME</B> = Gharghagi Distry<BR><BR><B>TYPE</B> = Distry<BR><BR><B>NAME</B> = Dall Distry<BR><B>LAYER</B> = Unknown Line Type<BR><BR><B>NAME</B> = Dall Distry<BR><BR><B>TYPE</B> = Distry<BR><B>GM_TYPE</B> = Unknown Line Type" }, "geometry": { "type": "LineString", "coordinates": [ [ 67.72918274, 26.58766132, 0.0 ], [ 67.728393, 26.58204166, 0.0 ], [ 67.72720376, 26.58006293, 0.0 ], [ 67.72401537, 26.57746606, 0.0 ], [ 67.70733627, 26.55910412, 0.0 ], [ 67.70601455, 26.5571668, 0.0 ], [ 67.7010757, 26.54753931, 0.0 ], [ 67.70147853, 26.54562217, 0.0 ], [ 67.70399317, 26.53962232, 0.0 ], [ 67.70571023, 26.53717645, 0.0 ], [ 67.71247489, 26.52299526, 0.0 ], [ 67.72456992, 26.50587941, 0.0 ], [ 67.73217452, 26.49326802, 0.0 ], [ 67.73179682, 26.49009002, 0.0 ], [ 67.7292677, 26.48639076, 0.0 ], [ 67.72885281, 26.48451109, 0.0 ], [ 67.73332722, 26.46497382, 0.0 ], [ 67.73250354, 26.4570118, 0.0 ], [ 67.73138443, 26.45075138, 0.0 ], [ 67.73177163, 26.4490988, 0.0 ], [ 67.73153531, 26.44754818, 0.0 ], [ 67.73198351, 26.4450206, 0.0 ], [ 67.73158857, 26.44207458, 0.0 ] ] } },
{ "type": "Feature", "properties": { "name": "Nara Distry", "descriptio": "Unknown Line Type<BR><BR><B>NAME</B> = Gharghagi Distry<BR><BR><B>TYPE</B> = Distry<BR><BR><B>NAME</B> = Nara Distry<BR><B>LAYER</B> = Unknown Line Type<BR><BR><B>NAME</B> = Nara Distry<BR><BR><B>TYPE</B> = Distry<BR><B>GM_TYPE</B> = Unknown Line Type" }, "geometry": { "type": "LineString", "coordinates": [ [ 67.70968743, 27.09747534, 0.0 ], [ 67.70414139, 27.09758424, 0.0 ], [ 67.7019468, 27.09791479, 0.0 ], [ 67.70024842, 27.09850126, 0.0 ], [ 67.69360074, 27.10215684, 0.0 ], [ 67.69162867, 27.1026032, 0.0 ], [ 67.68129137, 27.10181567, 0.0 ], [ 67.67751635, 27.10095042, 0.0 ], [ 67.67458198, 27.10118829, 0.0 ], [ 67.66643462, 27.09978368, 0.0 ], [ 67.6634398, 27.09885911, 0.0 ], [ 67.66200652, 27.09456402, 0.0 ], [ 67.66028522, 27.09265585, 0.0 ], [ 67.65988775, 27.09175595, 0.0 ], [ 67.66008443, 27.08967391, 0.0 ], [ 67.66104398, 27.08699463, 0.0 ], [ 67.66279236, 27.08349325, 0.0 ], [ 67.66459041, 27.08204997, 0.0 ], [ 67.66798171, 27.08078775, 0.0 ], [ 67.66965381, 27.08057128, 0.0 ], [ 67.67265407, 27.08099792, 0.0 ], [ 67.67636358, 27.08106611, 0.0 ], [ 67.68093454, 27.080295, 0.0 ], [ 67.68820576, 27.07717676, 0.0 ], [ 67.68865834, 27.07655039, 0.0 ], [ 67.68795114, 27.07355679, 0.0 ], [ 67.68803884, 27.06920977, 0.0 ], [ 67.68751802, 27.06615139, 0.0 ], [ 67.68760939, 27.06409592, 0.0 ], [ 67.68630143, 27.06172721, 0.0 ], [ 67.68662915, 27.05907513, 0.0 ], [ 67.68406724, 27.0560973, 0.0 ], [ 67.6838722, 27.05373897, 0.0 ], [ 67.6830721, 27.05237074, 0.0 ], [ 67.68280023, 27.05024401, 0.0 ], [ 67.68288365, 27.04882394, 0.0 ], [ 67.68326463, 27.04796459, 0.0 ], [ 67.68439582, 27.04638203, 0.0 ], [ 67.68672075, 27.04421322, 0.0 ], [ 67.6865245, 27.04195452, 0.0 ], [ 67.68490552, 27.03765789, 0.0 ], [ 67.68143994, 27.03271344, 0.0 ], [ 67.67950349, 27.03339222, 0.0 ], [ 67.67848785, 27.03461076, 0.0 ], [ 67.67736642, 27.03536358, 0.0 ], [ 67.67525344, 27.03527728, 0.0 ], [ 67.67370727, 27.03430027, 0.0 ], [ 67.67318577, 27.03350699, 0.0 ], [ 67.67324507, 27.03161576, 0.0 ], [ 67.67554442, 27.02845122, 0.0 ] ] } },
{ "type": "Feature", "properties": { "name": "Khuda Wah Distry", "descriptio": "Unknown Line Type<BR><BR><B>NAME</B> = Gharghagi Distry<BR><BR><B>TYPE</B> = Distry<BR><BR><B>NAME</B> = Khuda Wah Distry<BR><B>LAYER</B> = Unknown Line Type<BR><BR><B>NAME</B> = Khuda Wah Distry<BR><BR><B>TYPE</B> = Distry<BR><B>GM_TYPE</B> = Unknown Li" }, "geometry": { "type": "LineString", "coordinates": [ [ 67.70968743, 27.09747534, 0.0 ], [ 67.71013351, 27.09281959, 0.0 ], [ 67.71118695, 27.09103458, 0.0 ], [ 67.71364637, 27.08835881, 0.0 ], [ 67.71731176, 27.08525177, 0.0 ], [ 67.7214951, 27.08057867, 0.0 ], [ 67.72184988, 27.06518927, 0.0 ], [ 67.72383284, 27.05766911, 0.0 ], [ 67.70838569, 27.03059964, 0.0 ], [ 67.70594879, 27.02705809, 0.0 ] ] } },
{ "type": "Feature", "properties": { "name": "Abad Distry", "descriptio": "Unknown Line Type<BR><BR><B>NAME</B> = Gharghagi Distry<BR><BR><B>TYPE</B> = Distry<BR><BR><B>NAME</B> = Abad Distry<BR><B>LAYER</B> = Unknown Line Type<BR><BR><B>NAME</B> = Abad Distry<BR><BR><B>TYPE</B> = Distry<BR><B>GM_TYPE</B> = Unknown Line Type" }, "geometry": { "type": "LineString", "coordinates": [ [ 67.7345788, 27.13502715, 0.0 ], [ 67.70093128, 27.14734348, 0.0 ], [ 67.67150351, 27.15982115, 0.0 ] ] } },
{ "type": "Feature", "properties": { "name": "Masaher Distry", "descriptio": "Unknown Line Type<BR><BR><B>NAME</B> = Gharghagi Distry<BR><BR><B>TYPE</B> = Distry<BR><BR><B>NAME</B> = Masaher Distry<BR><B>LAYER</B> = Unknown Line Type<BR><BR><B>NAME</B> = Masaher Distry<BR><BR><B>TYPE</B> = Distry<BR><B>GM_TYPE</B> = Unknown Line T" }, "geometry": { "type": "LineString", "coordinates": [ [ 67.73746177, 27.1358207, 0.0 ], [ 67.73752532, 27.13715503, 0.0 ], [ 67.7361582, 27.14003832, 0.0 ], [ 67.73622225, 27.14640704, 0.0 ], [ 67.73098942, 27.15407661, 0.0 ], [ 67.7305324, 27.15456381, 0.0 ], [ 67.72897496, 27.15514637, 0.0 ], [ 67.72761825, 27.15665257, 0.0 ], [ 67.72087066, 27.15960962, 0.0 ], [ 67.71879399, 27.16156413, 0.0 ], [ 67.71723741, 27.16205884, 0.0 ], [ 67.7159826, 27.16362677, 0.0 ], [ 67.70935238, 27.16921155, 0.0 ], [ 67.70854584, 27.16934456, 0.0 ], [ 67.69646401, 27.17594653, 0.0 ], [ 67.68481866, 27.17873803, 0.0 ], [ 67.6824941, 27.17847199, 0.0 ], [ 67.68002081, 27.18008075, 0.0 ], [ 67.67838691, 27.18043385, 0.0 ], [ 67.67755097, 27.18139121, 0.0 ], [ 67.67582016, 27.18163805, 0.0 ], [ 67.67459297, 27.18286542, 0.0 ], [ 67.67338124, 27.18219946, 0.0 ], [ 67.67301963, 27.18157051, 0.0 ], [ 67.67167763, 27.18097776, 0.0 ], [ 67.6713863, 27.17979208, 0.0 ], [ 67.67044163, 27.17896428, 0.0 ], [ 67.67006496, 27.17813319, 0.0 ], [ 67.66965656, 27.17681409, 0.0 ], [ 67.66983882, 27.17616926, 0.0 ] ] } },
{ "type": "Feature", "properties": { "name": "Distry 3L", "descriptio": "Unknown Line Type<BR><BR><B>NAME</B> = Gharghagi Distry<BR><BR><B>TYPE</B> = Distry<BR><BR><B>NAME</B> = Distry 3L<BR><B>LAYER</B> = Unknown Line Type<BR><BR><B>NAME</B> = Distry 3L<BR><BR><B>TYPE</B> = Distry<BR><B>GM_TYPE</B> = Unknown Line Type" }, "geometry": { "type": "LineString", "coordinates": [ [ 68.86466038, 28.02652333, 0.0 ], [ 68.859113, 28.02099682, 0.0 ], [ 68.85496337, 28.02045124, 0.0 ], [ 68.84072369, 28.00805179, 0.0 ], [ 68.83505644, 28.00754835, 0.0 ], [ 68.83097382, 28.00353799, 0.0 ], [ 68.82951077, 27.99995534, 0.0 ] ] } },
{ "type": "Feature", "properties": { "name": "Kolachi Distry", "descriptio": "Unknown Line Type<BR><BR><B>NAME</B> = Gharghagi Distry<BR><BR><B>TYPE</B> = Distry<BR><BR><B>NAME</B> = Kolachi Distry<BR><B>LAYER</B> = Unknown Line Type<BR><BR><B>NAME</B> = Kolachi Distry<BR><BR><B>TYPE</B> = Distry<BR><B>GM_TYPE</B> = Unknown Line T" }, "geometry": { "type": "LineString", "coordinates": [ [ 67.7624297, 27.14141897, 0.0 ], [ 67.76132553, 27.14624546, 0.0 ], [ 67.76032803, 27.14732511, 0.0 ], [ 67.75752296, 27.14932179, 0.0 ], [ 67.75759591, 27.15061035, 0.0 ], [ 67.75896507, 27.15243881, 0.0 ], [ 67.75997164, 27.15498229, 0.0 ], [ 67.76107874, 27.15619406, 0.0 ], [ 67.76172489, 27.15856368, 0.0 ], [ 67.7609163, 27.16414772, 0.0 ], [ 67.76026078, 27.16663354, 0.0 ], [ 67.75963776, 27.16757623, 0.0 ], [ 67.75977053, 27.17152679, 0.0 ], [ 67.75906344, 27.17331016, 0.0 ], [ 67.75554791, 27.1762227, 0.0 ], [ 67.75390735, 27.17835308, 0.0 ], [ 67.75088999, 27.18093057, 0.0 ], [ 67.74843055, 27.18251829, 0.0 ], [ 67.74270772, 27.18512485, 0.0 ], [ 67.74096334, 27.18682354, 0.0 ], [ 67.73903088, 27.18723361, 0.0 ], [ 67.73838054, 27.18792225, 0.0 ], [ 67.7365325, 27.18880037, 0.0 ], [ 67.7309525, 27.1935179, 0.0 ], [ 67.72890989, 27.1944076, 0.0 ], [ 67.72804035, 27.19596225, 0.0 ], [ 67.72706415, 27.19638082, 0.0 ], [ 67.7239677, 27.19873794, 0.0 ], [ 67.72385415, 27.19911027, 0.0 ] ] } },
{ "type": "Feature", "properties": { "name": "Saleh Distry", "descriptio": "Unknown Line Type<BR><BR><B>NAME</B> = Gharghagi Distry<BR><BR><B>TYPE</B> = Distry<BR><BR><B>NAME</B> = Saleh Distry<BR><B>LAYER</B> = Unknown Line Type<BR><BR><B>NAME</B> = Saleh Distry<BR><BR><B>TYPE</B> = Distry<BR><B>GM_TYPE</B> = Unknown Line Type" }, "geometry": { "type": "LineString", "coordinates": [ [ 67.82326788, 27.13249378, 0.0 ], [ 67.8230272, 27.13386743, 0.0 ], [ 67.82204841, 27.13514056, 0.0 ], [ 67.81758632, 27.13484682, 0.0 ], [ 67.81610091, 27.13695185, 0.0 ], [ 67.81529997, 27.13751659, 0.0 ], [ 67.80107511, 27.13940876, 0.0 ], [ 67.80070987, 27.1397024, 0.0 ], [ 67.79808625, 27.14309969, 0.0 ], [ 67.7983925, 27.14690579, 0.0 ], [ 67.79870577, 27.14752139, 0.0 ], [ 67.79825647, 27.14862352, 0.0 ], [ 67.79845126, 27.15165618, 0.0 ], [ 67.79829247, 27.1538128, 0.0 ], [ 67.79781856, 27.15438871, 0.0 ], [ 67.79780686, 27.15548113, 0.0 ], [ 67.79645522, 27.15743591, 0.0 ], [ 67.79576723, 27.15968238, 0.0 ], [ 67.7932524, 27.16203463, 0.0 ], [ 67.79322287, 27.16314801, 0.0 ], [ 67.79170507, 27.16801199, 0.0 ], [ 67.79121383, 27.16878998, 0.0 ], [ 67.78387295, 27.17579175, 0.0 ], [ 67.78276629, 27.17764344, 0.0 ], [ 67.77861116, 27.18175509, 0.0 ], [ 67.77126318, 27.18608676, 0.0 ] ] } },
{ "type": "Feature", "properties": { "name": "Gunero Distry", "descriptio": "Unknown Line Type<BR><BR><B>NAME</B> = Gharghagi Distry<BR><BR><B>TYPE</B> = Distry<BR><BR><B>NAME</B> = Gunero Distry<BR><B>LAYER</B> = Unknown Line Type<BR><BR><B>NAME</B> = Gunero Distry<BR><BR><B>TYPE</B> = Distry<BR><B>GM_TYPE</B> = Unknown Line Typ" }, "geometry": { "type": "LineString", "coordinates": [ [ 67.70745312, 27.2568287, 0.0 ], [ 67.7049623, 27.24648784, 0.0 ], [ 67.69856655, 27.242463, 0.0 ], [ 67.69755588, 27.233873, 0.0 ], [ 67.70091215, 27.22940191, 0.0 ], [ 67.69987749, 27.22361507, 0.0 ], [ 67.69909251, 27.22223623, 0.0 ], [ 67.69820125, 27.22139313, 0.0 ], [ 67.69381791, 27.21950372, 0.0 ], [ 67.68858206, 27.21918648, 0.0 ] ] } },
{ "type": "Feature", "properties": { "name": "Langhano Distry", "descriptio": "Unknown Line Type<BR><BR><B>NAME</B> = Gharghagi Distry<BR><BR><B>TYPE</B> = Distry<BR><BR><B>NAME</B> = Langhano Distry<BR><B>LAYER</B> = Unknown Line Type<BR><BR><B>NAME</B> = Langhano Distry<BR><BR><B>TYPE</B> = Distry<BR><B>GM_TYPE</B> = Unknown Line" }, "geometry": { "type": "LineString", "coordinates": [ [ 67.72675908, 27.25622814, 0.0 ], [ 67.72595418, 27.24967291, 0.0 ], [ 67.72398078, 27.24595761, 0.0 ], [ 67.72421369, 27.23859937, 0.0 ], [ 67.7253797, 27.23533314, 0.0 ], [ 67.72486424, 27.23104331, 0.0 ], [ 67.72489185, 27.2286203, 0.0 ], [ 67.72812883, 27.22598668, 0.0 ], [ 67.73367175, 27.22346256, 0.0 ], [ 67.73450731, 27.22184919, 0.0 ], [ 67.73656488, 27.21586727, 0.0 ] ] } },
{ "type": "Feature", "properties": { "name": "Gul Muhammad Wah Distry", "descriptio": "Unknown Line Type<BR><BR><B>NAME</B> = Gharghagi Distry<BR><BR><B>TYPE</B> = Distry<BR><BR><B>NAME</B> = Gul Muhammad Wah Distry<BR><B>LAYER</B> = Unknown Line Type<BR><BR><B>NAME</B> = Gul Muhammad Wah Distry<BR><BR><B>TYPE</B> = Distry<BR><B>GM_TYPE</B" }, "geometry": { "type": "LineString", "coordinates": [ [ 67.79777321, 27.27221414, 0.0 ], [ 67.80165658, 27.2697036, 0.0 ], [ 67.81048498, 27.26530311, 0.0 ], [ 67.83710231, 27.25598471, 0.0 ], [ 67.84668409, 27.25215087, 0.0 ], [ 67.84953183, 27.25063908, 0.0 ], [ 67.85001221, 27.2498303, 0.0 ], [ 67.85553027, 27.24587917, 0.0 ], [ 67.86382735, 27.23893319, 0.0 ], [ 67.88475103, 27.2237851, 0.0 ], [ 67.88852499, 27.22053406, 0.0 ], [ 67.89249666, 27.21898976, 0.0 ], [ 67.91470133, 27.20214786, 0.0 ], [ 67.91659725, 27.20140402, 0.0 ] ] } },
{ "type": "Feature", "properties": { "name": "Bego Dero Distry", "descriptio": "Unknown Line Type<BR><BR><B>NAME</B> = Gharghagi Distry<BR><BR><B>TYPE</B> = Distry<BR><BR><B>NAME</B> = Bego Dero Distry<BR><B>LAYER</B> = Unknown Line Type<BR><BR><B>NAME</B> = Bego Dero Distry<BR><BR><B>TYPE</B> = Distry<BR><B>GM_TYPE</B> = Unknown Li" }, "geometry": { "type": "LineString", "coordinates": [ [ 67.63763485, 26.98326682, 0.0 ], [ 67.62176682, 26.98702352, 0.0 ], [ 67.61622838, 26.98955974, 0.0 ], [ 67.60221701, 26.99916863, 0.0 ], [ 67.59026899, 27.00800764, 0.0 ], [ 67.58758962, 27.01092001, 0.0 ], [ 67.58527314, 27.01519704, 0.0 ], [ 67.58017398, 27.03080749, 0.0 ], [ 67.57939481, 27.03523329, 0.0 ], [ 67.58014755, 27.08397162, 0.0 ], [ 67.58056675, 27.08837158, 0.0 ], [ 67.58144232, 27.09179278, 0.0 ], [ 67.58371517, 27.09702151, 0.0 ], [ 67.59932993, 27.12075131, 0.0 ], [ 67.60081094, 27.12258435, 0.0 ], [ 67.604178, 27.12592083, 0.0 ], [ 67.6058336, 27.12715782, 0.0 ], [ 67.62001878, 27.13544297, 0.0 ], [ 67.62211544, 27.13708257, 0.0 ], [ 67.62382284, 27.13933004, 0.0 ], [ 67.62536942, 27.14268293, 0.0 ], [ 67.62920055, 27.16595022, 0.0 ] ] } },
{ "type": "Feature", "properties": { "name": "Lakha Distry", "descriptio": "Unknown Line Type<BR><BR><B>NAME</B> = Gharghagi Distry<BR><BR><B>TYPE</B> = Distry<BR><BR><B>NAME</B> = Lakha Distry<BR><B>LAYER</B> = Unknown Line Type<BR><BR><B>NAME</B> = Lakha Distry<BR><BR><B>TYPE</B> = Distry<BR><B>GM_TYPE</B> = Unknown Line Type" }, "geometry": { "type": "LineString", "coordinates": [ [ 67.56232633, 26.6304136, 0.0 ], [ 67.5713191, 26.59072533, 0.0 ], [ 67.57282601, 26.58682713, 0.0 ], [ 67.57446676, 26.5845276, 0.0 ], [ 67.61922972, 26.53180719, 0.0 ], [ 67.61979317, 26.53038522, 0.0 ], [ 67.62068441, 26.51947093, 0.0 ] ] } },
{ "type": "Feature", "properties": { "name": "Said pur Distry", "descriptio": "Unknown Line Type<BR><BR><B>NAME</B> = Gharghagi Distry<BR><BR><B>TYPE</B> = Distry<BR><BR><B>NAME</B> = Said pur Distry<BR><B>LAYER</B> = Unknown Line Type<BR><BR><B>NAME</B> = Said pur Distry<BR><BR><B>TYPE</B> = Distry<BR><B>GM_TYPE</B> = Unknown Line" }, "geometry": { "type": "LineString", "coordinates": [ [ 67.65342488, 27.29472643, 0.0 ], [ 67.65970037, 27.27474015, 0.0 ], [ 67.66024019, 27.27182791, 0.0 ], [ 67.65880291, 27.26760633, 0.0 ], [ 67.65407063, 27.25842285, 0.0 ], [ 67.6536214, 27.25627031, 0.0 ], [ 67.65436401, 27.2537844, 0.0 ], [ 67.65819833, 27.24863148, 0.0 ], [ 67.65865671, 27.24754845, 0.0 ], [ 67.65943351, 27.2372747, 0.0 ], [ 67.65942562, 27.23297809, 0.0 ], [ 67.65867538, 27.22862671, 0.0 ], [ 67.65726566, 27.2248736, 0.0 ], [ 67.65391998, 27.22165891, 0.0 ], [ 67.6386887, 27.21030494, 0.0 ], [ 67.63581686, 27.20725355, 0.0 ], [ 67.6337533, 27.20365296, 0.0 ], [ 67.63278175, 27.20056695, 0.0 ], [ 67.62962396, 27.1842441, 0.0 ], [ 67.62831713, 27.17690022, 0.0 ], [ 67.62825695, 27.17453914, 0.0 ], [ 67.62920784, 27.17200229, 0.0 ], [ 67.63378944, 27.16480143, 0.0 ] ] } },
{ "type": "Feature", "properties": { "name": "Gul Distry", "descriptio": "Unknown Line Type<BR><BR><B>NAME</B> = Gharghagi Distry<BR><BR><B>TYPE</B> = Distry<BR><BR><B>NAME</B> = Gul Distry<BR><B>LAYER</B> = Unknown Line Type<BR><BR><B>NAME</B> = Gul Distry<BR><BR><B>TYPE</B> = Distry<BR><B>GM_TYPE</B> = Unknown Line Type" }, "geometry": { "type": "LineString", "coordinates": [ [ 68.28761532, 28.13052593, 0.0 ], [ 68.28514378, 28.10807172, 0.0 ], [ 68.2837303, 28.10118555, 0.0 ], [ 68.27217939, 28.06313524, 0.0 ], [ 68.25141923, 28.04965332, 0.0 ], [ 68.23444588, 28.03797515, 0.0 ], [ 68.22347766, 28.02970981, 0.0 ], [ 68.21466369, 28.0217063, 0.0 ], [ 68.20127191, 28.00775425, 0.0 ], [ 68.19747794, 28.00300308, 0.0 ], [ 68.19231813, 27.99295588, 0.0 ] ] } },
{ "type": "Feature", "properties": { "name": "Shahpur Distry", "descriptio": "Unknown Line Type<BR><BR><B>NAME</B> = Gharghagi Distry<BR><BR><B>TYPE</B> = Distry<BR><BR><B>NAME</B> = Shahpur Distry<BR><B>LAYER</B> = Unknown Line Type<BR><BR><B>NAME</B> = Shahpur Distry<BR><BR><B>TYPE</B> = Distry<BR><B>GM_TYPE</B> = Unknown Line T" }, "geometry": { "type": "LineString", "coordinates": [ [ 68.2876515, 28.13055265, 0.0 ], [ 68.28712283, 28.13201654, 0.0 ], [ 68.27784837, 28.14132589, 0.0 ], [ 68.26999019, 28.14988052, 0.0 ], [ 68.26844612, 28.15112358, 0.0 ], [ 68.24994485, 28.15292779, 0.0 ], [ 68.22685628, 28.16496098, 0.0 ] ] } },
{ "type": "Feature", "properties": { "name": "Distry 2L", "descriptio": "Unknown Line Type<BR><BR><B>NAME</B> = Gharghagi Distry<BR><BR><B>TYPE</B> = Distry<BR><BR><B>NAME</B> = Distry 2L<BR><B>LAYER</B> = Unknown Line Type<BR><BR><B>NAME</B> = Distry 2L<BR><BR><B>TYPE</B> = Distry<BR><B>GM_TYPE</B> = Unknown Line Type" }, "geometry": { "type": "LineString", "coordinates": [ [ 68.93929789, 28.05295945, 0.0 ], [ 68.93922134, 28.0500305, 0.0 ], [ 68.94233238, 28.04476327, 0.0 ], [ 68.93641577, 28.0320305, 0.0 ], [ 68.8942999, 28.00890244, 0.0 ] ] } },
{ "type": "Feature", "properties": { "name": "Channa Distry", "descriptio": "Unknown Line Type<BR><BR><B>NAME</B> = Gharghagi Distry<BR><BR><B>TYPE</B> = Distry<BR><BR><B>NAME</B> = Channa Distry<BR><B>LAYER</B> = Unknown Line Type<BR><BR><B>NAME</B> = Channa Distry<BR><BR><B>TYPE</B> = Distry<BR><B>GM_TYPE</B> = Unknown Line Typ" }, "geometry": { "type": "LineString", "coordinates": [ [ 68.71826961, 28.13350036, 0.0 ], [ 68.71725062, 28.13312607, 0.0 ], [ 68.70719494, 28.13522687, 0.0 ], [ 68.6919503, 28.14143141, 0.0 ], [ 68.68169916, 28.14491247, 0.0 ], [ 68.67880433, 28.14670362, 0.0 ], [ 68.67713549, 28.14676495, 0.0 ], [ 68.67617962, 28.14638229, 0.0 ], [ 68.64042004, 28.08350897, 0.0 ], [ 68.637043, 28.08103177, 0.0 ], [ 68.63308592, 28.07651403, 0.0 ], [ 68.62846424, 28.0730757, 0.0 ], [ 68.62682249, 28.06739382, 0.0 ], [ 68.6173474, 28.05857956, 0.0 ], [ 68.61039154, 28.05394791, 0.0 ], [ 68.6048635, 28.05192381, 0.0 ], [ 68.58768438, 28.05140499, 0.0 ], [ 68.56255123, 28.04189088, 0.0 ] ] } },
{ "type": "Feature", "properties": { "name": "Distry 6R", "descriptio": "Unknown Line Type<BR><BR><B>NAME</B> = Gharghagi Distry<BR><BR><B>TYPE</B> = Distry<BR><BR><B>NAME</B> = Distry 6R<BR><B>LAYER</B> = Unknown Line Type<BR><BR><B>NAME</B> = Distry 6R<BR><BR><B>TYPE</B> = Distry<BR><B>GM_TYPE</B> = Unknown Line Type" }, "geometry": { "type": "LineString", "coordinates": [ [ 68.71304403, 28.01901699, 0.0 ], [ 68.71212223, 28.01985379, 0.0 ], [ 68.71086104, 28.01987443, 0.0 ], [ 68.70778396, 28.02103292, 0.0 ], [ 68.70459853, 28.02335601, 0.0 ], [ 68.66694588, 28.02376324, 0.0 ] ] } },
{ "type": "Feature", "properties": { "name": "Distry 6L", "descriptio": "Unknown Line Type<BR><BR><B>NAME</B> = Gharghagi Distry<BR><BR><B>TYPE</B> = Distry<BR><BR><B>NAME</B> = Distry 6L<BR><B>LAYER</B> = Unknown Line Type<BR><BR><B>NAME</B> = Distry 6L<BR><BR><B>TYPE</B> = Distry<BR><B>GM_TYPE</B> = Unknown Line Type" }, "geometry": { "type": "LineString", "coordinates": [ [ 68.71302936, 28.01869755, 0.0 ], [ 68.71214518, 28.01614595, 0.0 ], [ 68.70309726, 28.00783112, 0.0 ], [ 68.6827146, 28.00622636, 0.0 ], [ 68.67891845, 28.00287771, 0.0 ], [ 68.67146649, 28.00350659, 0.0 ] ] } },
{ "type": "Feature", "properties": { "name": "Distry 5L", "descriptio": "Unknown Line Type<BR><BR><B>NAME</B> = Gharghagi Distry<BR><BR><B>TYPE</B> = Distry<BR><BR><B>NAME</B> = Distry 5L<BR><B>LAYER</B> = Unknown Line Type<BR><BR><B>NAME</B> = Distry 5L<BR><BR><B>TYPE</B> = Distry<BR><B>GM_TYPE</B> = Unknown Line Type" }, "geometry": { "type": "LineString", "coordinates": [ [ 68.81259884, 28.02382587, 0.0 ], [ 68.81159095, 28.02235118, 0.0 ], [ 68.80746557, 28.02110014, 0.0 ], [ 68.78622967, 28.01515973, 0.0 ], [ 68.77084803, 28.01151459, 0.0 ], [ 68.76578612, 28.01168756, 0.0 ], [ 68.76400408, 28.0121402, 0.0 ], [ 68.75888281, 28.01251101, 0.0 ], [ 68.75540892, 28.01313169, 0.0 ], [ 68.75027162, 28.01300097, 0.0 ], [ 68.73496206, 28.0148726, 0.0 ] ] } },
{ "type": "Feature", "properties": { "name": "Distry 5R", "descriptio": "Unknown Line Type<BR><BR><B>NAME</B> = Gharghagi Distry<BR><BR><B>TYPE</B> = Distry<BR><BR><B>NAME</B> = Distry 5R<BR><B>LAYER</B> = Unknown Line Type<BR><BR><B>NAME</B> = Distry 5R<BR><BR><B>TYPE</B> = Distry<BR><B>GM_TYPE</B> = Unknown Line Type" }, "geometry": { "type": "LineString", "coordinates": [ [ 68.81259486, 28.02408724, 0.0 ], [ 68.80977427, 28.0243766, 0.0 ], [ 68.80315711, 28.0299475, 0.0 ], [ 68.78919893, 28.03000342, 0.0 ], [ 68.76069563, 28.02706103, 0.0 ], [ 68.75524648, 28.0324802, 0.0 ], [ 68.74929239, 28.03251576, 0.0 ], [ 68.73731992, 28.04350929, 0.0 ], [ 68.73746347, 28.04910817, 0.0 ] ] } },
{ "type": "Feature", "properties": { "name": "Distry 2R", "descriptio": "Unknown Line Type<BR><BR><B>NAME</B> = Gharghagi Distry<BR><BR><B>TYPE</B> = Distry<BR><BR><B>NAME</B> = Distry 2R<BR><B>LAYER</B> = Unknown Line Type<BR><BR><B>NAME</B> = Distry 2R<BR><BR><B>TYPE</B> = Distry<BR><B>GM_TYPE</B> = Unknown Line Type" }, "geometry": { "type": "LineString", "coordinates": [ [ 68.93911679, 28.05302002, 0.0 ], [ 68.93462555, 28.05549922, 0.0 ], [ 68.9272184, 28.05808009, 0.0 ], [ 68.84273085, 28.07436813, 0.0 ] ] } },
{ "type": "Feature", "properties": { "name": "Distry 4R", "descriptio": "Unknown Line Type<BR><BR><B>NAME</B> = Gharghagi Distry<BR><BR><B>TYPE</B> = Distry<BR><BR><B>NAME</B> = Distry 4R<BR><B>LAYER</B> = Unknown Line Type<BR><BR><B>NAME</B> = Distry 4R<BR><BR><B>TYPE</B> = Distry<BR><B>GM_TYPE</B> = Unknown Line Type" }, "geometry": { "type": "LineString", "coordinates": [ [ 68.86468338, 28.02678211, 0.0 ], [ 68.85853253, 28.03499463, 0.0 ], [ 68.84748183, 28.04385278, 0.0 ], [ 68.80148385, 28.04394725, 0.0 ], [ 68.77322371, 28.04499422, 0.0 ], [ 68.77054872, 28.04756931, 0.0 ] ] } },
{ "type": "Feature", "properties": { "name": "Distry 1R", "descriptio": "Unknown Line Type<BR><BR><B>NAME</B> = Gharghagi Distry<BR><BR><B>TYPE</B> = Distry<BR><BR><B>NAME</B> = Distry 1R<BR><B>LAYER</B> = Unknown Line Type<BR><BR><B>NAME</B> = Distry 1R<BR><BR><B>TYPE</B> = Distry<BR><B>GM_TYPE</B> = Unknown Line Type" }, "geometry": { "type": "LineString", "coordinates": [ [ 69.01215902, 28.0864069, 0.0 ], [ 69.00834964, 28.08489679, 0.0 ], [ 68.99247433, 28.08585253, 0.0 ], [ 68.98409708, 28.07912585, 0.0 ], [ 68.94626326, 28.08086546, 0.0 ], [ 68.93841052, 28.08809444, 0.0 ], [ 68.89589164, 28.09068305, 0.0 ] ] } },
{ "type": "Feature", "properties": { "name": "Khan Wah Distry", "descriptio": "Unknown Line Type<BR><BR><B>NAME</B> = Gharghagi Distry<BR><BR><B>TYPE</B> = Distry<BR><BR><B>NAME</B> = Khan Wah Distry<BR><B>LAYER</B> = Unknown Line Type<BR><BR><B>NAME</B> = Khan Wah Distry<BR><BR><B>TYPE</B> = Distry<BR><B>GM_TYPE</B> = Unknown Line" }, "geometry": { "type": "LineString", "coordinates": [ [ 68.75268501, 28.13163592, 0.0 ], [ 68.71864298, 28.09954888, 0.0 ], [ 68.71126781, 28.090934, 0.0 ], [ 68.7063704, 28.06789775, 0.0 ], [ 68.70049753, 28.0555481, 0.0 ] ] } },
{ "type": "Feature", "properties": { "name": "Kalhora Distry", "descriptio": "Unknown Line Type<BR><BR><B>NAME</B> = Gharghagi Distry<BR><BR><B>TYPE</B> = Distry<BR><BR><B>NAME</B> = Kalhora Distry<BR><B>LAYER</B> = Unknown Line Type<BR><BR><B>NAME</B> = Kalhora Distry<BR><BR><B>TYPE</B> = Distry<BR><B>GM_TYPE</B> = Unknown Line T" }, "geometry": { "type": "LineString", "coordinates": [ [ 68.8538035, 28.09980427, 0.0 ], [ 68.84093469, 28.10156451, 0.0 ], [ 68.83962848, 28.10232671, 0.0 ], [ 68.83844456, 28.10359103, 0.0 ], [ 68.82642035, 28.10731543, 0.0 ], [ 68.82016304, 28.11031577, 0.0 ], [ 68.8174247, 28.11088291, 0.0 ], [ 68.81165068, 28.1109974, 0.0 ], [ 68.80404011, 28.1120917, 0.0 ], [ 68.79688465, 28.11323743, 0.0 ], [ 68.78280064, 28.11611025, 0.0 ] ] } },
{ "type": "Feature", "properties": { "name": "Bhatti Distry", "descriptio": "Unknown Line Type<BR><BR><B>NAME</B> = Gharghagi Distry<BR><BR><B>TYPE</B> = Distry<BR><BR><B>NAME</B> = Bhatti Distry<BR><B>LAYER</B> = Unknown Line Type<BR><BR><B>NAME</B> = Bhatti Distry<BR><BR><B>TYPE</B> = Distry<BR><B>GM_TYPE</B> = Unknown Line Typ" }, "geometry": { "type": "LineString", "coordinates": [ [ 68.8551983, 28.10073653, 0.0 ], [ 68.84914401, 28.0968077, 0.0 ], [ 68.84442445, 28.09501505, 0.0 ], [ 68.8438023, 28.09413961, 0.0 ], [ 68.84311342, 28.09154522, 0.0 ], [ 68.841558, 28.08948692, 0.0 ], [ 68.82781724, 28.08102158, 0.0 ], [ 68.80953858, 28.07793035, 0.0 ], [ 68.78377478, 28.07899724, 0.0 ], [ 68.74868206, 28.08862406, 0.0 ] ] } },
{ "type": "Feature", "properties": { "name": "Mirza Wah", "descriptio": "Unknown Line Type<BR><BR><B>NAME</B> = Gharghagi Distry<BR><BR><B>TYPE</B> = Distry<BR><BR><B>NAME</B> = Mirza Wah<BR><B>LAYER</B> = Unknown Line Type<BR><BR><B>NAME</B> = Mirza Wah<BR><BR><B>TYPE</B> = Distry<BR><B>GM_TYPE</B> = Unknown Line Type" }, "geometry": { "type": "LineString", "coordinates": [ [ 68.85375794, 28.10114755, 0.0 ], [ 68.85405315, 28.10253018, 0.0 ], [ 68.85363154, 28.10305627, 0.0 ], [ 68.82172571, 28.11350329, 0.0 ], [ 68.78032392, 28.12960078, 0.0 ], [ 68.74981378, 28.13896335, 0.0 ], [ 68.728424, 28.14857935, 0.0 ], [ 68.69330135, 28.16248172, 0.0 ], [ 68.67485902, 28.16679951, 0.0 ], [ 68.66056085, 28.17140854, 0.0 ], [ 68.64575232, 28.17553324, 0.0 ], [ 68.61458144, 28.18238567, 0.0 ], [ 68.6083332, 28.18281044, 0.0 ] ] } },
{ "type": "Feature", "properties": { "name": "Unar Distry", "descriptio": "Unknown Line Type<BR><BR><B>NAME</B> = Gharghagi Distry<BR><BR><B>TYPE</B> = Distry<BR><BR><B>NAME</B> = Unar Distry<BR><B>LAYER</B> = Unknown Line Type<BR><BR><B>NAME</B> = Unar Distry<BR><BR><B>TYPE</B> = Distry<BR><B>GM_TYPE</B> = Unknown Line Type" }, "geometry": { "type": "LineString", "coordinates": [ [ 68.99641183, 28.23940751, 0.0 ], [ 68.96795083, 28.25172573, 0.0 ], [ 68.9583251, 28.25523824, 0.0 ], [ 68.94661698, 28.26013635, 0.0 ], [ 68.92519275, 28.28109531, 0.0 ], [ 68.88929268, 28.29814537, 0.0 ] ] } },
{ "type": "Feature", "properties": { "name": "Beero Distry", "descriptio": "Unknown Line Type<BR><BR><B>NAME</B> = Gharghagi Distry<BR><BR><B>TYPE</B> = Distry<BR><BR><B>NAME</B> = Beero Distry<BR><B>LAYER</B> = Unknown Line Type<BR><BR><B>NAME</B> = Beero Distry<BR><BR><B>TYPE</B> = Distry<BR><B>GM_TYPE</B> = Unknown Line Type" }, "geometry": { "type": "LineString", "coordinates": [ [ 68.41208241, 28.04932203, 0.0 ], [ 68.41334907, 28.04939865, 0.0 ], [ 68.41715866, 28.04828276, 0.0 ] ] } },
{ "type": "Feature", "properties": { "name": "Khariro Distry", "descriptio": "Unknown Line Type<BR><BR><B>NAME</B> = Gharghagi Distry<BR><BR><B>TYPE</B> = Distry<BR><BR><B>NAME</B> = Khariro Distry<BR><B>LAYER</B> = Unknown Line Type<BR><BR><B>NAME</B> = Khariro Distry<BR><BR><B>TYPE</B> = Distry<BR><B>GM_TYPE</B> = Unknown Line T" }, "geometry": { "type": "LineString", "coordinates": [ [ 69.09934434, 28.17535199, 0.0 ], [ 69.09935159, 28.17392555, 0.0 ], [ 69.09442805, 28.1617567, 0.0 ], [ 69.09343058, 28.16070053, 0.0 ], [ 69.0768079, 28.14818191, 0.0 ], [ 69.07492332, 28.14713566, 0.0 ], [ 69.07253045, 28.14657675, 0.0 ], [ 69.03960562, 28.1414155, 0.0 ], [ 69.03795752, 28.14092544, 0.0 ], [ 69.0239657, 28.1317729, 0.0 ], [ 69.00923925, 28.1214419, 0.0 ], [ 69.00119517, 28.11451799, 0.0 ], [ 68.98439704, 28.10230513, 0.0 ], [ 68.98259085, 28.10196439, 0.0 ], [ 68.9576073, 28.104578, 0.0 ], [ 68.89952761, 28.11180636, 0.0 ] ] } },
{ "type": "Feature", "properties": { "name": "Hazaro Distry", "descriptio": "Unknown Line Type<BR><BR><B>NAME</B> = Gharghagi Distry<BR><BR><B>TYPE</B> = Distry<BR><BR><B>NAME</B> = Hazaro Distry<BR><B>LAYER</B> = Unknown Line Type<BR><BR><B>NAME</B> = Hazaro Distry<BR><BR><B>TYPE</B> = Distry<BR><B>GM_TYPE</B> = Unknown Line Typ" }, "geometry": { "type": "LineString", "coordinates": [ [ 69.04081671, 28.20095127, 0.0 ], [ 69.03995793, 28.20073916, 0.0 ], [ 69.03753432, 28.20288595, 0.0 ], [ 69.03601936, 28.20381405, 0.0 ], [ 69.01099643, 28.21663772, 0.0 ], [ 69.0086728, 28.21761035, 0.0 ], [ 69.00696792, 28.21781162, 0.0 ], [ 68.97898123, 28.21466843, 0.0 ], [ 68.96928185, 28.21507183, 0.0 ], [ 68.94908313, 28.21071422, 0.0 ], [ 68.9470931, 28.20961718, 0.0 ], [ 68.94484188, 28.20785683, 0.0 ], [ 68.94179031, 28.20669402, 0.0 ], [ 68.91196686, 28.20462215, 0.0 ] ] } },
{ "type": "Feature", "properties": { "name": "Daho Distry", "descriptio": "Unknown Line Type<BR><BR><B>NAME</B> = Gharghagi Distry<BR><BR><B>TYPE</B> = Distry<BR><BR><B>NAME</B> = Daho Distry<BR><B>LAYER</B> = Unknown Line Type<BR><BR><B>NAME</B> = Daho Distry<BR><BR><B>TYPE</B> = Distry<BR><B>GM_TYPE</B> = Unknown Line Type" }, "geometry": { "type": "LineString", "coordinates": [ [ 68.95033879, 28.16123386, 0.0 ], [ 68.9498315, 28.16083873, 0.0 ], [ 68.91495095, 28.15997404, 0.0 ], [ 68.85894568, 28.16679079, 0.0 ] ] } },
{ "type": "Feature", "properties": { "name": "Bitti Distry", "descriptio": "Unknown Line Type<BR><BR><B>NAME</B> = Gharghagi Distry<BR><BR><B>TYPE</B> = Distry<BR><BR><B>NAME</B> = Bitti Distry<BR><B>LAYER</B> = Unknown Line Type<BR><BR><B>NAME</B> = Bitti Distry<BR><BR><B>TYPE</B> = Distry<BR><B>GM_TYPE</B> = Unknown Line Type" }, "geometry": { "type": "LineString", "coordinates": [ [ 68.95033879, 28.16123386, 0.0 ], [ 68.94969925, 28.16149906, 0.0 ], [ 68.91542069, 28.16030691, 0.0 ], [ 68.85877391, 28.16711074, 0.0 ] ] } },
{ "type": "Feature", "properties": { "name": "Saifal Distry", "descriptio": "Unknown Line Type<BR><BR><B>NAME</B> = Gharghagi Distry<BR><BR><B>TYPE</B> = Distry<BR><BR><B>NAME</B> = Saifal Distry<BR><B>LAYER</B> = Unknown Line Type<BR><BR><B>NAME</B> = Saifal Distry<BR><BR><B>TYPE</B> = Distry<BR><B>GM_TYPE</B> = Unknown Line Typ" }, "geometry": { "type": "LineString", "coordinates": [ [ 68.90264185, 28.22535233, 0.0 ], [ 68.86765747, 28.21821186, 0.0 ], [ 68.86075342, 28.21787171, 0.0 ], [ 68.85927931, 28.2171481, 0.0 ] ] } },
{ "type": "Feature", "properties": { "name": "Dil Murad Distry", "descriptio": "Unknown Line Type<BR><BR><B>NAME</B> = Gharghagi Distry<BR><BR><B>TYPE</B> = Distry<BR><BR><B>NAME</B> = Dil Murad Distry<BR><B>LAYER</B> = Unknown Line Type<BR><BR><B>NAME</B> = Dil Murad Distry<BR><BR><B>TYPE</B> = Distry<BR><B>GM_TYPE</B> = Unknown Li" }, "geometry": { "type": "LineString", "coordinates": [ [ 68.62579266, 28.16142703, 0.0 ], [ 68.62066227, 28.16451251, 0.0 ], [ 68.6195382, 28.16598537, 0.0 ], [ 68.61501054, 28.17002103, 0.0 ], [ 68.61431022, 28.17099521, 0.0 ], [ 68.61217839, 28.17599831, 0.0 ], [ 68.61007144, 28.17929453, 0.0 ], [ 68.60874829, 28.18077403, 0.0 ], [ 68.60610527, 28.18280901, 0.0 ], [ 68.60529926, 28.18309748, 0.0 ], [ 68.60327122, 28.18306364, 0.0 ], [ 68.60055993, 28.18477486, 0.0 ], [ 68.59941219, 28.18802667, 0.0 ], [ 68.59550593, 28.19254388, 0.0 ], [ 68.58866905, 28.20140932, 0.0 ], [ 68.5858086, 28.20414387, 0.0 ], [ 68.58072569, 28.21009016, 0.0 ], [ 68.57942807, 28.21268042, 0.0 ], [ 68.57541699, 28.21899558, 0.0 ], [ 68.57420827, 28.22169834, 0.0 ], [ 68.57372348, 28.2241474, 0.0 ], [ 68.57109263, 28.23035515, 0.0 ], [ 68.56914559, 28.23682285, 0.0 ], [ 68.57038257, 28.24117599, 0.0 ], [ 68.57155194, 28.24322788, 0.0 ], [ 68.57240847, 28.24604681, 0.0 ], [ 68.57328517, 28.25109371, 0.0 ], [ 68.57402274, 28.25265048, 0.0 ], [ 68.57411297, 28.25594244, 0.0 ], [ 68.57472689, 28.25744394, 0.0 ], [ 68.57478478, 28.25846828, 0.0 ], [ 68.57590503, 28.2610178, 0.0 ], [ 68.57555306, 28.26472795, 0.0 ], [ 68.57594247, 28.26511038, 0.0 ], [ 68.57578933, 28.26696905, 0.0 ], [ 68.57654454, 28.26886519, 0.0 ], [ 68.57665244, 28.27006792, 0.0 ], [ 68.57780498, 28.27221085, 0.0 ], [ 68.57824118, 28.2744263, 0.0 ], [ 68.5777132, 28.27731996, 0.0 ], [ 68.57703502, 28.27772065, 0.0 ], [ 68.57688484, 28.27838415, 0.0 ], [ 68.57657999, 28.28079855, 0.0 ], [ 68.57700619, 28.28191012, 0.0 ], [ 68.57646818, 28.28419421, 0.0 ], [ 68.57491281, 28.28532688, 0.0 ], [ 68.57493291, 28.28646986, 0.0 ], [ 68.57573423, 28.28912821, 0.0 ], [ 68.5757776, 28.29059779, 0.0 ], [ 68.57755857, 28.2921908, 0.0 ], [ 68.57947932, 28.29492884, 0.0 ], [ 68.58072816, 28.30021651, 0.0 ] ] } },
{ "type": "Feature", "properties": { "name": "Katta Distry", "descriptio": "Unknown Line Type<BR><BR><B>NAME</B> = Gharghagi Distry<BR><BR><B>TYPE</B> = Distry<BR><BR><B>NAME</B> = Katta Distry<BR><B>LAYER</B> = Unknown Line Type<BR><BR><B>NAME</B> = Katta Distry<BR><BR><B>TYPE</B> = Distry<BR><B>GM_TYPE</B> = Unknown Line Type" }, "geometry": { "type": "LineString", "coordinates": [ [ 68.62099692, 28.16154941, 0.0 ], [ 68.61529365, 28.16439781, 0.0 ], [ 68.61074062, 28.16764555, 0.0 ], [ 68.60814983, 28.17022124, 0.0 ], [ 68.60685807, 28.17051392, 0.0 ], [ 68.60298655, 28.17429844, 0.0 ], [ 68.59560144, 28.18000037, 0.0 ], [ 68.59251741, 28.1829215, 0.0 ], [ 68.58802403, 28.19034247, 0.0 ], [ 68.58454878, 28.1972088, 0.0 ], [ 68.58253727, 28.19959937, 0.0 ], [ 68.57208637, 28.21581037, 0.0 ], [ 68.56623057, 28.23076625, 0.0 ], [ 68.56194097, 28.23875577, 0.0 ], [ 68.55948658, 28.24234724, 0.0 ], [ 68.55586842, 28.24655453, 0.0 ], [ 68.55370723, 28.2485801, 0.0 ], [ 68.5532654, 28.25128868, 0.0 ], [ 68.55215658, 28.25331765, 0.0 ], [ 68.55125131, 28.26385846, 0.0 ], [ 68.54998398, 28.26607615, 0.0 ] ] } },
{ "type": "Feature", "properties": { "name": "Rahimabad Distry", "descriptio": "Unknown Line Type<BR><BR><B>NAME</B> = Gharghagi Distry<BR><BR><B>TYPE</B> = Distry<BR><BR><B>NAME</B> = Rahimabad Distry<BR><B>LAYER</B> = Unknown Line Type<BR><BR><B>NAME</B> = Rahimabad Distry<BR><BR><B>TYPE</B> = Distry<BR><B>GM_TYPE</B> = Unknown Li" }, "geometry": { "type": "LineString", "coordinates": [ [ 68.28880208, 28.20309218, 0.0 ], [ 68.28167069, 28.19363899, 0.0 ], [ 68.28032012, 28.19254594, 0.0 ], [ 68.26769086, 28.19061218, 0.0 ] ] } },
{ "type": "Feature", "properties": { "name": "New Hazaro Distry", "descriptio": "Unknown Line Type<BR><BR><B>NAME</B> = Gharghagi Distry<BR><BR><B>TYPE</B> = Distry<BR><BR><B>NAME</B> = New Hazaro Distry<BR><B>LAYER</B> = Unknown Line Type<BR><BR><B>NAME</B> = New Hazaro Distry<BR><BR><B>TYPE</B> = Distry<BR><B>GM_TYPE</B> = Unknown" }, "geometry": { "type": "LineString", "coordinates": [ [ 68.43360432, 28.12959548, 0.0 ], [ 68.42487902, 28.13545502, 0.0 ], [ 68.40380596, 28.15051804, 0.0 ], [ 68.39266873, 28.15498487, 0.0 ], [ 68.35078341, 28.14875158, 0.0 ] ] } },
{ "type": "Feature", "properties": { "name": "Old Hazaro Distry", "descriptio": "Unknown Line Type<BR><BR><B>NAME</B> = Gharghagi Distry<BR><BR><B>TYPE</B> = Distry<BR><BR><B>NAME</B> = Old Hazaro Distry<BR><B>LAYER</B> = Unknown Line Type<BR><BR><B>NAME</B> = Old Hazaro Distry<BR><BR><B>TYPE</B> = Distry<BR><B>GM_TYPE</B> = Unknown" }, "geometry": { "type": "LineString", "coordinates": [ [ 68.43519919, 28.16493999, 0.0 ], [ 68.42658837, 28.16045759, 0.0 ], [ 68.40087235, 28.15651173, 0.0 ] ] } },
{ "type": "Feature", "properties": { "name": "Beero Distry", "descriptio": "Unknown Line Type<BR><BR><B>NAME</B> = Gharghagi Distry<BR><BR><B>TYPE</B> = Distry<BR><BR><B>NAME</B> = Beero Distry<BR><B>LAYER</B> = Unknown Line Type<BR><BR><B>NAME</B> = Beero Distry<BR><BR><B>TYPE</B> = Distry<BR><B>GM_TYPE</B> = Unknown Line Type" }, "geometry": { "type": "LineString", "coordinates": [ [ 68.46875847, 28.06649021, 0.0 ], [ 68.46594191, 28.06403753, 0.0 ], [ 68.46392378, 28.06301144, 0.0 ], [ 68.43689779, 28.05519426, 0.0 ], [ 68.41715866, 28.04828276, 0.0 ] ] } },
{ "type": "Feature", "properties": { "name": "Beero Distry", "descriptio": "Unknown Line Type<BR><BR><B>NAME</B> = Gharghagi Distry<BR><BR><B>TYPE</B> = Distry<BR><BR><B>NAME</B> = Beero Distry<BR><B>LAYER</B> = Unknown Line Type<BR><BR><B>NAME</B> = Beero Distry<BR><BR><B>TYPE</B> = Distry<BR><B>GM_TYPE</B> = Unknown Line Type" }, "geometry": { "type": "LineString", "coordinates": [ [ 68.41715883, 28.04828267, 0.0 ], [ 68.41715866, 28.04828276, 0.0 ] ] } },
{ "type": "Feature", "properties": { "name": "Ghari Chand Distry", "descriptio": "Unknown Line Type<BR><BR><B>NAME</B> = Gharghagi Distry<BR><BR><B>TYPE</B> = Distry<BR><BR><B>NAME</B> = Ghari Chand Distry<BR><B>LAYER</B> = Unknown Line Type<BR><BR><B>NAME</B> = Ghari Chand Distry<BR><BR><B>TYPE</B> = Distry<BR><B>GM_TYPE</B> = Unknow" }, "geometry": { "type": "LineString", "coordinates": [ [ 68.49481006, 28.15911909, 0.0 ], [ 68.49013936, 28.17214676, 0.0 ], [ 68.48546759, 28.1838731, 0.0 ], [ 68.4744985, 28.19661111, 0.0 ], [ 68.46700144, 28.20606638, 0.0 ], [ 68.46385144, 28.20911985, 0.0 ], [ 68.46192682, 28.21039655, 0.0 ], [ 68.44415915, 28.21771659, 0.0 ], [ 68.42483848, 28.22132385, 0.0 ], [ 68.40289702, 28.22911082, 0.0 ], [ 68.36999497, 28.24190115, 0.0 ], [ 68.34907236, 28.25149633, 0.0 ], [ 68.32616502, 28.25086748, 0.0 ], [ 68.30464013, 28.25086265, 0.0 ], [ 68.29443412, 28.25123822, 0.0 ] ] } },
{ "type": "Feature", "properties": { "name": "Hamayun Distry", "descriptio": "Unknown Line Type<BR><BR><B>NAME</B> = Gharghagi Distry<BR><BR><B>TYPE</B> = Distry<BR><BR><B>NAME</B> = Hamayun Distry<BR><B>LAYER</B> = Unknown Line Type<BR><BR><B>NAME</B> = Hamayun Distry<BR><BR><B>TYPE</B> = Distry<BR><B>GM_TYPE</B> = Unknown Line T" }, "geometry": { "type": "LineString", "coordinates": [ [ 68.5750947, 28.15869969, 0.0 ], [ 68.5731451, 28.15440092, 0.0 ], [ 68.57382594, 28.151989, 0.0 ], [ 68.57319615, 28.14845217, 0.0 ], [ 68.5750233, 28.12148747, 0.0 ], [ 68.57558456, 28.11988742, 0.0 ], [ 68.58070918, 28.1117188, 0.0 ], [ 68.5811649, 28.1100009, 0.0 ], [ 68.58248677, 28.10900413, 0.0 ], [ 68.58397741, 28.10651103, 0.0 ], [ 68.58419956, 28.10524149, 0.0 ], [ 68.58372854, 28.1034566, 0.0 ], [ 68.57651695, 28.09358425, 0.0 ], [ 68.57555042, 28.09264462, 0.0 ], [ 68.56620576, 28.08915893, 0.0 ], [ 68.56075707, 28.0868075, 0.0 ], [ 68.55645122, 28.0845239, 0.0 ], [ 68.55261463, 28.08144865, 0.0 ], [ 68.54892201, 28.07757125, 0.0 ], [ 68.53103337, 28.06833394, 0.0 ], [ 68.52162631, 28.06181769, 0.0 ] ] } },
{ "type": "Feature", "properties": { "name": "Ahmad Distry", "descriptio": "Unknown Line Type<BR><BR><B>NAME</B> = Gharghagi Distry<BR><BR><B>TYPE</B> = Distry<BR><BR><B>NAME</B> = Ahmad Distry<BR><B>LAYER</B> = Unknown Line Type<BR><BR><B>NAME</B> = Ahmad Distry<BR><BR><B>TYPE</B> = Distry<BR><B>GM_TYPE</B> = Unknown Line Type" }, "geometry": { "type": "LineString", "coordinates": [ [ 68.48242881, 28.28877329, 0.0 ], [ 68.47056205, 28.2904585, 0.0 ], [ 68.45944689, 28.29333901, 0.0 ], [ 68.45011217, 28.2959259, 0.0 ], [ 68.44263668, 28.29941933, 0.0 ], [ 68.44127964, 28.29963878, 0.0 ], [ 68.4331254, 28.29910808, 0.0 ], [ 68.43056691, 28.30056722, 0.0 ], [ 68.42466532, 28.30540793, 0.0 ], [ 68.40071133, 28.31344578, 0.0 ] ] } },
{ "type": "Feature", "properties": { "name": "Jani Dero Distry", "descriptio": "Unknown Line Type<BR><BR><B>NAME</B> = Gharghagi Distry<BR><BR><B>TYPE</B> = Distry<BR><BR><B>NAME</B> = Jani Dero Distry<BR><B>LAYER</B> = Unknown Line Type<BR><BR><B>NAME</B> = Jani Dero Distry<BR><BR><B>TYPE</B> = Distry<BR><B>GM_TYPE</B> = Unknown Li" }, "geometry": { "type": "LineString", "coordinates": [ [ 68.50308775, 28.24904354, 0.0 ], [ 68.49492619, 28.25020248, 0.0 ], [ 68.48941512, 28.24860463, 0.0 ], [ 68.48620653, 28.2464047, 0.0 ], [ 68.48339348, 28.24563086, 0.0 ], [ 68.47155609, 28.24477147, 0.0 ], [ 68.46908814, 28.24399867, 0.0 ], [ 68.45776171, 28.24446305, 0.0 ], [ 68.45563029, 28.24537043, 0.0 ], [ 68.45400963, 28.24755196, 0.0 ], [ 68.45080501, 28.24891064, 0.0 ], [ 68.43802543, 28.25231875, 0.0 ], [ 68.42944297, 28.25548875, 0.0 ], [ 68.42386708, 28.25457659, 0.0 ], [ 68.41914741, 28.25174798, 0.0 ], [ 68.41280875, 28.248651, 0.0 ], [ 68.40935302, 28.24985727, 0.0 ], [ 68.40459107, 28.25085714, 0.0 ], [ 68.39703939, 28.2545893, 0.0 ], [ 68.3951984, 28.25483557, 0.0 ], [ 68.39075863, 28.25715645, 0.0 ], [ 68.3795468, 28.2673333, 0.0 ], [ 68.37875862, 28.26742358, 0.0 ] ] } },
{ "type": "Feature", "properties": { "name": "Sindhoro Distry", "descriptio": "Unknown Line Type<BR><BR><B>NAME</B> = Gharghagi Distry<BR><BR><B>TYPE</B> = Distry<BR><BR><B>NAME</B> = Sindhoro Distry<BR><B>LAYER</B> = Unknown Line Type<BR><BR><B>NAME</B> = Sindhoro Distry<BR><BR><B>TYPE</B> = Distry<BR><B>GM_TYPE</B> = Unknown Line" }, "geometry": { "type": "LineString", "coordinates": [ [ 69.35923566, 28.29075052, 0.0 ], [ 69.35811821, 28.29196606, 0.0 ], [ 69.35602554, 28.29253676, 0.0 ], [ 69.33079776, 28.28859301, 0.0 ], [ 69.32975141, 28.28866964, 0.0 ], [ 69.31969201, 28.29218605, 0.0 ], [ 69.31885013, 28.29217682, 0.0 ], [ 69.30556076, 28.28416899, 0.0 ], [ 69.29458316, 28.27522855, 0.0 ], [ 69.29229939, 28.27365479, 0.0 ], [ 69.28931523, 28.27219782, 0.0 ], [ 69.28649918, 28.27129385, 0.0 ], [ 69.26463521, 28.26617941, 0.0 ], [ 69.25738315, 28.2640156, 0.0 ], [ 69.23481361, 28.25840321, 0.0 ], [ 69.21763221, 28.25301678, 0.0 ], [ 69.21618816, 28.25220961, 0.0 ], [ 69.191004, 28.23082971, 0.0 ], [ 69.18806118, 28.22944274, 0.0 ], [ 69.18197749, 28.22814278, 0.0 ] ] } },
{ "type": "Feature", "properties": { "name": "Bahadranpur Distry", "descriptio": "Unknown Line Type<BR><BR><B>NAME</B> = Gharghagi Distry<BR><BR><B>TYPE</B> = Distry<BR><BR><B>NAME</B> = Bahadranpur Distry<BR><B>LAYER</B> = Unknown Line Type<BR><BR><B>NAME</B> = Bahadranpur Distry<BR><BR><B>TYPE</B> = Distry<BR><B>GM_TYPE</B> = Unknow" }, "geometry": { "type": "LineString", "coordinates": [ [ 69.50254488, 28.36388564, 0.0 ], [ 69.492999, 28.36474617, 0.0 ], [ 69.48742222, 28.3648941, 0.0 ], [ 69.42847485, 28.33462201, 0.0 ], [ 69.42683967, 28.33290744, 0.0 ], [ 69.40000026, 28.29694728, 0.0 ], [ 69.39870594, 28.29744428, 0.0 ], [ 69.37727148, 28.2923605, 0.0 ], [ 69.37605608, 28.29240474, 0.0 ] ] } },
{ "type": "Feature", "properties": { "name": "Labano Distry", "descriptio": "Unknown Line Type<BR><BR><B>NAME</B> = Gharghagi Distry<BR><BR><B>TYPE</B> = Distry<BR><BR><B>NAME</B> = Labano Distry<BR><B>LAYER</B> = Unknown Line Type<BR><BR><B>NAME</B> = Labano Distry<BR><BR><B>TYPE</B> = Distry<BR><B>GM_TYPE</B> = Unknown Line Typ" }, "geometry": { "type": "LineString", "coordinates": [ [ 68.86264852, 27.9492604, 0.0 ], [ 68.86030439, 27.94901616, 0.0 ], [ 68.85863209, 27.94578485, 0.0 ], [ 68.84612085, 27.93226682, 0.0 ], [ 68.82536388, 27.92256245, 0.0 ], [ 68.72718659, 27.89864954, 0.0 ] ] } },
{ "type": "Feature", "properties": { "name": "Labano Distry", "descriptio": "Unknown Line Type<BR><BR><B>NAME</B> = Gharghagi Distry<BR><BR><B>TYPE</B> = Distry<BR><BR><B>NAME</B> = Labano Distry<BR><B>LAYER</B> = Unknown Line Type<BR><BR><B>NAME</B> = Labano Distry<BR><BR><B>TYPE</B> = Distry<BR><B>GM_TYPE</B> = Unknown Line Typ" }, "geometry": { "type": "LineString", "coordinates": [ [ 68.72719279, 27.89865009, 0.0 ], [ 68.69882634, 27.89140698, 0.0 ], [ 68.69354007, 27.88957533, 0.0 ] ] } },
{ "type": "Feature", "properties": { "name": "Fall Distry", "descriptio": "Unknown Line Type<BR><BR><B>NAME</B> = Gharghagi Distry<BR><BR><B>TYPE</B> = Distry<BR><BR><B>NAME</B> = Fall Distry<BR><B>LAYER</B> = Unknown Line Type<BR><BR><B>NAME</B> = Fall Distry<BR><BR><B>TYPE</B> = Distry<BR><B>GM_TYPE</B> = Unknown Line Type" }, "geometry": { "type": "LineString", "coordinates": [ [ 69.16316223, 28.39269699, 0.0 ], [ 69.16296025, 28.39222541, 0.0 ], [ 69.16226676, 28.39184069, 0.0 ], [ 69.139257, 28.3916148, 0.0 ], [ 69.12792793, 28.39201696, 0.0 ], [ 69.08187775, 28.40048811, 0.0 ], [ 69.04848347, 28.4042044, 0.0 ], [ 69.04561789, 28.40369431, 0.0 ], [ 69.04183682, 28.40178675, 0.0 ], [ 69.03289259, 28.39393868, 0.0 ], [ 69.02333553, 28.38002445, 0.0 ], [ 69.02246784, 28.37930901, 0.0 ], [ 69.02142681, 28.37915584, 0.0 ], [ 69.01200022, 28.38012808, 0.0 ], [ 69.00113587, 28.38166556, 0.0 ] ] } },
{ "type": "Feature", "properties": { "name": "Bughti Distry", "descriptio": "Unknown Line Type<BR><BR><B>NAME</B> = Gharghagi Distry<BR><BR><B>TYPE</B> = Distry<BR><BR><B>NAME</B> = Bughti Distry<BR><B>LAYER</B> = Unknown Line Type<BR><BR><B>NAME</B> = Bughti Distry<BR><BR><B>TYPE</B> = Distry<BR><B>GM_TYPE</B> = Unknown Line Typ" }, "geometry": { "type": "LineString", "coordinates": [ [ 69.16514132, 28.3927224, 0.0 ], [ 69.16514289, 28.39373301, 0.0 ], [ 69.16292263, 28.39476064, 0.0 ], [ 69.1565352, 28.39488365, 0.0 ], [ 69.15563637, 28.39469705, 0.0 ], [ 69.15295478, 28.39306865, 0.0 ], [ 69.15106862, 28.39263828, 0.0 ], [ 69.14266107, 28.39231604, 0.0 ], [ 69.12953935, 28.39260612, 0.0 ], [ 69.12414236, 28.39343864, 0.0 ], [ 69.10723257, 28.39689899, 0.0 ], [ 69.08219522, 28.40107075, 0.0 ], [ 69.07839588, 28.40311641, 0.0 ], [ 69.06770323, 28.40506286, 0.0 ] ] } },
{ "type": "Feature", "properties": { "name": "Murad Distry", "descriptio": "Unknown Line Type<BR><BR><B>NAME</B> = Gharghagi Distry<BR><BR><B>TYPE</B> = Distry<BR><BR><B>NAME</B> = Murad Distry<BR><B>LAYER</B> = Unknown Line Type<BR><BR><B>NAME</B> = Murad Distry<BR><BR><B>TYPE</B> = Distry<BR><B>GM_TYPE</B> = Unknown Line Type" }, "geometry": { "type": "LineString", "coordinates": [ [ 69.36375375, 28.35066803, 0.0 ], [ 69.36277759, 28.35151166, 0.0 ], [ 69.36178052, 28.35162856, 0.0 ], [ 69.35741008, 28.35027146, 0.0 ], [ 69.35606856, 28.35016306, 0.0 ], [ 69.35174155, 28.35017429, 0.0 ], [ 69.34327285, 28.35104854, 0.0 ], [ 69.33719851, 28.35063871, 0.0 ], [ 69.33312477, 28.35071577, 0.0 ], [ 69.32026732, 28.34696035, 0.0 ], [ 69.30335312, 28.34068453, 0.0 ], [ 69.29836554, 28.33957698, 0.0 ], [ 69.29404283, 28.33919875, 0.0 ], [ 69.27959836, 28.34025814, 0.0 ], [ 69.27370656, 28.34020159, 0.0 ], [ 69.26760686, 28.33943078, 0.0 ], [ 69.24353976, 28.3401068, 0.0 ], [ 69.23655764, 28.34156452, 0.0 ], [ 69.23373787, 28.34171189, 0.0 ] ] } },
{ "type": "Feature", "properties": { "name": "Noorpur Distry", "descriptio": "Unknown Line Type<BR><BR><B>NAME</B> = Gharghagi Distry<BR><BR><B>TYPE</B> = Distry<BR><BR><B>NAME</B> = Noorpur Distry<BR><B>LAYER</B> = Unknown Line Type<BR><BR><B>NAME</B> = Noorpur Distry<BR><BR><B>TYPE</B> = Distry<BR><B>GM_TYPE</B> = Unknown Line T" }, "geometry": { "type": "LineString", "coordinates": [ [ 69.43024457, 28.35131768, 0.0 ], [ 69.42871515, 28.35128748, 0.0 ], [ 69.42081213, 28.34463396, 0.0 ], [ 69.41913121, 28.34402923, 0.0 ], [ 69.41473264, 28.34432498, 0.0 ], [ 69.40971779, 28.34375063, 0.0 ], [ 69.40395775, 28.34382078, 0.0 ], [ 69.39769356, 28.3450598, 0.0 ], [ 69.39576241, 28.34516704, 0.0 ], [ 69.39174306, 28.34641875, 0.0 ], [ 69.38815542, 28.34626638, 0.0 ], [ 69.38156344, 28.34541254, 0.0 ], [ 69.37634146, 28.34600086, 0.0 ], [ 69.36982939, 28.34557067, 0.0 ], [ 69.36204859, 28.339152, 0.0 ], [ 69.35958362, 28.33778096, 0.0 ], [ 69.34767317, 28.32782872, 0.0 ], [ 69.34622955, 28.32550928, 0.0 ], [ 69.34570239, 28.32280864, 0.0 ], [ 69.34726729, 28.30916291, 0.0 ], [ 69.34709695, 28.30713679, 0.0 ], [ 69.34635624, 28.30586002, 0.0 ], [ 69.34531679, 28.30499418, 0.0 ], [ 69.33311099, 28.29770046, 0.0 ] ] } },
{ "type": "Feature", "properties": { "name": "Suhryani Distry", "descriptio": "Unknown Line Type<BR><BR><B>NAME</B> = Gharghagi Distry<BR><BR><B>TYPE</B> = Distry<BR><BR><B>NAME</B> = Suhryani Distry<BR><B>LAYER</B> = Unknown Line Type<BR><BR><B>NAME</B> = Suhryani Distry<BR><BR><B>TYPE</B> = Distry<BR><B>GM_TYPE</B> = Unknown Line" }, "geometry": { "type": "LineString", "coordinates": [ [ 69.3050109, 28.3022769, 0.0 ], [ 69.30429261, 28.30325411, 0.0 ], [ 69.30329336, 28.30380568, 0.0 ], [ 69.29058954, 28.30708167, 0.0 ], [ 69.26461562, 28.3051554, 0.0 ], [ 69.22636297, 28.29962189, 0.0 ], [ 69.22311701, 28.29957778, 0.0 ], [ 69.22108179, 28.29895448, 0.0 ], [ 69.20227501, 28.29695634, 0.0 ], [ 69.19439889, 28.29734882, 0.0 ], [ 69.18674052, 28.29600259, 0.0 ], [ 69.17572332, 28.29700293, 0.0 ] ] } },
{ "type": "Feature", "properties": { "name": "Adio Distry", "descriptio": "Unknown Line Type<BR><BR><B>NAME</B> = Gharghagi Distry<BR><BR><B>TYPE</B> = Distry<BR><BR><B>NAME</B> = Adio Distry<BR><B>LAYER</B> = Unknown Line Type<BR><BR><B>NAME</B> = Adio Distry<BR><BR><B>TYPE</B> = Distry<BR><B>GM_TYPE</B> = Unknown Line Type" }, "geometry": { "type": "LineString", "coordinates": [ [ 69.6008971, 28.44779703, 0.0 ], [ 69.59742856, 28.45069575, 0.0 ], [ 69.58441341, 28.46966322, 0.0 ], [ 69.58059507, 28.47268729, 0.0 ], [ 69.5342804, 28.49279253, 0.0 ], [ 69.52717559, 28.49551636, 0.0 ], [ 69.49198658, 28.49944367, 0.0 ], [ 69.48887053, 28.49941647, 0.0 ], [ 69.48473455, 28.49873891, 0.0 ], [ 69.48311965, 28.49818685, 0.0 ], [ 69.48043259, 28.49665749, 0.0 ], [ 69.46742186, 28.48460143, 0.0 ], [ 69.46038728, 28.4772826, 0.0 ], [ 69.44416501, 28.4568597, 0.0 ], [ 69.42988754, 28.43657122, 0.0 ] ] } },
{ "type": "Feature", "properties": { "name": "Ahmed Distry", "descriptio": "Unknown Line Type<BR><BR><B>NAME</B> = Gharghagi Distry<BR><BR><B>TYPE</B> = Distry<BR><BR><B>NAME</B> = Ahmed Distry<BR><B>LAYER</B> = Unknown Line Type<BR><BR><B>NAME</B> = Ahmed Distry<BR><BR><B>TYPE</B> = Distry<BR><B>GM_TYPE</B> = Unknown Line Type" }, "geometry": { "type": "LineString", "coordinates": [ [ 69.00903205, 28.40975809, 0.0 ], [ 69.0083215, 28.40956599, 0.0 ], [ 68.98561564, 28.41243343, 0.0 ], [ 68.98347261, 28.41208311, 0.0 ], [ 68.98203434, 28.4111104, 0.0 ], [ 68.95826741, 28.37918254, 0.0 ], [ 68.9291154, 28.3563866, 0.0 ], [ 68.92974603, 28.33482313, 0.0 ] ] } },
{ "type": "Feature", "properties": { "name": "Sone Distry", "descriptio": "Unknown Line Type<BR><BR><B>NAME</B> = Gharghagi Distry<BR><BR><B>TYPE</B> = Distry<BR><BR><B>NAME</B> = Sone Distry<BR><B>LAYER</B> = Unknown Line Type<BR><BR><B>NAME</B> = Sone Distry<BR><BR><B>TYPE</B> = Distry<BR><B>GM_TYPE</B> = Unknown Line Type" }, "geometry": { "type": "LineString", "coordinates": [ [ 69.42965531, 28.43611404, 0.0 ], [ 69.42356714, 28.42769073, 0.0 ], [ 69.42290097, 28.42688752, 0.0 ], [ 69.42219541, 28.42659686, 0.0 ], [ 69.40791412, 28.42284837, 0.0 ], [ 69.39284282, 28.42153743, 0.0 ], [ 69.38532639, 28.42025735, 0.0 ], [ 69.37688557, 28.41720334, 0.0 ], [ 69.36694395, 28.41208743, 0.0 ], [ 69.35574589, 28.40718841, 0.0 ], [ 69.35054619, 28.40604563, 0.0 ], [ 69.34960374, 28.40621808, 0.0 ], [ 69.33600154, 28.41292961, 0.0 ], [ 69.33148277, 28.41419892, 0.0 ], [ 69.32567803, 28.4146593, 0.0 ], [ 69.31840292, 28.41457443, 0.0 ], [ 69.31253971, 28.41516569, 0.0 ], [ 69.30358002, 28.41678913, 0.0 ], [ 69.28265077, 28.42230666, 0.0 ] ] } },
{ "type": "Feature", "properties": { "name": "Frontier Distry", "descriptio": "Unknown Line Type<BR><BR><B>NAME</B> = Gharghagi Distry<BR><BR><B>TYPE</B> = Distry<BR><BR><B>NAME</B> = Frontier Distry<BR><B>LAYER</B> = Unknown Line Type<BR><BR><B>NAME</B> = Frontier Distry<BR><BR><B>TYPE</B> = Distry<BR><B>GM_TYPE</B> = Unknown Line" }, "geometry": { "type": "LineString", "coordinates": [ [ 69.27076499, 28.427758, 0.0 ], [ 69.26958644, 28.4257931, 0.0 ], [ 69.26842007, 28.42513632, 0.0 ], [ 69.2496028, 28.4185485, 0.0 ], [ 69.24487792, 28.41346074, 0.0 ], [ 69.24341131, 28.41218635, 0.0 ], [ 69.24270126, 28.41199467, 0.0 ], [ 69.23473951, 28.41573842, 0.0 ], [ 69.21738287, 28.42073344, 0.0 ], [ 69.20507574, 28.42774834, 0.0 ], [ 69.17007976, 28.44222993, 0.0 ], [ 69.16462552, 28.44345797, 0.0 ], [ 69.14557561, 28.44193579, 0.0 ], [ 69.1265502, 28.44144536, 0.0 ], [ 69.07370042, 28.43893561, 0.0 ], [ 69.06340796, 28.43776675, 0.0 ], [ 69.04549554, 28.43691051, 0.0 ], [ 69.04189066, 28.43613877, 0.0 ], [ 69.03154799, 28.43225147, 0.0 ], [ 69.02770925, 28.43168203, 0.0 ], [ 69.02557493, 28.43191881, 0.0 ], [ 69.01427563, 28.43470536, 0.0 ], [ 69.00992241, 28.43520121, 0.0 ], [ 68.95332904, 28.4322391, 0.0 ] ] } },
{ "type": "Feature", "properties": { "name": "Faizabad Distry", "descriptio": "Unknown Line Type<BR><BR><B>NAME</B> = Gharghagi Distry<BR><BR><B>TYPE</B> = Distry<BR><BR><B>NAME</B> = Faizabad Distry<BR><B>LAYER</B> = Unknown Line Type<BR><BR><B>NAME</B> = Faizabad Distry<BR><BR><B>TYPE</B> = Distry<BR><B>GM_TYPE</B> = Unknown Line" }, "geometry": { "type": "LineString", "coordinates": [ [ 69.27076499, 28.427758, 0.0 ], [ 69.26932426, 28.4268303, 0.0 ], [ 69.26865422, 28.42686755, 0.0 ], [ 69.26696999, 28.42790781, 0.0 ], [ 69.22742728, 28.44414807, 0.0 ], [ 69.185928, 28.46038396, 0.0 ], [ 69.17799772, 28.46324569, 0.0 ], [ 69.17538176, 28.4638552, 0.0 ], [ 69.17195711, 28.46561968, 0.0 ], [ 69.14427344, 28.47610351, 0.0 ], [ 69.1320728, 28.48207598, 0.0 ], [ 69.12147701, 28.48630703, 0.0 ], [ 69.11586657, 28.48749291, 0.0 ], [ 69.11315537, 28.48761667, 0.0 ], [ 69.10619946, 28.48692837, 0.0 ], [ 69.10007551, 28.48491813, 0.0 ], [ 69.09420556, 28.48103895, 0.0 ] ] } },
{ "type": "Feature", "properties": { "name": "Garhi Hassan Distry", "descriptio": "Unknown Line Type<BR><BR><B>NAME</B> = Gharghagi Distry<BR><BR><B>TYPE</B> = Distry<BR><BR><B>NAME</B> = Garhi Hassan Distry<BR><B>LAYER</B> = Unknown Line Type<BR><BR><B>NAME</B> = Garhi Hassan Distry<BR><BR><B>TYPE</B> = Distry<BR><B>GM_TYPE</B> = Unkn" }, "geometry": { "type": "LineString", "coordinates": [ [ 68.75231796, 28.32332173, 0.0 ], [ 68.73328198, 28.32527731, 0.0 ], [ 68.65474447, 28.32524443, 0.0 ], [ 68.65274739, 28.32481276, 0.0 ], [ 68.65064487, 28.32499024, 0.0 ], [ 68.64853802, 28.32650833, 0.0 ], [ 68.61958666, 28.35226375, 0.0 ], [ 68.58967375, 28.36454308, 0.0 ], [ 68.58823331, 28.36486553, 0.0 ], [ 68.58377319, 28.36832556, 0.0 ], [ 68.55847369, 28.38015738, 0.0 ] ] } },
{ "type": "Feature", "properties": { "name": "Menhal Wah", "descriptio": "Unknown Line Type<BR><BR><B>NAME</B> = Gharghagi Distry<BR><BR><B>TYPE</B> = Distry<BR><BR><B>NAME</B> = Menhal Wah<BR><B>LAYER</B> = Unknown Line Type<BR><BR><B>NAME</B> = Menhal Wah<BR><BR><B>TYPE</B> = Wah<BR><B>GM_TYPE</B> = Unknown Line Type" }, "geometry": { "type": "LineString", "coordinates": [ [ 67.81678047, 27.70878365, 0.0 ], [ 67.81573315, 27.70967482, 0.0 ], [ 67.81163751, 27.711821, 0.0 ], [ 67.79346007, 27.71704048, 0.0 ], [ 67.79228662, 27.71792974, 0.0 ], [ 67.78597219, 27.72096797, 0.0 ], [ 67.78273535, 27.72291603, 0.0 ] ] } },
{ "type": "Feature", "properties": { "name": "Hairo Distry", "descriptio": "Unknown Line Type<BR><BR><B>NAME</B> = Gharghagi Distry<BR><BR><B>TYPE</B> = Distry<BR><BR><B>NAME</B> = Hairo Distry<BR><B>LAYER</B> = Unknown Line Type<BR><BR><B>NAME</B> = Hairo Distry<BR><BR><B>TYPE</B> = Distry<BR><B>GM_TYPE</B> = Unknown Line Type" }, "geometry": { "type": "LineString", "coordinates": [ [ 68.75187485, 28.3243292, 0.0 ], [ 68.74538896, 28.33942054, 0.0 ], [ 68.74036421, 28.34593106, 0.0 ], [ 68.73580727, 28.35059705, 0.0 ], [ 68.73473497, 28.35280933, 0.0 ], [ 68.73236105, 28.35612623, 0.0 ], [ 68.73008003, 28.35894799, 0.0 ], [ 68.72907405, 28.35958793, 0.0 ], [ 68.71508358, 28.35885836, 0.0 ], [ 68.70678573, 28.36172198, 0.0 ], [ 68.70140301, 28.36250007, 0.0 ], [ 68.69447959, 28.36296422, 0.0 ], [ 68.68684, 28.36454809, 0.0 ], [ 68.68580784, 28.36445799, 0.0 ], [ 68.68429722, 28.36501613, 0.0 ], [ 68.66847194, 28.36747566, 0.0 ], [ 68.65872896, 28.36794348, 0.0 ], [ 68.64962145, 28.36786469, 0.0 ], [ 68.63963065, 28.37133868, 0.0 ], [ 68.6339796, 28.37481615, 0.0 ], [ 68.62527097, 28.38093011, 0.0 ], [ 68.61988909, 28.38354171, 0.0 ], [ 68.60888988, 28.39073479, 0.0 ], [ 68.60678223, 28.39143076, 0.0 ], [ 68.60318593, 28.39189423, 0.0 ], [ 68.59962102, 28.39131939, 0.0 ], [ 68.5993783, 28.39247701, 0.0 ], [ 68.59858372, 28.39254489, 0.0 ], [ 68.59191377, 28.39177042, 0.0 ], [ 68.58560833, 28.39200192, 0.0 ], [ 68.58429545, 28.39255953, 0.0 ], [ 68.583757, 28.39238994, 0.0 ] ] } },
{ "type": "Feature", "properties": { "name": "New Manghi Distry", "descriptio": "Unknown Line Type<BR><BR><B>NAME</B> = Gharghagi Distry<BR><BR><B>TYPE</B> = Distry<BR><BR><B>NAME</B> = New Manghi Distry<BR><B>LAYER</B> = Unknown Line Type<BR><BR><B>NAME</B> = New Manghi Distry<BR><BR><B>TYPE</B> = Distry<BR><B>GM_TYPE</B> = Unknown" }, "geometry": { "type": "LineString", "coordinates": [ [ 68.92559561, 28.40893584, 0.0 ], [ 68.92559602, 28.4083393, 0.0 ], [ 68.90671233, 28.38484805, 0.0 ], [ 68.90628307, 28.37021451, 0.0 ], [ 68.90602949, 28.33583915, 0.0 ] ] } },
{ "type": "Feature", "properties": { "name": "Tharo Distry", "descriptio": "Unknown Line Type<BR><BR><B>NAME</B> = Gharghagi Distry<BR><BR><B>TYPE</B> = Distry<BR><BR><B>NAME</B> = Tharo Distry<BR><B>LAYER</B> = Unknown Line Type<BR><BR><B>NAME</B> = Tharo Distry<BR><BR><B>TYPE</B> = Distry<BR><B>GM_TYPE</B> = Unknown Line Type" }, "geometry": { "type": "LineString", "coordinates": [ [ 68.87101304, 28.42467088, 0.0 ], [ 68.87083666, 28.42409781, 0.0 ], [ 68.85764474, 28.41365396, 0.0 ], [ 68.85664332, 28.40808662, 0.0 ], [ 68.85783671, 28.39831804, 0.0 ], [ 68.85922098, 28.39081101, 0.0 ], [ 68.85866848, 28.38636954, 0.0 ], [ 68.86011054, 28.37622248, 0.0 ] ] } },
{ "type": "Feature", "properties": { "name": "Thariri Distry", "descriptio": "Unknown Line Type<BR><BR><B>NAME</B> = Gharghagi Distry<BR><BR><B>TYPE</B> = Distry<BR><BR><B>NAME</B> = Thariri Distry<BR><B>LAYER</B> = Unknown Line Type<BR><BR><B>NAME</B> = Thariri Distry<BR><BR><B>TYPE</B> = Distry<BR><B>GM_TYPE</B> = Unknown Line T" }, "geometry": { "type": "LineString", "coordinates": [ [ 68.79061655, 28.40821475, 0.0 ], [ 68.79769291, 28.409901, 0.0 ], [ 68.8042595, 28.41396918, 0.0 ], [ 68.80568273, 28.41925863, 0.0 ], [ 68.80622292, 28.42346688, 0.0 ], [ 68.80710584, 28.42627677, 0.0 ], [ 68.80777947, 28.42672454, 0.0 ], [ 68.84534389, 28.42740377, 0.0 ], [ 68.86906515, 28.42451416, 0.0 ], [ 68.87101304, 28.42467088, 0.0 ] ] } },
{ "type": "Feature", "properties": { "name": "Jangoo Distry", "descriptio": "Unknown Line Type<BR><BR><B>NAME</B> = Gharghagi Distry<BR><BR><B>TYPE</B> = Distry<BR><BR><B>NAME</B> = Jangoo Distry<BR><B>LAYER</B> = Unknown Line Type<BR><BR><B>NAME</B> = Jangoo Distry<BR><BR><B>TYPE</B> = Distry<BR><B>GM_TYPE</B> = Unknown Line Typ" }, "geometry": { "type": "LineString", "coordinates": [ [ 68.74773359, 28.42583342, 0.0 ], [ 68.74733676, 28.42555319, 0.0 ], [ 68.73789219, 28.42518003, 0.0 ], [ 68.73093528, 28.42091855, 0.0 ], [ 68.70687358, 28.40420251, 0.0 ], [ 68.70505362, 28.4023696, 0.0 ], [ 68.6978652, 28.39786019, 0.0 ], [ 68.69559831, 28.39675384, 0.0 ], [ 68.68674845, 28.3903291, 0.0 ], [ 68.68545709, 28.38993796, 0.0 ], [ 68.66062883, 28.37308347, 0.0 ] ] } },
{ "type": "Feature", "properties": { "name": "Chandoor Distry", "descriptio": "Unknown Line Type<BR><BR><B>NAME</B> = Gharghagi Distry<BR><BR><B>TYPE</B> = Distry<BR><BR><B>NAME</B> = Chandoor Distry<BR><B>LAYER</B> = Unknown Line Type<BR><BR><B>NAME</B> = Chandoor Distry<BR><BR><B>TYPE</B> = Distry<BR><B>GM_TYPE</B> = Unknown Line" }, "geometry": { "type": "LineString", "coordinates": [ [ 69.52425293, 28.42904276, 0.0 ], [ 69.52417836, 28.42790468, 0.0 ], [ 69.51618734, 28.42408329, 0.0 ], [ 69.5106671, 28.41977414, 0.0 ], [ 69.50639816, 28.41722878, 0.0 ], [ 69.50082257, 28.41292836, 0.0 ], [ 69.46813358, 28.38506823, 0.0 ], [ 69.4621521, 28.38241514, 0.0 ], [ 69.44839389, 28.37812513, 0.0 ], [ 69.44453507, 28.37664651, 0.0 ], [ 69.43155502, 28.35506165, 0.0 ], [ 69.43038835, 28.3540911, 0.0 ] ] } },
{ "type": "Feature", "properties": { "name": "Sone Wah Distry", "descriptio": "Unknown Line Type<BR><BR><B>NAME</B> = Gharghagi Distry<BR><BR><B>TYPE</B> = Distry<BR><BR><B>NAME</B> = Sone Wah Distry<BR><B>LAYER</B> = Unknown Line Type<BR><BR><B>NAME</B> = Sone Wah Distry<BR><BR><B>TYPE</B> = Distry<BR><B>GM_TYPE</B> = Unknown Line" }, "geometry": { "type": "LineString", "coordinates": [ [ 68.85504966, 28.10078024, 0.0 ], [ 68.85565789, 28.10323947, 0.0 ], [ 68.85289475, 28.10514962, 0.0 ], [ 68.84808859, 28.10791606, 0.0 ], [ 68.84199257, 28.11008715, 0.0 ], [ 68.83981811, 28.11006911, 0.0 ], [ 68.83633402, 28.11254442, 0.0 ], [ 68.8351496, 28.11551747, 0.0 ], [ 68.83489471, 28.11826356, 0.0 ], [ 68.83446008, 28.11929291, 0.0 ], [ 68.82170216, 28.1308891, 0.0 ], [ 68.82062318, 28.13633777, 0.0 ], [ 68.82079555, 28.13993194, 0.0 ], [ 68.81913754, 28.14520159, 0.0 ], [ 68.8186386, 28.15025606, 0.0 ], [ 68.81868304, 28.15518146, 0.0 ], [ 68.81923484, 28.15697433, 0.0 ], [ 68.81975246, 28.16318482, 0.0 ] ] } },
{ "type": "Feature", "properties": { "name": "Distry 7L", "descriptio": "Unknown Line Type<BR><BR><B>NAME</B> = Gharghagi Distry<BR><BR><B>TYPE</B> = Distry<BR><BR><B>NAME</B> = Distry 7L<BR><B>LAYER</B> = Unknown Line Type<BR><BR><B>NAME</B> = Distry 7L<BR><BR><B>TYPE</B> = Distry<BR><B>GM_TYPE</B> = Unknown Line Type" }, "geometry": { "type": "LineString", "coordinates": [ [ 68.66205875, 28.01563282, 0.0 ], [ 68.66128572, 28.01387152, 0.0 ], [ 68.65993632, 28.00776109, 0.0 ], [ 68.65844331, 27.99825278, 0.0 ], [ 68.65540629, 27.9831674, 0.0 ], [ 68.65747095, 27.97988325, 0.0 ] ] } },
{ "type": "Feature", "properties": { "name": "Thul Distry", "descriptio": "Unknown Line Type<BR><BR><B>NAME</B> = Gharghagi Distry<BR><BR><B>TYPE</B> = Distry<BR><BR><B>NAME</B> = Thul Distry<BR><B>LAYER</B> = Unknown Line Type<BR><BR><B>NAME</B> = Thul Distry<BR><BR><B>TYPE</B> = Distry<BR><B>GM_TYPE</B> = Unknown Line Type" }, "geometry": { "type": "LineString", "coordinates": [ [ 68.78586398, 28.23489556, 0.0 ], [ 68.78224328, 28.23352921, 0.0 ], [ 68.77835153, 28.23375563, 0.0 ], [ 68.77536109, 28.23955543, 0.0 ], [ 68.77038963, 28.2605445, 0.0 ], [ 68.77195561, 28.26861851, 0.0 ], [ 68.77253705, 28.27349428, 0.0 ], [ 68.77434632, 28.27573414, 0.0 ], [ 68.77644683, 28.28119658, 0.0 ], [ 68.77550451, 28.28295681, 0.0 ], [ 68.76953196, 28.28629146, 0.0 ], [ 68.76788413, 28.28774378, 0.0 ], [ 68.76401114, 28.29613457, 0.0 ] ] } },
{ "type": "Feature", "properties": { "name": "Garkino Wah", "descriptio": "Unknown Line Type<BR><BR><B>NAME</B> = Gharghagi Distry<BR><BR><B>TYPE</B> = Distry<BR><BR><B>NAME</B> = Garkino Wah<BR><B>LAYER</B> = Unknown Line Type<BR><BR><B>NAME</B> = Garkino Wah<BR><BR><B>TYPE</B> = Wah<BR><B>GM_TYPE</B> = Unknown Line Type" }, "geometry": { "type": "LineString", "coordinates": [ [ 68.94523112, 27.69141524, 0.0 ], [ 68.94576483, 27.68786576, 0.0 ], [ 68.94636151, 27.68680636, 0.0 ], [ 68.95989291, 27.67628821, 0.0 ], [ 68.9805091, 27.66595312, 0.0 ], [ 68.98625839, 27.64248662, 0.0 ], [ 68.99010068, 27.63751429, 0.0 ], [ 68.99000393, 27.6370666, 0.0 ], [ 69.00113939, 27.62300733, 0.0 ], [ 69.00276374, 27.62145484, 0.0 ], [ 69.00447968, 27.62079329, 0.0 ], [ 69.02370554, 27.61903353, 0.0 ], [ 69.03993637, 27.61558839, 0.0 ], [ 69.04295742, 27.61487841, 0.0 ], [ 69.04667591, 27.61162524, 0.0 ], [ 69.04823524, 27.61096879, 0.0 ] ] } },
{ "type": "Feature", "properties": { "name": "Ali Bahar Wah", "descriptio": "Unknown Line Type<BR><BR><B>NAME</B> = Gharghagi Distry<BR><BR><B>TYPE</B> = Distry<BR><BR><B>NAME</B> = Ali Bahar Wah<BR><B>LAYER</B> = Unknown Line Type<BR><BR><B>NAME</B> = Ali Bahar Wah<BR><BR><B>TYPE</B> = Wah<BR><B>GM_TYPE</B> = Unknown Line Type" }, "geometry": { "type": "LineString", "coordinates": [ [ 68.69485096, 27.34452143, 0.0 ], [ 68.69424695, 27.34358941, 0.0 ], [ 68.69243048, 27.34257457, 0.0 ], [ 68.69103518, 27.34234683, 0.0 ], [ 68.68390907, 27.33899569, 0.0 ], [ 68.68213716, 27.33846075, 0.0 ], [ 68.67595087, 27.33820048, 0.0 ], [ 68.67079215, 27.33891314, 0.0 ], [ 68.66975176, 27.33864522, 0.0 ], [ 68.66695306, 27.3371478, 0.0 ], [ 68.66233372, 27.33388438, 0.0 ], [ 68.65933004, 27.33096026, 0.0 ], [ 68.65443832, 27.32746945, 0.0 ], [ 68.6517103, 27.32674202, 0.0 ], [ 68.65026901, 27.32667722, 0.0 ], [ 68.64846448, 27.32571284, 0.0 ], [ 68.6437914, 27.3247195, 0.0 ], [ 68.63652099, 27.32108811, 0.0 ], [ 68.62828552, 27.31839974, 0.0 ], [ 68.62270906, 27.31503923, 0.0 ], [ 68.61843499, 27.3138432, 0.0 ], [ 68.60476017, 27.31095878, 0.0 ], [ 68.60191398, 27.3082849, 0.0 ], [ 68.60055812, 27.30638516, 0.0 ], [ 68.59988537, 27.30282203, 0.0 ], [ 68.59896827, 27.30020549, 0.0 ], [ 68.59291867, 27.29393291, 0.0 ], [ 68.58687163, 27.28888504, 0.0 ], [ 68.58220197, 27.28248302, 0.0 ], [ 68.57176171, 27.2715592, 0.0 ], [ 68.57085099, 27.26875357, 0.0 ], [ 68.56777539, 27.26389222, 0.0 ], [ 68.56512082, 27.26061035, 0.0 ], [ 68.56465797, 27.25764459, 0.0 ], [ 68.56372566, 27.25583381, 0.0 ], [ 68.56080949, 27.25298422, 0.0 ], [ 68.55897011, 27.25227213, 0.0 ], [ 68.55660911, 27.24903245, 0.0 ], [ 68.55336594, 27.24556074, 0.0 ], [ 68.55283139, 27.24351693, 0.0 ], [ 68.54979627, 27.23833623, 0.0 ], [ 68.54926172, 27.23515662, 0.0 ], [ 68.54821314, 27.23199215, 0.0 ], [ 68.54729162, 27.2313381, 0.0 ], [ 68.54413347, 27.22771626, 0.0 ], [ 68.54198335, 27.2237004, 0.0 ], [ 68.54140121, 27.22172146, 0.0 ], [ 68.53901203, 27.21757208, 0.0 ], [ 68.53858235, 27.21626068, 0.0 ], [ 68.53866495, 27.21381509, 0.0 ], [ 68.53801317, 27.2115041, 0.0 ], [ 68.53741587, 27.20362766, 0.0 ], [ 68.53691011, 27.20123988, 0.0 ], [ 68.5328432, 27.19754879, 0.0 ], [ 68.53239002, 27.1913878, 0.0 ], [ 68.51909027, 27.18356329, 0.0 ], [ 68.51536843, 27.18201492, 0.0 ], [ 68.5149116, 27.18143656, 0.0 ], [ 68.51380624, 27.17797231, 0.0 ], [ 68.51195963, 27.17179323, 0.0 ], [ 68.51124207, 27.16437432, 0.0 ], [ 68.50797958, 27.15454441, 0.0 ], [ 68.508011, 27.14959337, 0.0 ], [ 68.5120555, 27.13233794, 0.0 ], [ 68.51201342, 27.13076251, 0.0 ], [ 68.49842361, 27.04688725, 0.0 ], [ 68.4976994, 27.0447842, 0.0 ], [ 68.48648706, 27.02856085, 0.0 ] ] } },
{ "type": "Feature", "properties": { "name": "Khan Wah", "descriptio": "Unknown Line Type<BR><BR><B>NAME</B> = Gharghagi Distry<BR><BR><B>TYPE</B> = Distry<BR><BR><B>NAME</B> = Khan Wah<BR><B>LAYER</B> = Unknown Line Type<BR><BR><B>NAME</B> = Khan Wah<BR><BR><B>TYPE</B> = Wah<BR><B>GM_TYPE</B> = Unknown Line Type" }, "geometry": { "type": "LineString", "coordinates": [ [ 68.66521818, 27.20186157, 0.0 ], [ 68.6635906, 27.19979352, 0.0 ], [ 68.6589221, 27.19897311, 0.0 ], [ 68.65760341, 27.19847588, 0.0 ], [ 68.65081265, 27.19212412, 0.0 ], [ 68.64183559, 27.18676588, 0.0 ], [ 68.63859708, 27.18529538, 0.0 ], [ 68.63581449, 27.18526426, 0.0 ], [ 68.63148666, 27.18339243, 0.0 ], [ 68.62243866, 27.17827295, 0.0 ], [ 68.61679881, 27.17759386, 0.0 ], [ 68.61129913, 27.17626123, 0.0 ], [ 68.60938205, 27.17618423, 0.0 ], [ 68.60695503, 27.17506684, 0.0 ], [ 68.60417639, 27.17298187, 0.0 ], [ 68.6030926, 27.17179166, 0.0 ], [ 68.60269778, 27.16951968, 0.0 ], [ 68.60323644, 27.16849345, 0.0 ], [ 68.60324994, 27.16719549, 0.0 ], [ 68.60206953, 27.16562264, 0.0 ], [ 68.60150611, 27.16363613, 0.0 ], [ 68.6001818, 27.16259179, 0.0 ], [ 68.59315887, 27.16110554, 0.0 ], [ 68.59042701, 27.16171319, 0.0 ], [ 68.58455345, 27.16423821, 0.0 ], [ 68.579791, 27.16554802, 0.0 ], [ 68.56323637, 27.16059424, 0.0 ], [ 68.55527059, 27.15749663, 0.0 ], [ 68.5514185, 27.15691354, 0.0 ], [ 68.54814119, 27.1559372, 0.0 ], [ 68.54420288, 27.15556151, 0.0 ] ] } },
{ "type": "Feature", "properties": { "name": "Sadarang Wah", "descriptio": "Unknown Line Type<BR><BR><B>NAME</B> = Gharghagi Distry<BR><BR><B>TYPE</B> = Distry<BR><BR><B>NAME</B> = Sadarang Wah<BR><B>LAYER</B> = Unknown Line Type<BR><BR><B>NAME</B> = Sadarang Wah<BR><BR><B>TYPE</B> = Wah<BR><B>GM_TYPE</B> = Unknown Line Type" }, "geometry": { "type": "LineString", "coordinates": [ [ 68.64451151, 27.12166638, 0.0 ], [ 68.63439648, 27.11738433, 0.0 ], [ 68.63330725, 27.11634498, 0.0 ], [ 68.62842335, 27.11327072, 0.0 ], [ 68.62546204, 27.11198732, 0.0 ], [ 68.6195414, 27.11120461, 0.0 ], [ 68.61537555, 27.11011695, 0.0 ], [ 68.61277246, 27.11008561, 0.0 ], [ 68.60296665, 27.10870291, 0.0 ], [ 68.59967837, 27.10787289, 0.0 ], [ 68.59706947, 27.10794523, 0.0 ], [ 68.59203715, 27.10871583, 0.0 ], [ 68.58884323, 27.1102014, 0.0 ], [ 68.58450994, 27.11433794, 0.0 ], [ 68.58023489, 27.11939124, 0.0 ], [ 68.57698771, 27.12168767, 0.0 ], [ 68.57549058, 27.12238288, 0.0 ], [ 68.57300973, 27.12242988, 0.0 ], [ 68.56982401, 27.12158242, 0.0 ], [ 68.5609443, 27.12131737, 0.0 ], [ 68.55690979, 27.12090482, 0.0 ], [ 68.55248879, 27.11902441, 0.0 ] ] } },
{ "type": "Feature", "properties": { "name": "Bilawal Wah", "descriptio": "Unknown Line Type<BR><BR><B>NAME</B> = Gharghagi Distry<BR><BR><B>TYPE</B> = Distry<BR><BR><B>NAME</B> = Bilawal Wah<BR><B>LAYER</B> = Unknown Line Type<BR><BR><B>NAME</B> = Bilawal Wah<BR><BR><B>TYPE</B> = Wah<BR><B>GM_TYPE</B> = Unknown Line Type" }, "geometry": { "type": "LineString", "coordinates": [ [ 68.64215676, 27.11940459, 0.0 ], [ 68.63434909, 27.11317723, 0.0 ], [ 68.6311213, 27.10901163, 0.0 ], [ 68.62546596, 27.10453568, 0.0 ], [ 68.61636715, 27.09934273, 0.0 ], [ 68.59909334, 27.09219201, 0.0 ], [ 68.59329387, 27.09332235, 0.0 ], [ 68.59064964, 27.09421254, 0.0 ], [ 68.58968603, 27.09491669, 0.0 ], [ 68.58771882, 27.09521494, 0.0 ], [ 68.58658445, 27.09588625, 0.0 ], [ 68.58244203, 27.09374628, 0.0 ], [ 68.57986234, 27.09283044, 0.0 ], [ 68.57194914, 27.09127838, 0.0 ], [ 68.56081535, 27.09388509, 0.0 ], [ 68.55518187, 27.09438197, 0.0 ], [ 68.55153771, 27.09355196, 0.0 ], [ 68.54988485, 27.09378768, 0.0 ], [ 68.54092501, 27.08945218, 0.0 ], [ 68.52467586, 27.08312568, 0.0 ] ] } },
{ "type": "Feature", "properties": { "name": "Shah Nawaz Wah", "descriptio": "Unknown Line Type<BR><BR><B>NAME</B> = Gharghagi Distry<BR><BR><B>TYPE</B> = Distry<BR><BR><B>NAME</B> = Shah Nawaz Wah<BR><B>LAYER</B> = Unknown Line Type<BR><BR><B>NAME</B> = Shah Nawaz Wah<BR><BR><B>TYPE</B> = Wah<BR><B>GM_TYPE</B> = Unknown Line Type" }, "geometry": { "type": "LineString", "coordinates": [ [ 68.67205726, 27.29463651, 0.0 ], [ 68.67174021, 27.29225156, 0.0 ], [ 68.66788007, 27.2888241, 0.0 ], [ 68.66765581, 27.2855324, 0.0 ], [ 68.66802956, 27.28167436, 0.0 ], [ 68.66765721, 27.28035599, 0.0 ], [ 68.66770929, 27.2775826, 0.0 ], [ 68.66726307, 27.27679364, 0.0 ], [ 68.66488948, 27.27511169, 0.0 ], [ 68.66418539, 27.27394814, 0.0 ], [ 68.66410246, 27.27265627, 0.0 ], [ 68.6620852, 27.2688952, 0.0 ], [ 68.66076371, 27.26490237, 0.0 ], [ 68.65811, 27.26078993, 0.0 ], [ 68.65722355, 27.25669567, 0.0 ], [ 68.65317191, 27.24974363, 0.0 ], [ 68.65037017, 27.24653619, 0.0 ], [ 68.64839173, 27.24539455, 0.0 ], [ 68.64290615, 27.2391635, 0.0 ], [ 68.64184249, 27.23700367, 0.0 ], [ 68.64027125, 27.22951156, 0.0 ], [ 68.64172066, 27.22417203, 0.0 ], [ 68.64143909, 27.22199225, 0.0 ], [ 68.64185268, 27.21934813, 0.0 ], [ 68.64253712, 27.21790313, 0.0 ], [ 68.64164031, 27.2132398, 0.0 ], [ 68.64120855, 27.20809844, 0.0 ], [ 68.63996978, 27.20601884, 0.0 ], [ 68.63960783, 27.20117823, 0.0 ], [ 68.63842803, 27.19881451, 0.0 ], [ 68.63853085, 27.19832392, 0.0 ], [ 68.63791536, 27.19635891, 0.0 ], [ 68.63671793, 27.19470768, 0.0 ], [ 68.63547698, 27.19387783, 0.0 ], [ 68.63173264, 27.19196329, 0.0 ], [ 68.62943603, 27.19116932, 0.0 ], [ 68.62850298, 27.19148639, 0.0 ], [ 68.62601631, 27.19132471, 0.0 ], [ 68.62005918, 27.19199452, 0.0 ], [ 68.61621448, 27.19145438, 0.0 ], [ 68.61445784, 27.19056849, 0.0 ], [ 68.61093261, 27.18968039, 0.0 ], [ 68.60670371, 27.18931747, 0.0 ], [ 68.60297351, 27.190318, 0.0 ], [ 68.59816423, 27.19113094, 0.0 ], [ 68.59735746, 27.19073471, 0.0 ] ] } },
{ "type": "Feature", "properties": { "name": "Sone Wah", "descriptio": "Unknown Line Type<BR><BR><B>NAME</B> = Gharghagi Distry<BR><BR><B>TYPE</B> = Distry<BR><BR><B>NAME</B> = Sone Wah<BR><B>LAYER</B> = Unknown Line Type<BR><BR><B>NAME</B> = Sone Wah<BR><BR><B>TYPE</B> = Wah<BR><B>GM_TYPE</B> = Unknown Line Type" }, "geometry": { "type": "LineString", "coordinates": [ [ 68.60482336, 27.06254796, 0.0 ], [ 68.60436058, 27.06271997, 0.0 ], [ 68.60234676, 27.06181245, 0.0 ], [ 68.60101051, 27.06170377, 0.0 ], [ 68.59460581, 27.06233564, 0.0 ], [ 68.58641406, 27.06046199, 0.0 ], [ 68.58128621, 27.06021574, 0.0 ], [ 68.57748554, 27.06058186, 0.0 ], [ 68.5645012, 27.05961876, 0.0 ], [ 68.56264995, 27.05923544, 0.0 ], [ 68.5594204, 27.05750563, 0.0 ], [ 68.55165489, 27.05450992, 0.0 ], [ 68.54880683, 27.05408081, 0.0 ], [ 68.54690571, 27.05449417, 0.0 ], [ 68.54374129, 27.05412739, 0.0 ], [ 68.54144214, 27.05441355, 0.0 ], [ 68.53774512, 27.05393605, 0.0 ], [ 68.53381885, 27.05069331, 0.0 ], [ 68.53305925, 27.05054619, 0.0 ] ] } },
{ "type": "Feature", "properties": { "name": "Pat Feeder", "descriptio": null }, "geometry": { "type": "LineString", "coordinates": [ [ 68.72926935, 28.51678784, 0.0 ], [ 68.71944238, 28.5242773, 0.0 ], [ 68.71286098, 28.52861658, 0.0 ], [ 68.70739692, 28.53106413, 0.0 ], [ 68.69946101, 28.53378322, 0.0 ], [ 68.68019736, 28.53808127, 0.0 ], [ 68.65421159, 28.54447848, 0.0 ], [ 68.65016251, 28.54606275, 0.0 ], [ 68.64435713, 28.54948395, 0.0 ], [ 68.63961341, 28.55322062, 0.0 ], [ 68.63045686, 28.56357621, 0.0 ], [ 68.58652188, 28.6099844, 0.0 ], [ 68.57873918, 28.61492269, 0.0 ], [ 68.45834514, 28.6622341, 0.0 ], [ 68.45111124, 28.66387915, 0.0 ], [ 68.44727525, 28.66432463, 0.0 ], [ 68.43932885, 28.66413827, 0.0 ], [ 68.43430441, 28.66337086, 0.0 ], [ 68.42970178, 28.66172129, 0.0 ], [ 68.42567933, 28.659838, 0.0 ], [ 68.41548371, 28.65234569, 0.0 ], [ 68.37988982, 28.62479138, 0.0 ], [ 68.37091475, 28.61819604, 0.0 ], [ 68.36567515, 28.61538316, 0.0 ], [ 68.36018685, 28.61362281, 0.0 ], [ 68.26680712, 28.59286245, 0.0 ], [ 68.26127719, 28.5903514, 0.0 ], [ 68.03550473, 28.45427122, 0.0 ] ] } },
{ "type": "Feature", "properties": { "name": "Pat Feeder", "descriptio": null }, "geometry": { "type": "LineString", "coordinates": [ [ 68.0355441, 28.4542962, 0.0 ], [ 68.03601418, 28.45339796, 0.0 ], [ 68.03596176, 28.45096048, 0.0 ], [ 68.03510369, 28.44970291, 0.0 ], [ 68.03381976, 28.44883752, 0.0 ], [ 68.02957386, 28.4486097, 0.0 ], [ 68.02748325, 28.44903389, 0.0 ], [ 67.98053157, 28.45167072, 0.0 ], [ 67.94916139, 28.45297443, 0.0 ], [ 67.9066823, 28.46006065, 0.0 ], [ 67.82782921, 28.45993097, 0.0 ], [ 67.79057892, 28.46733302, 0.0 ], [ 67.72702375, 28.45709297, 0.0 ], [ 67.62978547, 28.41320577, 0.0 ], [ 67.61752725, 28.37810865, 0.0 ], [ 67.59059007, 28.30320992, 0.0 ], [ 67.57714326, 28.28471653, 0.0 ] ] } },
{ "type": "Feature", "properties": { "name": "Janib Wah", "descriptio": "Unknown Line Type<BR><BR><B>NAME</B> = Gharghagi Distry<BR><BR><B>TYPE</B> = Distry<BR><BR><B>NAME</B> = Janib Wah<BR><B>LAYER</B> = Unknown Line Type<BR><BR><B>NAME</B> = Janib Wah<BR><BR><B>TYPE</B> = Wah<BR><B>GM_TYPE</B> = Unknown Line Type" }, "geometry": { "type": "LineString", "coordinates": [ [ 69.0532282, 27.66640766, 0.0 ], [ 69.0523923, 27.67521662, 0.0 ], [ 69.05299173, 27.67901276, 0.0 ], [ 69.04963435, 27.6962044, 0.0 ], [ 69.05014574, 27.69725844, 0.0 ], [ 69.05021858, 27.69871094, 0.0 ], [ 69.04949201, 27.70343515, 0.0 ], [ 69.0496064, 27.70521302, 0.0 ], [ 69.04919822, 27.70666777, 0.0 ], [ 69.04996987, 27.70920972, 0.0 ], [ 69.04836329, 27.71093837, 0.0 ], [ 69.04659106, 27.71173533, 0.0 ], [ 69.04527288, 27.71285596, 0.0 ], [ 69.04371848, 27.7129821, 0.0 ], [ 69.04089026, 27.71448478, 0.0 ], [ 69.03965257, 27.71660124, 0.0 ], [ 69.03749498, 27.71833932, 0.0 ], [ 69.03705302, 27.71994179, 0.0 ], [ 69.03549644, 27.72091004, 0.0 ], [ 69.03468487, 27.72411495, 0.0 ], [ 69.03470309, 27.72593726, 0.0 ], [ 69.0357481, 27.7305342, 0.0 ], [ 69.04540835, 27.74547999, 0.0 ], [ 69.04771843, 27.75230867, 0.0 ], [ 69.04693759, 27.75369827, 0.0 ], [ 69.04240449, 27.75573063, 0.0 ], [ 69.04115694, 27.75683775, 0.0 ], [ 69.03788634, 27.75745614, 0.0 ], [ 69.03461948, 27.75861085, 0.0 ] ] } },
{ "type": "Feature", "properties": { "name": "Qazi Wah", "descriptio": "Unknown Line Type<BR><BR><B>NAME</B> = Gharghagi Distry<BR><BR><B>TYPE</B> = Distry<BR><BR><B>NAME</B> = Qazi Wah<BR><B>LAYER</B> = Unknown Line Type<BR><BR><B>NAME</B> = Qazi Wah<BR><BR><B>TYPE</B> = Wah<BR><B>GM_TYPE</B> = Unknown Line Type" }, "geometry": { "type": "LineString", "coordinates": [ [ 69.47739716, 28.10573452, 0.0 ], [ 69.45908574, 28.04369716, 0.0 ], [ 69.46063481, 28.03634732, 0.0 ], [ 69.46973051, 28.01017576, 0.0 ], [ 69.47000537, 28.00886489, 0.0 ], [ 69.46981632, 28.00652492, 0.0 ], [ 69.46109828, 27.97825478, 0.0 ], [ 69.44759282, 27.94826544, 0.0 ], [ 69.44640764, 27.94700348, 0.0 ], [ 69.36004265, 27.8837674, 0.0 ], [ 69.33486102, 27.86432442, 0.0 ], [ 69.31923187, 27.85277752, 0.0 ], [ 69.30830523, 27.84695271, 0.0 ], [ 69.30473069, 27.84557756, 0.0 ], [ 69.2705387, 27.84112122, 0.0 ], [ 69.22448974, 27.80188842, 0.0 ], [ 69.16631868, 27.770702, 0.0 ], [ 69.10812983, 27.74743961, 0.0 ], [ 69.10551447, 27.74589886, 0.0 ], [ 69.07931175, 27.71304418, 0.0 ], [ 69.0787303, 27.71183045, 0.0 ], [ 69.0768716, 27.68298785, 0.0 ], [ 69.08324723, 27.64343323, 0.0 ], [ 69.08267632, 27.64268713, 0.0 ], [ 69.06136628, 27.63476729, 0.0 ] ] } },
{ "type": "Feature", "properties": { "name": "Faiz Wah", "descriptio": "Unknown Line Type<BR><BR><B>NAME</B> = Gharghagi Distry<BR><BR><B>TYPE</B> = Distry<BR><BR><B>NAME</B> = Faiz Wah<BR><B>LAYER</B> = Unknown Line Type<BR><BR><B>NAME</B> = Faiz Wah<BR><BR><B>TYPE</B> = Wah<BR><B>GM_TYPE</B> = Unknown Line Type" }, "geometry": { "type": "LineString", "coordinates": [ [ 68.78328982, 27.63601474, 0.0 ], [ 68.76349018, 27.62463313, 0.0 ], [ 68.76176989, 27.62290561, 0.0 ], [ 68.76151374, 27.62139784, 0.0 ], [ 68.76288699, 27.61369639, 0.0 ], [ 68.76243503, 27.61107485, 0.0 ], [ 68.76262782, 27.60750732, 0.0 ], [ 68.76206929, 27.60479055, 0.0 ], [ 68.76112738, 27.60240212, 0.0 ], [ 68.75750341, 27.59946268, 0.0 ], [ 68.75582914, 27.59604189, 0.0 ], [ 68.75574274, 27.5937468, 0.0 ], [ 68.75600007, 27.59277209, 0.0 ], [ 68.75757517, 27.59088734, 0.0 ], [ 68.75760973, 27.5890406, 0.0 ], [ 68.75510032, 27.58632444, 0.0 ], [ 68.75521156, 27.58431492, 0.0 ], [ 68.75338185, 27.5823192, 0.0 ], [ 68.75163378, 27.57974956, 0.0 ], [ 68.74935397, 27.57747281, 0.0 ], [ 68.74813016, 27.57231966, 0.0 ], [ 68.74520558, 27.56755818, 0.0 ], [ 68.74409851, 27.56625785, 0.0 ], [ 68.74415318, 27.56472778, 0.0 ], [ 68.74304653, 27.56204755, 0.0 ], [ 68.7411703, 27.55994399, 0.0 ], [ 68.7264421, 27.54038345, 0.0 ], [ 68.70342719, 27.5148913, 0.0 ], [ 68.67491397, 27.47432713, 0.0 ], [ 68.61227075, 27.41932714, 0.0 ], [ 68.61078878, 27.41787585, 0.0 ], [ 68.60864282, 27.41486136, 0.0 ], [ 68.60721513, 27.41358575, 0.0 ], [ 68.60631746, 27.41302865, 0.0 ], [ 68.60393838, 27.4123612, 0.0 ], [ 68.59389631, 27.41130073, 0.0 ], [ 68.58562204, 27.40955294, 0.0 ], [ 68.58310274, 27.408809, 0.0 ], [ 68.58099096, 27.40750688, 0.0 ], [ 68.56210987, 27.38291026, 0.0 ], [ 68.56193131, 27.38117759, 0.0 ], [ 68.5622022, 27.37794754, 0.0 ], [ 68.56188549, 27.37705702, 0.0 ], [ 68.55569073, 27.37199067, 0.0 ], [ 68.54805385, 27.36460959, 0.0 ], [ 68.54350011, 27.35817278, 0.0 ] ] } },
{ "type": "Feature", "properties": { "name": "Pir Wah", "descriptio": "Unknown Line Type<BR><BR><B>NAME</B> = Gharghagi Distry<BR><BR><B>TYPE</B> = Distry<BR><BR><B>NAME</B> = Pir Wah<BR><B>LAYER</B> = Unknown Line Type<BR><BR><B>NAME</B> = Pir Wah<BR><BR><B>TYPE</B> = Wah<BR><B>GM_TYPE</B> = Unknown Line Type" }, "geometry": { "type": "LineString", "coordinates": [ [ 69.10600274, 27.87428997, 0.0 ], [ 69.1056289, 27.86887101, 0.0 ], [ 69.10429907, 27.8599528, 0.0 ], [ 69.10331509, 27.85553594, 0.0 ], [ 69.10107251, 27.8487727, 0.0 ], [ 69.10077493, 27.84475569, 0.0 ], [ 69.10236975, 27.84365438, 0.0 ], [ 69.10650135, 27.8385773, 0.0 ], [ 69.10783046, 27.83829205, 0.0 ], [ 69.10812756, 27.83582998, 0.0 ], [ 69.10902221, 27.83557141, 0.0 ], [ 69.11424678, 27.82929434, 0.0 ], [ 69.11735422, 27.82058142, 0.0 ] ] } },
{ "type": "Feature", "properties": { "name": "Kamal Wah", "descriptio": "Unknown Line Type<BR><BR><B>NAME</B> = Gharghagi Distry<BR><BR><B>TYPE</B> = Distry<BR><BR><B>NAME</B> = Kamal Wah<BR><B>LAYER</B> = Unknown Line Type<BR><BR><B>NAME</B> = Kamal Wah<BR><BR><B>TYPE</B> = Wah<BR><B>GM_TYPE</B> = Unknown Line Type" }, "geometry": { "type": "LineString", "coordinates": [ [ 69.12824051, 27.88368326, 0.0 ], [ 69.12984029, 27.88164902, 0.0 ], [ 69.13001548, 27.87857681, 0.0 ], [ 69.13084955, 27.87555018, 0.0 ], [ 69.13095864, 27.87326886, 0.0 ], [ 69.1328752, 27.86794967, 0.0 ], [ 69.13287448, 27.86736427, 0.0 ], [ 69.13152466, 27.86564284, 0.0 ], [ 69.13155022, 27.86405738, 0.0 ], [ 69.13215358, 27.8632519, 0.0 ], [ 69.13396544, 27.86234768, 0.0 ], [ 69.13481454, 27.86034668, 0.0 ], [ 69.13500461, 27.85854155, 0.0 ], [ 69.13473568, 27.85732642, 0.0 ], [ 69.13379987, 27.855815, 0.0 ], [ 69.1328353, 27.85315725, 0.0 ], [ 69.13059556, 27.84899459, 0.0 ], [ 69.12943755, 27.84523939, 0.0 ], [ 69.13080672, 27.84182324, 0.0 ], [ 69.13236973, 27.83502038, 0.0 ], [ 69.13431365, 27.83021341, 0.0 ], [ 69.14126658, 27.82158966, 0.0 ] ] } },
{ "type": "Feature", "properties": { "name": "Mahesro Wah", "descriptio": "Unknown Line Type<BR><BR><B>NAME</B> = Gharghagi Distry<BR><BR><B>TYPE</B> = Distry<BR><BR><B>NAME</B> = Mahesro Wah<BR><B>LAYER</B> = Unknown Line Type<BR><BR><B>NAME</B> = Mahesro Wah<BR><BR><B>TYPE</B> = Wah<BR><B>GM_TYPE</B> = Unknown Line Type" }, "geometry": { "type": "LineString", "coordinates": [ [ 69.23191101, 28.01148252, 0.0 ], [ 69.21954391, 27.99990237, 0.0 ], [ 69.21632394, 27.99541507, 0.0 ], [ 69.2160679, 27.99398278, 0.0 ], [ 69.21464987, 27.99155192, 0.0 ], [ 69.21260116, 27.99024091, 0.0 ], [ 69.21030848, 27.99044778, 0.0 ], [ 69.20349672, 27.98526415, 0.0 ], [ 69.20273447, 27.98323139, 0.0 ], [ 69.20190376, 27.98234081, 0.0 ], [ 69.19981772, 27.98116351, 0.0 ], [ 69.19916186, 27.97934962, 0.0 ], [ 69.19924536, 27.97683067, 0.0 ], [ 69.19807966, 27.97184335, 0.0 ], [ 69.19935504, 27.96930869, 0.0 ], [ 69.19985945, 27.96695358, 0.0 ], [ 69.19978285, 27.9656051, 0.0 ], [ 69.19914124, 27.96332502, 0.0 ], [ 69.19609225, 27.96169137, 0.0 ], [ 69.19475556, 27.95967093, 0.0 ], [ 69.19283775, 27.95470293, 0.0 ], [ 69.19276999, 27.95407629, 0.0 ], [ 69.19444572, 27.95111141, 0.0 ], [ 69.19440027, 27.94782782, 0.0 ], [ 69.19402102, 27.94448151, 0.0 ], [ 69.19316156, 27.94177679, 0.0 ], [ 69.19155554, 27.93915026, 0.0 ], [ 69.19206502, 27.93788878, 0.0 ], [ 69.19793454, 27.93392521, 0.0 ], [ 69.19990446, 27.93362741, 0.0 ], [ 69.20335548, 27.93183305, 0.0 ], [ 69.20451704, 27.93094656, 0.0 ], [ 69.20503772, 27.93008204, 0.0 ], [ 69.20456036, 27.92871349, 0.0 ], [ 69.20339582, 27.92799895, 0.0 ], [ 69.20344137, 27.92698776, 0.0 ], [ 69.2023462, 27.92530403, 0.0 ], [ 69.20286684, 27.92441849, 0.0 ], [ 69.20167621, 27.92244004, 0.0 ], [ 69.2014796, 27.92008439, 0.0 ], [ 69.20043678, 27.91591819, 0.0 ], [ 69.20068725, 27.91405469, 0.0 ], [ 69.19988674, 27.91023498, 0.0 ], [ 69.20103413, 27.90786518, 0.0 ], [ 69.20314273, 27.90118562, 0.0 ], [ 69.2044844, 27.89880567, 0.0 ], [ 69.20515499, 27.89513741, 0.0 ], [ 69.20713818, 27.89220077, 0.0 ], [ 69.20731393, 27.89118089, 0.0 ], [ 69.20627777, 27.88877108, 0.0 ], [ 69.20287211, 27.88366982, 0.0 ], [ 69.20270349, 27.88219818, 0.0 ], [ 69.2016786, 27.87925445, 0.0 ], [ 69.20211646, 27.87496097, 0.0 ], [ 69.20041012, 27.87101422, 0.0 ], [ 69.19978747, 27.86725939, 0.0 ], [ 69.19917072, 27.86634048, 0.0 ], [ 69.19948262, 27.85987282, 0.0 ], [ 69.1985007, 27.85511494, 0.0 ], [ 69.19663011, 27.85183843, 0.0 ], [ 69.19409459, 27.84993193, 0.0 ], [ 69.19271426, 27.84719684, 0.0 ], [ 69.19144912, 27.84558897, 0.0 ], [ 69.19012056, 27.844671, 0.0 ], [ 69.18739524, 27.84082313, 0.0 ], [ 69.1851265, 27.83890039, 0.0 ], [ 69.18574776, 27.8257147, 0.0 ], [ 69.17729162, 27.80482614, 0.0 ], [ 69.17609934, 27.78856046, 0.0 ], [ 69.17420514, 27.78266591, 0.0 ], [ 69.17136385, 27.77684462, 0.0 ] ] } },
{ "type": "Feature", "properties": { "name": "Sathio Wah", "descriptio": "Unknown Line Type<BR><BR><B>NAME</B> = Gharghagi Distry<BR><BR><B>TYPE</B> = Distry<BR><BR><B>NAME</B> = Sathio Wah<BR><B>LAYER</B> = Unknown Line Type<BR><BR><B>NAME</B> = Sathio Wah<BR><BR><B>TYPE</B> = Wah<BR><B>GM_TYPE</B> = Unknown Line Type" }, "geometry": { "type": "LineString", "coordinates": [ [ 68.79741237, 27.57910243, 0.0 ], [ 68.79782868, 27.5773566, 0.0 ], [ 68.79681366, 27.57186814, 0.0 ], [ 68.79679379, 27.57009405, 0.0 ], [ 68.7914318, 27.54940609, 0.0 ], [ 68.79000958, 27.54582495, 0.0 ], [ 68.78997221, 27.54351848, 0.0 ], [ 68.79349997, 27.53271987, 0.0 ], [ 68.79710419, 27.50817946, 0.0 ], [ 68.79896123, 27.50239545, 0.0 ], [ 68.79914149, 27.5009565, 0.0 ], [ 68.80504439, 27.48795667, 0.0 ], [ 68.80831413, 27.47272659, 0.0 ], [ 68.80712889, 27.47085284, 0.0 ], [ 68.80485987, 27.46571625, 0.0 ], [ 68.80315139, 27.46042607, 0.0 ], [ 68.80003997, 27.45577336, 0.0 ], [ 68.79675244, 27.44773949, 0.0 ], [ 68.79630371, 27.44590652, 0.0 ], [ 68.79605233, 27.44180395, 0.0 ], [ 68.79430425, 27.43619966, 0.0 ], [ 68.79454544, 27.43332536, 0.0 ], [ 68.79371022, 27.42918463, 0.0 ], [ 68.79250135, 27.42729556, 0.0 ], [ 68.79134416, 27.424393, 0.0 ], [ 68.7899662, 27.41858024, 0.0 ], [ 68.78897175, 27.41624556, 0.0 ], [ 68.78780264, 27.41514439, 0.0 ], [ 68.7862749, 27.41263494, 0.0 ], [ 68.78388504, 27.41072565, 0.0 ], [ 68.76376315, 27.39934168, 0.0 ] ] } },
{ "type": "Feature", "properties": { "name": "Faiz Nahar Wah", "descriptio": "Unknown Line Type<BR><BR><B>NAME</B> = Gharghagi Distry<BR><BR><B>TYPE</B> = Distry<BR><BR><B>NAME</B> = Faiz Nahar Wah<BR><B>LAYER</B> = Unknown Line Type<BR><BR><B>NAME</B> = Faiz Nahar Wah<BR><BR><B>TYPE</B> = Wah<BR><B>GM_TYPE</B> = Unknown Line Type" }, "geometry": { "type": "LineString", "coordinates": [ [ 68.47279903, 27.51631395, 0.0 ], [ 68.46766185, 27.51692105, 0.0 ], [ 68.44965329, 27.51392902, 0.0 ], [ 68.44663349, 27.51279314, 0.0 ], [ 68.44455445, 27.51094015, 0.0 ], [ 68.43798201, 27.49916236, 0.0 ], [ 68.43270912, 27.46969937, 0.0 ], [ 68.42391202, 27.44660477, 0.0 ], [ 68.40389764, 27.41845765, 0.0 ], [ 68.39483635, 27.41098378, 0.0 ], [ 68.38346032, 27.38869692, 0.0 ], [ 68.37731269, 27.36803329, 0.0 ], [ 68.3526575, 27.34171551, 0.0 ], [ 68.35065429, 27.33563118, 0.0 ], [ 68.35121573, 27.33339101, 0.0 ], [ 68.35105279, 27.33086929, 0.0 ], [ 68.35150129, 27.329798, 0.0 ], [ 68.34947421, 27.32434943, 0.0 ] ] } },
{ "type": "Feature", "properties": { "name": "Mohabat Wah", "descriptio": "Unknown Line Type<BR><BR><B>NAME</B> = Gharghagi Distry<BR><BR><B>TYPE</B> = Distry<BR><BR><B>NAME</B> = Mohabat Wah<BR><B>LAYER</B> = Unknown Line Type<BR><BR><B>NAME</B> = Mohabat Wah<BR><BR><B>TYPE</B> = Wah<BR><B>GM_TYPE</B> = Unknown Line Type" }, "geometry": { "type": "LineString", "coordinates": [ [ 68.69094382, 27.3693447, 0.0 ], [ 68.6887741, 27.36909779, 0.0 ], [ 68.66640356, 27.3723989, 0.0 ], [ 68.65842834, 27.3738888, 0.0 ], [ 68.65179438, 27.37463376, 0.0 ], [ 68.65007083, 27.37561565, 0.0 ], [ 68.64632639, 27.37583846, 0.0 ], [ 68.64374076, 27.37674777, 0.0 ], [ 68.64032739, 27.37728365, 0.0 ], [ 68.61056957, 27.37605034, 0.0 ], [ 68.60254958, 27.37081937, 0.0 ], [ 68.60054716, 27.36931577, 0.0 ], [ 68.59898112, 27.36762997, 0.0 ], [ 68.59591659, 27.36013674, 0.0 ], [ 68.59553827, 27.3543653, 0.0 ], [ 68.59402524, 27.34914857, 0.0 ] ] } },
{ "type": "Feature", "properties": { "name": "Sanhroo Wah", "descriptio": "Unknown Line Type<BR><BR><B>NAME</B> = Gharghagi Distry<BR><BR><B>TYPE</B> = Distry<BR><BR><B>NAME</B> = Sanhroo Wah<BR><B>LAYER</B> = Unknown Line Type<BR><BR><B>NAME</B> = Sanhroo Wah<BR><BR><B>TYPE</B> = Wah<BR><B>GM_TYPE</B> = Unknown Line Type" }, "geometry": { "type": "LineString", "coordinates": [ [ 68.76073885, 27.51349948, 0.0 ], [ 68.75685276, 27.50764982, 0.0 ], [ 68.75663047, 27.50566036, 0.0 ], [ 68.75598712, 27.50478903, 0.0 ], [ 68.75288242, 27.50311111, 0.0 ], [ 68.74384654, 27.49343273, 0.0 ], [ 68.73776199, 27.48625497, 0.0 ], [ 68.73560406, 27.48416397, 0.0 ], [ 68.7317469, 27.47874681, 0.0 ], [ 68.72978539, 27.47705306, 0.0 ], [ 68.72728413, 27.47372099, 0.0 ], [ 68.72541124, 27.47179737, 0.0 ], [ 68.71860862, 27.46825621, 0.0 ], [ 68.71393561, 27.46518423, 0.0 ], [ 68.7106214, 27.46457444, 0.0 ], [ 68.70644923, 27.45996393, 0.0 ], [ 68.6990713, 27.45587462, 0.0 ], [ 68.69425392, 27.45488633, 0.0 ], [ 68.69060124, 27.45269215, 0.0 ], [ 68.68951606, 27.45154405, 0.0 ], [ 68.68807901, 27.45063616, 0.0 ], [ 68.6823009, 27.448928, 0.0 ], [ 68.66814754, 27.43664198, 0.0 ], [ 68.65586338, 27.42994479, 0.0 ], [ 68.65391186, 27.42930867, 0.0 ], [ 68.65128098, 27.42791092, 0.0 ], [ 68.64656204, 27.42099884, 0.0 ], [ 68.64248857, 27.41820661, 0.0 ], [ 68.63830659, 27.41678017, 0.0 ], [ 68.63479684, 27.41623378, 0.0 ], [ 68.63070193, 27.41423915, 0.0 ], [ 68.62851586, 27.41143082, 0.0 ], [ 68.62543537, 27.40929016, 0.0 ], [ 68.62424339, 27.40943634, 0.0 ], [ 68.62263758, 27.41106068, 0.0 ], [ 68.62115818, 27.41148486, 0.0 ], [ 68.60423315, 27.40370483, 0.0 ], [ 68.60250087, 27.40238579, 0.0 ], [ 68.60083264, 27.40035773, 0.0 ], [ 68.5957117, 27.39082169, 0.0 ], [ 68.59434976, 27.38931904, 0.0 ], [ 68.55305803, 27.36422025, 0.0 ], [ 68.55095664, 27.36268484, 0.0 ], [ 68.54848087, 27.35956464, 0.0 ], [ 68.54554509, 27.3532602, 0.0 ], [ 68.54033301, 27.33698913, 0.0 ], [ 68.54064935, 27.33531501, 0.0 ], [ 68.53909855, 27.3336444, 0.0 ], [ 68.53167308, 27.31629994, 0.0 ], [ 68.52906242, 27.30923486, 0.0 ], [ 68.52386519, 27.30308677, 0.0 ] ] } },
{ "type": "Feature", "properties": { "name": "Faiz Bux Wah", "descriptio": "Unknown Line Type<BR><BR><B>NAME</B> = Gharghagi Distry<BR><BR><B>TYPE</B> = Distry<BR><BR><B>NAME</B> = Faiz Bux Wah<BR><B>LAYER</B> = Unknown Line Type<BR><BR><B>NAME</B> = Faiz Bux Wah<BR><BR><B>TYPE</B> = Wah<BR><B>GM_TYPE</B> = Unknown Line Type" }, "geometry": { "type": "LineString", "coordinates": [ [ 68.76073885, 27.51349948, 0.0 ], [ 68.75515868, 27.47350535, 0.0 ], [ 68.75108056, 27.44152905, 0.0 ], [ 68.74624541, 27.42542481, 0.0 ], [ 68.74429835, 27.41001674, 0.0 ], [ 68.74381931, 27.39897991, 0.0 ], [ 68.74212865, 27.39703986, 0.0 ], [ 68.72234491, 27.3782608, 0.0 ], [ 68.70631012, 27.3719924, 0.0 ], [ 68.69094382, 27.3693447, 0.0 ] ] } },
{ "type": "Feature", "properties": { "name": "Mir Wah", "descriptio": "Unknown Line Type<BR><BR><B>NAME</B> = Gharghagi Distry<BR><BR><B>TYPE</B> = Distry<BR><BR><B>NAME</B> = Mir Wah<BR><B>LAYER</B> = Unknown Line Type<BR><BR><B>NAME</B> = Mir Wah<BR><BR><B>TYPE</B> = Wah<BR><B>GM_TYPE</B> = Unknown Line Type" }, "geometry": { "type": "LineString", "coordinates": [ [ 67.97030815, 27.46095243, 0.0 ], [ 67.95459886, 27.45097787, 0.0 ], [ 67.95135416, 27.44560924, 0.0 ], [ 67.94988292, 27.44422234, 0.0 ], [ 67.94536309, 27.44377656, 0.0 ], [ 67.94199707, 27.44496801, 0.0 ], [ 67.93816674, 27.44504473, 0.0 ], [ 67.93508703, 27.44250092, 0.0 ], [ 67.93204257, 27.44112834, 0.0 ], [ 67.92867959, 27.43893311, 0.0 ], [ 67.92495907, 27.43571547, 0.0 ], [ 67.91965757, 27.43448395, 0.0 ], [ 67.91578605, 27.43126679, 0.0 ], [ 67.91048435, 27.43008781, 0.0 ], [ 67.90684608, 27.42750545, 0.0 ], [ 67.90315739, 27.42231745, 0.0 ], [ 67.89805592, 27.42073092, 0.0 ], [ 67.89598217, 27.42034412, 0.0 ], [ 67.8938146, 27.4204328, 0.0 ], [ 67.88829264, 27.41930251, 0.0 ], [ 67.88084266, 27.41505114, 0.0 ], [ 67.87832628, 27.41442243, 0.0 ], [ 67.87467643, 27.41436658, 0.0 ], [ 67.86974731, 27.41315948, 0.0 ], [ 67.85873921, 27.41479543, 0.0 ], [ 67.85255967, 27.41665064, 0.0 ], [ 67.84664092, 27.41501446, 0.0 ], [ 67.8442644, 27.41523286, 0.0 ], [ 67.83556966, 27.41322643, 0.0 ], [ 67.82780313, 27.41236768, 0.0 ], [ 67.81158747, 27.40745216, 0.0 ], [ 67.80459477, 27.40643997, 0.0 ], [ 67.79765339, 27.40720131, 0.0 ], [ 67.77952698, 27.41001543, 0.0 ], [ 67.77344097, 27.41022655, 0.0 ], [ 67.76791454, 27.41136651, 0.0 ], [ 67.76199748, 27.41053326, 0.0 ] ] } },
{ "type": "Feature", "properties": { "name": "Raj Wah", "descriptio": "Unknown Line Type<BR><BR><B>NAME</B> = Gharghagi Distry<BR><BR><B>TYPE</B> = Distry<BR><BR><B>NAME</B> = Raj Wah<BR><B>LAYER</B> = Unknown Line Type<BR><BR><B>NAME</B> = Raj Wah<BR><BR><B>TYPE</B> = Wah<BR><B>GM_TYPE</B> = Unknown Line Type" }, "geometry": { "type": "LineString", "coordinates": [ [ 68.02967546, 27.57106291, 0.0 ], [ 68.02898528, 27.57133471, 0.0 ], [ 68.02090693, 27.57157845, 0.0 ], [ 68.01412056, 27.57069634, 0.0 ], [ 68.01065492, 27.56912296, 0.0 ], [ 68.00943635, 27.56890625, 0.0 ], [ 68.00541739, 27.56888023, 0.0 ], [ 68.00098053, 27.57134486, 0.0 ], [ 67.99276682, 27.57503029, 0.0 ], [ 67.98483471, 27.58014316, 0.0 ], [ 67.98044181, 27.58141539, 0.0 ], [ 67.9727972, 27.58283873, 0.0 ] ] } },
{ "type": "Feature", "properties": { "name": "Mehrab Wah", "descriptio": "Unknown Line Type<BR><BR><B>NAME</B> = Gharghagi Distry<BR><BR><B>TYPE</B> = Distry<BR><BR><B>NAME</B> = Mehrab Wah<BR><B>LAYER</B> = Unknown Line Type<BR><BR><B>NAME</B> = Mehrab Wah<BR><BR><B>TYPE</B> = Wah<BR><B>GM_TYPE</B> = Unknown Line Type" }, "geometry": { "type": "LineString", "coordinates": [ [ 68.34947421, 27.32434943, 0.0 ], [ 68.35243096, 27.32098093, 0.0 ], [ 68.3560444, 27.3190194, 0.0 ], [ 68.3609899, 27.31792449, 0.0 ], [ 68.37299465, 27.31720533, 0.0 ], [ 68.37429339, 27.31680272, 0.0 ], [ 68.38197297, 27.31146928, 0.0 ], [ 68.38647745, 27.30878311, 0.0 ], [ 68.39226143, 27.30245177, 0.0 ], [ 68.39584252, 27.29942387, 0.0 ], [ 68.39975959, 27.29360113, 0.0 ], [ 68.40039008, 27.2910314, 0.0 ], [ 68.39856476, 27.28533044, 0.0 ], [ 68.39858548, 27.28371089, 0.0 ], [ 68.39765518, 27.28188235, 0.0 ], [ 68.39768507, 27.28071206, 0.0 ], [ 68.39643808, 27.27690426, 0.0 ], [ 68.39733043, 27.27414323, 0.0 ], [ 68.39704222, 27.26950274, 0.0 ], [ 68.39622558, 27.26754028, 0.0 ], [ 68.39619727, 27.26582754, 0.0 ], [ 68.3945247, 27.26027061, 0.0 ], [ 68.39503422, 27.25956895, 0.0 ], [ 68.4062743, 27.25155691, 0.0 ], [ 68.40672829, 27.2510327, 0.0 ], [ 68.40668082, 27.25052875, 0.0 ], [ 68.37155388, 27.20994395, 0.0 ] ] } },
{ "type": "Feature", "properties": { "name": "Garkino Wah", "descriptio": "Unknown Line Type<BR><BR><B>NAME</B> = Gharghagi Distry<BR><BR><B>TYPE</B> = Distry<BR><BR><B>NAME</B> = Garkino Wah<BR><B>LAYER</B> = Unknown Line Type<BR><BR><B>NAME</B> = Garkino Wah<BR><BR><B>TYPE</B> = Wah<BR><B>GM_TYPE</B> = Unknown Line Type" }, "geometry": { "type": "LineString", "coordinates": [ [ 68.34947421, 27.32434943, 0.0 ], [ 68.34871688, 27.32271318, 0.0 ], [ 68.34665195, 27.32001362, 0.0 ], [ 68.34539823, 27.31753769, 0.0 ], [ 68.3449643, 27.3156587, 0.0 ], [ 68.34559315, 27.31339368, 0.0 ], [ 68.34951329, 27.31004997, 0.0 ], [ 68.35067845, 27.30857088, 0.0 ], [ 68.34975628, 27.30168957, 0.0 ], [ 68.34911227, 27.30010846, 0.0 ], [ 68.34876072, 27.29779111, 0.0 ], [ 68.34877547, 27.29503498, 0.0 ], [ 68.34978273, 27.29361599, 0.0 ], [ 68.35009863, 27.29224063, 0.0 ], [ 68.34833622, 27.28776192, 0.0 ], [ 68.34574818, 27.28391124, 0.0 ], [ 68.34509505, 27.28142394, 0.0 ], [ 68.34038297, 27.27649786, 0.0 ], [ 68.33187906, 27.26210329, 0.0 ], [ 68.33180507, 27.25859478, 0.0 ], [ 68.32935185, 27.25496765, 0.0 ], [ 68.328804, 27.2507105, 0.0 ], [ 68.32255681, 27.24317063, 0.0 ], [ 68.31810172, 27.23533585, 0.0 ], [ 68.31694946, 27.23267115, 0.0 ], [ 68.30731602, 27.22535478, 0.0 ], [ 68.30130305, 27.2222102, 0.0 ] ] } },
{ "type": "Feature", "properties": { "name": "Abbul Wah", "descriptio": "Unknown Line Type<BR><BR><B>NAME</B> = Gharghagi Distry<BR><BR><B>TYPE</B> = Distry<BR><BR><B>NAME</B> = Abbul Wah<BR><B>LAYER</B> = Unknown Line Type<BR><BR><B>NAME</B> = Abbul Wah<BR><BR><B>TYPE</B> = Wah<BR><B>GM_TYPE</B> = Unknown Line Type" }, "geometry": { "type": "LineString", "coordinates": [ [ 68.47279903, 27.51631395, 0.0 ], [ 68.47209599, 27.51135211, 0.0 ], [ 68.47277465, 27.50836351, 0.0 ], [ 68.47962285, 27.49956576, 0.0 ], [ 68.48399868, 27.48849743, 0.0 ], [ 68.48453669, 27.47699714, 0.0 ], [ 68.48622007, 27.4739378, 0.0 ], [ 68.48987359, 27.47384996, 0.0 ], [ 68.49409598, 27.47324853, 0.0 ], [ 68.49552341, 27.47282768, 0.0 ], [ 68.49632589, 27.47220356, 0.0 ], [ 68.50216205, 27.4624266, 0.0 ], [ 68.50533912, 27.45024816, 0.0 ], [ 68.5091369, 27.44446095, 0.0 ], [ 68.51228221, 27.44048205, 0.0 ], [ 68.51149326, 27.43854357, 0.0 ], [ 68.50547171, 27.42904385, 0.0 ], [ 68.50515708, 27.42796431, 0.0 ], [ 68.51174943, 27.41067663, 0.0 ], [ 68.51188428, 27.40882306, 0.0 ], [ 68.51139284, 27.4040008, 0.0 ], [ 68.51283415, 27.40091884, 0.0 ], [ 68.51203481, 27.39475793, 0.0 ], [ 68.51344898, 27.39127024, 0.0 ], [ 68.51595602, 27.38853982, 0.0 ], [ 68.51681278, 27.38513743, 0.0 ], [ 68.51544, 27.38255789, 0.0 ], [ 68.51385083, 27.38189887, 0.0 ], [ 68.51302544, 27.3811295, 0.0 ], [ 68.51239372, 27.3790828, 0.0 ], [ 68.51379491, 27.37626252, 0.0 ], [ 68.51310344, 27.37131246, 0.0 ], [ 68.51377775, 27.36824468, 0.0 ], [ 68.51420816, 27.3640448, 0.0 ], [ 68.51766086, 27.35531679, 0.0 ], [ 68.5169856, 27.35480493, 0.0 ], [ 68.51679916, 27.35421344, 0.0 ], [ 68.51756145, 27.35137907, 0.0 ], [ 68.51755468, 27.34620789, 0.0 ], [ 68.51684112, 27.34060192, 0.0 ], [ 68.51557966, 27.33760078, 0.0 ], [ 68.5112378, 27.33003755, 0.0 ], [ 68.51087728, 27.3241331, 0.0 ], [ 68.510034, 27.32275691, 0.0 ], [ 68.50993789, 27.32182931, 0.0 ], [ 68.5107416, 27.31923016, 0.0 ], [ 68.51100013, 27.31717996, 0.0 ], [ 68.51067394, 27.31519866, 0.0 ], [ 68.50941471, 27.31158189, 0.0 ], [ 68.50851466, 27.31076448, 0.0 ], [ 68.50649994, 27.30769308, 0.0 ], [ 68.50617811, 27.30527889, 0.0 ], [ 68.50396469, 27.30011413, 0.0 ], [ 68.50365206, 27.29855195, 0.0 ], [ 68.49705221, 27.28518659, 0.0 ], [ 68.4969395, 27.28431191, 0.0 ], [ 68.49741619, 27.28275164, 0.0 ], [ 68.49719987, 27.28146246, 0.0 ], [ 68.4964589, 27.28015705, 0.0 ], [ 68.49294528, 27.27028315, 0.0 ], [ 68.48562307, 27.26114736, 0.0 ], [ 68.48277212, 27.2582546, 0.0 ] ] } },
{ "type": "Feature", "properties": { "name": "Ali Nawaz Wah", "descriptio": "Unknown Line Type<BR><BR><B>NAME</B> = Gharghagi Distry<BR><BR><B>TYPE</B> = Distry<BR><BR><B>NAME</B> = Ali Nawaz Wah<BR><B>LAYER</B> = Unknown Line Type<BR><BR><B>NAME</B> = Ali Nawaz Wah<BR><BR><B>TYPE</B> = Wah<BR><B>GM_TYPE</B> = Unknown Line Type" }, "geometry": { "type": "LineString", "coordinates": [ [ 68.40264758, 26.71065337, 0.0 ], [ 68.38466958, 26.73977103, 0.0 ], [ 68.38013512, 26.76159018, 0.0 ], [ 68.38020073, 26.76230764, 0.0 ], [ 68.40656017, 26.81038774, 0.0 ], [ 68.40540011, 26.82736472, 0.0 ], [ 68.41104925, 26.85352798, 0.0 ], [ 68.42726338, 26.88347146, 0.0 ], [ 68.43940098, 26.93019877, 0.0 ], [ 68.45152123, 26.95025347, 0.0 ], [ 68.46982395, 26.96225795, 0.0 ], [ 68.48397495, 26.96840266, 0.0 ], [ 68.51156816, 27.00741543, 0.0 ], [ 68.5556101, 27.02922811, 0.0 ] ] } },
{ "type": "Feature", "properties": { "name": "Veho Wah", "descriptio": "Unknown Line Type<BR><BR><B>NAME</B> = Gharghagi Distry<BR><BR><B>TYPE</B> = Distry<BR><BR><B>NAME</B> = Veho Wah<BR><B>LAYER</B> = Unknown Line Type<BR><BR><B>NAME</B> = Veho Wah<BR><BR><B>TYPE</B> = Wah<BR><B>GM_TYPE</B> = Unknown Line Type" }, "geometry": { "type": "LineString", "coordinates": [ [ 68.32426773, 26.71205014, 0.0 ], [ 68.32500425, 26.71368379, 0.0 ], [ 68.32653679, 26.71543161, 0.0 ], [ 68.32740481, 26.7175367, 0.0 ], [ 68.32968161, 26.7214853, 0.0 ], [ 68.3319587, 26.7270279, 0.0 ], [ 68.33262665, 26.72994803, 0.0 ], [ 68.33268831, 26.73660319, 0.0 ], [ 68.33225427, 26.74064629, 0.0 ], [ 68.33220321, 26.74863271, 0.0 ], [ 68.3325615, 26.75027085, 0.0 ], [ 68.33493593, 26.75619053, 0.0 ], [ 68.33713678, 26.76052273, 0.0 ], [ 68.3390769, 26.76361811, 0.0 ], [ 68.34034957, 26.76501903, 0.0 ], [ 68.34203386, 26.76910259, 0.0 ], [ 68.3422554, 26.7729879, 0.0 ], [ 68.34618045, 26.78096544, 0.0 ], [ 68.34653152, 26.78356575, 0.0 ], [ 68.34822383, 26.78728667, 0.0 ], [ 68.34968583, 26.79301035, 0.0 ], [ 68.34957764, 26.79593675, 0.0 ], [ 68.35038236, 26.79757843, 0.0 ], [ 68.35072311, 26.80201632, 0.0 ], [ 68.35189179, 26.80419404, 0.0 ], [ 68.35166037, 26.80761435, 0.0 ], [ 68.35300665, 26.8105261, 0.0 ], [ 68.35771932, 26.81431809, 0.0 ], [ 68.35894248, 26.81760933, 0.0 ], [ 68.35904749, 26.82173147, 0.0 ], [ 68.3634591, 26.82902876, 0.0 ], [ 68.36475474, 26.83025651, 0.0 ], [ 68.36733849, 26.83406966, 0.0 ], [ 68.3693615, 26.83611267, 0.0 ], [ 68.37163889, 26.84608839, 0.0 ], [ 68.37355664, 26.85127665, 0.0 ], [ 68.37846245, 26.85721796, 0.0 ], [ 68.38031168, 26.85898518, 0.0 ], [ 68.38217506, 26.86176307, 0.0 ], [ 68.38300828, 26.8645636, 0.0 ], [ 68.38534954, 26.86864688, 0.0 ], [ 68.3879472, 26.87161194, 0.0 ], [ 68.39331624, 26.87622412, 0.0 ], [ 68.40034338, 26.88502257, 0.0 ], [ 68.40242566, 26.88668778, 0.0 ], [ 68.40634152, 26.89126615, 0.0 ], [ 68.40741224, 26.89604184, 0.0 ], [ 68.40903429, 26.89884553, 0.0 ], [ 68.41171718, 26.90165362, 0.0 ], [ 68.41280346, 26.90366088, 0.0 ], [ 68.4148724, 26.90801414, 0.0 ], [ 68.41513729, 26.90956303, 0.0 ], [ 68.41801297, 26.91622769, 0.0 ], [ 68.42183414, 26.92305088, 0.0 ], [ 68.42503519, 26.93261986, 0.0 ], [ 68.42576456, 26.93827084, 0.0 ], [ 68.43582784, 26.94248677, 0.0 ], [ 68.43850792, 26.94621758, 0.0 ], [ 68.43922618, 26.94812126, 0.0 ], [ 68.44352415, 26.95086186, 0.0 ], [ 68.44666349, 26.95377977, 0.0 ], [ 68.44826287, 26.95720124, 0.0 ], [ 68.45009944, 26.95992378, 0.0 ], [ 68.45200157, 26.96166907, 0.0 ], [ 68.45495547, 26.96540064, 0.0 ], [ 68.45495822, 26.97207696, 0.0 ], [ 68.46386406, 26.98842759, 0.0 ], [ 68.46531479, 26.99222957, 0.0 ], [ 68.46670323, 26.9937011, 0.0 ], [ 68.47045989, 26.9953804, 0.0 ] ] } },
{ "type": "Feature", "properties": { "name": "Faiz Ganj Wah", "descriptio": "Unknown Line Type<BR><BR><B>NAME</B> = Gharghagi Distry<BR><BR><B>TYPE</B> = Distry<BR><BR><B>NAME</B> = Faiz Ganj Wah<BR><B>LAYER</B> = Unknown Line Type<BR><BR><B>NAME</B> = Faiz Ganj Wah<BR><BR><B>TYPE</B> = Wah<BR><B>GM_TYPE</B> = Unknown Line Type" }, "geometry": { "type": "LineString", "coordinates": [ [ 68.5556101, 27.02922811, 0.0 ], [ 68.55015894, 27.02902566, 0.0 ], [ 68.54415727, 27.02681778, 0.0 ], [ 68.53686105, 27.0254194, 0.0 ], [ 68.52458097, 27.02193214, 0.0 ], [ 68.51745403, 27.01826532, 0.0 ], [ 68.5135655, 27.01689056, 0.0 ], [ 68.50309745, 27.01157963, 0.0 ], [ 68.50007653, 27.01045768, 0.0 ], [ 68.49756098, 27.00846343, 0.0 ], [ 68.49382478, 27.00416128, 0.0 ], [ 68.48855785, 27.00156256, 0.0 ], [ 68.48728446, 27.001395, 0.0 ], [ 68.47946622, 27.00197652, 0.0 ], [ 68.47816238, 27.00183594, 0.0 ], [ 68.47058889, 26.99550103, 0.0 ], [ 68.45545739, 26.99519793, 0.0 ], [ 68.45411715, 26.99430255, 0.0 ], [ 68.43029276, 26.97250623, 0.0 ], [ 68.41389866, 26.92981273, 0.0 ], [ 68.40483926, 26.90722337, 0.0 ], [ 68.37139592, 26.86907612, 0.0 ], [ 68.34251633, 26.82553537, 0.0 ], [ 68.33856881, 26.78870334, 0.0 ], [ 68.338157, 26.78736438, 0.0 ], [ 68.31817512, 26.74921298, 0.0 ], [ 68.31394067, 26.7367673, 0.0 ], [ 68.3137386, 26.73551252, 0.0 ], [ 68.31396751, 26.71837116, 0.0 ], [ 68.31373502, 26.71640095, 0.0 ], [ 68.31455095, 26.71436169, 0.0 ], [ 68.34585942, 26.69585282, 0.0 ] ] } },
{ "type": "Feature", "properties": { "name": "Pandhro Wah", "descriptio": "Unknown Line Type<BR><BR><B>NAME</B> = Gharghagi Distry<BR><BR><B>TYPE</B> = Distry<BR><BR><B>NAME</B> = Pandhro Wah<BR><B>LAYER</B> = Unknown Line Type<BR><BR><B>NAME</B> = Pandhro Wah<BR><BR><B>TYPE</B> = Wah<BR><B>GM_TYPE</B> = Unknown Line Type" }, "geometry": { "type": "LineString", "coordinates": [ [ 68.5556101, 27.02922811, 0.0 ], [ 68.55350033, 27.02674608, 0.0 ], [ 68.54456191, 27.0206841, 0.0 ], [ 68.52318675, 26.99122979, 0.0 ], [ 68.5162222, 26.9857846, 0.0 ], [ 68.5186532, 26.98030728, 0.0 ], [ 68.51873649, 26.97846551, 0.0 ], [ 68.51643349, 26.96807713, 0.0 ], [ 68.51561089, 26.96106153, 0.0 ], [ 68.51575185, 26.95951151, 0.0 ], [ 68.51790816, 26.95504458, 0.0 ], [ 68.5184388, 26.94628235, 0.0 ], [ 68.51261225, 26.93478145, 0.0 ], [ 68.50715846, 26.93015891, 0.0 ], [ 68.50604501, 26.92727507, 0.0 ], [ 68.50377926, 26.91954698, 0.0 ], [ 68.50414432, 26.91379539, 0.0 ], [ 68.50525492, 26.91030281, 0.0 ], [ 68.50507888, 26.90613151, 0.0 ], [ 68.5027719, 26.90409276, 0.0 ], [ 68.50024928, 26.90346995, 0.0 ], [ 68.49832435, 26.90176503, 0.0 ], [ 68.49523254, 26.89678131, 0.0 ], [ 68.49305463, 26.89124737, 0.0 ], [ 68.4912097, 26.86755396, 0.0 ], [ 68.49174842, 26.85946326, 0.0 ], [ 68.4893346, 26.84559609, 0.0 ], [ 68.48888013, 26.83705514, 0.0 ], [ 68.48764118, 26.83513618, 0.0 ], [ 68.47758741, 26.82466638, 0.0 ], [ 68.47280119, 26.82185278, 0.0 ], [ 68.46981402, 26.81904269, 0.0 ], [ 68.4700505, 26.81658053, 0.0 ], [ 68.46923405, 26.81472356, 0.0 ], [ 68.46880745, 26.81204345, 0.0 ], [ 68.4675832, 26.80829933, 0.0 ], [ 68.46643786, 26.80185441, 0.0 ], [ 68.46297939, 26.79083634, 0.0 ], [ 68.46241754, 26.78544675, 0.0 ], [ 68.46275137, 26.78057824, 0.0 ], [ 68.46351054, 26.77896676, 0.0 ], [ 68.46885893, 26.77291114, 0.0 ], [ 68.47128812, 26.77175523, 0.0 ], [ 68.47261002, 26.77071819, 0.0 ], [ 68.47418605, 26.76699308, 0.0 ], [ 68.47664852, 26.75763035, 0.0 ], [ 68.47657162, 26.75028411, 0.0 ], [ 68.47731452, 26.74197013, 0.0 ], [ 68.48524721, 26.73177459, 0.0 ], [ 68.48812077, 26.7263359, 0.0 ], [ 68.49067037, 26.72309883, 0.0 ], [ 68.49293557, 26.72096098, 0.0 ], [ 68.49539471, 26.72020625, 0.0 ], [ 68.49849034, 26.71983547, 0.0 ], [ 68.50392347, 26.71979698, 0.0 ], [ 68.50556012, 26.71950246, 0.0 ], [ 68.51146179, 26.72016869, 0.0 ], [ 68.52013389, 26.71901692, 0.0 ], [ 68.52455739, 26.7177415, 0.0 ], [ 68.52982887, 26.71519632, 0.0 ], [ 68.53279028, 26.71507277, 0.0 ], [ 68.53357264, 26.71461949, 0.0 ], [ 68.53862772, 26.71370587, 0.0 ], [ 68.5421269, 26.71230521, 0.0 ] ] } },
{ "type": "Feature", "properties": { "name": "Dahar Wah Lower", "descriptio": "Unknown Line Type<BR><BR><B>NAME</B> = Gharghagi Distry<BR><BR><B>TYPE</B> = Distry<BR><BR><B>NAME</B> = Dahar Wah Lower<BR><B>LAYER</B> = Unknown Line Type<BR><BR><B>NAME</B> = Dahar Wah Lower<BR><BR><B>TYPE</B> = Wah<BR><B>GM_TYPE</B> = Unknown Line Ty" }, "geometry": { "type": "LineString", "coordinates": [ [ 69.64144111, 28.03539592, 0.0 ], [ 69.6498812, 28.01600319, 0.0 ], [ 69.65579533, 27.97702778, 0.0 ], [ 69.65606965, 27.97303365, 0.0 ], [ 69.6553407, 27.97001712, 0.0 ], [ 69.65473829, 27.96299958, 0.0 ], [ 69.65234484, 27.95120194, 0.0 ], [ 69.65314453, 27.94114281, 0.0 ], [ 69.65267447, 27.93766781, 0.0 ], [ 69.65283704, 27.93361833, 0.0 ], [ 69.65220494, 27.92797975, 0.0 ], [ 69.65198373, 27.92227279, 0.0 ], [ 69.65142899, 27.92025187, 0.0 ], [ 69.64548879, 27.90537643, 0.0 ], [ 69.643744, 27.90257927, 0.0 ], [ 69.63841912, 27.88745177, 0.0 ], [ 69.63572316, 27.88120022, 0.0 ], [ 69.6328804, 27.86788309, 0.0 ], [ 69.63086938, 27.86261565, 0.0 ], [ 69.62619283, 27.85513681, 0.0 ], [ 69.61559821, 27.84005753, 0.0 ], [ 69.60734267, 27.82901318, 0.0 ], [ 69.59804148, 27.81834333, 0.0 ], [ 69.59568192, 27.81719196, 0.0 ], [ 69.58806516, 27.81081952, 0.0 ], [ 69.58213458, 27.80754134, 0.0 ], [ 69.57558376, 27.80474788, 0.0 ], [ 69.5736695, 27.80293054, 0.0 ], [ 69.5693479, 27.80014827, 0.0 ], [ 69.56401455, 27.794296, 0.0 ], [ 69.56217679, 27.79277692, 0.0 ], [ 69.55799685, 27.78984975, 0.0 ], [ 69.54222683, 27.78005595, 0.0 ], [ 69.53579089, 27.77341985, 0.0 ], [ 69.5321048, 27.76785865, 0.0 ], [ 69.52719836, 27.75922474, 0.0 ], [ 69.52583434, 27.7550483, 0.0 ], [ 69.52246947, 27.74809575, 0.0 ], [ 69.52102349, 27.74232664, 0.0 ], [ 69.51849857, 27.73725842, 0.0 ], [ 69.51568828, 27.72831354, 0.0 ], [ 69.50852621, 27.71398073, 0.0 ], [ 69.50306376, 27.70163222, 0.0 ], [ 69.49771606, 27.69231079, 0.0 ], [ 69.49730458, 27.69112395, 0.0 ], [ 69.49694014, 27.69092101, 0.0 ], [ 69.49531575, 27.68711438, 0.0 ], [ 69.49438438, 27.68424132, 0.0 ], [ 69.49351867, 27.67946476, 0.0 ], [ 69.49202843, 27.66716217, 0.0 ], [ 69.48963335, 27.66113047, 0.0 ], [ 69.48514046, 27.65665118, 0.0 ], [ 69.4837063, 27.65361263, 0.0 ], [ 69.48101101, 27.65095301, 0.0 ], [ 69.47179563, 27.6453944, 0.0 ], [ 69.46466942, 27.63949161, 0.0 ], [ 69.46334563, 27.63659055, 0.0 ], [ 69.46249944, 27.63120761, 0.0 ], [ 69.46004656, 27.62550308, 0.0 ], [ 69.45128998, 27.61695815, 0.0 ], [ 69.44739126, 27.61193826, 0.0 ], [ 69.4411646, 27.60739961, 0.0 ], [ 69.43976179, 27.60489994, 0.0 ], [ 69.43816979, 27.60286279, 0.0 ], [ 69.42512034, 27.58723802, 0.0 ], [ 69.42399127, 27.58476162, 0.0 ], [ 69.41977997, 27.5709549, 0.0 ], [ 69.40898606, 27.56826417, 0.0 ], [ 69.39604757, 27.56552195, 0.0 ], [ 69.37962843, 27.56692637, 0.0 ] ] } },
{ "type": "Feature", "properties": { "name": "Mahi Wah", "descriptio": "Unknown Line Type<BR><BR><B>NAME</B> = Gharghagi Distry<BR><BR><B>TYPE</B> = Distry<BR><BR><B>NAME</B> = Mahi Wah<BR><B>LAYER</B> = Unknown Line Type<BR><BR><B>NAME</B> = Mahi Wah<BR><BR><B>TYPE</B> = Wah<BR><B>GM_TYPE</B> = Unknown Line Type" }, "geometry": { "type": "LineString", "coordinates": [ [ 69.7774763, 28.26119805, 0.0 ], [ 69.76269244, 28.25021476, 0.0 ], [ 69.7600505, 28.24790652, 0.0 ], [ 69.75734762, 28.24485709, 0.0 ], [ 69.7488112, 28.2319763, 0.0 ], [ 69.69789965, 28.16019506, 0.0 ], [ 69.6668683, 28.11548262, 0.0 ], [ 69.66554196, 28.11310521, 0.0 ], [ 69.66382066, 28.1083481, 0.0 ], [ 69.66203015, 28.10183629, 0.0 ], [ 69.65238835, 28.07139182, 0.0 ], [ 69.64703049, 28.05776418, 0.0 ], [ 69.64596327, 28.04128129, 0.0 ], [ 69.64133733, 28.03543702, 0.0 ] ] } },
{ "type": "Feature", "properties": { "name": "Masu Wah", "descriptio": "Unknown Line Type<BR><BR><B>NAME</B> = Gharghagi Distry<BR><BR><B>TYPE</B> = Distry<BR><BR><B>NAME</B> = Masu Wah<BR><B>LAYER</B> = Unknown Line Type<BR><BR><B>NAME</B> = Masu Wah<BR><BR><B>TYPE</B> = Wah<BR><B>GM_TYPE</B> = Unknown Line Type" }, "geometry": { "type": "LineString", "coordinates": [ [ 69.61743077, 28.1734147, 0.0 ], [ 69.61905415, 28.16476915, 0.0 ], [ 69.61872232, 28.16315202, 0.0 ], [ 69.6178885, 28.16147371, 0.0 ], [ 69.61455485, 28.15625505, 0.0 ], [ 69.61576428, 28.15469452, 0.0 ], [ 69.61589937, 28.15326572, 0.0 ], [ 69.61699835, 28.15119793, 0.0 ], [ 69.61724146, 28.14986385, 0.0 ], [ 69.61701575, 28.14799237, 0.0 ], [ 69.61581649, 28.14504623, 0.0 ], [ 69.6145502, 28.14289386, 0.0 ], [ 69.60975545, 28.1381889, 0.0 ], [ 69.60915958, 28.13419275, 0.0 ], [ 69.60563404, 28.13157416, 0.0 ], [ 69.60125059, 28.12927664, 0.0 ], [ 69.6006009, 28.12839089, 0.0 ], [ 69.59940444, 28.12582544, 0.0 ], [ 69.5983419, 28.12137768, 0.0 ], [ 69.58333903, 28.08895852, 0.0 ], [ 69.57854308, 28.08275828, 0.0 ], [ 69.5777101, 28.08101625, 0.0 ], [ 69.57588175, 28.07388309, 0.0 ], [ 69.57487659, 28.06717569, 0.0 ], [ 69.57492233, 28.06231971, 0.0 ], [ 69.57353428, 28.05712055, 0.0 ], [ 69.57381172, 28.05543728, 0.0 ], [ 69.57448217, 28.05369416, 0.0 ], [ 69.57796765, 28.04942671, 0.0 ], [ 69.59283332, 28.02026647, 0.0 ], [ 69.59310463, 28.01753591, 0.0 ], [ 69.58997955, 28.00882147, 0.0 ], [ 69.58889689, 28.00714409, 0.0 ], [ 69.58744081, 28.00597632, 0.0 ], [ 69.58360389, 28.00446921, 0.0 ], [ 69.55371923, 27.9946834, 0.0 ], [ 69.54985356, 27.9943815, 0.0 ], [ 69.54902907, 27.99406746, 0.0 ], [ 69.5469477, 27.99283795, 0.0 ], [ 69.54496892, 27.99065592, 0.0 ], [ 69.5450173, 27.98605375, 0.0 ], [ 69.54476301, 27.98529303, 0.0 ], [ 69.54344892, 27.98377648, 0.0 ], [ 69.54079689, 27.98283477, 0.0 ], [ 69.53971842, 27.98179171, 0.0 ], [ 69.53526899, 27.97907959, 0.0 ], [ 69.52894887, 27.97418472, 0.0 ], [ 69.52618887, 27.9730527, 0.0 ], [ 69.52421471, 27.97166376, 0.0 ], [ 69.52162461, 27.96612205, 0.0 ], [ 69.51906987, 27.96295788, 0.0 ], [ 69.51484525, 27.95459492, 0.0 ], [ 69.50871532, 27.94608355, 0.0 ], [ 69.50813803, 27.94500652, 0.0 ], [ 69.50784498, 27.94351589, 0.0 ], [ 69.50607936, 27.94066597, 0.0 ], [ 69.49972248, 27.93478589, 0.0 ], [ 69.49657898, 27.93076834, 0.0 ], [ 69.49500174, 27.92741721, 0.0 ], [ 69.49561242, 27.92300035, 0.0 ], [ 69.495534, 27.91984545, 0.0 ], [ 69.49475064, 27.91660779, 0.0 ], [ 69.49466993, 27.91294125, 0.0 ], [ 69.49421301, 27.91158051, 0.0 ], [ 69.49295675, 27.90993634, 0.0 ], [ 69.49076114, 27.90587941, 0.0 ], [ 69.48921537, 27.90392351, 0.0 ], [ 69.48548616, 27.90052564, 0.0 ], [ 69.48458383, 27.8992213, 0.0 ], [ 69.4844399, 27.89660931, 0.0 ], [ 69.48274437, 27.88967941, 0.0 ], [ 69.47874779, 27.88358186, 0.0 ], [ 69.47288289, 27.8770083, 0.0 ], [ 69.46956529, 27.87224408, 0.0 ] ] } },
{ "type": "Feature", "properties": { "name": "Imam Wah", "descriptio": "Unknown Line Type<BR><BR><B>NAME</B> = Gharghagi Distry<BR><BR><B>TYPE</B> = Distry<BR><BR><B>NAME</B> = Imam Wah<BR><B>LAYER</B> = Unknown Line Type<BR><BR><B>NAME</B> = Imam Wah<BR><BR><B>TYPE</B> = Wah<BR><B>GM_TYPE</B> = Unknown Line Type" }, "geometry": { "type": "LineString", "coordinates": [ [ 69.46956529, 27.87224408, 0.0 ], [ 69.46192785, 27.85972231, 0.0 ], [ 69.45869769, 27.8551161, 0.0 ], [ 69.45482206, 27.84417433, 0.0 ], [ 69.45116113, 27.83587673, 0.0 ], [ 69.44909959, 27.83018014, 0.0 ], [ 69.44927497, 27.82947792, 0.0 ], [ 69.4487595, 27.82800853, 0.0 ], [ 69.44804794, 27.82258189, 0.0 ], [ 69.44560982, 27.81815391, 0.0 ], [ 69.44143414, 27.80839039, 0.0 ], [ 69.43681274, 27.80123012, 0.0 ], [ 69.43433042, 27.79825039, 0.0 ], [ 69.43064894, 27.79468607, 0.0 ], [ 69.42890783, 27.7922924, 0.0 ], [ 69.42568208, 27.78703476, 0.0 ], [ 69.42382388, 27.78354432, 0.0 ], [ 69.42307737, 27.78146449, 0.0 ], [ 69.42249465, 27.76967295, 0.0 ], [ 69.41531409, 27.75084782, 0.0 ], [ 69.41484037, 27.72563017, 0.0 ], [ 69.41051126, 27.71348339, 0.0 ], [ 69.41012309, 27.70731791, 0.0 ], [ 69.41029758, 27.69804419, 0.0 ], [ 69.4035262, 27.68582194, 0.0 ], [ 69.39953581, 27.68095274, 0.0 ], [ 69.39545094, 27.67027444, 0.0 ], [ 69.39247073, 27.6593026, 0.0 ], [ 69.39153342, 27.64635811, 0.0 ], [ 69.38637768, 27.63967886, 0.0 ], [ 69.3851842, 27.63604477, 0.0 ], [ 69.38102075, 27.63001466, 0.0 ], [ 69.378137, 27.62230997, 0.0 ], [ 69.37874438, 27.61428181, 0.0 ], [ 69.37728935, 27.60642272, 0.0 ], [ 69.37740813, 27.60097176, 0.0 ], [ 69.37659984, 27.59846847, 0.0 ], [ 69.37466743, 27.59389956, 0.0 ], [ 69.37343096, 27.59289651, 0.0 ], [ 69.37193589, 27.58931309, 0.0 ], [ 69.36899495, 27.58561969, 0.0 ], [ 69.36628303, 27.58396376, 0.0 ], [ 69.36144543, 27.57920642, 0.0 ], [ 69.35685427, 27.57576453, 0.0 ], [ 69.35393651, 27.5725946, 0.0 ] ] } },
{ "type": "Feature", "properties": { "name": "Lundi Wah", "descriptio": "Unknown Line Type<BR><BR><B>NAME</B> = Gharghagi Distry<BR><BR><B>TYPE</B> = Distry<BR><BR><B>NAME</B> = Lundi Wah<BR><B>LAYER</B> = Unknown Line Type<BR><BR><B>NAME</B> = Lundi Wah<BR><BR><B>TYPE</B> = Wah<BR><B>GM_TYPE</B> = Unknown Line Type" }, "geometry": { "type": "LineString", "coordinates": [ [ 69.3716767, 27.91570299, 0.0 ], [ 69.37277844, 27.91705636, 0.0 ], [ 69.37314286, 27.91883014, 0.0 ], [ 69.37454702, 27.92181655, 0.0 ], [ 69.37681543, 27.925033, 0.0 ], [ 69.37836377, 27.92628807, 0.0 ], [ 69.38119086, 27.92949622, 0.0 ], [ 69.38427116, 27.93111847, 0.0 ], [ 69.38783472, 27.93154107, 0.0 ], [ 69.38926125, 27.93200303, 0.0 ], [ 69.39180346, 27.9335018, 0.0 ], [ 69.39571551, 27.93918421, 0.0 ], [ 69.39686359, 27.94160297, 0.0 ], [ 69.39864468, 27.94352746, 0.0 ], [ 69.40028282, 27.94737809, 0.0 ], [ 69.4033292, 27.95073594, 0.0 ], [ 69.4044936, 27.95248435, 0.0 ], [ 69.40815819, 27.95522393, 0.0 ], [ 69.41428123, 27.95789647, 0.0 ], [ 69.41448787, 27.95866138, 0.0 ], [ 69.41414487, 27.96275858, 0.0 ], [ 69.41339014, 27.96334028, 0.0 ], [ 69.41303872, 27.96457926, 0.0 ], [ 69.41412999, 27.96551579, 0.0 ], [ 69.41499435, 27.96696094, 0.0 ], [ 69.41953306, 27.97750171, 0.0 ], [ 69.42732637, 27.98401785, 0.0 ], [ 69.42820851, 27.98542405, 0.0 ], [ 69.42833019, 27.98828885, 0.0 ], [ 69.42381334, 28.00771018, 0.0 ], [ 69.42382728, 28.0112699, 0.0 ], [ 69.42243566, 28.02472341, 0.0 ], [ 69.42089939, 28.02689347, 0.0 ], [ 69.41835535, 28.0385675, 0.0 ], [ 69.41965781, 28.03995433, 0.0 ], [ 69.42031864, 28.041807, 0.0 ], [ 69.42196593, 28.04401729, 0.0 ], [ 69.42280408, 28.04940469, 0.0 ], [ 69.42469189, 28.05271727, 0.0 ], [ 69.42398091, 28.05477695, 0.0 ], [ 69.42813595, 28.05574935, 0.0 ], [ 69.4391746, 28.06095066, 0.0 ], [ 69.43934652, 28.06216382, 0.0 ], [ 69.43990103, 28.06303533, 0.0 ], [ 69.44521773, 28.06671708, 0.0 ], [ 69.44691752, 28.06860253, 0.0 ], [ 69.45087756, 28.07097277, 0.0 ], [ 69.45340642, 28.07336388, 0.0 ], [ 69.45376613, 28.07424915, 0.0 ], [ 69.45317754, 28.08173606, 0.0 ], [ 69.45249986, 28.08410461, 0.0 ], [ 69.45381494, 28.09123016, 0.0 ], [ 69.45446869, 28.09299982, 0.0 ], [ 69.45522547, 28.09368025, 0.0 ], [ 69.47733568, 28.10625864, 0.0 ] ] } },
{ "type": "Feature", "properties": { "name": "Qazi Wah", "descriptio": "Unknown Line Type<BR><BR><B>NAME</B> = Gharghagi Distry<BR><BR><B>TYPE</B> = Distry<BR><BR><B>NAME</B> = Qazi Wah<BR><B>LAYER</B> = Unknown Line Type<BR><BR><B>NAME</B> = Qazi Wah<BR><BR><B>TYPE</B> = Wah<BR><B>GM_TYPE</B> = Unknown Line Type" }, "geometry": { "type": "LineString", "coordinates": [ [ 69.47753635, 28.1062676, 0.0 ], [ 69.47148622, 28.08501459, 0.0 ], [ 69.45912422, 28.04382871, 0.0 ], [ 69.4598947, 28.03841541, 0.0 ], [ 69.46975957, 28.01024272, 0.0 ], [ 69.46979943, 28.00651694, 0.0 ], [ 69.46112672, 27.97823826, 0.0 ], [ 69.44764197, 27.94827287, 0.0 ], [ 69.44571123, 27.94657216, 0.0 ], [ 69.37009286, 27.89116598, 0.0 ] ] } },
{ "type": "Feature", "properties": { "name": "Sehar Wah", "descriptio": "Unknown Line Type<BR><BR><B>NAME</B> = Gharghagi Distry<BR><BR><B>TYPE</B> = Distry<BR><BR><B>NAME</B> = Sehar Wah<BR><B>LAYER</B> = Unknown Line Type<BR><BR><B>NAME</B> = Sehar Wah<BR><BR><B>TYPE</B> = Wah<BR><B>GM_TYPE</B> = Unknown Line Type" }, "geometry": { "type": "LineString", "coordinates": [ [ 69.77826153, 28.26314002, 0.0 ], [ 69.77802305, 28.26112753, 0.0 ], [ 69.77943009, 28.25963243, 0.0 ], [ 69.78892985, 28.2526256, 0.0 ], [ 69.79219636, 28.25075323, 0.0 ], [ 69.81110103, 28.23172662, 0.0 ], [ 69.82680611, 28.21450696, 0.0 ], [ 69.82743854, 28.21319329, 0.0 ], [ 69.8261421, 28.20467499, 0.0 ], [ 69.82608318, 28.20207299, 0.0 ], [ 69.82636823, 28.20117512, 0.0 ], [ 69.82717823, 28.20017065, 0.0 ], [ 69.82814508, 28.19667072, 0.0 ], [ 69.82906781, 28.19514854, 0.0 ], [ 69.82933617, 28.19196319, 0.0 ], [ 69.82852815, 28.18815939, 0.0 ], [ 69.82947398, 28.18664528, 0.0 ], [ 69.83263959, 28.18317935, 0.0 ], [ 69.83267393, 28.18003242, 0.0 ], [ 69.83114099, 28.17582611, 0.0 ], [ 69.83104062, 28.17291418, 0.0 ], [ 69.83334434, 28.17068083, 0.0 ], [ 69.83475783, 28.16722541, 0.0 ], [ 69.83765513, 28.16406108, 0.0 ], [ 69.83832335, 28.16240249, 0.0 ], [ 69.83794658, 28.1564817, 0.0 ], [ 69.83834292, 28.14738624, 0.0 ], [ 69.83898776, 28.14511248, 0.0 ], [ 69.83927847, 28.14247394, 0.0 ], [ 69.83867686, 28.14019293, 0.0 ], [ 69.83977901, 28.13680831, 0.0 ], [ 69.84011064, 28.1343279, 0.0 ], [ 69.84055384, 28.13377368, 0.0 ], [ 69.84259169, 28.13312357, 0.0 ], [ 69.84328749, 28.13253332, 0.0 ], [ 69.84559855, 28.1295031, 0.0 ], [ 69.84730811, 28.12573861, 0.0 ], [ 69.84965055, 28.11893742, 0.0 ], [ 69.85209613, 28.11576845, 0.0 ], [ 69.86145434, 28.09344664, 0.0 ], [ 69.86623645, 28.08489146, 0.0 ], [ 69.86782295, 28.08146258, 0.0 ], [ 69.86841205, 28.07741052, 0.0 ], [ 69.86848674, 28.07314413, 0.0 ], [ 69.86767471, 28.06665088, 0.0 ], [ 69.86512957, 28.05319444, 0.0 ], [ 69.86508269, 28.05121532, 0.0 ], [ 69.86653643, 28.04109637, 0.0 ], [ 69.86778963, 28.03666675, 0.0 ], [ 69.86814018, 28.02817767, 0.0 ], [ 69.86999184, 28.02516935, 0.0 ], [ 69.87059943, 28.02144447, 0.0 ], [ 69.87035507, 28.01795728, 0.0 ], [ 69.87068282, 28.01630573, 0.0 ], [ 69.87038069, 28.01343476, 0.0 ], [ 69.87063948, 28.01044806, 0.0 ], [ 69.87163886, 28.00533339, 0.0 ], [ 69.87133321, 28.00347232, 0.0 ], [ 69.87049609, 28.00210557, 0.0 ], [ 69.87079454, 27.99809844, 0.0 ], [ 69.87049731, 27.99697637, 0.0 ], [ 69.87056951, 27.99473323, 0.0 ], [ 69.87127138, 27.99321017, 0.0 ], [ 69.87293842, 27.99166175, 0.0 ], [ 69.87593373, 27.98977113, 0.0 ], [ 69.87827504, 27.98899531, 0.0 ], [ 69.87957536, 27.98820535, 0.0 ], [ 69.8813068, 27.98682465, 0.0 ], [ 69.88330342, 27.9843957, 0.0 ], [ 69.88397319, 27.98101285, 0.0 ], [ 69.88538531, 27.97791275, 0.0 ], [ 69.88587674, 27.97398664, 0.0 ], [ 69.88680267, 27.96993771, 0.0 ], [ 69.88786093, 27.96697785, 0.0 ], [ 69.88809473, 27.96496848, 0.0 ], [ 69.88960905, 27.96116193, 0.0 ], [ 69.88949824, 27.96034625, 0.0 ] ] } },
{ "type": "Feature", "properties": { "name": "Yasin Wah", "descriptio": "Unknown Line Type<BR><BR><B>NAME</B> = Gharghagi Distry<BR><BR><B>TYPE</B> = Distry<BR><BR><B>NAME</B> = Yasin Wah<BR><B>LAYER</B> = Unknown Line Type<BR><BR><B>NAME</B> = Yasin Wah<BR><BR><B>TYPE</B> = Wah<BR><B>GM_TYPE</B> = Unknown Line Type" }, "geometry": { "type": "LineString", "coordinates": [ [ 68.60914306, 27.91308127, 0.0 ], [ 68.60271849, 27.91597847, 0.0 ], [ 68.58778231, 27.91880306, 0.0 ], [ 68.57083975, 27.92256862, 0.0 ], [ 68.55700301, 27.93151601, 0.0 ], [ 68.55324598, 27.93254261, 0.0 ], [ 68.54497683, 27.93603381, 0.0 ], [ 68.5382203, 27.93735791, 0.0 ], [ 68.5340718, 27.93897455, 0.0 ], [ 68.53192799, 27.9404802, 0.0 ], [ 68.52950818, 27.94303055, 0.0 ], [ 68.52856249, 27.94672799, 0.0 ], [ 68.52692152, 27.9495676, 0.0 ], [ 68.52649892, 27.95288269, 0.0 ], [ 68.52529272, 27.95520446, 0.0 ], [ 68.52402433, 27.95613438, 0.0 ], [ 68.52209476, 27.9603928, 0.0 ], [ 68.52028167, 27.96178659, 0.0 ], [ 68.51405736, 27.96331449, 0.0 ] ] } },
{ "type": "Feature", "properties": { "name": "Nihal Wah", "descriptio": "Unknown Line Type<BR><BR><B>NAME</B> = Gharghagi Distry<BR><BR><B>TYPE</B> = Distry<BR><BR><B>NAME</B> = Nihal Wah<BR><B>LAYER</B> = Unknown Line Type<BR><BR><B>NAME</B> = Nihal Wah<BR><BR><B>TYPE</B> = Wah<BR><B>GM_TYPE</B> = Unknown Line Type" }, "geometry": { "type": "LineString", "coordinates": [ [ 69.76549084, 28.10610114, 0.0 ], [ 69.76356616, 28.10597912, 0.0 ], [ 69.75988987, 28.10462171, 0.0 ], [ 69.75154921, 28.10542088, 0.0 ], [ 69.74847489, 28.10457554, 0.0 ], [ 69.74550061, 28.10302962, 0.0 ], [ 69.74241575, 28.10064781, 0.0 ], [ 69.73989388, 28.09784728, 0.0 ], [ 69.72971176, 28.09098178, 0.0 ], [ 69.72644202, 28.08971119, 0.0 ], [ 69.72121696, 28.0867959, 0.0 ], [ 69.71393208, 28.08065181, 0.0 ], [ 69.71128836, 28.07877553, 0.0 ], [ 69.70942573, 28.0768902, 0.0 ], [ 69.70501832, 28.07138547, 0.0 ], [ 69.70268802, 28.06969522, 0.0 ], [ 69.70005931, 28.07006234, 0.0 ], [ 69.69895292, 28.07058745, 0.0 ], [ 69.69257806, 28.06933578, 0.0 ], [ 69.68897121, 28.06999561, 0.0 ], [ 69.68321459, 28.07042464, 0.0 ], [ 69.67995814, 28.07012033, 0.0 ], [ 69.67578297, 28.06847186, 0.0 ], [ 69.67268139, 28.06779885, 0.0 ] ] } },
{ "type": "Feature", "properties": { "name": "Jari Wah Old", "descriptio": "Unknown Line Type<BR><BR><B>NAME</B> = Gharghagi Distry<BR><BR><B>TYPE</B> = Distry<BR><BR><B>NAME</B> = Jari Wah Old<BR><B>LAYER</B> = Unknown Line Type<BR><BR><B>NAME</B> = Jari Wah Old<BR><BR><B>TYPE</B> = Wah<BR><B>GM_TYPE</B> = Unknown Line Type" }, "geometry": { "type": "LineString", "coordinates": [ [ 69.34826996, 28.07197028, 0.0 ], [ 69.33605152, 28.06808873, 0.0 ], [ 69.31989996, 28.05547926, 0.0 ], [ 69.28882657, 28.03504401, 0.0 ], [ 69.27190247, 28.02462853, 0.0 ], [ 69.27025404, 28.02324034, 0.0 ], [ 69.26967531, 28.02242233, 0.0 ], [ 69.26927262, 28.02098358, 0.0 ], [ 69.26878311, 28.01673683, 0.0 ], [ 69.26790202, 28.01553501, 0.0 ], [ 69.26535236, 28.01427893, 0.0 ], [ 69.26396421, 28.01300361, 0.0 ], [ 69.26370958, 28.01183784, 0.0 ], [ 69.26382314, 28.00905013, 0.0 ], [ 69.2629171, 28.00823091, 0.0 ], [ 69.26197603, 28.00429664, 0.0 ], [ 69.26168677, 27.99669636, 0.0 ], [ 69.25952831, 27.99357558, 0.0 ], [ 69.2556033, 27.9902178, 0.0 ], [ 69.25463517, 27.9890027, 0.0 ], [ 69.25264606, 27.98571633, 0.0 ], [ 69.2526441, 27.98487498, 0.0 ], [ 69.25222494, 27.98430616, 0.0 ], [ 69.24676146, 27.97967392, 0.0 ], [ 69.2425605, 27.97755997, 0.0 ], [ 69.24230394, 27.9771522, 0.0 ], [ 69.2421132, 27.97400545, 0.0 ], [ 69.24144503, 27.97241914, 0.0 ], [ 69.24044512, 27.97106012, 0.0 ], [ 69.23919045, 27.97008702, 0.0 ], [ 69.23699088, 27.96947854, 0.0 ], [ 69.23468771, 27.96825773, 0.0 ], [ 69.23213068, 27.96783119, 0.0 ], [ 69.23015936, 27.96633763, 0.0 ], [ 69.22801015, 27.96529967, 0.0 ], [ 69.22304193, 27.96065852, 0.0 ], [ 69.22273177, 27.95895799, 0.0 ], [ 69.22211725, 27.95841475, 0.0 ], [ 69.22029594, 27.95512915, 0.0 ], [ 69.21950206, 27.95438194, 0.0 ], [ 69.21926237, 27.95009738, 0.0 ], [ 69.21848657, 27.94556276, 0.0 ], [ 69.21914655, 27.94333909, 0.0 ], [ 69.22157056, 27.93893799, 0.0 ], [ 69.22197502, 27.93678277, 0.0 ], [ 69.22386418, 27.93220658, 0.0 ], [ 69.22580177, 27.9300715, 0.0 ], [ 69.22955489, 27.92863647, 0.0 ], [ 69.22998663, 27.92738842, 0.0 ] ] } },
{ "type": "Feature", "properties": { "name": "Bago Wah", "descriptio": "Unknown Line Type<BR><BR><B>NAME</B> = Gharghagi Distry<BR><BR><B>TYPE</B> = Distry<BR><BR><B>NAME</B> = Bago Wah<BR><B>LAYER</B> = Unknown Line Type<BR><BR><B>NAME</B> = Bago Wah<BR><BR><B>TYPE</B> = Wah<BR><B>GM_TYPE</B> = Unknown Line Type" }, "geometry": { "type": "LineString", "coordinates": [ [ 69.32838428, 28.06205375, 0.0 ], [ 69.32256816, 28.02868432, 0.0 ], [ 69.31984212, 28.02370076, 0.0 ], [ 69.31988885, 28.02202915, 0.0 ], [ 69.32027254, 28.0208148, 0.0 ], [ 69.32028855, 28.0174947, 0.0 ], [ 69.31925288, 28.0164897, 0.0 ], [ 69.31831131, 28.01381992, 0.0 ], [ 69.31732991, 28.01368482, 0.0 ], [ 69.31642405, 28.01290847, 0.0 ], [ 69.31449709, 28.01209096, 0.0 ], [ 69.30899666, 28.00583693, 0.0 ] ] } },
{ "type": "Feature", "properties": { "name": "Jam Wah", "descriptio": "Unknown Line Type<BR><BR><B>NAME</B> = Gharghagi Distry<BR><BR><B>TYPE</B> = Distry<BR><BR><B>NAME</B> = Jam Wah<BR><B>LAYER</B> = Unknown Line Type<BR><BR><B>NAME</B> = Jam Wah<BR><BR><B>TYPE</B> = Wah<BR><B>GM_TYPE</B> = Unknown Line Type" }, "geometry": { "type": "LineString", "coordinates": [ [ 69.32843241, 27.96336357, 0.0 ], [ 69.32962327, 27.96001608, 0.0 ], [ 69.32840468, 27.94486519, 0.0 ], [ 69.31663027, 27.91580972, 0.0 ], [ 69.31142604, 27.91006512, 0.0 ], [ 69.30933426, 27.90605826, 0.0 ] ] } },
{ "type": "Feature", "properties": { "name": "Dahar Wah", "descriptio": "Unknown Line Type<BR><BR><B>NAME</B> = Gharghagi Distry<BR><BR><B>TYPE</B> = Distry<BR><BR><B>NAME</B> = Dahar Wah<BR><B>LAYER</B> = Unknown Line Type<BR><BR><B>NAME</B> = Dahar Wah<BR><BR><B>TYPE</B> = Wah<BR><B>GM_TYPE</B> = Unknown Line Type" }, "geometry": { "type": "LineString", "coordinates": [ [ 69.77826153, 28.26314002, 0.0 ], [ 69.7777729, 28.26066779, 0.0 ], [ 69.77807725, 28.22081867, 0.0 ], [ 69.77792319, 28.19453495, 0.0 ], [ 69.77853082, 28.19121508, 0.0 ], [ 69.77915493, 28.19017269, 0.0 ], [ 69.78063485, 28.18892561, 0.0 ], [ 69.78203157, 28.18672183, 0.0 ], [ 69.78174339, 28.18432605, 0.0 ], [ 69.78059868, 28.18201512, 0.0 ], [ 69.77974377, 28.17610642, 0.0 ], [ 69.7810073, 28.16994596, 0.0 ], [ 69.78056194, 28.16451441, 0.0 ], [ 69.77832605, 28.15697673, 0.0 ], [ 69.77863343, 28.1558162, 0.0 ], [ 69.77853216, 28.15429844, 0.0 ], [ 69.77575523, 28.14448483, 0.0 ], [ 69.7732944, 28.14094261, 0.0 ], [ 69.7723738, 28.13835064, 0.0 ], [ 69.77231438, 28.13635315, 0.0 ], [ 69.77189934, 28.13507685, 0.0 ], [ 69.77248727, 28.12876653, 0.0 ], [ 69.77301232, 28.12652596, 0.0 ], [ 69.77026628, 28.12086759, 0.0 ], [ 69.76883882, 28.11261957, 0.0 ], [ 69.76549084, 28.10610114, 0.0 ], [ 69.7597141, 28.09948689, 0.0 ], [ 69.75334148, 28.09348627, 0.0 ], [ 69.75139548, 28.09118585, 0.0 ], [ 69.75023759, 28.08869202, 0.0 ], [ 69.74816675, 28.08613194, 0.0 ], [ 69.73962323, 28.07876338, 0.0 ], [ 69.73219342, 28.07172396, 0.0 ], [ 69.72731987, 28.0683619, 0.0 ], [ 69.72074846, 28.06107117, 0.0 ], [ 69.71863389, 28.05775474, 0.0 ], [ 69.7164908, 28.05572431, 0.0 ], [ 69.7116517, 28.05254298, 0.0 ], [ 69.70831704, 28.05098843, 0.0 ], [ 69.70639892, 28.04869449, 0.0 ], [ 69.70467895, 28.04378524, 0.0 ], [ 69.70391601, 28.04351578, 0.0 ], [ 69.70258565, 28.04236306, 0.0 ], [ 69.70195097, 28.04106778, 0.0 ], [ 69.69978692, 28.03918555, 0.0 ], [ 69.69639077, 28.03845103, 0.0 ], [ 69.69664992, 28.03746264, 0.0 ], [ 69.69636793, 28.03625959, 0.0 ], [ 69.69390087, 28.03412394, 0.0 ], [ 69.69036003, 28.02981246, 0.0 ], [ 69.68885064, 28.02579946, 0.0 ], [ 69.68835158, 28.02191496, 0.0 ], [ 69.686146, 28.01731391, 0.0 ], [ 69.68560536, 28.01510465, 0.0 ], [ 69.68468913, 28.01305014, 0.0 ], [ 69.68444066, 28.01063031, 0.0 ], [ 69.68375047, 28.00880689, 0.0 ], [ 69.68316547, 28.0053485, 0.0 ], [ 69.68220641, 28.00292939, 0.0 ], [ 69.68099202, 28.00133715, 0.0 ], [ 69.6798603, 27.99847972, 0.0 ], [ 69.67310817, 27.99175873, 0.0 ], [ 69.6691469, 27.98727497, 0.0 ], [ 69.66236019, 27.98151865, 0.0 ] ] } },
{ "type": "Feature", "properties": { "name": "Eden Wah", "descriptio": "Unknown Line Type<BR><BR><B>NAME</B> = Gharghagi Distry<BR><BR><B>TYPE</B> = Distry<BR><BR><B>NAME</B> = Eden Wah<BR><B>LAYER</B> = Unknown Line Type<BR><BR><B>NAME</B> = Eden Wah<BR><BR><B>TYPE</B> = Wah<BR><B>GM_TYPE</B> = Unknown Line Type" }, "geometry": { "type": "LineString", "coordinates": [ [ 67.98288021, 28.0549067, 0.0 ], [ 67.9796757, 28.04967493, 0.0 ], [ 67.96343429, 28.02769477, 0.0 ], [ 67.91260422, 27.96008909, 0.0 ], [ 67.90944947, 27.95237914, 0.0 ], [ 67.9030965, 27.94068476, 0.0 ], [ 67.90261126, 27.93950427, 0.0 ], [ 67.90062765, 27.93008246, 0.0 ], [ 67.89982262, 27.9277595, 0.0 ], [ 67.89333043, 27.91362927, 0.0 ], [ 67.88547513, 27.90114951, 0.0 ] ] } },
{ "type": "Feature", "properties": { "name": "Seer Wah", "descriptio": "Unknown Line Type<BR><BR><B>NAME</B> = Gharghagi Distry<BR><BR><B>TYPE</B> = Distry<BR><BR><B>NAME</B> = Seer Wah<BR><B>LAYER</B> = Unknown Line Type<BR><BR><B>NAME</B> = Seer Wah<BR><BR><B>TYPE</B> = Wah<BR><B>GM_TYPE</B> = Unknown Line Type" }, "geometry": { "type": "LineString", "coordinates": [ [ 67.98288021, 28.0549067, 0.0 ], [ 67.95037567, 28.04237371, 0.0 ], [ 67.92172583, 28.02958361, 0.0 ] ] } },
{ "type": "Feature", "properties": { "name": "Dingro Wah", "descriptio": "Unknown Line Type<BR><BR><B>NAME</B> = Gharghagi Distry<BR><BR><B>TYPE</B> = Distry<BR><BR><B>NAME</B> = Dingro Wah<BR><B>LAYER</B> = Unknown Line Type<BR><BR><B>NAME</B> = Dingro Wah<BR><BR><B>TYPE</B> = Wah<BR><B>GM_TYPE</B> = Unknown Line Type" }, "geometry": { "type": "LineString", "coordinates": [ [ 69.34808167, 28.07289052, 0.0 ], [ 69.34986769, 28.06369599, 0.0 ], [ 69.34894833, 28.05675906, 0.0 ], [ 69.34944517, 28.05403893, 0.0 ], [ 69.34792664, 28.05221751, 0.0 ], [ 69.34792064, 28.05035497, 0.0 ], [ 69.34706227, 28.04812085, 0.0 ], [ 69.34070006, 28.0182273, 0.0 ], [ 69.33884385, 28.01566156, 0.0 ], [ 69.33808232, 28.01391261, 0.0 ], [ 69.33656545, 28.01235178, 0.0 ], [ 69.33386261, 28.00759019, 0.0 ], [ 69.33338762, 28.00600116, 0.0 ], [ 69.33351187, 28.0054421, 0.0 ], [ 69.33288011, 28.00484759, 0.0 ], [ 69.32996203, 27.99822387, 0.0 ], [ 69.3266454, 27.98720547, 0.0 ], [ 69.32625402, 27.98273612, 0.0 ], [ 69.32691647, 27.97960544, 0.0 ], [ 69.32846065, 27.97650993, 0.0 ], [ 69.32917273, 27.97594937, 0.0 ], [ 69.33055177, 27.97378547, 0.0 ], [ 69.33104727, 27.96726875, 0.0 ], [ 69.32982952, 27.96471125, 0.0 ], [ 69.32843241, 27.96336357, 0.0 ], [ 69.32730923, 27.96288429, 0.0 ], [ 69.32284657, 27.96263174, 0.0 ], [ 69.32067955, 27.96315776, 0.0 ], [ 69.31907262, 27.96416792, 0.0 ], [ 69.31521983, 27.9674922, 0.0 ], [ 69.31300393, 27.96809311, 0.0 ], [ 69.30805168, 27.96877479, 0.0 ], [ 69.30318652, 27.9706109, 0.0 ], [ 69.29957787, 27.97136385, 0.0 ], [ 69.29844629, 27.97211136, 0.0 ], [ 69.29655831, 27.97259975, 0.0 ], [ 69.29164737, 27.97316901, 0.0 ], [ 69.28946259, 27.97261486, 0.0 ], [ 69.28643334, 27.97023704, 0.0 ], [ 69.27993541, 27.96876239, 0.0 ], [ 69.27859015, 27.96809453, 0.0 ], [ 69.27606949, 27.96746638, 0.0 ], [ 69.27191169, 27.96695308, 0.0 ], [ 69.25404622, 27.95567146, 0.0 ], [ 69.25421073, 27.95421833, 0.0 ], [ 69.25669746, 27.95021985, 0.0 ], [ 69.25687533, 27.94490035, 0.0 ], [ 69.25766084, 27.94331518, 0.0 ], [ 69.25741279, 27.9411146, 0.0 ], [ 69.25751612, 27.94082198, 0.0 ], [ 69.25857327, 27.94048146, 0.0 ], [ 69.25744133, 27.9385134, 0.0 ], [ 69.25745736, 27.9379593, 0.0 ], [ 69.2600367, 27.93601515, 0.0 ], [ 69.26114108, 27.93236676, 0.0 ], [ 69.26231659, 27.93085618, 0.0 ], [ 69.26390387, 27.92633002, 0.0 ], [ 69.26497625, 27.92521981, 0.0 ], [ 69.26514556, 27.92354182, 0.0 ], [ 69.26592131, 27.92167791, 0.0 ], [ 69.26633205, 27.91946073, 0.0 ], [ 69.26711297, 27.91798201, 0.0 ], [ 69.26796069, 27.91722619, 0.0 ], [ 69.26859868, 27.91580894, 0.0 ], [ 69.26845296, 27.91296176, 0.0 ], [ 69.26895552, 27.91137843, 0.0 ], [ 69.26870424, 27.90972652, 0.0 ], [ 69.26826296, 27.90954949, 0.0 ], [ 69.26794069, 27.9088742, 0.0 ], [ 69.26853761, 27.90716549, 0.0 ], [ 69.26893769, 27.90688014, 0.0 ], [ 69.2695914, 27.90338355, 0.0 ], [ 69.26983478, 27.90073579, 0.0 ], [ 69.26924165, 27.89640469, 0.0 ], [ 69.26947303, 27.89567958, 0.0 ], [ 69.26903633, 27.89421622, 0.0 ], [ 69.26781742, 27.89307984, 0.0 ], [ 69.26553774, 27.88952096, 0.0 ], [ 69.26375516, 27.88343394, 0.0 ], [ 69.26179913, 27.88045021, 0.0 ] ] } },
{ "type": "Feature", "properties": { "name": "Lower Noor Wah", "descriptio": "Unknown Line Type<BR><BR><B>NAME</B> = Gharghagi Distry<BR><BR><B>TYPE</B> = Distry<BR><BR><B>NAME</B> = Lower Noor Wah<BR><B>LAYER</B> = Unknown Line Type<BR><BR><B>NAME</B> = Lower Noor Wah<BR><BR><B>TYPE</B> = Wah<BR><B>GM_TYPE</B> = Unknown Line Type" }, "geometry": { "type": "LineString", "coordinates": [ [ 67.80506512, 26.81294694, 0.0 ], [ 67.80408203, 26.80877845, 0.0 ], [ 67.80336935, 26.80740086, 0.0 ], [ 67.80236187, 26.80285515, 0.0 ], [ 67.80190069, 26.79902899, 0.0 ], [ 67.80016477, 26.79483226, 0.0 ], [ 67.7993522, 26.79098587, 0.0 ], [ 67.79685477, 26.78770454, 0.0 ], [ 67.79503758, 26.7835382, 0.0 ], [ 67.79320274, 26.78163392, 0.0 ], [ 67.79247426, 26.77940185, 0.0 ], [ 67.78813911, 26.77691405, 0.0 ], [ 67.78566345, 26.77635319, 0.0 ], [ 67.78046621, 26.77364142, 0.0 ], [ 67.78019768, 26.77296461, 0.0 ], [ 67.7803299, 26.76759854, 0.0 ], [ 67.7809983, 26.76603046, 0.0 ], [ 67.7813773, 26.76340305, 0.0 ], [ 67.78076491, 26.76149739, 0.0 ] ] } },
{ "type": "Feature", "properties": { "name": "Upper Noor Wah", "descriptio": "Unknown Line Type<BR><BR><B>NAME</B> = Gharghagi Distry<BR><BR><B>TYPE</B> = Distry<BR><BR><B>NAME</B> = Upper Noor Wah<BR><B>LAYER</B> = Unknown Line Type<BR><BR><B>NAME</B> = Upper Noor Wah<BR><BR><B>TYPE</B> = Wah<BR><B>GM_TYPE</B> = Unknown Line Type" }, "geometry": { "type": "LineString", "coordinates": [ [ 67.81205224, 26.8983127, 0.0 ], [ 67.81066833, 26.89852263, 0.0 ], [ 67.80901462, 26.89810353, 0.0 ], [ 67.80816405, 26.89728603, 0.0 ], [ 67.80428842, 26.89147175, 0.0 ], [ 67.80264169, 26.89031623, 0.0 ], [ 67.80152289, 26.88897337, 0.0 ], [ 67.80116091, 26.88801565, 0.0 ], [ 67.80201968, 26.88519391, 0.0 ], [ 67.80766854, 26.87943065, 0.0 ], [ 67.80906723, 26.87491332, 0.0 ], [ 67.81008769, 26.87296008, 0.0 ], [ 67.81028589, 26.86933781, 0.0 ], [ 67.80985621, 26.86510815, 0.0 ], [ 67.81169433, 26.85638152, 0.0 ], [ 67.81165027, 26.85515707, 0.0 ], [ 67.80985077, 26.85165365, 0.0 ] ] } },
{ "type": "Feature", "properties": { "name": "Noor Wah", "descriptio": "Unknown Line Type<BR><BR><B>NAME</B> = Gharghagi Distry<BR><BR><B>TYPE</B> = Distry<BR><BR><B>NAME</B> = Noor Wah<BR><B>LAYER</B> = Unknown Line Type<BR><BR><B>NAME</B> = Noor Wah<BR><BR><B>TYPE</B> = Wah<BR><B>GM_TYPE</B> = Unknown Line Type" }, "geometry": { "type": "LineString", "coordinates": [ [ 68.39530249, 28.40383056, 0.0 ], [ 68.40116221, 28.397429, 0.0 ], [ 68.41048351, 28.39025081, 0.0 ], [ 68.4157123, 28.38580945, 0.0 ], [ 68.41758737, 28.38482927, 0.0 ], [ 68.42425375, 28.37985674, 0.0 ], [ 68.42587609, 28.37923321, 0.0 ], [ 68.42759796, 28.37803078, 0.0 ], [ 68.43682388, 28.36996112, 0.0 ], [ 68.44000646, 28.36655774, 0.0 ], [ 68.44965653, 28.35754322, 0.0 ], [ 68.45915125, 28.34515843, 0.0 ], [ 68.46278741, 28.33958609, 0.0 ], [ 68.46700497, 28.32907746, 0.0 ], [ 68.46833487, 28.32507879, 0.0 ], [ 68.46838721, 28.32230179, 0.0 ], [ 68.47199679, 28.31354159, 0.0 ], [ 68.47275507, 28.3081945, 0.0 ], [ 68.4736509, 28.30620455, 0.0 ], [ 68.4743398, 28.303976, 0.0 ], [ 68.47438468, 28.30268128, 0.0 ], [ 68.47524225, 28.30062294, 0.0 ], [ 68.47800142, 28.29564133, 0.0 ], [ 68.48402307, 28.28637933, 0.0 ], [ 68.48896596, 28.27719821, 0.0 ], [ 68.49429556, 28.2699428, 0.0 ], [ 68.50128169, 28.25601766, 0.0 ], [ 68.50297826, 28.25133827, 0.0 ], [ 68.50355289, 28.24422338, 0.0 ], [ 68.50643303, 28.22987942, 0.0 ], [ 68.50695986, 28.22831378, 0.0 ], [ 68.50957565, 28.22448955, 0.0 ], [ 68.5127564, 28.21801511, 0.0 ], [ 68.51930897, 28.20779022, 0.0 ], [ 68.52508555, 28.20132953, 0.0 ], [ 68.53161346, 28.19311361, 0.0 ], [ 68.53329862, 28.19001548, 0.0 ], [ 68.54357724, 28.17445212, 0.0 ], [ 68.54741623, 28.16927274, 0.0 ], [ 68.55108324, 28.16719487, 0.0 ], [ 68.55898289, 28.16489215, 0.0 ], [ 68.56749851, 28.16424531, 0.0 ], [ 68.56895409, 28.16369837, 0.0 ], [ 68.57069269, 28.16162057, 0.0 ], [ 68.57097269, 28.16082489, 0.0 ], [ 68.57094487, 28.15891265, 0.0 ] ] } },
{ "type": "Feature", "properties": { "name": "Raj Wah", "descriptio": "Unknown Line Type<BR><BR><B>NAME</B> = Gharghagi Distry<BR><BR><B>TYPE</B> = Distry<BR><BR><B>NAME</B> = Raj Wah<BR><B>LAYER</B> = Unknown Line Type<BR><BR><B>NAME</B> = Raj Wah<BR><BR><B>TYPE</B> = Wah<BR><B>GM_TYPE</B> = Unknown Line Type" }, "geometry": { "type": "LineString", "coordinates": [ [ 68.4946768, 28.26914803, 0.0 ], [ 68.48634844, 28.27012479, 0.0 ], [ 68.46481265, 28.26904976, 0.0 ], [ 68.4627365, 28.2683578, 0.0 ], [ 68.46062718, 28.26929782, 0.0 ], [ 68.45834164, 28.27116054, 0.0 ], [ 68.45571352, 28.27257431, 0.0 ], [ 68.44982197, 28.2749201, 0.0 ], [ 68.44617932, 28.27683824, 0.0 ], [ 68.4384726, 28.282056, 0.0 ], [ 68.41617747, 28.28503972, 0.0 ] ] } },
{ "type": "Feature", "properties": { "name": "Khahi Wah", "descriptio": "Unknown Line Type<BR><BR><B>NAME</B> = Gharghagi Distry<BR><BR><B>TYPE</B> = Distry<BR><BR><B>NAME</B> = Khahi Wah<BR><B>LAYER</B> = Unknown Line Type<BR><BR><B>NAME</B> = Khahi Wah<BR><BR><B>TYPE</B> = Wah<BR><B>GM_TYPE</B> = Unknown Line Type" }, "geometry": { "type": "LineString", "coordinates": [ [ 69.35290061, 28.28658071, 0.0 ], [ 69.35397462, 28.28501453, 0.0 ], [ 69.3540339, 28.28308258, 0.0 ], [ 69.34953058, 28.26892664, 0.0 ], [ 69.34821483, 28.26618684, 0.0 ], [ 69.30918923, 28.23708728, 0.0 ], [ 69.30618817, 28.23573377, 0.0 ], [ 69.27851941, 28.21579645, 0.0 ], [ 69.27663283, 28.21551888, 0.0 ], [ 69.2664935, 28.21617491, 0.0 ], [ 69.26475545, 28.21597197, 0.0 ], [ 69.25297056, 28.20412035, 0.0 ], [ 69.250085, 28.20238128, 0.0 ], [ 69.24644915, 28.20112146, 0.0 ], [ 69.21170262, 28.19413765, 0.0 ], [ 69.1849368, 28.19038242, 0.0 ] ] } },
{ "type": "Feature", "properties": { "name": "Bhayo Wah", "descriptio": "Unknown Line Type<BR><BR><B>NAME</B> = Gharghagi Distry<BR><BR><B>TYPE</B> = Distry<BR><BR><B>NAME</B> = Bhayo Wah<BR><B>LAYER</B> = Unknown Line Type<BR><BR><B>NAME</B> = Bhayo Wah<BR><BR><B>TYPE</B> = Wah<BR><B>GM_TYPE</B> = Unknown Line Type" }, "geometry": { "type": "LineString", "coordinates": [ [ 68.63864807, 27.92652816, 0.0 ], [ 68.6255046, 27.92650849, 0.0 ], [ 68.62267862, 27.92592829, 0.0 ], [ 68.62041914, 27.92651659, 0.0 ], [ 68.61873283, 27.9263798, 0.0 ], [ 68.61287601, 27.92704605, 0.0 ], [ 68.61215457, 27.92761651, 0.0 ], [ 68.60516689, 27.92870037, 0.0 ], [ 68.59985223, 27.93029237, 0.0 ], [ 68.58108928, 27.93145239, 0.0 ], [ 68.57970599, 27.9318397, 0.0 ], [ 68.57863376, 27.93234311, 0.0 ], [ 68.57648599, 27.93417301, 0.0 ], [ 68.57525639, 27.93841225, 0.0 ], [ 68.5743347, 27.94011259, 0.0 ], [ 68.57359571, 27.94053251, 0.0 ], [ 68.57354611, 27.94103895, 0.0 ], [ 68.5682558, 27.94347123, 0.0 ], [ 68.56077609, 27.94983574, 0.0 ], [ 68.55975121, 27.95465878, 0.0 ], [ 68.55843692, 27.95621154, 0.0 ] ] } },
{ "type": "Feature", "properties": { "name": "Rajib Wah", "descriptio": "Unknown Line Type<BR><BR><B>NAME</B> = Gharghagi Distry<BR><BR><B>TYPE</B> = Distry<BR><BR><B>NAME</B> = Rajib Wah<BR><B>LAYER</B> = Unknown Line Type<BR><BR><B>NAME</B> = Rajib Wah<BR><BR><B>TYPE</B> = Wah<BR><B>GM_TYPE</B> = Unknown Line Type" }, "geometry": { "type": "LineString", "coordinates": [ [ 68.84145205, 27.85441652, 0.0 ], [ 68.83828984, 27.8541613, 0.0 ], [ 68.83583836, 27.85218784, 0.0 ], [ 68.83173284, 27.85151211, 0.0 ], [ 68.82348133, 27.84617722, 0.0 ], [ 68.8197103, 27.8431956, 0.0 ], [ 68.81683352, 27.84185024, 0.0 ], [ 68.81521341, 27.84156639, 0.0 ], [ 68.81087604, 27.8421405, 0.0 ], [ 68.80668528, 27.84426447, 0.0 ], [ 68.80376258, 27.8445934, 0.0 ], [ 68.80009861, 27.84625328, 0.0 ], [ 68.79442915, 27.85144948, 0.0 ], [ 68.79184087, 27.85555948, 0.0 ], [ 68.79012561, 27.85746381, 0.0 ], [ 68.78838082, 27.85867572, 0.0 ], [ 68.78815418, 27.86030937, 0.0 ], [ 68.78778927, 27.86081813, 0.0 ], [ 68.78687331, 27.86111059, 0.0 ], [ 68.78470076, 27.86108763, 0.0 ], [ 68.78272838, 27.86023234, 0.0 ], [ 68.77884135, 27.85934084, 0.0 ], [ 68.77651221, 27.86042431, 0.0 ], [ 68.77416283, 27.86090065, 0.0 ], [ 68.77226355, 27.86206309, 0.0 ], [ 68.77044409, 27.86232588, 0.0 ], [ 68.76750894, 27.86161877, 0.0 ], [ 68.76588953, 27.86077359, 0.0 ], [ 68.76403348, 27.85813702, 0.0 ], [ 68.76262478, 27.85680252, 0.0 ], [ 68.75775242, 27.85591252, 0.0 ], [ 68.75407912, 27.85666661, 0.0 ], [ 68.74494765, 27.85737848, 0.0 ], [ 68.73925422, 27.85858241, 0.0 ], [ 68.73705869, 27.85922746, 0.0 ], [ 68.73440774, 27.86093652, 0.0 ], [ 68.7295568, 27.86028059, 0.0 ], [ 68.7257239, 27.86035398, 0.0 ], [ 68.72199781, 27.85890388, 0.0 ], [ 68.72089567, 27.85880571, 0.0 ], [ 68.71764183, 27.85693666, 0.0 ], [ 68.71312452, 27.85516076, 0.0 ], [ 68.70608561, 27.85614589, 0.0 ] ] } },
{ "type": "Feature", "properties": { "name": "Garang Wah", "descriptio": "Unknown Line Type<BR><BR><B>NAME</B> = Gharghagi Distry<BR><BR><B>TYPE</B> = Distry<BR><BR><B>NAME</B> = Garang Wah<BR><B>LAYER</B> = Unknown Line Type<BR><BR><B>NAME</B> = Garang Wah<BR><BR><B>TYPE</B> = Wah<BR><B>GM_TYPE</B> = Unknown Line Type" }, "geometry": { "type": "LineString", "coordinates": [ [ 68.83227982, 27.78208049, 0.0 ], [ 68.82924213, 27.77917392, 0.0 ], [ 68.82844013, 27.77706542, 0.0 ], [ 68.82647534, 27.77479633, 0.0 ], [ 68.82523633, 27.76628521, 0.0 ], [ 68.82464063, 27.76489332, 0.0 ], [ 68.82482534, 27.76127504, 0.0 ], [ 68.82415662, 27.75988243, 0.0 ], [ 68.82407011, 27.75805316, 0.0 ], [ 68.824749, 27.75308335, 0.0 ], [ 68.82309962, 27.74970129, 0.0 ], [ 68.82095543, 27.7480682, 0.0 ], [ 68.81831913, 27.74659348, 0.0 ], [ 68.81689082, 27.74488166, 0.0 ], [ 68.81470043, 27.74420281, 0.0 ], [ 68.81043857, 27.74389205, 0.0 ], [ 68.80762399, 27.74221813, 0.0 ], [ 68.80347268, 27.73779833, 0.0 ], [ 68.8025403, 27.73405916, 0.0 ], [ 68.79945932, 27.73150973, 0.0 ] ] } },
{ "type": "Feature", "properties": { "name": "Chutta Begari Wah", "descriptio": "Unknown Line Type<BR><BR><B>NAME</B> = Gharghagi Distry<BR><BR><B>TYPE</B> = Distry<BR><BR><B>NAME</B> = Chutta Begari Wah<BR><B>LAYER</B> = Unknown Line Type<BR><BR><B>NAME</B> = Chutta Begari Wah<BR><BR><B>TYPE</B> = Wah<BR><B>GM_TYPE</B> = Unknown Lin" }, "geometry": { "type": "LineString", "coordinates": [ [ 68.68935881, 27.94825143, 0.0 ], [ 68.67476335, 27.94207284, 0.0 ], [ 68.67077906, 27.9420186, 0.0 ], [ 68.66921463, 27.94232822, 0.0 ], [ 68.66563563, 27.94169294, 0.0 ], [ 68.66200441, 27.9416393, 0.0 ], [ 68.65943204, 27.94167773, 0.0 ], [ 68.65887626, 27.94198963, 0.0 ], [ 68.64945109, 27.94186018, 0.0 ], [ 68.64063987, 27.94078329, 0.0 ], [ 68.63179555, 27.94558844, 0.0 ], [ 68.63031499, 27.94586191, 0.0 ], [ 68.62914828, 27.94578485, 0.0 ], [ 68.62736626, 27.94513689, 0.0 ], [ 68.62484378, 27.94538889, 0.0 ], [ 68.61784472, 27.94455591, 0.0 ], [ 68.60787498, 27.94208163, 0.0 ], [ 68.60181522, 27.94108543, 0.0 ], [ 68.59945039, 27.94028379, 0.0 ], [ 68.59597505, 27.94019286, 0.0 ], [ 68.59302698, 27.94114051, 0.0 ], [ 68.58981523, 27.94135905, 0.0 ], [ 68.58537043, 27.94073959, 0.0 ], [ 68.58372705, 27.93972054, 0.0 ], [ 68.58272562, 27.93965018, 0.0 ], [ 68.58199465, 27.94028109, 0.0 ] ] } },
{ "type": "Feature", "properties": { "name": "Mirzan Wah", "descriptio": "Unknown Line Type<BR><BR><B>NAME</B> = Gharghagi Distry<BR><BR><B>TYPE</B> = Distry<BR><BR><B>NAME</B> = Mirzan Wah<BR><B>LAYER</B> = Unknown Line Type<BR><BR><B>NAME</B> = Mirzan Wah<BR><BR><B>TYPE</B> = Wah<BR><B>GM_TYPE</B> = Unknown Line Type" }, "geometry": { "type": "LineString", "coordinates": [ [ 68.90279641, 27.98533133, 0.0 ], [ 68.89986857, 27.98768515, 0.0 ], [ 68.89576936, 27.98821966, 0.0 ], [ 68.8939324, 27.98796618, 0.0 ], [ 68.8912798, 27.98544807, 0.0 ], [ 68.89130719, 27.98389274, 0.0 ], [ 68.89177244, 27.98260075, 0.0 ], [ 68.89053503, 27.98035991, 0.0 ], [ 68.89032768, 27.97811186, 0.0 ], [ 68.88955444, 27.97687006, 0.0 ], [ 68.88565926, 27.97644629, 0.0 ], [ 68.88538239, 27.97597412, 0.0 ], [ 68.88533792, 27.97426095, 0.0 ], [ 68.88264288, 27.97279385, 0.0 ], [ 68.88023888, 27.97242904, 0.0 ], [ 68.87626964, 27.97249421, 0.0 ], [ 68.87247783, 27.97504108, 0.0 ], [ 68.86460161, 27.97825709, 0.0 ], [ 68.85885551, 27.9792036, 0.0 ], [ 68.854219, 27.97883025, 0.0 ], [ 68.85084166, 27.97937565, 0.0 ], [ 68.84666523, 27.98096496, 0.0 ], [ 68.84502671, 27.98219825, 0.0 ], [ 68.84190695, 27.98276647, 0.0 ], [ 68.83567377, 27.98579506, 0.0 ], [ 68.83086299, 27.98675351, 0.0 ], [ 68.82848309, 27.98570424, 0.0 ], [ 68.82372554, 27.98704987, 0.0 ], [ 68.82218218, 27.98705303, 0.0 ], [ 68.8210892, 27.98777699, 0.0 ], [ 68.81741698, 27.9887313, 0.0 ], [ 68.81573872, 27.98989343, 0.0 ], [ 68.81239346, 27.98951697, 0.0 ], [ 68.80831107, 27.99050613, 0.0 ], [ 68.80546694, 27.99056369, 0.0 ], [ 68.80227412, 27.99167486, 0.0 ], [ 68.80077586, 27.99224717, 0.0 ], [ 68.7994213, 27.99328123, 0.0 ], [ 68.79501968, 27.99496096, 0.0 ], [ 68.79531662, 27.99687461, 0.0 ], [ 68.79511235, 28.00098738, 0.0 ], [ 68.79348369, 28.00261051, 0.0 ], [ 68.79159694, 28.00369505, 0.0 ], [ 68.78764853, 28.00437864, 0.0 ], [ 68.78292094, 28.00685676, 0.0 ], [ 68.77890543, 28.00844552, 0.0 ], [ 68.7769032, 28.00969194, 0.0 ], [ 68.77304661, 28.01091796, 0.0 ] ] } },
{ "type": "Feature", "properties": { "name": "Rais Wah", "descriptio": "Unknown Line Type<BR><BR><B>NAME</B> = Gharghagi Distry<BR><BR><B>TYPE</B> = Distry<BR><BR><B>NAME</B> = Rais Wah<BR><B>LAYER</B> = Unknown Line Type<BR><BR><B>NAME</B> = Rais Wah<BR><BR><B>TYPE</B> = Wah<BR><B>GM_TYPE</B> = Unknown Line Type" }, "geometry": { "type": "LineString", "coordinates": [ [ 68.52974731, 27.96539808, 0.0 ], [ 68.54312553, 27.96885635, 0.0 ], [ 68.57467759, 27.97895443, 0.0 ], [ 68.57850799, 27.98057616, 0.0 ], [ 68.58208076, 27.97980005, 0.0 ], [ 68.58799445, 27.98259454, 0.0 ], [ 68.58946737, 27.98290472, 0.0 ], [ 68.59647542, 27.98131498, 0.0 ], [ 68.59914831, 27.98174076, 0.0 ], [ 68.60046091, 27.98239801, 0.0 ], [ 68.60689934, 27.98393192, 0.0 ], [ 68.61167566, 27.98415515, 0.0 ], [ 68.61549078, 27.98504701, 0.0 ], [ 68.62554434, 27.9841825, 0.0 ], [ 68.62961399, 27.98526961, 0.0 ], [ 68.63181878, 27.98683737, 0.0 ], [ 68.63642802, 27.98682797, 0.0 ], [ 68.64027795, 27.98783314, 0.0 ], [ 68.6405955, 27.98768262, 0.0 ], [ 68.64163079, 27.98435405, 0.0 ], [ 68.64306671, 27.97782494, 0.0 ], [ 68.64377423, 27.97771865, 0.0 ], [ 68.647474, 27.97982649, 0.0 ], [ 68.64786499, 27.97956793, 0.0 ], [ 68.65164833, 27.96301486, 0.0 ], [ 68.65969503, 27.95906967, 0.0 ], [ 68.66349497, 27.95810806, 0.0 ], [ 68.66897597, 27.9553945, 0.0 ], [ 68.67235455, 27.95495628, 0.0 ], [ 68.67848716, 27.95482507, 0.0 ], [ 68.68087708, 27.95544571, 0.0 ], [ 68.68271411, 27.95548073, 0.0 ], [ 68.68724003, 27.95469144, 0.0 ], [ 68.68916637, 27.95380391, 0.0 ], [ 68.6910873, 27.95457558, 0.0 ] ] } },
{ "type": "Feature", "properties": { "name": "Jaro Wah", "descriptio": "Unknown Line Type<BR><BR><B>NAME</B> = Gharghagi Distry<BR><BR><B>TYPE</B> = Distry<BR><BR><B>NAME</B> = Jaro Wah<BR><B>LAYER</B> = Unknown Line Type<BR><BR><B>NAME</B> = Jaro Wah<BR><BR><B>TYPE</B> = Wah<BR><B>GM_TYPE</B> = Unknown Line Type" }, "geometry": { "type": "LineString", "coordinates": [ [ 68.69019631, 27.91089253, 0.0 ], [ 68.68613906, 27.90645959, 0.0 ], [ 68.6836517, 27.90054779, 0.0 ], [ 68.68276945, 27.89714685, 0.0 ], [ 68.68330002, 27.87596785, 0.0 ], [ 68.68247238, 27.87355721, 0.0 ], [ 68.67894183, 27.86700037, 0.0 ], [ 68.67657921, 27.86342804, 0.0 ], [ 68.67390016, 27.86108249, 0.0 ], [ 68.67173763, 27.85816219, 0.0 ], [ 68.67151231, 27.85505804, 0.0 ], [ 68.66819098, 27.84967672, 0.0 ], [ 68.66657757, 27.84811222, 0.0 ] ] } },
{ "type": "Feature", "properties": { "name": "Mir Wah", "descriptio": "Unknown Line Type<BR><BR><B>NAME</B> = Gharghagi Distry<BR><BR><B>TYPE</B> = Distry<BR><BR><B>NAME</B> = Mir Wah<BR><B>LAYER</B> = Unknown Line Type<BR><BR><B>NAME</B> = Mir Wah<BR><BR><B>TYPE</B> = Wah<BR><B>GM_TYPE</B> = Unknown Line Type" }, "geometry": { "type": "LineString", "coordinates": [ [ 68.3873842, 27.83502624, 0.0 ], [ 68.38824101, 27.83516975, 0.0 ], [ 68.3898637, 27.83637045, 0.0 ], [ 68.39234717, 27.83702898, 0.0 ], [ 68.39469043, 27.83807611, 0.0 ], [ 68.4028623, 27.8397935, 0.0 ], [ 68.40759791, 27.84161429, 0.0 ], [ 68.41302395, 27.84163161, 0.0 ], [ 68.41778821, 27.84298042, 0.0 ], [ 68.42119474, 27.84351705, 0.0 ], [ 68.42543755, 27.84364309, 0.0 ], [ 68.42679294, 27.84403718, 0.0 ], [ 68.42792676, 27.84374359, 0.0 ], [ 68.43006521, 27.84414459, 0.0 ], [ 68.43437388, 27.8463675, 0.0 ], [ 68.43849297, 27.84746548, 0.0 ], [ 68.44045299, 27.84765359, 0.0 ], [ 68.44431128, 27.84688839, 0.0 ], [ 68.45047478, 27.84487098, 0.0 ], [ 68.46477756, 27.84571114, 0.0 ], [ 68.46630365, 27.8456555, 0.0 ], [ 68.47144156, 27.84447399, 0.0 ], [ 68.47379926, 27.84454464, 0.0 ], [ 68.47678828, 27.8431391, 0.0 ], [ 68.47779841, 27.84218803, 0.0 ], [ 68.48111427, 27.84130187, 0.0 ], [ 68.48531818, 27.83959276, 0.0 ], [ 68.48635896, 27.83947335, 0.0 ], [ 68.49045791, 27.83791766, 0.0 ], [ 68.49184952, 27.83693712, 0.0 ], [ 68.49540929, 27.83614059, 0.0 ], [ 68.49665754, 27.83614515, 0.0 ], [ 68.49831621, 27.83738326, 0.0 ], [ 68.49966861, 27.83735739, 0.0 ], [ 68.50374964, 27.83968228, 0.0 ], [ 68.50669373, 27.84043203, 0.0 ], [ 68.50790221, 27.84157608, 0.0 ], [ 68.50925218, 27.84210445, 0.0 ], [ 68.51083994, 27.84374262, 0.0 ], [ 68.51300472, 27.84484389, 0.0 ], [ 68.51362569, 27.84555458, 0.0 ], [ 68.5158774, 27.84608607, 0.0 ], [ 68.51815876, 27.84775736, 0.0 ], [ 68.52370065, 27.84925515, 0.0 ], [ 68.524669, 27.84987448, 0.0 ], [ 68.52511632, 27.85067694, 0.0 ], [ 68.527435, 27.85179377, 0.0 ], [ 68.52816346, 27.85173462, 0.0 ], [ 68.53334314, 27.85491395, 0.0 ], [ 68.5367713, 27.8561268, 0.0 ], [ 68.53953924, 27.85767617, 0.0 ], [ 68.5409947, 27.8579582, 0.0 ], [ 68.54261901, 27.85931895, 0.0 ], [ 68.5435207, 27.85932193, 0.0 ], [ 68.54550051, 27.85861997, 0.0 ], [ 68.54921138, 27.85863215, 0.0 ], [ 68.55156287, 27.86030312, 0.0 ] ] } },
{ "type": "Feature", "properties": { "name": "Mungur Wah", "descriptio": "Unknown Line Type<BR><BR><B>NAME</B> = Gharghagi Distry<BR><BR><B>TYPE</B> = Distry<BR><BR><B>NAME</B> = Mungur Wah<BR><B>LAYER</B> = Unknown Line Type<BR><BR><B>NAME</B> = Mungur Wah<BR><BR><B>TYPE</B> = Wah<BR><B>GM_TYPE</B> = Unknown Line Type" }, "geometry": { "type": "LineString", "coordinates": [ [ 68.59288085, 27.89671453, 0.0 ], [ 68.58776165, 27.89611256, 0.0 ], [ 68.58429069, 27.89652128, 0.0 ], [ 68.58180997, 27.89718428, 0.0 ], [ 68.57810464, 27.89715205, 0.0 ], [ 68.57061819, 27.89442499, 0.0 ], [ 68.56755162, 27.89403823, 0.0 ], [ 68.56158357, 27.8961391, 0.0 ], [ 68.55861106, 27.89581525, 0.0 ], [ 68.55644292, 27.89505395, 0.0 ], [ 68.55436408, 27.8955292, 0.0 ], [ 68.5467519, 27.89558462, 0.0 ], [ 68.540175, 27.89600363, 0.0 ], [ 68.53915872, 27.89633553, 0.0 ], [ 68.53455754, 27.89608956, 0.0 ], [ 68.52864579, 27.8932826, 0.0 ], [ 68.52069227, 27.89031487, 0.0 ], [ 68.51395492, 27.88559166, 0.0 ], [ 68.50966963, 27.88343926, 0.0 ], [ 68.50714996, 27.88109251, 0.0 ], [ 68.50335827, 27.87942355, 0.0 ], [ 68.50160786, 27.87813048, 0.0 ], [ 68.49998311, 27.87739119, 0.0 ], [ 68.49871068, 27.87698846, 0.0 ], [ 68.49185833, 27.87637908, 0.0 ], [ 68.48921823, 27.87580361, 0.0 ], [ 68.4875181, 27.87604875, 0.0 ], [ 68.47944931, 27.87453258, 0.0 ], [ 68.47214785, 27.87395329, 0.0 ], [ 68.47011825, 27.87402935, 0.0 ], [ 68.46683201, 27.8753158, 0.0 ], [ 68.46334926, 27.87745088, 0.0 ], [ 68.4624245, 27.87759448, 0.0 ], [ 68.45636286, 27.87675021, 0.0 ], [ 68.45146231, 27.87732242, 0.0 ], [ 68.44702376, 27.87884063, 0.0 ], [ 68.44510402, 27.87893816, 0.0 ], [ 68.44289256, 27.88046518, 0.0 ], [ 68.44110414, 27.88266717, 0.0 ], [ 68.43755027, 27.8849356, 0.0 ], [ 68.43035717, 27.88728966, 0.0 ] ] } }
]
}
