{
"type": "FeatureCollection",
"name": "cities",
"crs": { "type": "name", "properties": { "name": "urn:ogc:def:crs:OGC:1.3:CRS84" } },
"features": [
{ "type": "Feature", "properties": { "name": "Quetta", "pop": 1565546, "area_km2": 154.4 }, "geometry": { "type": "MultiPolygon", "coordinates": [ [ [ [ 66.9501632, 30.233788 ], [ 66.9510859, 30.2351737 ], [ 66.9527784, 30.2359848 ], [ 66.9538218, 30.2349744 ], [ 66.9588154, 30.2398057 ], [ 66.9589656, 30.2402859 ], [ 66.9580538, 30.2412282 ], [ 66.9579751, 30.2433284 ], [ 66.9585117, 30.2446603 ], [ 66.956445, 30.2466818 ], [ 66.9568742, 30.2476051 ], [ 66.9566089, 30.2482522 ], [ 66.9550434, 30.2492454 ], [ 66.956694, 30.2507382 ], [ 66.9581111, 30.2505536 ], [ 66.959818, 30.2491505 ], [ 66.9605798, 30.2507197 ], [ 66.9603913, 30.2515884 ], [ 66.958593, 30.2519864 ], [ 66.9582552, 30.2514807 ], [ 66.9565538, 30.2524548 ], [ 66.9544058, 30.2509963 ], [ 66.9521989, 30.2502969 ], [ 66.9513273, 30.2517437 ], [ 66.9501996, 30.2513578 ], [ 66.9475716, 30.2523404 ], [ 66.9465396, 30.2548923 ], [ 66.9471163, 30.2553348 ], [ 66.9470358, 30.2581266 ], [ 66.9441497, 30.2570887 ], [ 66.9426021, 30.2577744 ], [ 66.9446248, 30.2586646 ], [ 66.9449161, 30.2591804 ], [ 66.9439464, 30.259896 ], [ 66.945781, 30.2611486 ], [ 66.9472047, 30.2644695 ], [ 66.9454517, 30.2651027 ], [ 66.9447909, 30.2635991 ], [ 66.9438997, 30.2641353 ], [ 66.9435159, 30.2632433 ], [ 66.9416387, 30.265846 ], [ 66.9385835, 30.2668551 ], [ 66.9363571, 30.2661652 ], [ 66.9355198, 30.2669585 ], [ 66.9365224, 30.2692567 ], [ 66.9345394, 30.2703301 ], [ 66.9354098, 30.2724142 ], [ 66.9381981, 30.2737558 ], [ 66.9399027, 30.2737348 ], [ 66.9417352, 30.2725104 ], [ 66.9443915, 30.2722775 ], [ 66.9445108, 30.2743186 ], [ 66.943958, 30.2747966 ], [ 66.93986, 30.273933 ], [ 66.9395836, 30.2755937 ], [ 66.9376748, 30.2764044 ], [ 66.9377592, 30.2770822 ], [ 66.9426962, 30.2766066 ], [ 66.9428067, 30.27738 ], [ 66.9440556, 30.2785465 ], [ 66.9462347, 30.2790732 ], [ 66.9464705, 30.2780217 ], [ 66.9471657, 30.2776592 ], [ 66.9486902, 30.2774656 ], [ 66.9485714, 30.2782214 ], [ 66.9517833, 30.2785214 ], [ 66.9522482, 30.277696 ], [ 66.953375, 30.2774799 ], [ 66.9534831, 30.2783971 ], [ 66.9544804, 30.2784063 ], [ 66.9544423, 30.2789866 ], [ 66.9553503, 30.2790521 ], [ 66.9553319, 30.2807091 ], [ 66.9561691, 30.2807138 ], [ 66.9568316, 30.2819238 ], [ 66.9587077, 30.2816862 ], [ 66.9585237, 30.2810057 ], [ 66.9593911, 30.2805812 ], [ 66.9594671, 30.2797791 ], [ 66.9583017, 30.27935 ], [ 66.9582292, 30.2767698 ], [ 66.9566257, 30.2768203 ], [ 66.9555313, 30.2737277 ], [ 66.9584153, 30.2740072 ], [ 66.9605241, 30.2731779 ], [ 66.9618061, 30.2733812 ], [ 66.962561, 30.2739744 ], [ 66.9651842, 30.2746019 ], [ 66.965205, 30.2750919 ], [ 66.9665962, 30.2758471 ], [ 66.9668587, 30.2751652 ], [ 66.9679005, 30.274754 ], [ 66.9740644, 30.2748574 ], [ 66.9768861, 30.2717772 ], [ 66.9763943, 30.2714731 ], [ 66.9733174, 30.2717757 ], [ 66.9625352, 30.2685566 ], [ 66.9621573, 30.2675637 ], [ 66.9691863, 30.2647395 ], [ 66.9706672, 30.2667091 ], [ 66.9741871, 30.2665837 ], [ 66.9747229, 30.2663192 ], [ 66.973885, 30.2656392 ], [ 66.9747345, 30.2652711 ], [ 66.9741042, 30.2634564 ], [ 66.9786783, 30.2623449 ], [ 66.9789009, 30.2643357 ], [ 66.9802456, 30.2642337 ], [ 66.980021, 30.2631415 ], [ 66.9807218, 30.2630589 ], [ 66.9804831, 30.2614027 ], [ 66.9811968, 30.2612766 ], [ 66.9814159, 30.2620456 ], [ 66.9830656, 30.2621511 ], [ 66.9843907, 30.2593753 ], [ 66.9835418, 30.2581439 ], [ 66.9829701, 30.2580599 ], [ 66.9833087, 30.2564426 ], [ 66.9853158, 30.2550531 ], [ 66.9855672, 30.2535984 ], [ 66.9863117, 30.2528258 ], [ 66.9858971, 30.250011 ], [ 66.9867621, 30.2494139 ], [ 66.9887771, 30.2492847 ], [ 66.9896641, 30.2498391 ], [ 66.9880505, 30.2509756 ], [ 66.9884897, 30.251373 ], [ 66.9872757, 30.2520801 ], [ 66.988146, 30.252958 ], [ 66.9891676, 30.2532009 ], [ 66.9906984, 30.252405 ], [ 66.9903612, 30.251359 ], [ 66.9941208, 30.2497127 ], [ 66.9989382, 30.2573859 ], [ 67.012199, 30.2548281 ], [ 67.0123063, 30.2573303 ], [ 67.019559, 30.2578307 ], [ 67.0207821, 30.2637801 ], [ 67.023872, 30.2644658 ], [ 67.0332919, 30.2621862 ], [ 67.0309959, 30.2522703 ], [ 67.0348798, 30.2503055 ], [ 67.0330773, 30.2471914 ], [ 67.0298328, 30.2484588 ], [ 67.0284806, 30.2431149 ], [ 67.0267279, 30.241976 ], [ 67.0232297, 30.2334324 ], [ 67.0235187, 30.232721 ], [ 67.0320982, 30.2296754 ], [ 67.0317432, 30.2260641 ], [ 67.0353527, 30.2238701 ], [ 67.0386509, 30.2245268 ], [ 67.0465565, 30.2120718 ], [ 67.0514832, 30.212082 ], [ 67.0527792, 30.2100691 ], [ 67.0550038, 30.2029163 ], [ 67.0527368, 30.2004759 ], [ 67.051099, 30.1994988 ], [ 67.0463316, 30.1978703 ], [ 67.0453831, 30.1952298 ], [ 67.0420453, 30.1935558 ], [ 67.036017, 30.19318 ], [ 67.0342789, 30.1905649 ], [ 67.0240007, 30.1860393 ], [ 67.0228849, 30.1859465 ], [ 67.0262109, 30.1797142 ], [ 67.025653, 30.1758374 ], [ 67.0257817, 30.1729435 ], [ 67.0250736, 30.1697528 ], [ 67.0264254, 30.1694189 ], [ 67.0270692, 30.1675081 ], [ 67.0260821, 30.1659869 ], [ 67.0267688, 30.1639276 ], [ 67.0280562, 30.162833 ], [ 67.0365964, 30.1634267 ], [ 67.0394288, 30.1616828 ], [ 67.0447717, 30.1619425 ], [ 67.0461021, 30.1599388 ], [ 67.0444713, 30.1581577 ], [ 67.0396219, 30.1582876 ], [ 67.0391498, 30.157564 ], [ 67.0354591, 30.157731 ], [ 67.0331631, 30.1569147 ], [ 67.0340429, 30.1547439 ], [ 67.0331417, 30.1524988 ], [ 67.0344506, 30.1498084 ], [ 67.0312963, 30.1461531 ], [ 67.0258675, 30.1464685 ], [ 67.0221124, 30.1431842 ], [ 67.0144306, 30.1301013 ], [ 67.008165, 30.1334418 ], [ 67.0059119, 30.131122 ], [ 67.0141516, 30.1250533 ], [ 67.0206962, 30.1193739 ], [ 67.0200463, 30.1163571 ], [ 67.0182007, 30.1142645 ], [ 67.0191033, 30.1138886 ], [ 67.0187, 30.1121118 ], [ 67.0151647, 30.1134179 ], [ 67.0149745, 30.1125377 ], [ 67.0169772, 30.1114364 ], [ 67.0163732, 30.1093865 ], [ 67.0170261, 30.1088901 ], [ 67.0161491, 30.1068271 ], [ 67.0088363, 30.1112259 ], [ 67.0096455, 30.1120794 ], [ 67.0057959, 30.1138437 ], [ 67.0049699, 30.1123336 ], [ 67.0014996, 30.1134072 ], [ 67.0007239, 30.1117777 ], [ 66.9978643, 30.113059 ], [ 66.996532, 30.1095497 ], [ 66.9993622, 30.1089627 ], [ 66.9995577, 30.1097806 ], [ 67.0031518, 30.1088259 ], [ 67.0025854, 30.1074527 ], [ 67.004315, 30.1071923 ], [ 67.0042041, 30.1065416 ], [ 67.0076124, 30.105752 ], [ 67.0068285, 30.1036409 ], [ 67.0113964, 30.1026557 ], [ 67.010363, 30.1008126 ], [ 67.0085616, 30.1014668 ], [ 67.0079048, 30.10019 ], [ 67.009479, 30.0988059 ], [ 67.0090303, 30.0982124 ], [ 67.0094726, 30.0977328 ], [ 67.0089783, 30.0969865 ], [ 67.0083571, 30.0971902 ], [ 67.0078838, 30.0961383 ], [ 67.0053543, 30.0959782 ], [ 67.0008046, 30.0970659 ], [ 67.0002373, 30.0948521 ], [ 67.0015473, 30.0946598 ], [ 67.0019584, 30.0938601 ], [ 67.0044731, 30.0929397 ], [ 67.0042721, 30.0917238 ], [ 67.0018376, 30.0918212 ], [ 67.0013219, 30.091398 ], [ 67.000773, 30.0840871 ], [ 67.0067069, 30.082888 ], [ 67.0075861, 30.0762091 ], [ 67.0071026, 30.0739181 ], [ 67.0032058, 30.07384 ], [ 67.0027289, 30.0724284 ], [ 66.9937843, 30.0716268 ], [ 66.9943123, 30.0680756 ], [ 66.9941651, 30.0642576 ], [ 66.9876746, 30.0651651 ], [ 66.9873525, 30.064585 ], [ 66.9869614, 30.0634823 ], [ 66.9930453, 30.0608603 ], [ 66.9926329, 30.0594267 ], [ 66.9886186, 30.0606459 ], [ 66.9864163, 30.0602232 ], [ 66.9879149, 30.0494555 ], [ 66.9901576, 30.0497236 ], [ 66.9911799, 30.0477621 ], [ 66.98443, 30.0468301 ], [ 66.9831745, 30.0483863 ], [ 66.9765472, 30.0474305 ], [ 66.969846, 30.0476756 ], [ 66.9698986, 30.049624 ], [ 66.9718038, 30.049526 ], [ 66.9718229, 30.0512538 ], [ 66.9695174, 30.0514008 ], [ 66.9696209, 30.0520625 ], [ 66.9710927, 30.0517317 ], [ 66.9711504, 30.0526875 ], [ 66.9719378, 30.0526017 ], [ 66.9718876, 30.0544152 ], [ 66.9707056, 30.0546603 ], [ 66.9705507, 30.0552362 ], [ 66.9711759, 30.0566453 ], [ 66.9709934, 30.0577358 ], [ 66.9721395, 30.0588631 ], [ 66.9724738, 30.0616812 ], [ 66.9715515, 30.0649526 ], [ 66.969797, 30.0664963 ], [ 66.969503, 30.069694 ], [ 66.9709769, 30.069547 ], [ 66.9704218, 30.0690998 ], [ 66.9702828, 30.067661 ], [ 66.9721493, 30.0673785 ], [ 66.9753537, 30.0653936 ], [ 66.9786005, 30.064683 ], [ 66.9771797, 30.0725807 ], [ 66.974503, 30.0728549 ], [ 66.9749904, 30.0737614 ], [ 66.9755419, 30.073835 ], [ 66.975707, 30.0755642 ], [ 66.9762709, 30.0756081 ], [ 66.9759866, 30.0775043 ], [ 66.9742278, 30.0766526 ], [ 66.9724452, 30.0765933 ], [ 66.9732526, 30.0802633 ], [ 66.9736705, 30.0812163 ], [ 66.9742051, 30.0810926 ], [ 66.9753059, 30.0844968 ], [ 66.974275, 30.0851833 ], [ 66.973333, 30.0829603 ], [ 66.9734768, 30.0821336 ], [ 66.9718669, 30.0814052 ], [ 66.9711611, 30.0831725 ], [ 66.9699446, 30.0830761 ], [ 66.9701292, 30.081313 ], [ 66.9695561, 30.0811786 ], [ 66.9706693, 30.0778867 ], [ 66.9682437, 30.0777496 ], [ 66.9675799, 30.0769346 ], [ 66.9655956, 30.0783998 ], [ 66.9671805, 30.0800524 ], [ 66.9670342, 30.0813078 ], [ 66.9679071, 30.0815956 ], [ 66.9667211, 30.0875705 ], [ 66.9685633, 30.091688 ], [ 66.9644849, 30.0930332 ], [ 66.964474, 30.0894421 ], [ 66.962171, 30.0883091 ], [ 66.9629279, 30.0855502 ], [ 66.9644881, 30.0834055 ], [ 66.9585869, 30.0777598 ], [ 66.9572424, 30.0771061 ], [ 66.956925, 30.0778137 ], [ 66.9550478, 30.0768582 ], [ 66.9550058, 30.0783202 ], [ 66.9544244, 30.0782915 ], [ 66.9541151, 30.0800552 ], [ 66.9553987, 30.0807269 ], [ 66.9542286, 30.0818064 ], [ 66.9559225, 30.0829442 ], [ 66.9563959, 30.0849678 ], [ 66.9556051, 30.0855755 ], [ 66.9531736, 30.0831639 ], [ 66.9540314, 30.0819419 ], [ 66.9528911, 30.0810561 ], [ 66.9516859, 30.0815992 ], [ 66.9511953, 30.0804322 ], [ 66.9491568, 30.0785555 ], [ 66.9494784, 30.0781995 ], [ 66.9486045, 30.0768897 ], [ 66.9467966, 30.0778672 ], [ 66.9455507, 30.0762365 ], [ 66.9472782, 30.0746982 ], [ 66.9445439, 30.0732063 ], [ 66.9426124, 30.0733079 ], [ 66.9396694, 30.0752108 ], [ 66.9393346, 30.074682 ], [ 66.9385321, 30.0745954 ], [ 66.9383923, 30.0732588 ], [ 66.9347931, 30.0753593 ], [ 66.9267447, 30.0752465 ], [ 66.9309006, 30.0786685 ], [ 66.9328371, 30.0796812 ], [ 66.9349378, 30.0781662 ], [ 66.9354105, 30.0819189 ], [ 66.9305308, 30.0829377 ], [ 66.9299781, 30.0837764 ], [ 66.9306141, 30.0879976 ], [ 66.9373132, 30.1135453 ], [ 66.9447896, 30.1154134 ], [ 66.9465998, 30.1145025 ], [ 66.9471951, 30.1122268 ], [ 66.9456538, 30.1121568 ], [ 66.9471387, 30.1073845 ], [ 66.9482045, 30.1074869 ], [ 66.9484011, 30.1057766 ], [ 66.9491345, 30.1060365 ], [ 66.9497593, 30.1053426 ], [ 66.949992, 30.1031328 ], [ 66.9543529, 30.1033793 ], [ 66.9539411, 30.1069063 ], [ 66.9543142, 30.1096394 ], [ 66.9552666, 30.1117378 ], [ 66.9550144, 30.1135095 ], [ 66.9484623, 30.1125209 ], [ 66.9482872, 30.1150645 ], [ 66.9517905, 30.1158843 ], [ 66.9522303, 30.1163907 ], [ 66.9551415, 30.1162279 ], [ 66.9551824, 30.1186259 ], [ 66.9568168, 30.1183188 ], [ 66.957151, 30.1187918 ], [ 66.955049, 30.1193544 ], [ 66.9552908, 30.121029 ], [ 66.9586109, 30.1199853 ], [ 66.9589446, 30.1214186 ], [ 66.9554222, 30.1224422 ], [ 66.956076, 30.1254319 ], [ 66.9601909, 30.1224806 ], [ 66.9642411, 30.1246635 ], [ 66.9670306, 30.1232159 ], [ 66.9675241, 30.1244779 ], [ 66.9652067, 30.125907 ], [ 66.9679318, 30.1299528 ], [ 66.9662581, 30.1315303 ], [ 66.9687901, 30.1378213 ], [ 66.9741031, 30.1388203 ], [ 66.9761299, 30.1420563 ], [ 66.9792063, 30.1405005 ], [ 66.9783168, 30.1380796 ], [ 66.9791895, 30.1376668 ], [ 66.9810698, 30.138286 ], [ 66.9817244, 30.1447266 ], [ 66.9802311, 30.1453402 ], [ 66.9806655, 30.1460483 ], [ 66.9795962, 30.1465766 ], [ 66.9799307, 30.147424 ], [ 66.9778584, 30.1484228 ], [ 66.9771706, 30.1474156 ], [ 66.9762936, 30.1478705 ], [ 66.9748198, 30.1471165 ], [ 66.9726546, 30.1486861 ], [ 66.9730125, 30.1491545 ], [ 66.9720302, 30.1516639 ], [ 66.9753347, 30.1563024 ], [ 66.9722234, 30.1590112 ], [ 66.9745212, 30.1642681 ], [ 66.9724654, 30.1643408 ], [ 66.9728307, 30.1650594 ], [ 66.9736365, 30.164771 ], [ 66.9740477, 30.1663612 ], [ 66.9717219, 30.167478 ], [ 66.9712001, 30.1656205 ], [ 66.9704241, 30.1653092 ], [ 66.9697998, 30.1656046 ], [ 66.9692915, 30.1651022 ], [ 66.9691531, 30.1646204 ], [ 66.9698465, 30.1642534 ], [ 66.9693544, 30.1634485 ], [ 66.9701049, 30.1627336 ], [ 66.9700907, 30.1620399 ], [ 66.9694673, 30.1613194 ], [ 66.9690015, 30.1615426 ], [ 66.9683646, 30.1603884 ], [ 66.9676189, 30.1606814 ], [ 66.9676032, 30.1614733 ], [ 66.9666171, 30.1619284 ], [ 66.9668899, 30.1626809 ], [ 66.965743, 30.1636353 ], [ 66.9664262, 30.1642247 ], [ 66.9682582, 30.1641632 ], [ 66.9685373, 30.1645947 ], [ 66.9670681, 30.1658463 ], [ 66.9658031, 30.165797 ], [ 66.9649775, 30.1644661 ], [ 66.9636652, 30.1652752 ], [ 66.963233, 30.1645548 ], [ 66.9593917, 30.1648923 ], [ 66.9593702, 30.1666362 ], [ 66.9544135, 30.1681945 ], [ 66.95392, 30.1675823 ], [ 66.9540487, 30.1657086 ], [ 66.9533406, 30.1633525 ], [ 66.9524179, 30.1634267 ], [ 66.9525467, 30.1626104 ], [ 66.9534694, 30.1625547 ], [ 66.953877, 30.1599017 ], [ 66.9486628, 30.1602357 ], [ 66.9489632, 30.1644471 ], [ 66.9501005, 30.1645027 ], [ 66.9483839, 30.1726467 ], [ 66.9487272, 30.1740751 ], [ 66.9506799, 30.1746873 ], [ 66.950957, 30.1768187 ], [ 66.9502982, 30.1779584 ], [ 66.9506749, 30.1810777 ], [ 66.950122, 30.1812352 ], [ 66.949607, 30.1867626 ], [ 66.9488989, 30.1881166 ], [ 66.9497143, 30.1893036 ], [ 66.9494782, 30.1912882 ], [ 66.9504224, 30.1940516 ], [ 66.9523106, 30.1944782 ], [ 66.9555078, 30.203547 ], [ 66.9550787, 30.2036397 ], [ 66.9547354, 30.2065512 ], [ 66.951624, 30.2069406 ], [ 66.9508944, 30.2052345 ], [ 66.9496499, 30.2048265 ], [ 66.9496499, 30.2007467 ], [ 66.9490705, 30.1984656 ], [ 66.9477616, 30.1988365 ], [ 66.9474827, 30.2005241 ], [ 66.9482337, 30.202527 ], [ 66.9472895, 30.2050305 ], [ 66.9485126, 30.2064028 ], [ 66.9486628, 30.2079234 ], [ 66.9455086, 30.2076082 ], [ 66.9454656, 30.2103897 ], [ 66.9443498, 30.2107977 ], [ 66.9401227, 30.2094255 ], [ 66.9382344, 30.2095923 ], [ 66.9357453, 30.2105381 ], [ 66.9355522, 30.2119103 ], [ 66.9361101, 30.2128745 ], [ 66.9406377, 30.2138016 ], [ 66.9475685, 30.2133566 ], [ 66.9497572, 30.2150811 ], [ 66.9516669, 30.2191603 ], [ 66.9540702, 30.2224422 ], [ 66.9517098, 30.2237771 ], [ 66.9468175, 30.2162307 ], [ 66.9453744, 30.2171255 ], [ 66.9450239, 30.2187589 ], [ 66.9462167, 30.2224792 ], [ 66.9480191, 30.2225905 ], [ 66.9499378, 30.2254347 ], [ 66.9493036, 30.227739 ], [ 66.9501632, 30.233788 ] ] ], [ [ [ 67.0300181, 30.1756426 ], [ 67.0298133, 30.177337 ], [ 67.0281679, 30.1781996 ], [ 67.0274055, 30.1779598 ], [ 67.0268334, 30.1789551 ], [ 67.0280497, 30.1810646 ], [ 67.0271428, 30.1821559 ], [ 67.0277036, 30.1837661 ], [ 67.0262328, 30.184395 ], [ 67.0261056, 30.1852166 ], [ 67.0254628, 30.1851942 ], [ 67.0251332, 30.1861856 ], [ 67.0307079, 30.1879929 ], [ 67.0318537, 30.1879773 ], [ 67.0318356, 30.1846864 ], [ 67.0354624, 30.1843432 ], [ 67.035796, 30.1821513 ], [ 67.0367638, 30.1805823 ], [ 67.0387159, 30.1802073 ], [ 67.0384735, 30.1793691 ], [ 67.0404128, 30.1789941 ], [ 67.0407573, 30.1784978 ], [ 67.0382694, 30.1776485 ], [ 67.0377973, 30.1772514 ], [ 67.0378611, 30.1765014 ], [ 67.0366873, 30.1760602 ], [ 67.0361514, 30.1750124 ], [ 67.0350286, 30.1751227 ], [ 67.0347096, 30.1755859 ], [ 67.0337655, 30.1747035 ], [ 67.0322855, 30.1755749 ], [ 67.0315199, 30.174527 ], [ 67.0305375, 30.1745712 ], [ 67.0296954, 30.1739755 ], [ 67.0289275, 30.1748871 ], [ 67.0300181, 30.1756426 ] ] ] ] } },
{ "type": "Feature", "properties": { "name": "Chaman", "pop": 130139, "area_km2": 39.38 }, "geometry": { "type": "Polygon", "coordinates": [ [ [ 66.4435006, 30.9358604 ], [ 66.4467937, 30.9333706 ], [ 66.4466961, 30.931892 ], [ 66.451721, 30.9315014 ], [ 66.4548108, 30.9301483 ], [ 66.4566809, 30.9316549 ], [ 66.4605837, 30.9310969 ], [ 66.4618196, 30.9324081 ], [ 66.4612993, 30.9325337 ], [ 66.4617871, 30.9335798 ], [ 66.4596893, 30.9344865 ], [ 66.4649257, 30.9400519 ], [ 66.4666494, 30.9470674 ], [ 66.4714792, 30.9465793 ], [ 66.4723248, 30.9460632 ], [ 66.4719183, 30.9453659 ], [ 66.4723899, 30.9451567 ], [ 66.4723248, 30.9446546 ], [ 66.4751219, 30.942939 ], [ 66.4755772, 30.9414188 ], [ 66.4736746, 30.9412235 ], [ 66.4733005, 30.9403448 ], [ 66.4720972, 30.9404982 ], [ 66.4718207, 30.9393824 ], [ 66.4726013, 30.9392568 ], [ 66.4726175, 30.9380991 ], [ 66.4707312, 30.9380433 ], [ 66.470471, 30.9372344 ], [ 66.4727639, 30.9363696 ], [ 66.4756097, 30.9360627 ], [ 66.4759675, 30.9353513 ], [ 66.4780002, 30.9356721 ], [ 66.4813339, 30.9345702 ], [ 66.4845212, 30.9343749 ], [ 66.4850904, 30.9350863 ], [ 66.4833829, 30.9353095 ], [ 66.4834642, 30.9356303 ], [ 66.4824722, 30.9358814 ], [ 66.4827215, 30.9365543 ], [ 66.4867378, 30.9366464 ], [ 66.4867592, 30.937125 ], [ 66.4874673, 30.9374378 ], [ 66.4903718, 30.9373004 ], [ 66.4909141, 30.9382095 ], [ 66.4925841, 30.9385184 ], [ 66.4925841, 30.9394018 ], [ 66.4942363, 30.9396778 ], [ 66.4943651, 30.9386472 ], [ 66.4983777, 30.9387576 ], [ 66.4984635, 30.9375061 ], [ 66.4978841, 30.9359785 ], [ 66.4998797, 30.9361625 ], [ 66.5001372, 30.9352055 ], [ 66.497455, 30.9349294 ], [ 66.4974979, 30.9342668 ], [ 66.4982704, 30.9341932 ], [ 66.498442, 30.9336042 ], [ 66.4998153, 30.9333833 ], [ 66.4997295, 30.9322422 ], [ 66.4983562, 30.9315611 ], [ 66.4982918, 30.9299414 ], [ 66.4995578, 30.9298126 ], [ 66.4998368, 30.9289843 ], [ 66.5029267, 30.9280639 ], [ 66.5026692, 30.9260024 ], [ 66.5041498, 30.9255238 ], [ 66.5039781, 30.9248611 ], [ 66.505566, 30.9242169 ], [ 66.5058664, 30.9231676 ], [ 66.5026477, 30.9223577 ], [ 66.502519, 30.9204801 ], [ 66.5021113, 30.9196885 ], [ 66.5006736, 30.9194676 ], [ 66.5001801, 30.9169825 ], [ 66.5053299, 30.91516 ], [ 66.5049223, 30.9134295 ], [ 66.5031842, 30.9137241 ], [ 66.5016821, 30.9128036 ], [ 66.4996437, 30.9131902 ], [ 66.4983562, 30.9098396 ], [ 66.4952878, 30.9108706 ], [ 66.494923, 30.9100789 ], [ 66.4967469, 30.9090295 ], [ 66.4960817, 30.9075199 ], [ 66.4940861, 30.9080538 ], [ 66.4928416, 30.9068755 ], [ 66.4903525, 30.9067466 ], [ 66.4881638, 30.9073174 ], [ 66.4881424, 30.9051265 ], [ 66.4869622, 30.9034879 ], [ 66.4819196, 30.9048503 ], [ 66.4802888, 30.9071701 ], [ 66.4797953, 30.907299 ], [ 66.4796237, 30.9062311 ], [ 66.4733151, 30.9068387 ], [ 66.4730147, 30.907704 ], [ 66.4681867, 30.9087534 ], [ 66.467779, 30.9074831 ], [ 66.4701823, 30.906268 ], [ 66.4654616, 30.903046 ], [ 66.4642814, 30.9024937 ], [ 66.4629296, 30.9028435 ], [ 66.4626292, 30.900542 ], [ 66.4632515, 30.8989586 ], [ 66.464732, 30.8984614 ], [ 66.4649037, 30.8980011 ], [ 66.4636591, 30.896344 ], [ 66.4625004, 30.8928087 ], [ 66.4635304, 30.8922563 ], [ 66.4655474, 30.8951287 ], [ 66.4682677, 30.8938233 ], [ 66.4688551, 30.8946384 ], [ 66.4700223, 30.8939081 ], [ 66.4705677, 30.8948587 ], [ 66.4730264, 30.8935672 ], [ 66.4672426, 30.8919432 ], [ 66.4675644, 30.89082 ], [ 66.4689807, 30.8906358 ], [ 66.4693883, 30.8900282 ], [ 66.4687446, 30.8880579 ], [ 66.4698604, 30.8874318 ], [ 66.4692381, 30.8859586 ], [ 66.4683798, 30.8860875 ], [ 66.4680151, 30.8850563 ], [ 66.4634231, 30.886198 ], [ 66.4628438, 30.8847248 ], [ 66.466277, 30.8838777 ], [ 66.4656333, 30.8812811 ], [ 66.4630583, 30.8815942 ], [ 66.4620284, 30.8804524 ], [ 66.4611057, 30.8801762 ], [ 66.4597968, 30.8810233 ], [ 66.4591316, 30.8793475 ], [ 66.4570073, 30.8798631 ], [ 66.4572648, 30.8813916 ], [ 66.4562992, 30.8816495 ], [ 66.4568356, 30.8840803 ], [ 66.4560631, 30.8846512 ], [ 66.456385, 30.8853878 ], [ 66.4527587, 30.8865295 ], [ 66.452587, 30.8848169 ], [ 66.4519433, 30.8846512 ], [ 66.4494327, 30.8861243 ], [ 66.4471153, 30.8865847 ], [ 66.4453558, 30.8836015 ], [ 66.4470509, 30.8821283 ], [ 66.4464072, 30.8811891 ], [ 66.4444974, 30.8819441 ], [ 66.4434031, 30.8818152 ], [ 66.4431885, 30.8812259 ], [ 66.4447979, 30.8806918 ], [ 66.4436606, 30.8785556 ], [ 66.4429525, 30.8787213 ], [ 66.4424375, 30.8773401 ], [ 66.4403132, 30.8774322 ], [ 66.4401415, 30.8783714 ], [ 66.4379099, 30.8790897 ], [ 66.4390687, 30.8819994 ], [ 66.4410213, 30.8814837 ], [ 66.441944, 30.8832148 ], [ 66.4383391, 30.8851852 ], [ 66.4387253, 30.8865847 ], [ 66.4367512, 30.8880763 ], [ 66.4355067, 30.8880763 ], [ 66.4341763, 30.8871371 ], [ 66.4321593, 30.8847616 ], [ 66.4272026, 30.8859586 ], [ 66.4264945, 30.8863821 ], [ 66.4284471, 30.8901755 ], [ 66.4290479, 30.8924772 ], [ 66.4252499, 30.8941897 ], [ 66.4238981, 30.8921274 ], [ 66.4261297, 30.8899914 ], [ 66.4255074, 30.8890522 ], [ 66.4258936, 30.8882788 ], [ 66.4252285, 30.8868978 ], [ 66.4204649, 30.8891996 ], [ 66.4194134, 30.8883525 ], [ 66.417332, 30.89082 ], [ 66.4192203, 30.8941344 ], [ 66.420658, 30.8937662 ], [ 66.4198855, 30.8925509 ], [ 66.4211944, 30.8918696 ], [ 66.422911, 30.8944106 ], [ 66.4202288, 30.895184 ], [ 66.4218381, 30.8985535 ], [ 66.4252714, 30.89697 ], [ 66.4272884, 30.8999344 ], [ 66.4252714, 30.9008734 ], [ 66.4255074, 30.9019965 ], [ 66.4242199, 30.9025673 ], [ 66.4241985, 30.9036352 ], [ 66.4272026, 30.9041507 ], [ 66.4274601, 30.9046478 ], [ 66.42849, 30.9044268 ], [ 66.4291123, 30.9056972 ], [ 66.4271811, 30.9064889 ], [ 66.4259366, 30.9048687 ], [ 66.4243702, 30.9058813 ], [ 66.424692, 30.9069123 ], [ 66.4223531, 30.9072069 ], [ 66.4200786, 30.9051633 ], [ 66.42216, 30.9036168 ], [ 66.4213017, 30.902733 ], [ 66.4166883, 30.9048687 ], [ 66.4160231, 30.9060286 ], [ 66.4140919, 30.9061207 ], [ 66.4062813, 30.9090295 ], [ 66.4066461, 30.9106312 ], [ 66.4052943, 30.9112388 ], [ 66.4065603, 30.9132822 ], [ 66.4099721, 30.9117174 ], [ 66.4113453, 30.9128956 ], [ 66.4128688, 30.9125643 ], [ 66.4167741, 30.9132454 ], [ 66.418126, 30.9144236 ], [ 66.4173964, 30.9166327 ], [ 66.4102939, 30.9159884 ], [ 66.4068392, 30.9174979 ], [ 66.4052299, 30.9144788 ], [ 66.4030841, 30.9147182 ], [ 66.4028052, 30.9161725 ], [ 66.4013032, 30.916872 ], [ 66.4008955, 30.9187129 ], [ 66.4013675, 30.9196701 ], [ 66.4038781, 30.9189522 ], [ 66.4042214, 30.9194492 ], [ 66.4059809, 30.9187313 ], [ 66.4067105, 30.9200015 ], [ 66.4075903, 30.9202592 ], [ 66.4116458, 30.9195229 ], [ 66.4133194, 30.9197622 ], [ 66.4135769, 30.920296 ], [ 66.4150575, 30.9201487 ], [ 66.4147786, 30.9194676 ], [ 66.4161089, 30.9191915 ], [ 66.417611, 30.922505 ], [ 66.4215377, 30.9214005 ], [ 66.4215377, 30.9192467 ], [ 66.4234689, 30.9189338 ], [ 66.4247778, 30.9181975 ], [ 66.4246491, 30.9175347 ], [ 66.4272669, 30.9166143 ], [ 66.4311937, 30.9184552 ], [ 66.4275673, 30.9194492 ], [ 66.4280394, 30.9203144 ], [ 66.4296917, 30.9200935 ], [ 66.430271, 30.9210691 ], [ 66.4368156, 30.9200383 ], [ 66.4368156, 30.9216398 ], [ 66.4376095, 30.9232229 ], [ 66.4365796, 30.9232413 ], [ 66.4362362, 30.9255422 ], [ 66.4355925, 30.9258919 ], [ 66.4355711, 30.9284321 ], [ 66.4369443, 30.9285793 ], [ 66.4371375, 30.9312482 ], [ 66.433082, 30.9319477 ], [ 66.4323095, 30.9304936 ], [ 66.4307431, 30.9310458 ], [ 66.4300564, 30.9306224 ], [ 66.4278248, 30.9314691 ], [ 66.4269236, 30.9296653 ], [ 66.4269451, 30.9274565 ], [ 66.427503, 30.9263521 ], [ 66.4283398, 30.9260024 ], [ 66.4278034, 30.9234069 ], [ 66.4269022, 30.9227811 ], [ 66.4272669, 30.9207746 ], [ 66.4263657, 30.9201856 ], [ 66.424177, 30.9209771 ], [ 66.4244989, 30.923499 ], [ 66.4199499, 30.9244378 ], [ 66.4202288, 30.9261128 ], [ 66.4194778, 30.9262601 ], [ 66.4185551, 30.9248427 ], [ 66.4181045, 30.9251556 ], [ 66.4179543, 30.9241432 ], [ 66.4157442, 30.9242905 ], [ 66.4158944, 30.9250268 ], [ 66.4151004, 30.9252661 ], [ 66.4141778, 30.9242169 ], [ 66.4094603, 30.926013 ], [ 66.4005023, 30.9276064 ], [ 66.3998502, 30.9303313 ], [ 66.4015464, 30.9312667 ], [ 66.4027448, 30.9301205 ], [ 66.4056742, 30.9327201 ], [ 66.4104441, 30.9298862 ], [ 66.4128688, 30.9297389 ], [ 66.4131478, 30.9309906 ], [ 66.4137271, 30.9308985 ], [ 66.4138988, 30.9323894 ], [ 66.4149502, 30.9325183 ], [ 66.4154008, 30.9316348 ], [ 66.4167741, 30.931874 ], [ 66.4172033, 30.9358312 ], [ 66.4139632, 30.9373036 ], [ 66.4141348, 30.9380766 ], [ 66.4176324, 30.9384816 ], [ 66.4180401, 30.9405613 ], [ 66.4192418, 30.9403956 ], [ 66.4199284, 30.9444261 ], [ 66.4224175, 30.9443157 ], [ 66.4231041, 30.9469473 ], [ 66.4270094, 30.9462296 ], [ 66.4288763, 30.9443709 ], [ 66.4287475, 30.9434691 ], [ 66.4299921, 30.9418311 ], [ 66.4293912, 30.9394386 ], [ 66.4312581, 30.9390337 ], [ 66.431816, 30.9407821 ], [ 66.4329747, 30.9406533 ], [ 66.4332107, 30.9413342 ], [ 66.4320091, 30.9416839 ], [ 66.4324812, 30.9433587 ], [ 66.4360431, 30.9431194 ], [ 66.4359358, 30.9407637 ], [ 66.4371804, 30.940138 ], [ 66.4379314, 30.9383527 ], [ 66.4396051, 30.9380951 ], [ 66.4402415, 30.9399729 ], [ 66.4409209, 30.9402468 ], [ 66.4435006, 30.9358604 ] ] ] } },
{ "type": "Feature", "properties": { "name": "Dera Ghazi Khan", "pop": 494464, "area_km2": 31.99 }, "geometry": { "type": "MultiPolygon", "coordinates": [ [ [ [ 70.6196183, 30.0331035 ], [ 70.6196934, 30.0323465 ], [ 70.6170595, 30.0323094 ], [ 70.616861, 30.0316778 ], [ 70.6159598, 30.0314688 ], [ 70.6139535, 30.0322862 ], [ 70.6139803, 30.0341949 ], [ 70.616067, 30.0346779 ], [ 70.618481, 30.0335447 ], [ 70.6184703, 30.0331871 ], [ 70.6196183, 30.0331035 ] ] ], [ [ [ 70.6109199, 30.0399372 ], [ 70.6099033, 30.0394055 ], [ 70.6089887, 30.0399279 ], [ 70.6091335, 30.0401346 ], [ 70.6109199, 30.0399372 ] ] ], [ [ [ 70.6581187, 30.0148921 ], [ 70.6513381, 30.0140002 ], [ 70.6509733, 30.0128668 ], [ 70.6478405, 30.0124209 ], [ 70.6483555, 30.011399 ], [ 70.650866, 30.0118449 ], [ 70.6528187, 30.0097081 ], [ 70.6534409, 30.0080544 ], [ 70.6519275, 30.0067558 ], [ 70.6476632, 30.0056504 ], [ 70.638093, 30.0042196 ], [ 70.636076, 30.0229485 ], [ 70.6354966, 30.0234687 ], [ 70.633029, 30.0238217 ], [ 70.6314841, 30.0209606 ], [ 70.6293383, 30.0218895 ], [ 70.6288662, 30.0213693 ], [ 70.6310549, 30.020236 ], [ 70.6298318, 30.0176163 ], [ 70.6261626, 30.0174863 ], [ 70.6260553, 30.0166687 ], [ 70.6224504, 30.015907 ], [ 70.6189099, 30.0159999 ], [ 70.6182232, 30.0106301 ], [ 70.6174338, 30.0106863 ], [ 70.6172791, 30.0161485 ], [ 70.6156912, 30.0162786 ], [ 70.6157556, 30.0175792 ], [ 70.6106272, 30.0163715 ], [ 70.6095114, 30.0165015 ], [ 70.6095114, 30.0152938 ], [ 70.6106916, 30.0152381 ], [ 70.610713, 30.0133058 ], [ 70.6095758, 30.0131571 ], [ 70.6094685, 30.0124139 ], [ 70.6082239, 30.011522 ], [ 70.601851, 30.0162043 ], [ 70.6032672, 30.0221682 ], [ 70.6095972, 30.0223726 ], [ 70.6102624, 30.0238589 ], [ 70.6135025, 30.0239889 ], [ 70.6135454, 30.0227999 ], [ 70.6163349, 30.0226327 ], [ 70.6171718, 30.022131 ], [ 70.6172362, 30.0230414 ], [ 70.6185022, 30.0233201 ], [ 70.6184378, 30.022484 ], [ 70.6190815, 30.0226141 ], [ 70.6210342, 30.0399093 ], [ 70.6193605, 30.0397421 ], [ 70.6183949, 30.0404294 ], [ 70.6178584, 30.0409867 ], [ 70.6178155, 30.0422312 ], [ 70.6187597, 30.0423427 ], [ 70.6187597, 30.0472649 ], [ 70.6192103, 30.0486208 ], [ 70.6212273, 30.0496981 ], [ 70.6212702, 30.0503667 ], [ 70.6166139, 30.0506267 ], [ 70.6173005, 30.05553 ], [ 70.6194463, 30.0557714 ], [ 70.6195965, 30.0574429 ], [ 70.6206265, 30.0577401 ], [ 70.6212917, 30.0600616 ], [ 70.6177941, 30.0606187 ], [ 70.6178155, 30.0595787 ], [ 70.6172791, 30.0593559 ], [ 70.6151548, 30.0598016 ], [ 70.6152835, 30.0607673 ], [ 70.6167212, 30.0605816 ], [ 70.616571, 30.0615844 ], [ 70.6155839, 30.0618259 ], [ 70.6154123, 30.0624016 ], [ 70.6173649, 30.0624944 ], [ 70.6171503, 30.0634416 ], [ 70.6165281, 30.0635158 ], [ 70.6165495, 30.0644444 ], [ 70.6186095, 30.0641658 ], [ 70.6195107, 30.064593 ], [ 70.6196394, 30.0657072 ], [ 70.6214606, 30.0668516 ], [ 70.6220641, 30.0690313 ], [ 70.6244459, 30.069477 ], [ 70.624403, 30.0703497 ], [ 70.6251755, 30.0704426 ], [ 70.625154, 30.072151 ], [ 70.6268277, 30.071891 ], [ 70.6276431, 30.0724109 ], [ 70.6303683, 30.0727823 ], [ 70.6303897, 30.0734137 ], [ 70.6297674, 30.0736179 ], [ 70.626463, 30.0736365 ], [ 70.6263557, 30.0745093 ], [ 70.6280079, 30.0748806 ], [ 70.6288662, 30.0759391 ], [ 70.6301751, 30.0756605 ], [ 70.6301751, 30.0748806 ], [ 70.6308618, 30.0748806 ], [ 70.6312051, 30.0737108 ], [ 70.6322351, 30.0736922 ], [ 70.6325355, 30.0728752 ], [ 70.6372133, 30.0729495 ], [ 70.6373849, 30.0721881 ], [ 70.6430283, 30.0715196 ], [ 70.6419554, 30.0743793 ], [ 70.6418484, 30.0762385 ], [ 70.6404912, 30.0788473 ], [ 70.6465477, 30.0799754 ], [ 70.652534, 30.0784272 ], [ 70.6528559, 30.0797827 ], [ 70.6556454, 30.0798384 ], [ 70.657126, 30.0780187 ], [ 70.6543794, 30.0777588 ], [ 70.6542721, 30.0751406 ], [ 70.6531134, 30.0748806 ], [ 70.6537357, 30.0732094 ], [ 70.6556025, 30.0719096 ], [ 70.6584993, 30.0716496 ], [ 70.6585636, 30.0692355 ], [ 70.6591859, 30.0692727 ], [ 70.6593576, 30.0717796 ], [ 70.6609025, 30.0717053 ], [ 70.6610742, 30.0701455 ], [ 70.6621256, 30.0683999 ], [ 70.6603875, 30.0672485 ], [ 70.6586924, 30.0671928 ], [ 70.6586709, 30.0668214 ], [ 70.6600871, 30.0664686 ], [ 70.6601515, 30.0649644 ], [ 70.66116, 30.0648529 ], [ 70.6632843, 30.0660972 ], [ 70.6631127, 30.0703683 ], [ 70.6641426, 30.0711297 ], [ 70.6662026, 30.0714825 ], [ 70.6670609, 30.0707397 ], [ 70.6662884, 30.0685113 ], [ 70.6647864, 30.0684742 ], [ 70.6650009, 30.0643887 ], [ 70.6640568, 30.064333 ], [ 70.6646362, 30.0636644 ], [ 70.66852, 30.0628287 ], [ 70.6695714, 30.0658558 ], [ 70.6699791, 30.0658558 ], [ 70.6702581, 30.0649829 ], [ 70.6719103, 30.064333 ], [ 70.6718889, 30.0627916 ], [ 70.6722965, 30.0624759 ], [ 70.6716957, 30.0613802 ], [ 70.6694856, 30.0618816 ], [ 70.6692066, 30.0605444 ], [ 70.668005, 30.0606002 ], [ 70.6679192, 30.0619187 ], [ 70.6666961, 30.0616402 ], [ 70.6664815, 30.0599502 ], [ 70.6670394, 30.0589101 ], [ 70.6671252, 30.0571829 ], [ 70.6701722, 30.0572201 ], [ 70.672597, 30.0581673 ], [ 70.6730905, 30.0591887 ], [ 70.6750217, 30.0595601 ], [ 70.6756439, 30.061213 ], [ 70.6757512, 30.063943 ], [ 70.6772318, 30.0639244 ], [ 70.6789484, 30.0651129 ], [ 70.6832185, 30.0651872 ], [ 70.6833472, 30.063553 ], [ 70.6842699, 30.062643 ], [ 70.684742, 30.0626987 ], [ 70.6847849, 30.0650201 ], [ 70.6895485, 30.0651501 ], [ 70.6896129, 30.0630701 ], [ 70.6902995, 30.063033 ], [ 70.6905356, 30.0613987 ], [ 70.691308, 30.0609902 ], [ 70.691308, 30.0604887 ], [ 70.6890335, 30.0602659 ], [ 70.6882396, 30.0607859 ], [ 70.6879821, 30.0596159 ], [ 70.6862655, 30.0597087 ], [ 70.6859007, 30.0603959 ], [ 70.6843128, 30.0599502 ], [ 70.6846991, 30.0582973 ], [ 70.6818023, 30.058223 ], [ 70.6805792, 30.059263 ], [ 70.6797209, 30.0579444 ], [ 70.6850638, 30.057963 ], [ 70.679163, 30.0484536 ], [ 70.6741419, 30.0496795 ], [ 70.672597, 30.0509425 ], [ 70.6710091, 30.0511468 ], [ 70.6713739, 30.0524469 ], [ 70.6727472, 30.0525212 ], [ 70.672833, 30.0551028 ], [ 70.6689921, 30.0524469 ], [ 70.669035, 30.0509982 ], [ 70.6695929, 30.0503853 ], [ 70.6706014, 30.0503667 ], [ 70.6705799, 30.0495495 ], [ 70.6718674, 30.0495681 ], [ 70.6719747, 30.0485837 ], [ 70.675365, 30.0478035 ], [ 70.675365, 30.0470792 ], [ 70.6741848, 30.046299 ], [ 70.6689706, 30.0481565 ], [ 70.6689921, 30.0466148 ], [ 70.6705585, 30.0466148 ], [ 70.6706014, 30.0450731 ], [ 70.6685415, 30.0450174 ], [ 70.6684556, 30.0436615 ], [ 70.6657305, 30.0436243 ], [ 70.6657305, 30.0429556 ], [ 70.6675973, 30.0429556 ], [ 70.6696787, 30.0407824 ], [ 70.669035, 30.0402622 ], [ 70.6672755, 30.0407824 ], [ 70.6664386, 30.0398907 ], [ 70.6599369, 30.041934 ], [ 70.6599155, 30.0427699 ], [ 70.6576839, 30.0424355 ], [ 70.6564822, 30.0415625 ], [ 70.6562247, 30.0387762 ], [ 70.6587782, 30.0386833 ], [ 70.6589284, 30.0378474 ], [ 70.6594005, 30.037866 ], [ 70.659379, 30.0364171 ], [ 70.6580487, 30.0364171 ], [ 70.6576839, 30.0354883 ], [ 70.6557956, 30.0348567 ], [ 70.6548515, 30.0353211 ], [ 70.654594, 30.0364914 ], [ 70.6528344, 30.0358969 ], [ 70.6516543, 30.0360456 ], [ 70.6510749, 30.0356926 ], [ 70.6511607, 30.0345409 ], [ 70.6493583, 30.0344666 ], [ 70.6493154, 30.0361013 ], [ 70.6471482, 30.0361384 ], [ 70.6470194, 30.0336306 ], [ 70.6498733, 30.0337421 ], [ 70.650002, 30.0342065 ], [ 70.6561604, 30.0340393 ], [ 70.656375, 30.0326646 ], [ 70.6497874, 30.0327389 ], [ 70.649766, 30.0313457 ], [ 70.6518045, 30.0311785 ], [ 70.6519118, 30.0298967 ], [ 70.6548944, 30.029971 ], [ 70.65483, 30.0307141 ], [ 70.6607309, 30.0303425 ], [ 70.6609884, 30.0292836 ], [ 70.657598, 30.0286334 ], [ 70.6577482, 30.0277231 ], [ 70.6556025, 30.0277417 ], [ 70.6542077, 30.0270171 ], [ 70.6542721, 30.0237102 ], [ 70.6571045, 30.023766 ], [ 70.6572547, 30.0228185 ], [ 70.658392, 30.0222054 ], [ 70.6576037, 30.0193326 ], [ 70.6580972, 30.0184408 ], [ 70.6581187, 30.0148921 ] ] ], [ [ [ 70.6152302, 30.0413884 ], [ 70.6147903, 30.0415231 ], [ 70.6148064, 30.0408636 ], [ 70.6132668, 30.0412073 ], [ 70.6138086, 30.042475 ], [ 70.6131971, 30.042554 ], [ 70.6131005, 30.0419456 ], [ 70.6122315, 30.0419967 ], [ 70.6122583, 30.0436452 ], [ 70.6135619, 30.0436777 ], [ 70.6150854, 30.0427119 ], [ 70.6156862, 30.0420664 ], [ 70.6152302, 30.0413884 ] ] ], [ [ [ 70.6170648, 30.0479452 ], [ 70.6170541, 30.047049 ], [ 70.6160939, 30.0461574 ], [ 70.6151068, 30.0464407 ], [ 70.6145757, 30.0475551 ], [ 70.6160027, 30.0488228 ], [ 70.6166625, 30.0487949 ], [ 70.6167161, 30.0479638 ], [ 70.6170648, 30.0479452 ] ] ], [ [ [ 70.6142002, 30.0543623 ], [ 70.6143075, 30.0516367 ], [ 70.613122, 30.0514695 ], [ 70.6130147, 30.0522125 ], [ 70.6109172, 30.0521149 ], [ 70.6114805, 30.0542926 ], [ 70.6142002, 30.0543623 ] ] ] ] } },
{ "type": "Feature", "properties": { "name": "Larkana", "pop": 364033, "area_km2": 25.77 }, "geometry": { "type": "MultiPolygon", "coordinates": [ [ [ [ 68.2269295, 27.5532753 ], [ 68.2285603, 27.553884 ], [ 68.2284101, 27.553047 ], [ 68.2323583, 27.5517914 ], [ 68.2316931, 27.5493943 ], [ 68.2303413, 27.5493563 ], [ 68.2294615, 27.5500411 ], [ 68.2277664, 27.5502885 ], [ 68.2275518, 27.5492041 ], [ 68.2344722, 27.5483106 ], [ 68.233922, 27.5468678 ], [ 68.2319572, 27.5465457 ], [ 68.2319941, 27.5478927 ], [ 68.2310575, 27.5479708 ], [ 68.2266935, 27.5412134 ], [ 68.227187, 27.5386639 ], [ 68.224891, 27.538036 ], [ 68.2269081, 27.5333934 ], [ 68.2257064, 27.5332983 ], [ 68.224655, 27.5350488 ], [ 68.2225736, 27.5360192 ], [ 68.221093, 27.5357147 ], [ 68.2199343, 27.5346302 ], [ 68.2192691, 27.5348966 ], [ 68.2197841, 27.5369895 ], [ 68.2205351, 27.5371418 ], [ 68.2205995, 27.5383214 ], [ 68.218325, 27.5383595 ], [ 68.2177886, 27.5395772 ], [ 68.2163938, 27.5400528 ], [ 68.2164153, 27.5411754 ], [ 68.2146772, 27.5410232 ], [ 68.2121023, 27.5378267 ], [ 68.2137545, 27.5371227 ], [ 68.2156213, 27.5374272 ], [ 68.2153424, 27.5349156 ], [ 68.2140549, 27.5319854 ], [ 68.2162007, 27.5318712 ], [ 68.2157984, 27.5302809 ], [ 68.2136258, 27.5306344 ], [ 68.213261, 27.5286555 ], [ 68.2117804, 27.5289029 ], [ 68.2109221, 27.5270191 ], [ 68.2095488, 27.5273045 ], [ 68.2084974, 27.5244692 ], [ 68.2096561, 27.5237651 ], [ 68.2084759, 27.5199022 ], [ 68.2062229, 27.5195406 ], [ 68.2049354, 27.519807 ], [ 68.2042058, 27.5175805 ], [ 68.201867, 27.5179992 ], [ 68.2027896, 27.521082 ], [ 68.200086, 27.5225282 ], [ 68.2003649, 27.5245263 ], [ 68.1993564, 27.5240125 ], [ 68.1973394, 27.5242789 ], [ 68.19676, 27.5236129 ], [ 68.1957944, 27.5237461 ], [ 68.195494, 27.5231562 ], [ 68.1971034, 27.52171 ], [ 68.1992062, 27.5213294 ], [ 68.1989058, 27.5195216 ], [ 68.1976183, 27.5190458 ], [ 68.196009, 27.5198451 ], [ 68.1953224, 27.5189316 ], [ 68.1945499, 27.5190458 ], [ 68.192962, 27.5182085 ], [ 68.1921466, 27.5167051 ], [ 68.1903871, 27.5173141 ], [ 68.1905159, 27.517885 ], [ 68.1895503, 27.5181704 ], [ 68.1963953, 27.526334 ], [ 68.1942066, 27.5272093 ], [ 68.1948288, 27.5284462 ], [ 68.1917819, 27.5299494 ], [ 68.1926402, 27.5313004 ], [ 68.1867393, 27.5309959 ], [ 68.1836709, 27.5337169 ], [ 68.18307, 27.5333934 ], [ 68.1835636, 27.5324801 ], [ 68.1831773, 27.5317761 ], [ 68.1834348, 27.5299875 ], [ 68.1822761, 27.5287316 ], [ 68.1817397, 27.5294166 ], [ 68.1824049, 27.5302158 ], [ 68.1821259, 27.5313955 ], [ 68.1812676, 27.5313765 ], [ 68.1802162, 27.5328797 ], [ 68.1773623, 27.5311862 ], [ 68.1766757, 27.5320615 ], [ 68.1795939, 27.5342687 ], [ 68.1789072, 27.5355435 ], [ 68.1796583, 27.5388922 ], [ 68.1786068, 27.5394059 ], [ 68.1787785, 27.5399196 ], [ 68.1772979, 27.5403572 ], [ 68.1779202, 27.5414037 ], [ 68.1789716, 27.5411944 ], [ 68.1791218, 27.5430779 ], [ 68.1805809, 27.5427926 ], [ 68.1792935, 27.5401289 ], [ 68.1813963, 27.5399387 ], [ 68.1817826, 27.5390254 ], [ 68.1826623, 27.5385878 ], [ 68.1831559, 27.5398816 ], [ 68.1829198, 27.5406236 ], [ 68.1807526, 27.5409851 ], [ 68.1809995, 27.5427302 ], [ 68.1814902, 27.5428473 ], [ 68.184851, 27.541632 ], [ 68.1845506, 27.5401765 ], [ 68.1853124, 27.5400575 ], [ 68.1849047, 27.5391206 ], [ 68.1862754, 27.5391937 ], [ 68.1860232, 27.5386134 ], [ 68.1867903, 27.5383327 ], [ 68.1870021, 27.5390682 ], [ 68.1890782, 27.5402621 ], [ 68.191181, 27.5471113 ], [ 68.1957944, 27.5535606 ], [ 68.1948503, 27.5545308 ], [ 68.1912669, 27.5535606 ], [ 68.1921681, 27.5569849 ], [ 68.1917175, 27.5572702 ], [ 68.1902584, 27.5565854 ], [ 68.1893786, 27.5569088 ], [ 68.1888851, 27.5562049 ], [ 68.1892713, 27.5557293 ], [ 68.1879624, 27.5550825 ], [ 68.1874903, 27.5555771 ], [ 68.1884774, 27.557099 ], [ 68.1867608, 27.5577839 ], [ 68.1860741, 27.5572893 ], [ 68.1854304, 27.5575746 ], [ 68.1862672, 27.558716 ], [ 68.1869753, 27.5584116 ], [ 68.1873187, 27.5588492 ], [ 68.1851085, 27.5601617 ], [ 68.1864818, 27.5617977 ], [ 68.1857522, 27.5622352 ], [ 68.1829413, 27.5617977 ], [ 68.182598, 27.5626917 ], [ 68.1757744, 27.5622542 ], [ 68.1732639, 27.5636048 ], [ 68.1743153, 27.5657162 ], [ 68.1759032, 27.565545 ], [ 68.1764182, 27.5660016 ], [ 68.1771048, 27.5678847 ], [ 68.1803449, 27.5668956 ], [ 68.1800445, 27.5660396 ], [ 68.1804307, 27.5655641 ], [ 68.184379, 27.5685314 ], [ 68.1851943, 27.5682081 ], [ 68.1857952, 27.5691591 ], [ 68.1850871, 27.5694064 ], [ 68.1823405, 27.5687977 ], [ 68.1807741, 27.5700341 ], [ 68.1815895, 27.5712324 ], [ 68.1854948, 27.5715368 ], [ 68.1876834, 27.5737622 ], [ 68.1965455, 27.5694445 ], [ 68.1975325, 27.5707569 ], [ 68.1971034, 27.5731345 ], [ 68.1984552, 27.5734008 ], [ 68.199571, 27.5750746 ], [ 68.2006224, 27.5756832 ], [ 68.2001074, 27.5758544 ], [ 68.1998929, 27.5809897 ], [ 68.2015451, 27.5809326 ], [ 68.2013949, 27.5794301 ], [ 68.2024034, 27.579316 ], [ 68.2024034, 27.5784791 ], [ 68.2033905, 27.5784411 ], [ 68.2038625, 27.58234 ], [ 68.205901, 27.5820928 ], [ 68.2058152, 27.5815032 ], [ 68.2127031, 27.5820357 ], [ 68.2118019, 27.5869996 ], [ 68.2095703, 27.587437 ], [ 68.2095917, 27.5879505 ], [ 68.2113083, 27.5888443 ], [ 68.211244, 27.5895099 ], [ 68.2133468, 27.5898903 ], [ 68.2133683, 27.587418 ], [ 68.2137116, 27.5871327 ], [ 68.2167371, 27.5875511 ], [ 68.2168873, 27.5891106 ], [ 68.2159861, 27.5892057 ], [ 68.2159003, 27.5901756 ], [ 68.2217582, 27.5911264 ], [ 68.2221015, 27.5931423 ], [ 68.2248267, 27.5935036 ], [ 68.2260712, 27.5931232 ], [ 68.2260498, 27.5913737 ], [ 68.2234534, 27.5904798 ], [ 68.2255991, 27.5900424 ], [ 68.2243761, 27.5881787 ], [ 68.2243546, 27.5872658 ], [ 68.2258566, 27.587456 ], [ 68.226436, 27.5881597 ], [ 68.2304915, 27.5870376 ], [ 68.2289251, 27.58428 ], [ 68.2308134, 27.58331 ], [ 68.2300838, 27.5819977 ], [ 68.2307275, 27.5814461 ], [ 68.2309421, 27.5800007 ], [ 68.2298263, 27.5790687 ], [ 68.2298478, 27.5776232 ], [ 68.2320364, 27.5782319 ], [ 68.2338818, 27.5775091 ], [ 68.233045, 27.5758924 ], [ 68.2342895, 27.5756071 ], [ 68.2368644, 27.576425 ], [ 68.2374867, 27.5761207 ], [ 68.2375511, 27.5752458 ], [ 68.2366284, 27.574504 ], [ 68.2350191, 27.5739714 ], [ 68.2343324, 27.5741996 ], [ 68.2327016, 27.5734008 ], [ 68.2332595, 27.5727351 ], [ 68.2324441, 27.5716889 ], [ 68.2333239, 27.5714036 ], [ 68.2331093, 27.5697678 ], [ 68.2306202, 27.570814 ], [ 68.2300409, 27.5700721 ], [ 68.2305559, 27.5683222 ], [ 68.2301911, 27.5678467 ], [ 68.226672, 27.5684363 ], [ 68.2253417, 27.5660396 ], [ 68.2249125, 27.5661347 ], [ 68.2244833, 27.565488 ], [ 68.2247623, 27.5652787 ], [ 68.2242902, 27.564613 ], [ 68.224934, 27.5643467 ], [ 68.2253631, 27.5649173 ], [ 68.2275518, 27.5652978 ], [ 68.2303198, 27.5651646 ], [ 68.2307061, 27.5645179 ], [ 68.2286247, 27.5633195 ], [ 68.2289036, 27.562882 ], [ 68.2282814, 27.5625776 ], [ 68.2289465, 27.5611509 ], [ 68.2275303, 27.560428 ], [ 68.2283457, 27.5596862 ], [ 68.2291182, 27.5600286 ], [ 68.2310494, 27.5593247 ], [ 68.2311781, 27.5588492 ], [ 68.229204, 27.5573796 ], [ 68.2277924, 27.5573937 ], [ 68.2276966, 27.5589776 ], [ 68.2281633, 27.5595292 ], [ 68.2264696, 27.5591125 ], [ 68.2250809, 27.5599381 ], [ 68.2260283, 27.5539221 ], [ 68.2271441, 27.5539601 ], [ 68.2269295, 27.5532753 ] ] ], [ [ [ 68.2326522, 27.5427711 ], [ 68.2309773, 27.5418735 ], [ 68.2304376, 27.5432824 ], [ 68.2324115, 27.5440625 ], [ 68.2326522, 27.5427711 ] ] ] ] } },
{ "type": "Feature", "properties": { "name": "Nawabshah", "pop": 363138, "area_km2": 19.43 }, "geometry": { "type": "Polygon", "coordinates": [ [ [ 68.3940979, 26.268239 ], [ 68.4022884, 26.2681344 ], [ 68.4042224, 26.2629123 ], [ 68.4146182, 26.2632643 ], [ 68.4146284, 26.2621867 ], [ 68.4165006, 26.2621082 ], [ 68.4173112, 26.2599487 ], [ 68.4182649, 26.2600342 ], [ 68.4181695, 26.2583451 ], [ 68.4208875, 26.2584306 ], [ 68.420959, 26.2630917 ], [ 68.4222703, 26.2631131 ], [ 68.422175, 26.2582809 ], [ 68.4234147, 26.2584092 ], [ 68.4236055, 26.2629848 ], [ 68.4314256, 26.2629206 ], [ 68.431053, 26.2595209 ], [ 68.4361721, 26.2596465 ], [ 68.4362975, 26.2568878 ], [ 68.4404617, 26.2568911 ], [ 68.4419875, 26.2535769 ], [ 68.4335475, 26.2537052 ], [ 68.4334045, 26.2547315 ], [ 68.4309553, 26.2547323 ], [ 68.4309277, 26.2534695 ], [ 68.4333806, 26.2534272 ], [ 68.4333635, 26.2501449 ], [ 68.4346472, 26.2500648 ], [ 68.4346569, 26.2483214 ], [ 68.4352679, 26.2483173 ], [ 68.4352768, 26.2489015 ], [ 68.436544, 26.2488647 ], [ 68.4365612, 26.247633 ], [ 68.4384408, 26.2476338 ], [ 68.4384745, 26.2488405 ], [ 68.4410565, 26.2487012 ], [ 68.4412931, 26.2472569 ], [ 68.4433704, 26.2473544 ], [ 68.4433915, 26.253486 ], [ 68.4464096, 26.2535221 ], [ 68.4460645, 26.2475255 ], [ 68.4512868, 26.2475252 ], [ 68.4512382, 26.2451519 ], [ 68.447742, 26.245035 ], [ 68.4477573, 26.244489 ], [ 68.4458369, 26.2441108 ], [ 68.4458525, 26.2430718 ], [ 68.443854, 26.2428447 ], [ 68.4436587, 26.2448785 ], [ 68.4356941, 26.2445473 ], [ 68.4357102, 26.2388725 ], [ 68.4347396, 26.2388007 ], [ 68.4345966, 26.2415379 ], [ 68.4334998, 26.2415379 ], [ 68.4334521, 26.2431204 ], [ 68.4316402, 26.2430776 ], [ 68.4316346, 26.244211 ], [ 68.4306097, 26.2441763 ], [ 68.4305241, 26.2455516 ], [ 68.428777, 26.2455019 ], [ 68.4288305, 26.2461125 ], [ 68.4281873, 26.246113 ], [ 68.4282042, 26.2467074 ], [ 68.4263093, 26.2467417 ], [ 68.426132, 26.2440516 ], [ 68.429469, 26.244159 ], [ 68.4295898, 26.235657 ], [ 68.4275871, 26.2358281 ], [ 68.4275155, 26.2371112 ], [ 68.4239154, 26.2367263 ], [ 68.4242969, 26.2359992 ], [ 68.4213882, 26.2356356 ], [ 68.4211021, 26.2341172 ], [ 68.4206252, 26.2339675 ], [ 68.4211021, 26.2327913 ], [ 68.420053, 26.2324919 ], [ 68.4196739, 26.227882 ], [ 68.4220319, 26.2275301 ], [ 68.4224117, 26.2268482 ], [ 68.4226155, 26.2238791 ], [ 68.4210544, 26.2238087 ], [ 68.4241538, 26.2170713 ], [ 68.4225803, 26.2167505 ], [ 68.4196954, 26.2233596 ], [ 68.4182172, 26.2230601 ], [ 68.4174304, 26.2255197 ], [ 68.4167152, 26.2253486 ], [ 68.4168105, 26.224322 ], [ 68.4152847, 26.2240012 ], [ 68.4147124, 26.2267388 ], [ 68.4134011, 26.2271452 ], [ 68.4133773, 26.2294336 ], [ 68.4120098, 26.2295341 ], [ 68.4118836, 26.2286655 ], [ 68.4092256, 26.2285169 ], [ 68.408752, 26.2296261 ], [ 68.4094688, 26.2308715 ], [ 68.4082168, 26.2318255 ], [ 68.4073872, 26.2310548 ], [ 68.4062963, 26.2317434 ], [ 68.4069877, 26.2325657 ], [ 68.405247, 26.233413 ], [ 68.4046035, 26.2309734 ], [ 68.4030776, 26.2313156 ], [ 68.4028189, 26.2288856 ], [ 68.3976039, 26.2281139 ], [ 68.3975459, 26.2304154 ], [ 68.3981369, 26.2304518 ], [ 68.3984596, 26.2316242 ], [ 68.3985252, 26.2332589 ], [ 68.3981335, 26.2332207 ], [ 68.3992267, 26.2357624 ], [ 68.3932936, 26.2382188 ], [ 68.3938159, 26.2375865 ], [ 68.3934256, 26.2375653 ], [ 68.3924941, 26.2351971 ], [ 68.3917885, 26.2323231 ], [ 68.3905606, 26.2330265 ], [ 68.3895593, 26.2363414 ], [ 68.380577, 26.2335323 ], [ 68.3785628, 26.2359393 ], [ 68.3713876, 26.2350111 ], [ 68.370261, 26.2373005 ], [ 68.3784118, 26.2438382 ], [ 68.3794003, 26.2545553 ], [ 68.3846502, 26.2543964 ], [ 68.384775, 26.2602205 ], [ 68.3867936, 26.2600984 ], [ 68.3867603, 26.2620731 ], [ 68.3945577, 26.2618324 ], [ 68.3940979, 26.268239 ] ] ] } },
{ "type": "Feature", "properties": { "name": "Khuzdar", "pop": 218112, "area_km2": 17.38 }, "geometry": { "type": "MultiPolygon", "coordinates": [ [ [ [ 66.5912478, 27.7899937 ], [ 66.5912085, 27.7912778 ], [ 66.5932578, 27.7915895 ], [ 66.5934147, 27.7931586 ], [ 66.5945692, 27.7929504 ], [ 66.5957275, 27.7917817 ], [ 66.5959811, 27.792325 ], [ 66.5994009, 27.7911577 ], [ 66.6005184, 27.7914837 ], [ 66.603426, 27.791073 ], [ 66.6043636, 27.7915458 ], [ 66.6096975, 27.7888043 ], [ 66.6105059, 27.789232 ], [ 66.6091005, 27.7911887 ], [ 66.6103527, 27.790796 ], [ 66.6110026, 27.7899266 ], [ 66.6145849, 27.787711 ], [ 66.6145374, 27.7865891 ], [ 66.6156628, 27.7856075 ], [ 66.6175966, 27.7855935 ], [ 66.6198706, 27.7846106 ], [ 66.6185368, 27.7842239 ], [ 66.6166425, 27.784442 ], [ 66.6152527, 27.7833314 ], [ 66.613605, 27.7851758 ], [ 66.6058245, 27.7828257 ], [ 66.599884, 27.7845908 ], [ 66.5931127, 27.7884697 ], [ 66.5923486, 27.7891348 ], [ 66.592122, 27.7902862 ], [ 66.5912478, 27.7899937 ] ] ], [ [ [ 66.5981512, 27.8002815 ], [ 66.5983516, 27.7992609 ], [ 66.6005583, 27.8001779 ], [ 66.6041593, 27.7954855 ], [ 66.6006968, 27.7960246 ], [ 66.5972619, 27.7973478 ], [ 66.5959739, 27.797213 ], [ 66.5954225, 27.7990999 ], [ 66.5958379, 27.7991909 ], [ 66.5957827, 27.8006729 ], [ 66.5970922, 27.8007364 ], [ 66.5971162, 27.8003052 ], [ 66.5981512, 27.8002815 ] ] ], [ [ [ 66.6261305, 27.8133353 ], [ 66.634764, 27.8161583 ], [ 66.6321743, 27.8225197 ], [ 66.6373442, 27.8231263 ], [ 66.6376389, 27.8210913 ], [ 66.644019, 27.8208071 ], [ 66.6441421, 27.8179577 ], [ 66.6433109, 27.8157587 ], [ 66.6447457, 27.8152905 ], [ 66.6459588, 27.8137542 ], [ 66.6432742, 27.8088075 ], [ 66.6443981, 27.8067986 ], [ 66.6440672, 27.8054808 ], [ 66.6452813, 27.8050133 ], [ 66.6463361, 27.8074491 ], [ 66.6486175, 27.807401 ], [ 66.647584, 27.8039038 ], [ 66.6496713, 27.8030133 ], [ 66.6460231, 27.7961899 ], [ 66.640535, 27.7989221 ], [ 66.6399135, 27.8007128 ], [ 66.6389162, 27.8014487 ], [ 66.638084, 27.800093 ], [ 66.6389409, 27.7996775 ], [ 66.6378908, 27.7981503 ], [ 66.6371004, 27.7984235 ], [ 66.6366312, 27.7976163 ], [ 66.6341194, 27.7989006 ], [ 66.6337315, 27.7983312 ], [ 66.6320732, 27.7991535 ], [ 66.6315715, 27.8001853 ], [ 66.6325908, 27.8015511 ], [ 66.6341767, 27.8005507 ], [ 66.6348692, 27.800911 ], [ 66.6353127, 27.8024081 ], [ 66.6325101, 27.8033928 ], [ 66.632292, 27.8019244 ], [ 66.6287166, 27.80338 ], [ 66.6283212, 27.8027614 ], [ 66.6265651, 27.8035066 ], [ 66.6258431, 27.8030504 ], [ 66.6276995, 27.801241 ], [ 66.6314368, 27.7996327 ], [ 66.6300201, 27.7972573 ], [ 66.6266166, 27.8007241 ], [ 66.6246571, 27.8008001 ], [ 66.6240726, 27.8013475 ], [ 66.6246743, 27.8021685 ], [ 66.6215649, 27.8060048 ], [ 66.6188987, 27.8110782 ], [ 66.6198269, 27.8122945 ], [ 66.619164, 27.8132309 ], [ 66.6198441, 27.8146206 ], [ 66.6190646, 27.8163524 ], [ 66.6160283, 27.8145161 ], [ 66.6142914, 27.8188158 ], [ 66.6181021, 27.8217822 ], [ 66.6210343, 27.8250189 ], [ 66.6301566, 27.8277058 ], [ 66.6316291, 27.8238588 ], [ 66.6228565, 27.8209533 ], [ 66.6261305, 27.8133353 ] ] ], [ [ [ 66.6052694, 27.8311842 ], [ 66.6047277, 27.8307672 ], [ 66.6049585, 27.8303503 ], [ 66.6069347, 27.8300309 ], [ 66.6062853, 27.8293846 ], [ 66.6038951, 27.8295341 ], [ 66.6038951, 27.8279195 ], [ 66.6074563, 27.827884 ], [ 66.6080382, 27.8239982 ], [ 66.6069949, 27.8232175 ], [ 66.6079579, 27.82249 ], [ 66.609762, 27.8192198 ], [ 66.6103579, 27.8192449 ], [ 66.613025, 27.8171119 ], [ 66.617793, 27.8074895 ], [ 66.6181994, 27.8049175 ], [ 66.6194307, 27.8036249 ], [ 66.619757, 27.8003747 ], [ 66.6206583, 27.7988016 ], [ 66.6193773, 27.7972138 ], [ 66.6186504, 27.7977267 ], [ 66.6180404, 27.7973 ], [ 66.6190335, 27.796045 ], [ 66.6182816, 27.795794 ], [ 66.6184235, 27.7947022 ], [ 66.6174304, 27.7949532 ], [ 66.6157082, 27.7942597 ], [ 66.6151464, 27.7956264 ], [ 66.6142235, 27.7957151 ], [ 66.6129194, 27.7949519 ], [ 66.6119363, 27.7952714 ], [ 66.6114096, 27.7982201 ], [ 66.6102911, 27.7993712 ], [ 66.6094284, 27.7984306 ], [ 66.6076888, 27.7993756 ], [ 66.6069396, 27.7979197 ], [ 66.6057073, 27.7982178 ], [ 66.6051065, 27.7973325 ], [ 66.6029748, 27.7975854 ], [ 66.6012445, 27.7994432 ], [ 66.6020981, 27.7995878 ], [ 66.6018104, 27.8001447 ], [ 66.6009069, 27.8000331 ], [ 66.6007358, 27.8007637 ], [ 66.6015803, 27.8011116 ], [ 66.6016697, 27.8017652 ], [ 66.6003111, 27.8016482 ], [ 66.6004414, 27.8010118 ], [ 66.5992464, 27.8007691 ], [ 66.5994433, 27.7999992 ], [ 66.5986244, 27.7997092 ], [ 66.5984813, 27.8003642 ], [ 66.5971931, 27.8003921 ], [ 66.5971623, 27.8013234 ], [ 66.5958224, 27.8013039 ], [ 66.5956661, 27.8007888 ], [ 66.5957396, 27.799225 ], [ 66.5941065, 27.7999836 ], [ 66.5916893, 27.799436 ], [ 66.5915573, 27.7989546 ], [ 66.5919805, 27.7988801 ], [ 66.5916382, 27.7979333 ], [ 66.5821769, 27.7939558 ], [ 66.5813824, 27.7965411 ], [ 66.5931859, 27.8030166 ], [ 66.5921645, 27.8061538 ], [ 66.5963461, 27.8052711 ], [ 66.5971116, 27.804046 ], [ 66.5973712, 27.804352 ], [ 66.5955409, 27.8087137 ], [ 66.5926235, 27.8102536 ], [ 66.5923827, 27.8120991 ], [ 66.5973584, 27.8139269 ], [ 66.597262271745535, 27.814853459577687 ], [ 66.5926723, 27.8160454 ], [ 66.5926404, 27.8166239 ], [ 66.5908235, 27.816665 ], [ 66.5892356, 27.8198344 ], [ 66.5890854, 27.8213146 ], [ 66.587047, 27.8223963 ], [ 66.5839141, 27.8252808 ], [ 66.5853411, 27.8253187 ], [ 66.5853679, 27.827539 ], [ 66.5901476, 27.8289432 ], [ 66.5951848, 27.8290665 ], [ 66.596777338494007, 27.819527707918148 ], [ 66.595633, 27.8274125 ], [ 66.5964556, 27.8324514 ], [ 66.5997058, 27.8327885 ], [ 66.6037346, 27.8323818 ], [ 66.603865, 27.8316632 ], [ 66.6052694, 27.8311842 ] ] ], [ [ [ 66.6104205, 27.8321538 ], [ 66.6126566, 27.8328057 ], [ 66.6125092, 27.8320452 ], [ 66.613099, 27.8316431 ], [ 66.6155317, 27.8332512 ], [ 66.6162566, 27.8348484 ], [ 66.6181857, 27.8354568 ], [ 66.6195328, 27.8351916 ], [ 66.6205709, 27.8329833 ], [ 66.6226013, 27.8334478 ], [ 66.6253209, 27.8293898 ], [ 66.6223756, 27.827199 ], [ 66.6206394, 27.8265214 ], [ 66.6166007, 27.8270578 ], [ 66.6132095, 27.8268297 ], [ 66.615114, 27.8235372 ], [ 66.6140573, 27.8228201 ], [ 66.61203, 27.8226353 ], [ 66.610445, 27.8262972 ], [ 66.6107522, 27.8263624 ], [ 66.6103099, 27.8297091 ], [ 66.6104205, 27.8321538 ] ] ], [ [ [ 66.611342, 27.8327949 ], [ 66.6108505, 27.8325667 ], [ 66.6100887, 27.8333055 ], [ 66.6101747, 27.8346745 ], [ 66.6117843, 27.835044 ], [ 66.611342, 27.8327949 ] ] ] ] } },
{ "type": "Feature", "properties": { "name": "Sukkur", "pop": 563851, "area_km2": 14.04 }, "geometry": { "type": "MultiPolygon", "coordinates": [ [ [ [ 68.837861114563012, 27.685241108821188 ], [ 68.8374352, 27.6856182 ], [ 68.83793165595803, 27.687644469957547 ], [ 68.8375587, 27.6887538 ], [ 68.8284285, 27.6914329 ], [ 68.830821, 27.6942163 ], [ 68.8289756, 27.6949478 ], [ 68.8299091, 27.6963537 ], [ 68.831572, 27.6963632 ], [ 68.8318295, 27.6959833 ], [ 68.8339753, 27.6988901 ], [ 68.8347263, 27.6981966 ], [ 68.8355095, 27.6993366 ], [ 68.8361318, 27.6981871 ], [ 68.83537, 27.6971042 ], [ 68.835649, 27.6963537 ], [ 68.8362176, 27.6977122 ], [ 68.8368184, 27.6974367 ], [ 68.8379557, 27.6992511 ], [ 68.8401444, 27.6962017 ], [ 68.8423898, 27.6965536 ], [ 68.8452271, 27.6867357 ], [ 68.837861114563012, 27.685241108821188 ] ] ], [ [ [ 68.8504413, 27.6944058 ], [ 68.8471958, 27.6941398 ], [ 68.8471073, 27.6951492 ], [ 68.8491377, 27.6957405 ], [ 68.8503528, 27.6955244 ], [ 68.8504413, 27.6944058 ] ] ], [ [ [ 68.8461524, 27.6998063 ], [ 68.8453799, 27.6974409 ], [ 68.8449132, 27.6972557 ], [ 68.8430411, 27.7008274 ], [ 68.8458574, 27.7011219 ], [ 68.8450688, 27.6998538 ], [ 68.8461524, 27.6998063 ] ] ], [ [ [ 68.8498485, 27.7011932 ], [ 68.8498861, 27.7007182 ], [ 68.8484591, 27.7000628 ], [ 68.8476169, 27.7002147 ], [ 68.8473058, 27.6994596 ], [ 68.8470161, 27.699545 ], [ 68.8464206, 27.6983766 ], [ 68.846029, 27.6986094 ], [ 68.8470644, 27.7019436 ], [ 68.8477457, 27.7017536 ], [ 68.8478278, 27.7019005 ], [ 68.8488185, 27.7034112 ], [ 68.8485664, 27.7042708 ], [ 68.8495213, 27.7041046 ], [ 68.8496554, 27.7049358 ], [ 68.8533837, 27.7017346 ], [ 68.850798, 27.699678 ], [ 68.850106, 27.6998918 ], [ 68.8498485, 27.7011932 ] ], [ [ 68.8481963, 27.7018296 ], [ 68.8487595, 27.7018581 ], [ 68.8488832, 27.7018198 ], [ 68.8487542, 27.7018676 ], [ 68.8481855, 27.7018344 ], [ 68.8478278, 27.7019005 ], [ 68.8481963, 27.7018296 ] ], [ [ 68.8489848, 27.7017346 ], [ 68.8489848, 27.7017821 ], [ 68.8489752, 27.7017857 ], [ 68.8489848, 27.7017346 ] ], [ [ 68.8490299, 27.7017437 ], [ 68.8496608, 27.7019151 ], [ 68.8497072, 27.7018945 ], [ 68.8496715, 27.7019198 ], [ 68.8490299, 27.7017437 ] ], [ [ 68.8496735, 27.7017102 ], [ 68.8497251, 27.7018818 ], [ 68.849714, 27.7018897 ], [ 68.8496735, 27.7017102 ] ], [ [ 68.8496768, 27.7014686 ], [ 68.8496871, 27.701468 ], [ 68.8496703, 27.7015958 ], [ 68.8496768, 27.7014686 ] ] ], [ [ [ 68.8291632, 27.7072628 ], [ 68.8350801, 27.7026369 ], [ 68.8344632, 27.701953 ], [ 68.833208, 27.702048 ], [ 68.8332241, 27.7009698 ], [ 68.8302253, 27.7010458 ], [ 68.8296996, 27.6995735 ], [ 68.8289701, 27.6999344 ], [ 68.8301717, 27.7024422 ], [ 68.8304265, 27.7031214 ], [ 68.8303192, 27.7047623 ], [ 68.82941, 27.7060589 ], [ 68.8290318, 27.7065362 ], [ 68.8287019, 27.7069256 ], [ 68.8291632, 27.7072628 ] ] ], [ [ [ 68.8459432, 27.7035062 ], [ 68.8444311, 27.7045712 ], [ 68.8463724, 27.7072202 ], [ 68.8471127, 27.7066978 ], [ 68.8477671, 27.7049785 ], [ 68.8468444, 27.7020053 ], [ 68.845278, 27.7029742 ], [ 68.8459432, 27.7035062 ] ] ], [ [ [ 68.8280528, 27.7042612 ], [ 68.8273152, 27.7061064 ], [ 68.8286402, 27.7069874 ], [ 68.8303058, 27.7047457 ], [ 68.8301556, 27.702447 ], [ 68.8280528, 27.7042612 ] ] ], [ [ [ 68.8425046, 27.7047315 ], [ 68.8408953, 27.7037247 ], [ 68.8380361, 27.7065695 ], [ 68.8391948, 27.7060566 ], [ 68.839758, 27.7066408 ], [ 68.8425046, 27.7047315 ] ] ], [ [ [ 68.8503366, 27.7065956 ], [ 68.8488399, 27.705869 ], [ 68.8484269, 27.7061017 ], [ 68.8497411, 27.7064151 ], [ 68.8496392, 27.7071323 ], [ 68.8484698, 27.7065149 ], [ 68.8496017, 27.7078067 ], [ 68.8504653, 27.7071465 ], [ 68.8503366, 27.7065956 ] ] ], [ [ [ 68.8382721, 27.7067785 ], [ 68.8411957, 27.7102217 ], [ 68.8442159, 27.7084075 ], [ 68.8417161, 27.7053917 ], [ 68.8397688, 27.706693 ], [ 68.8392001, 27.7061326 ], [ 68.8382721, 27.7067785 ] ] ], [ [ [ 68.8410016, 27.7113365 ], [ 68.8415129, 27.7121937 ], [ 68.8429416, 27.7109798 ], [ 68.8421934, 27.7104163 ], [ 68.8410016, 27.7113365 ] ] ], [ [ [ 68.8382077, 27.7152747 ], [ 68.8401496, 27.7135176 ], [ 68.8389534, 27.711656 ], [ 68.8392967, 27.7114375 ], [ 68.8364428, 27.7080513 ], [ 68.8333797, 27.7100365 ], [ 68.8382077, 27.7152747 ] ] ], [ [ [ 68.8299894, 27.7121119 ], [ 68.831811408047685, 27.714173219154073 ], [ 68.8299251, 27.7121546 ], [ 68.8287663, 27.712848 ], [ 68.8343292, 27.7187747 ], [ 68.8351822, 27.7180813 ], [ 68.833027824173854, 27.715742543664685 ], [ 68.8352144, 27.7180291 ], [ 68.837285, 27.7161105 ], [ 68.8346385, 27.713218 ], [ 68.8373065, 27.7160346 ], [ 68.8381541, 27.715346 ], [ 68.8333583, 27.7100508 ], [ 68.8299894, 27.7121119 ] ] ], [ [ [ 68.8485181, 27.7110576 ], [ 68.8471609, 27.7119362 ], [ 68.8459539, 27.7118079 ], [ 68.8443983, 27.7103072 ], [ 68.8484009, 27.7068369 ], [ 68.8482714, 27.7064033 ], [ 68.8381433, 27.7156736 ], [ 68.842907, 27.7200046 ], [ 68.8523912, 27.7201945 ], [ 68.8488855, 27.7084591 ], [ 68.8474613, 27.7097231 ], [ 68.8485181, 27.7110576 ] ] ], [ [ [ 68.8606535, 27.7242856 ], [ 68.862884, 27.7226639 ], [ 68.8626393, 27.7223414 ], [ 68.8639783, 27.7239554 ], [ 68.8710593, 27.717915 ], [ 68.8704657, 27.7165439 ], [ 68.8712309, 27.7179911 ], [ 68.8751362, 27.7156356 ], [ 68.8861441, 27.7052255 ], [ 68.8883541, 27.7028128 ], [ 68.8880753, 27.7022808 ], [ 68.8868521, 27.7024518 ], [ 68.884835, 27.7014069 ], [ 68.8827752, 27.7024898 ], [ 68.874707, 27.7042376 ], [ 68.8723575, 27.7034539 ], [ 68.8718686, 27.7046154 ], [ 68.8710165, 27.7049405 ], [ 68.8702548, 27.7043991 ], [ 68.8707054, 27.7040191 ], [ 68.8702333, 27.7031832 ], [ 68.8704371, 27.7027843 ], [ 68.871156, 27.7029172 ], [ 68.8694286, 27.7013499 ], [ 68.8689888, 27.7023805 ], [ 68.867256, 27.7014971 ], [ 68.8601679, 27.6995878 ], [ 68.8529062, 27.7034678 ], [ 68.8532923, 27.7042372 ], [ 68.8543223, 27.7046171 ], [ 68.8529597, 27.7053536 ], [ 68.8530563, 27.7058665 ], [ 68.8552128, 27.7070348 ], [ 68.8553737, 27.7075715 ], [ 68.8548373, 27.7082744 ], [ 68.8542113, 27.7082994 ], [ 68.8541399, 27.709419 ], [ 68.8583349, 27.7103071 ], [ 68.8582731, 27.7121271 ], [ 68.8601866, 27.7123839 ], [ 68.8583241, 27.7121355 ], [ 68.8583349, 27.714923 ], [ 68.8567464, 27.7151291 ], [ 68.8583053, 27.7149149 ], [ 68.8581846, 27.7145113 ], [ 68.8582999, 27.7103036 ], [ 68.8504974, 27.7086995 ], [ 68.8499914, 27.7082983 ], [ 68.8507283, 27.7090534 ], [ 68.8502455, 27.7109816 ], [ 68.8497473, 27.710964 ], [ 68.8499878, 27.7120026 ], [ 68.8510875, 27.7140043 ], [ 68.8513933, 27.7138523 ], [ 68.8523696, 27.7174164 ], [ 68.8541982, 27.7200868 ], [ 68.8489151, 27.7204415 ], [ 68.8424134, 27.7200806 ], [ 68.8423061, 27.7195107 ], [ 68.8380361, 27.7157686 ], [ 68.8342166, 27.7192448 ], [ 68.8365126, 27.7201565 ], [ 68.8382292, 27.7215052 ], [ 68.8461256, 27.7348767 ], [ 68.8593794, 27.7252119 ], [ 68.8587642, 27.7251901 ], [ 68.8586998, 27.7234236 ], [ 68.85988, 27.7243923 ], [ 68.8597727, 27.7236516 ], [ 68.8608456, 27.7234616 ], [ 68.8606535, 27.7242856 ] ], [ [ 68.8600832, 27.7189817 ], [ 68.8636994, 27.7180573 ], [ 68.8664946, 27.7171622 ], [ 68.8645577, 27.7178532 ], [ 68.8606417, 27.7189265 ], [ 68.8618817, 27.7213317 ], [ 68.8600832, 27.7189817 ] ], [ [ 68.8566825, 27.7149161 ], [ 68.8556312, 27.715037 ], [ 68.855004, 27.715302 ], [ 68.8555454, 27.7150242 ], [ 68.8566825, 27.7149161 ] ], [ [ 68.8651598, 27.7132665 ], [ 68.8651585, 27.7132705 ], [ 68.8649106, 27.7131503 ], [ 68.8651598, 27.7132665 ] ], [ [ 68.865652, 27.7117128 ], [ 68.8650403, 27.7112497 ], [ 68.8650754, 27.7111834 ], [ 68.865652, 27.7117128 ] ], [ [ 68.8660434, 27.7093536 ], [ 68.8660704, 27.7093621 ], [ 68.8658845, 27.709654 ], [ 68.8660434, 27.7093536 ] ], [ [ 68.8675737, 27.7098353 ], [ 68.8669609, 27.709685 ], [ 68.8660704, 27.7093621 ], [ 68.8675737, 27.7098353 ] ], [ [ 68.8682055, 27.7105114 ], [ 68.8676955, 27.7099006 ], [ 68.8683069, 27.7106271 ], [ 68.8682055, 27.7105114 ] ], [ [ 68.8680591, 27.7117358 ], [ 68.8661885, 27.711086 ], [ 68.8658042, 27.7108394 ], [ 68.8680591, 27.7117358 ] ], [ [ 68.8687667, 27.7122416 ], [ 68.8699622, 27.7130343 ], [ 68.8695601, 27.713726 ], [ 68.8698792, 27.7130806 ], [ 68.8687667, 27.7122416 ] ], [ [ 68.869922, 27.7156638 ], [ 68.8692876, 27.7143158 ], [ 68.8699856, 27.715636 ], [ 68.8668908, 27.7170145 ], [ 68.869922, 27.7156638 ] ], [ [ 68.8637885, 27.712743 ], [ 68.8625085, 27.7133512 ], [ 68.8622409, 27.7126596 ], [ 68.8625136, 27.7133381 ], [ 68.8637885, 27.712743 ] ], [ [ 68.8694661, 27.7105992 ], [ 68.8694442, 27.7105997 ], [ 68.8689154, 27.7097848 ], [ 68.8694661, 27.7105992 ] ], [ [ 68.8687956, 27.7090177 ], [ 68.8687695, 27.7084747 ], [ 68.868785, 27.709188 ], [ 68.8687956, 27.7090177 ] ], [ [ 68.8695305, 27.7083434 ], [ 68.8692947, 27.7083558 ], [ 68.8695376, 27.7083359 ], [ 68.8695305, 27.7083434 ] ], [ [ 68.8704693, 27.7079397 ], [ 68.8698806, 27.7079862 ], [ 68.8698844, 27.7079822 ], [ 68.8704693, 27.7079397 ] ] ], [ [ [ 68.8492342, 27.6874755 ], [ 68.8491511, 27.6884267 ], [ 68.8510608, 27.6885003 ], [ 68.8511332, 27.6875241 ], [ 68.8492342, 27.6874755 ] ] ], [ [ [ 68.8561291, 27.6895507 ], [ 68.8475955, 27.6889814 ], [ 68.8462865, 27.6938453 ], [ 68.8542366, 27.6944533 ], [ 68.8561291, 27.6895507 ] ] ], [ [ [ 68.8572836, 27.6942348 ], [ 68.8576915, 27.6937325 ], [ 68.857305, 27.6942633 ], [ 68.8547128, 27.6956768 ], [ 68.8559425, 27.6948428 ], [ 68.8562107, 27.6939593 ], [ 68.8548803, 27.6935983 ], [ 68.8539684, 27.6958878 ], [ 68.8543934, 27.6958703 ], [ 68.8538402, 27.6960416 ], [ 68.8533614, 27.6973113 ], [ 68.8560283, 27.6983386 ], [ 68.856931076794481, 27.69651226305233 ], [ 68.8590753, 27.6965622 ], [ 68.8607597, 27.6951658 ], [ 68.8588607, 27.6939688 ], [ 68.8579917, 27.6944343 ], [ 68.8578337, 27.6935575 ], [ 68.8584101, 27.6920594 ], [ 68.8558245, 27.6912614 ], [ 68.8548481, 27.6935413 ], [ 68.8572836, 27.6942348 ] ] ], [ [ [ 68.8505754, 27.6943868 ], [ 68.8503635, 27.6963817 ], [ 68.8531852, 27.6974314 ], [ 68.854183, 27.6946528 ], [ 68.8518226, 27.6944723 ], [ 68.8517582, 27.6955553 ], [ 68.8515892, 27.69621 ], [ 68.8505888, 27.6956598 ], [ 68.8517207, 27.6955648 ], [ 68.8518065, 27.6944699 ], [ 68.8505754, 27.6943868 ] ], [ [ 68.8524668, 27.6962897 ], [ 68.8520801, 27.6964079 ], [ 68.851817, 27.6963018 ], [ 68.8520694, 27.6963912 ], [ 68.8524668, 27.6962897 ] ] ], [ [ [ 68.8590539, 27.6966097 ], [ 68.8569832, 27.6965337 ], [ 68.8561249, 27.6983006 ], [ 68.8569188, 27.6985381 ], [ 68.8590539, 27.6966097 ] ] ], [ [ [ 68.8606203, 27.6978352 ], [ 68.8597834, 27.6962582 ], [ 68.8570476, 27.6986331 ], [ 68.8588607, 27.6989751 ], [ 68.8606203, 27.6978352 ] ] ], [ [ [ 68.856833, 27.6986996 ], [ 68.8460183, 27.6951563 ], [ 68.8455999, 27.6970467 ], [ 68.846029, 27.6985666 ], [ 68.846426, 27.6983101 ], [ 68.847338, 27.6993931 ], [ 68.8476384, 27.7001815 ], [ 68.8480997, 27.699849 ], [ 68.8498485, 27.700666 ], [ 68.8500416, 27.699868 ], [ 68.8508356, 27.6996495 ], [ 68.8534588, 27.7017061 ], [ 68.856833, 27.6986996 ] ] ], [ [ [ 68.8598585, 27.6995261 ], [ 68.857069, 27.6987281 ], [ 68.8498592, 27.7050735 ], [ 68.8526743, 27.7035118 ], [ 68.8598585, 27.6995261 ] ] ], [ [ [ 68.8614196, 27.6900596 ], [ 68.8606578, 27.6898601 ], [ 68.8602501, 27.6918836 ], [ 68.8616288, 27.6921021 ], [ 68.8614196, 27.6900596 ] ] ], [ [ [ 68.8607919, 27.6898459 ], [ 68.8615, 27.6900739 ], [ 68.8620043, 27.6905774 ], [ 68.8615215, 27.6931708 ], [ 68.8631737, 27.6936553 ], [ 68.8658023, 27.6911094 ], [ 68.8607919, 27.6898459 ] ] ], [ [ [ 68.8715208, 27.6921876 ], [ 68.8722343, 27.6916698 ], [ 68.8691819, 27.6912471 ], [ 68.8692677, 27.6920309 ], [ 68.8715208, 27.6921876 ] ] ], [ [ [ 68.86702, 27.6927434 ], [ 68.8672024, 27.6927339 ], [ 68.8674035, 27.6927791 ], [ 68.867602, 27.6916721 ], [ 68.8668832, 27.6914584 ], [ 68.8665775, 27.6929026 ], [ 68.86702, 27.6927434 ] ] ], [ [ [ 68.8679159, 27.6928953 ], [ 68.8670254, 27.6927505 ], [ 68.866328, 27.6930022 ], [ 68.8661376, 27.6930283 ], [ 68.8658559, 27.6934653 ], [ 68.8661161, 27.6940187 ], [ 68.8678756, 27.6941564 ], [ 68.868404, 27.6934273 ], [ 68.8660566, 27.6932735 ], [ 68.8677147, 27.6932824 ], [ 68.8684094, 27.6934226 ], [ 68.8684442, 27.6936197 ], [ 68.8690236, 27.6936886 ], [ 68.8711345, 27.6929286 ], [ 68.8711882, 27.6922399 ], [ 68.8679159, 27.6928953 ] ] ], [ [ [ 68.8640186, 27.6932278 ], [ 68.8635734, 27.6940068 ], [ 68.8643351, 27.6942206 ], [ 68.8647965, 27.693767 ], [ 68.8640186, 27.6932278 ] ] ], [ [ [ 68.8673177, 27.6942811 ], [ 68.8668993, 27.6950102 ], [ 68.8688546, 27.6952168 ], [ 68.8688197, 27.6943452 ], [ 68.8673177, 27.6942811 ] ] ], [ [ [ 68.860065, 27.6960944 ], [ 68.8608938, 27.6976903 ], [ 68.8633347, 27.6951373 ], [ 68.8629484, 27.6940163 ], [ 68.8622403, 27.6937693 ], [ 68.860065, 27.6960944 ] ] ], [ [ [ 68.8688385, 27.6952988 ], [ 68.8640964, 27.6946813 ], [ 68.862927, 27.6957453 ], [ 68.8619184, 27.6980062 ], [ 68.8667035, 27.6990226 ], [ 68.8691926, 27.6960683 ], [ 68.8688385, 27.6952988 ] ] ] ] } },
{ "type": "Feature", "properties": { "name": "Khanpur", "pop": 142426, "area_km2": 12.9 }, "geometry": { "type": "Polygon", "coordinates": [ [ [ 70.6473341, 28.6306553 ], [ 70.6454866, 28.6297931 ], [ 70.6407418, 28.6336872 ], [ 70.6406432, 28.6351367 ], [ 70.6441556, 28.6378084 ], [ 70.6425658, 28.6393227 ], [ 70.6388932, 28.6379058 ], [ 70.6376484, 28.6419835 ], [ 70.6381907, 28.644601 ], [ 70.642344, 28.645423 ], [ 70.6424795, 28.6466452 ], [ 70.6367981, 28.6466452 ], [ 70.635563, 28.6475752 ], [ 70.6358328, 28.6541574 ], [ 70.6375494, 28.6561157 ], [ 70.6338649, 28.6630512 ], [ 70.6365762, 28.6639487 ], [ 70.6426134, 28.657415 ], [ 70.6450502, 28.658324 ], [ 70.6516277, 28.6591803 ], [ 70.651454, 28.6625928 ], [ 70.6507614, 28.6650518 ], [ 70.6557383, 28.6665965 ], [ 70.6556597, 28.671084 ], [ 70.6600156, 28.6711594 ], [ 70.6602387, 28.6652464 ], [ 70.6642687, 28.6641001 ], [ 70.6649342, 28.659861 ], [ 70.6689149, 28.6610614 ], [ 70.6737812, 28.6607686 ], [ 70.6736353, 28.6626603 ], [ 70.6770084, 28.6637989 ], [ 70.6785618, 28.6627246 ], [ 70.6784072, 28.6597476 ], [ 70.6792773, 28.6582068 ], [ 70.6800699, 28.6542526 ], [ 70.6800163, 28.6537536 ], [ 70.6793296, 28.6537536 ], [ 70.6793725, 28.6531322 ], [ 70.6808531, 28.6531604 ], [ 70.681175, 28.6523131 ], [ 70.6824937, 28.6520431 ], [ 70.6826019, 28.6500817 ], [ 70.6839162, 28.6500346 ], [ 70.6832671, 28.6496298 ], [ 70.680542, 28.6496768 ], [ 70.6805038, 28.6470862 ], [ 70.6798178, 28.6470829 ], [ 70.6797749, 28.6467157 ], [ 70.6784284, 28.6466874 ], [ 70.6784606, 28.6472853 ], [ 70.6791258, 28.6472806 ], [ 70.6791365, 28.6477561 ], [ 70.6778705, 28.6475019 ], [ 70.6782407, 28.6463297 ], [ 70.67032, 28.6445621 ], [ 70.6704864, 28.6409976 ], [ 70.671084, 28.6409235 ], [ 70.6747443, 28.6372676 ], [ 70.675496, 28.6324866 ], [ 70.6730682, 28.6316861 ], [ 70.6699934, 28.6324633 ], [ 70.6683234, 28.6281488 ], [ 70.6665364, 28.6280623 ], [ 70.66523, 28.6300527 ], [ 70.6657353, 28.6309938 ], [ 70.663127, 28.6345727 ], [ 70.6600371, 28.6342713 ], [ 70.6564322, 28.6323127 ], [ 70.6536856, 28.6324633 ], [ 70.6531646, 28.6329625 ], [ 70.6537438, 28.6345634 ], [ 70.651735, 28.6336764 ], [ 70.6493941, 28.6338193 ], [ 70.6473341, 28.6306553 ] ] ] } },
{ "type": "Feature", "properties": { "name": "Zhob", "pop": 50537, "area_km2": 11.8 }, "geometry": { "type": "MultiPolygon", "coordinates": [ [ [ [ 69.443137, 31.3151711 ], [ 69.4420105, 31.3165368 ], [ 69.4412219, 31.3167567 ], [ 69.44134, 31.3171784 ], [ 69.4396502, 31.3178291 ], [ 69.439382, 31.3172104 ], [ 69.4379497, 31.3177191 ], [ 69.4374025, 31.3172059 ], [ 69.432655, 31.3189382 ], [ 69.4317537, 31.317797 ], [ 69.4289052, 31.3191444 ], [ 69.42927, 31.3198684 ], [ 69.4277948, 31.320423 ], [ 69.4269419, 31.319149 ], [ 69.4249839, 31.3197997 ], [ 69.4243938, 31.3191535 ], [ 69.4221729, 31.3201847 ], [ 69.420982, 31.319983 ], [ 69.422484, 31.3229274 ], [ 69.4232565, 31.3229617 ], [ 69.424544, 31.3247443 ], [ 69.4241577, 31.3250193 ], [ 69.4257832, 31.3271638 ], [ 69.4253164, 31.3274204 ], [ 69.4270626, 31.3289257 ], [ 69.4280282, 31.3286623 ], [ 69.4302088, 31.3292465 ], [ 69.4327408, 31.3272463 ], [ 69.4324297, 31.3267239 ], [ 69.4356644, 31.32567 ], [ 69.4361257, 31.3262749 ], [ 69.4374615, 31.3266002 ], [ 69.4396234, 31.3259266 ], [ 69.4399559, 31.3268568 ], [ 69.4413882, 31.3254179 ], [ 69.4455135, 31.3234612 ], [ 69.4460177, 31.3237683 ], [ 69.4470799, 31.3229617 ], [ 69.4467848, 31.3220498 ], [ 69.4485873, 31.3197126 ], [ 69.4482762, 31.3177741 ], [ 69.4462001, 31.315029 ], [ 69.4444299, 31.3156568 ], [ 69.443137, 31.3151711 ] ] ], [ [ [ 69.4479167, 31.321005 ], [ 69.4490915, 31.3263528 ], [ 69.4503254, 31.3267835 ], [ 69.4524658, 31.3263573 ], [ 69.4536138, 31.3255096 ], [ 69.4542895, 31.3257891 ], [ 69.453324, 31.3264811 ], [ 69.4487321, 31.3274594 ], [ 69.4491989, 31.3302478 ], [ 69.4441375, 31.3308692 ], [ 69.4466105, 31.334367 ], [ 69.4466188, 31.3349411 ], [ 69.4455376, 31.3358836 ], [ 69.4439122, 31.3361036 ], [ 69.4433932, 31.3368539 ], [ 69.4409034, 31.3369863 ], [ 69.4408852, 31.3363075 ], [ 69.4415497, 31.3358167 ], [ 69.4413713, 31.3342642 ], [ 69.4421452, 31.3333798 ], [ 69.4422473, 31.330834 ], [ 69.4310725, 31.3325044 ], [ 69.433701, 31.3346832 ], [ 69.4345325, 31.3338722 ], [ 69.4363081, 31.3350452 ], [ 69.4350524, 31.3359619 ], [ 69.4419931, 31.3426538 ], [ 69.4432227, 31.3425746 ], [ 69.4447237, 31.3448756 ], [ 69.4461369, 31.3459669 ], [ 69.4465801, 31.3454564 ], [ 69.4481532, 31.3460225 ], [ 69.4496199, 31.3459405 ], [ 69.4499501, 31.3453933 ], [ 69.451761, 31.3459517 ], [ 69.4514601, 31.3454507 ], [ 69.4536424, 31.3453288 ], [ 69.4545498, 31.3442853 ], [ 69.4598561, 31.3450824 ], [ 69.4594607, 31.3491632 ], [ 69.4607648, 31.3498636 ], [ 69.4618689, 31.34976 ], [ 69.4615834, 31.3514471 ], [ 69.4602493, 31.3513206 ], [ 69.4603215, 31.3509182 ], [ 69.457553, 31.3508509 ], [ 69.4571546, 31.3501462 ], [ 69.454679, 31.3501193 ], [ 69.4522887, 31.3485535 ], [ 69.4482437, 31.3483716 ], [ 69.4499076, 31.3509546 ], [ 69.4508776, 31.3507905 ], [ 69.4522987, 31.3523621 ], [ 69.4618424, 31.3524602 ], [ 69.462838, 31.3528385 ], [ 69.4635354, 31.3457771 ], [ 69.4641673, 31.3458059 ], [ 69.4644594, 31.3446301 ], [ 69.4673855, 31.3449435 ], [ 69.4679227, 31.3462928 ], [ 69.475448, 31.3466988 ], [ 69.4771277, 31.347235 ], [ 69.4771317, 31.3467702 ], [ 69.4783922, 31.3467845 ], [ 69.4753075, 31.34808 ], [ 69.4708496, 31.3471179 ], [ 69.4701415, 31.3480983 ], [ 69.469589, 31.3476035 ], [ 69.4679126, 31.3479356 ], [ 69.4692296, 31.3493856 ], [ 69.4687629, 31.3504576 ], [ 69.4720942, 31.351186 ], [ 69.4723785, 31.3519603 ], [ 69.4749856, 31.3519465 ], [ 69.4750875, 31.3523909 ], [ 69.4773084, 31.3523451 ], [ 69.4781184, 31.3528536 ], [ 69.4844055, 31.3514884 ], [ 69.4897699, 31.3477684 ], [ 69.4841695, 31.346197 ], [ 69.4821426, 31.3468273 ], [ 69.4817397, 31.3452623 ], [ 69.4800987, 31.3449015 ], [ 69.4797015, 31.3440562 ], [ 69.4778751, 31.3432301 ], [ 69.4747055, 31.3428027 ], [ 69.4736337, 31.3408241 ], [ 69.4708326, 31.3415811 ], [ 69.4712206, 31.3427959 ], [ 69.469024, 31.3432341 ], [ 69.4687018, 31.3420108 ], [ 69.4695756, 31.341432 ], [ 69.4685652, 31.3415955 ], [ 69.4665604, 31.3400286 ], [ 69.4590762, 31.337056 ], [ 69.4615679, 31.3360026 ], [ 69.4624704, 31.3322043 ], [ 69.4633287, 31.3308892 ], [ 69.468382, 31.3269347 ], [ 69.4675466, 31.325982 ], [ 69.4642264, 31.324271 ], [ 69.4620949, 31.3239057 ], [ 69.464534, 31.3233179 ], [ 69.465899, 31.3238328 ], [ 69.4668767, 31.3232221 ], [ 69.4623331, 31.3179137 ], [ 69.4617749, 31.3182624 ], [ 69.4605607, 31.3168438 ], [ 69.4522887, 31.3220108 ], [ 69.4503522, 31.3198685 ], [ 69.4479167, 31.321005 ] ] ], [ [ [ 69.4307265, 31.3322226 ], [ 69.4476995, 31.3300805 ], [ 69.447332, 31.327787 ], [ 69.4345754, 31.3289326 ], [ 69.4346613, 31.3293084 ], [ 69.4309008, 31.3298857 ], [ 69.4310671, 31.3305547 ], [ 69.4317537, 31.3304906 ], [ 69.4320166, 31.3318881 ], [ 69.4307265, 31.3322226 ] ] ], [ [ [ 69.4318074, 31.3388252 ], [ 69.4320702, 31.3378035 ], [ 69.4314051, 31.3376935 ], [ 69.4316143, 31.336965 ], [ 69.4301122, 31.3365893 ], [ 69.4294953, 31.3393933 ], [ 69.4307882, 31.3396408 ], [ 69.4311047, 31.3386648 ], [ 69.4318074, 31.3388252 ] ] ], [ [ [ 69.4197964, 31.337217 ], [ 69.4194531, 31.3384083 ], [ 69.418745, 31.3384266 ], [ 69.4186592, 31.3379501 ], [ 69.417479, 31.3380967 ], [ 69.4178867, 31.3406808 ], [ 69.4196033, 31.3408091 ], [ 69.4195175, 31.3413589 ], [ 69.4200754, 31.3414505 ], [ 69.4199681, 31.3423119 ], [ 69.4206118, 31.3411756 ], [ 69.4219208, 31.3412306 ], [ 69.4218349, 31.342092 ], [ 69.422822, 31.342147 ], [ 69.4233155, 31.3408274 ], [ 69.4242382, 31.3408641 ], [ 69.4242382, 31.3416338 ], [ 69.425354, 31.3416521 ], [ 69.4252896, 31.3405892 ], [ 69.42662, 31.3400944 ], [ 69.4265985, 31.3389214 ], [ 69.4272208, 31.3388481 ], [ 69.4272208, 31.3384266 ], [ 69.42456, 31.3373636 ], [ 69.4245815, 31.3362273 ], [ 69.4231868, 31.3358974 ], [ 69.4231438, 31.3349993 ], [ 69.4218349, 31.3345961 ], [ 69.4214701, 31.3356958 ], [ 69.4221139, 31.3357508 ], [ 69.4221782, 31.3372537 ], [ 69.4197964, 31.337217 ] ] ], [ [ [ 69.4283688, 31.3470217 ], [ 69.4294417, 31.3495964 ], [ 69.4294739, 31.3449967 ], [ 69.428755, 31.3440575 ], [ 69.427945, 31.3442682 ], [ 69.4275718, 31.3457376 ], [ 69.4279422, 31.3470702 ], [ 69.4283688, 31.3470217 ] ] ], [ [ [ 69.417538, 31.3552174 ], [ 69.4235837, 31.3552266 ], [ 69.4236267, 31.3543195 ], [ 69.4263571, 31.3541958 ], [ 69.426384, 31.3545852 ], [ 69.4282186, 31.3545394 ], [ 69.4283044, 31.355506 ], [ 69.4298923, 31.3553228 ], [ 69.4292217, 31.3526199 ], [ 69.4297099, 31.3524321 ], [ 69.4295168, 31.3515205 ], [ 69.428113, 31.3517541 ], [ 69.427591, 31.3502102 ], [ 69.424501, 31.3506088 ], [ 69.4244313, 31.3481716 ], [ 69.423538, 31.3481359 ], [ 69.423573, 31.3473699 ], [ 69.4226074, 31.3477913 ], [ 69.422543, 31.3473699 ], [ 69.4218349, 31.3472599 ], [ 69.4214701, 31.3479379 ], [ 69.4206977, 31.3479013 ], [ 69.4206333, 31.3484327 ], [ 69.4199252, 31.348616 ], [ 69.4183159, 31.3477913 ], [ 69.4148988, 31.3479402 ], [ 69.4157839, 31.3493856 ], [ 69.4144749, 31.3503019 ], [ 69.4150758, 31.3504302 ], [ 69.4148612, 31.3515113 ], [ 69.4183159, 31.3514014 ], [ 69.4184446, 31.3505768 ], [ 69.4189811, 31.3506867 ], [ 69.4189596, 31.3525741 ], [ 69.4176292, 31.3529131 ], [ 69.417538, 31.3552174 ] ] ], [ [ [ 69.4395107, 31.3545532 ], [ 69.4395053, 31.3541592 ], [ 69.4407552, 31.354118 ], [ 69.4406748, 31.3536873 ], [ 69.4379121, 31.3537904 ], [ 69.4373059, 31.3562527 ], [ 69.4400686, 31.356381 ], [ 69.440192, 31.3546035 ], [ 69.4395107, 31.3545532 ] ] ] ] } },
{ "type": "Feature", "properties": { "name": "Jacobabad", "pop": 219315, "area_km2": 11.72 }, "geometry": { "type": "MultiPolygon", "coordinates": [ [ [ [ 68.4259361, 28.2635232 ], [ 68.426258, 28.2630412 ], [ 68.4329796, 28.2614395 ], [ 68.4318574, 28.2597411 ], [ 68.4329803, 28.2590605 ], [ 68.4327274, 28.2577621 ], [ 68.4368327, 28.2591136 ], [ 68.4342048, 28.2568446 ], [ 68.4327599, 28.257281 ], [ 68.4315837, 28.2561946 ], [ 68.4306613, 28.2566644 ], [ 68.4275776, 28.2565348 ], [ 68.4267569, 28.25765 ], [ 68.4245467, 28.2587509 ], [ 68.4242678, 28.259918 ], [ 68.4240746, 28.2610426 ], [ 68.4245467, 28.2614017 ], [ 68.4239834, 28.261945 ], [ 68.4237206, 28.2634145 ], [ 68.4259361, 28.2635232 ] ] ], [ [ [ 68.4161782, 28.2699818 ], [ 68.4195685, 28.2684558 ], [ 68.420282, 28.2688999 ], [ 68.4222186, 28.267303 ], [ 68.422637, 28.2664053 ], [ 68.4211242, 28.2645862 ], [ 68.4185788, 28.2653162 ], [ 68.416838, 28.262616 ], [ 68.4133458, 28.2652052 ], [ 68.409757, 28.2664242 ], [ 68.4101915, 28.2708842 ], [ 68.4121978, 28.2710165 ], [ 68.4127718, 28.2700858 ], [ 68.4161782, 28.2699818 ] ] ], [ [ [ 68.4152395, 28.2744772 ], [ 68.4154111, 28.2735359 ], [ 68.4159398, 28.2733575 ], [ 68.4200288, 28.2736018 ], [ 68.4200384, 28.2732955 ], [ 68.4128844, 28.2730805 ], [ 68.4127674, 28.2737731 ], [ 68.4152395, 28.2744772 ] ] ], [ [ [ 68.4066294, 28.2801986 ], [ 68.4072656, 28.281363 ], [ 68.4061887, 28.2818668 ], [ 68.4066446, 28.2828132 ], [ 68.4085592, 28.2816981 ], [ 68.4075842, 28.2798963 ], [ 68.4066294, 28.2801986 ] ] ], [ [ [ 68.4184903, 28.2913017 ], [ 68.4228189, 28.2913128 ], [ 68.4241605, 28.2918261 ], [ 68.4274167, 28.2900405 ], [ 68.4278504, 28.2908667 ], [ 68.4252439, 28.2920692 ], [ 68.4261909, 28.2938007 ], [ 68.4243582, 28.2945075 ], [ 68.4252132, 28.295784 ], [ 68.423607, 28.2963127 ], [ 68.4237425, 28.2972297 ], [ 68.4263378, 28.2979958 ], [ 68.4261254, 28.2993138 ], [ 68.4265514, 28.2993946 ], [ 68.4283186, 28.298559 ], [ 68.4281733, 28.2980849 ], [ 68.4290185, 28.2975947 ], [ 68.4285482, 28.2963579 ], [ 68.4294015, 28.2951089 ], [ 68.4318385, 28.2944442 ], [ 68.4330396, 28.2977451 ], [ 68.4299755, 28.3008383 ], [ 68.4320193, 28.301509 ], [ 68.4320837, 28.3028551 ], [ 68.4348316, 28.3011453 ], [ 68.4354056, 28.3016767 ], [ 68.4354874, 28.3026638 ], [ 68.4369684, 28.3015972 ], [ 68.4370888, 28.3023572 ], [ 68.4363403, 28.303578 ], [ 68.4365145, 28.3084803 ], [ 68.437577, 28.3090279 ], [ 68.4393269, 28.3088078 ], [ 68.4394002, 28.3058691 ], [ 68.4389253, 28.3058267 ], [ 68.4394812, 28.3029543 ], [ 68.4410691, 28.3028221 ], [ 68.4409082, 28.2994403 ], [ 68.4388268, 28.2989868 ], [ 68.4386018, 28.2972032 ], [ 68.4374374, 28.2971235 ], [ 68.4382206, 28.2934935 ], [ 68.4366623, 28.2914482 ], [ 68.4373757, 28.2893414 ], [ 68.4398782, 28.2897028 ], [ 68.4397153, 28.2881457 ], [ 68.4454384, 28.2861021 ], [ 68.447371, 28.2844038 ], [ 68.4562397, 28.2714441 ], [ 68.4563041, 28.2700952 ], [ 68.4550166, 28.2678416 ], [ 68.4568298, 28.2663793 ], [ 68.4614968, 28.2652666 ], [ 68.4614324, 28.2643973 ], [ 68.4668426, 28.2644713 ], [ 68.4668971, 28.2617591 ], [ 68.4640937, 28.2622043 ], [ 68.4624446, 28.2618276 ], [ 68.4558298, 28.2636446 ], [ 68.4551941, 28.2634086 ], [ 68.4548281, 28.2619895 ], [ 68.4578449, 28.2580683 ], [ 68.4569073, 28.2568615 ], [ 68.4559543, 28.2580462 ], [ 68.4540193, 28.2572647 ], [ 68.4519437, 28.2587645 ], [ 68.4511507, 28.2551471 ], [ 68.44474, 28.2611213 ], [ 68.4467785, 28.263464 ], [ 68.4439707, 28.2659767 ], [ 68.4414028, 28.2636284 ], [ 68.439794, 28.2637961 ], [ 68.439794, 28.2644463 ], [ 68.4337345, 28.2666979 ], [ 68.4317082, 28.2705063 ], [ 68.431381, 28.2727835 ], [ 68.4218967, 28.2732607 ], [ 68.4229267, 28.2757646 ], [ 68.4221864, 28.2766244 ], [ 68.4196007, 28.2766717 ], [ 68.418045, 28.2784952 ], [ 68.4171867, 28.2802526 ], [ 68.4161085, 28.2851514 ], [ 68.4171119, 28.2889145 ], [ 68.4184903, 28.2913017 ] ] ] ] } },
{ "type": "Feature", "properties": { "name": "Mastung", "pop": 29082, "area_km2": 11.31 }, "geometry": { "type": "Polygon", "coordinates": [ [ [ 66.8339372, 29.7842647 ], [ 66.8359678, 29.7874636 ], [ 66.8367617, 29.787445 ], [ 66.8378775, 29.7889721 ], [ 66.8369548, 29.789121 ], [ 66.8368904, 29.7895866 ], [ 66.8375127, 29.7923426 ], [ 66.8382208, 29.7934599 ], [ 66.8378775, 29.7945772 ], [ 66.83865, 29.7951358 ], [ 66.8356459, 29.7966628 ], [ 66.8354742, 29.7974448 ], [ 66.8362682, 29.7986179 ], [ 66.8360107, 29.7993255 ], [ 66.8341439, 29.7999214 ], [ 66.8333285, 29.7979103 ], [ 66.8325989, 29.7979662 ], [ 66.8325131, 29.7971841 ], [ 66.8306033, 29.7980221 ], [ 66.8304531, 29.7975007 ], [ 66.831011, 29.7971841 ], [ 66.8307965, 29.7956945 ], [ 66.8294661, 29.7926778 ], [ 66.8342297, 29.7907598 ], [ 66.8351095, 29.7889907 ], [ 66.8344228, 29.7877243 ], [ 66.8286936, 29.7918212 ], [ 66.8280928, 29.7928082 ], [ 66.8283932, 29.7946889 ], [ 66.8260329, 29.7953965 ], [ 66.8251746, 29.7944096 ], [ 66.8269555, 29.7934972 ], [ 66.8272345, 29.7927895 ], [ 66.8264406, 29.7932737 ], [ 66.8246381, 29.7926964 ], [ 66.822664, 29.7950613 ], [ 66.8234365, 29.79562 ], [ 66.8204968, 29.7980034 ], [ 66.8209045, 29.7993627 ], [ 66.8226211, 29.79886 ], [ 66.8230717, 29.7995489 ], [ 66.8253248, 29.7988786 ], [ 66.8258397, 29.8006475 ], [ 66.8241231, 29.8013179 ], [ 66.824681, 29.8020999 ], [ 66.8232219, 29.8026026 ], [ 66.8241446, 29.8042598 ], [ 66.8227498, 29.805079 ], [ 66.8229215, 29.8055073 ], [ 66.8241017, 29.8050604 ], [ 66.8244665, 29.8058052 ], [ 66.8239086, 29.8068851 ], [ 66.8245308, 29.8083932 ], [ 66.8212907, 29.8099758 ], [ 66.8223421, 29.8113163 ], [ 66.8214409, 29.8120796 ], [ 66.8225353, 29.8139414 ], [ 66.816334, 29.8161755 ], [ 66.8153255, 29.815375 ], [ 66.8174283, 29.8144999 ], [ 66.8169348, 29.8115211 ], [ 66.8082445, 29.816492 ], [ 66.8093817, 29.8191542 ], [ 66.8141453, 29.8165478 ], [ 66.8148963, 29.8178697 ], [ 66.816098, 29.818 ], [ 66.8173854, 29.8210159 ], [ 66.8190591, 29.8206808 ], [ 66.8194454, 29.8217977 ], [ 66.8232648, 29.8210345 ], [ 66.8232219, 29.8176276 ], [ 66.8268483, 29.8157101 ], [ 66.8283288, 29.8157287 ], [ 66.8292944, 29.8170691 ], [ 66.8309252, 29.8161569 ], [ 66.8317406, 29.817367 ], [ 66.8312685, 29.8178138 ], [ 66.8324058, 29.8194893 ], [ 66.8313329, 29.8228216 ], [ 66.831805, 29.8239758 ], [ 66.8363755, 29.8223376 ], [ 66.83762, 29.8236593 ], [ 66.8388431, 29.823287 ], [ 66.8398087, 29.8221142 ], [ 66.8373196, 29.8195265 ], [ 66.8362896, 29.8195452 ], [ 66.8356244, 29.8178138 ], [ 66.8331783, 29.8182234 ], [ 66.8333714, 29.8174229 ], [ 66.8324058, 29.8164361 ], [ 66.8380492, 29.8129547 ], [ 66.836869, 29.8111115 ], [ 66.8357317, 29.811819 ], [ 66.8346374, 29.8102178 ], [ 66.8371694, 29.8096965 ], [ 66.8377058, 29.8103854 ], [ 66.8455379, 29.8060845 ], [ 66.8441431, 29.8043343 ], [ 66.8453233, 29.8039805 ], [ 66.8476837, 29.8076857 ], [ 66.8437354, 29.8094917 ], [ 66.8458168, 29.8114652 ], [ 66.8475978, 29.8111487 ], [ 66.8469756, 29.8143324 ], [ 66.8476837, 29.8151516 ], [ 66.8493144, 29.8146116 ], [ 66.8489711, 29.8131595 ], [ 66.8505804, 29.812061 ], [ 66.8514388, 29.8132712 ], [ 66.8516962, 29.814742 ], [ 66.8538849, 29.8144627 ], [ 66.8548076, 29.8151702 ], [ 66.8555801, 29.8150398 ], [ 66.8554728, 29.8159521 ], [ 66.8595498, 29.815617 ], [ 66.8580906, 29.8140904 ], [ 66.8605797, 29.8124892 ], [ 66.8625967, 29.8165665 ], [ 66.8583267, 29.8177766 ], [ 66.8592923, 29.8216674 ], [ 66.8623257, 29.8213737 ], [ 66.862433, 29.8189722 ], [ 66.867261, 29.818302 ], [ 66.8670893, 29.8170547 ], [ 66.8688703, 29.8160866 ], [ 66.8672181, 29.8142248 ], [ 66.8696213, 29.813294 ], [ 66.868248, 29.8113205 ], [ 66.867733, 29.8117487 ], [ 66.8674326, 29.8104826 ], [ 66.8679691, 29.810464 ], [ 66.867261, 29.8083043 ], [ 66.8656946, 29.8064051 ], [ 66.8634844, 29.8063679 ], [ 66.8633128, 29.8054742 ], [ 66.8669606, 29.8050832 ], [ 66.8668962, 29.8034633 ], [ 66.8632913, 29.8039474 ], [ 66.8630767, 29.8031654 ], [ 66.8620682, 29.8031654 ], [ 66.8615962, 29.8021041 ], [ 66.86548, 29.7999441 ], [ 66.8643427, 29.7984359 ], [ 66.8625618, 29.7995345 ], [ 66.8614245, 29.7970207 ], [ 66.8590642, 29.7974304 ], [ 66.8578196, 29.7955124 ], [ 66.8559099, 29.7937993 ], [ 66.8555666, 29.7926075 ], [ 66.8585277, 29.7914529 ], [ 66.8577123, 29.7905032 ], [ 66.8556524, 29.7905405 ], [ 66.8547082, 29.7881196 ], [ 66.8536997, 29.7882686 ], [ 66.852541, 29.7892928 ], [ 66.8514896, 29.788939 ], [ 66.8497301, 29.7899446 ], [ 66.8495155, 29.7905591 ], [ 66.8476701, 29.7913226 ], [ 66.8459535, 29.7915833 ], [ 66.8457389, 29.7911178 ], [ 66.8432499, 29.7915461 ], [ 66.8428207, 29.7920116 ], [ 66.8411899, 29.7909315 ], [ 66.8399668, 29.7915461 ], [ 66.839366, 29.7902239 ], [ 66.8405247, 29.7892742 ], [ 66.8380571, 29.7868532 ], [ 66.839366, 29.7853076 ], [ 66.840396, 29.7855869 ], [ 66.8430138, 29.7876726 ], [ 66.8440223, 29.7871698 ], [ 66.8428422, 29.7846558 ], [ 66.8434215, 29.7840412 ], [ 66.8412543, 29.7820671 ], [ 66.8403745, 29.7827562 ], [ 66.8402887, 29.7836129 ], [ 66.8394304, 29.7840226 ], [ 66.8383146, 29.7813594 ], [ 66.838379, 29.7802047 ], [ 66.8374563, 29.7797391 ], [ 66.8343235, 29.7818809 ], [ 66.8353749, 29.7836687 ], [ 66.8339372, 29.7842647 ] ] ] } },
{ "type": "Feature", "properties": { "name": "Dera Murad Jamali", "pop": 106952, "area_km2": 10.69 }, "geometry": { "type": "MultiPolygon", "coordinates": [ [ [ [ 68.1948187, 28.5431893 ], [ 68.1946255, 28.545357 ], [ 68.1972434, 28.5454701 ], [ 68.1973077, 28.5480901 ], [ 68.1955053, 28.5484294 ], [ 68.195677, 28.5491456 ], [ 68.1948412, 28.5489109 ], [ 68.1945183, 28.5494971 ], [ 68.228888, 28.5701476 ], [ 68.2299449, 28.5688029 ], [ 68.2271273, 28.5668445 ], [ 68.226911, 28.566087 ], [ 68.2238509, 28.5649961 ], [ 68.2227565, 28.5637146 ], [ 68.2227995, 28.5629607 ], [ 68.2214691, 28.5629231 ], [ 68.2215978, 28.5649584 ], [ 68.2209326, 28.5647888 ], [ 68.2214905, 28.561453 ], [ 68.2205689, 28.5606989 ], [ 68.2211255, 28.557514 ], [ 68.222525, 28.5575136 ], [ 68.222782, 28.5554218 ], [ 68.225038, 28.5556206 ], [ 68.2250559, 28.5520859 ], [ 68.2274607, 28.5522249 ], [ 68.2270052, 28.5511436 ], [ 68.2315971, 28.5511436 ], [ 68.2315551, 28.5478861 ], [ 68.2306713, 28.5478766 ], [ 68.2307933, 28.5463746 ], [ 68.2318117, 28.5464691 ], [ 68.2318975, 28.5450139 ], [ 68.2328239, 28.5450139 ], [ 68.2329264, 28.5421 ], [ 68.2283555, 28.5420648 ], [ 68.2286789, 28.5411724 ], [ 68.2307089, 28.5414176 ], [ 68.2306853, 28.5406651 ], [ 68.2324125, 28.540588 ], [ 68.2324769, 28.5386088 ], [ 68.2307444, 28.5382998 ], [ 68.2312461, 28.5368892 ], [ 68.2321268, 28.5363759 ], [ 68.2327787, 28.5366587 ], [ 68.2328253, 28.5361508 ], [ 68.2357269, 28.5367647 ], [ 68.2367255, 28.5342165 ], [ 68.2357125, 28.5340477 ], [ 68.2366312, 28.5325361 ], [ 68.233459, 28.5315669 ], [ 68.2393138, 28.5234037 ], [ 68.2404989, 28.5238486 ], [ 68.2431475, 28.5199624 ], [ 68.2413699, 28.5188601 ], [ 68.2349636, 28.5188072 ], [ 68.2350578, 28.5216614 ], [ 68.2381202, 28.5217739 ], [ 68.2359316, 28.5246208 ], [ 68.2266189, 28.5245077 ], [ 68.2266618, 28.5266003 ], [ 68.2250267, 28.5265804 ], [ 68.223293, 28.5285987 ], [ 68.222263, 28.5285044 ], [ 68.222778, 28.525997 ], [ 68.2225373, 28.5248233 ], [ 68.2193939, 28.5247725 ], [ 68.2192589, 28.5273921 ], [ 68.2175423, 28.5273356 ], [ 68.2178213, 28.5246019 ], [ 68.2163815, 28.5246029 ], [ 68.2166196, 28.5286929 ], [ 68.2198244, 28.5290809 ], [ 68.2199867, 28.5318557 ], [ 68.2184404, 28.5318704 ], [ 68.2182379, 28.530579 ], [ 68.2171731, 28.5304659 ], [ 68.2171346, 28.5293716 ], [ 68.214903, 28.5293151 ], [ 68.214903, 28.5283536 ], [ 68.2143798, 28.5283169 ], [ 68.2143149, 28.5295031 ], [ 68.2112934, 28.5294848 ], [ 68.2113132, 28.5304263 ], [ 68.2095171, 28.5304106 ], [ 68.2094099, 28.5310683 ], [ 68.2102503, 28.5311069 ], [ 68.2101609, 28.5362392 ], [ 68.212337, 28.5361991 ], [ 68.2121787, 28.5379722 ], [ 68.2090634, 28.5378592 ], [ 68.2090527, 28.5370073 ], [ 68.2081421, 28.5370003 ], [ 68.2081595, 28.5362368 ], [ 68.2041537, 28.5361357 ], [ 68.2040665, 28.5380536 ], [ 68.2032696, 28.5380117 ], [ 68.2028943, 28.5392235 ], [ 68.2001021, 28.5390762 ], [ 68.19999, 28.5420583 ], [ 68.1958701, 28.5419075 ], [ 68.1958272, 28.5432082 ], [ 68.1948187, 28.5431893 ] ] ], [ [ [ 68.2338256, 28.571442 ], [ 68.2341796, 28.5707636 ], [ 68.2336163, 28.5704998 ], [ 68.2326481, 28.5713172 ], [ 68.2338256, 28.571442 ] ] ] ] } },
{ "type": "Feature", "properties": { "name": "Daharki", "pop": 90177, "area_km2": 8.95 }, "geometry": { "type": "Polygon", "coordinates": [ [ [ 69.6891822, 28.0419821 ], [ 69.6913279, 28.0419442 ], [ 69.691655, 28.0389759 ], [ 69.6949328, 28.0389898 ], [ 69.6894371, 28.0305649 ], [ 69.6818475, 28.0295811 ], [ 69.6818436, 28.0301638 ], [ 69.6794833, 28.0302395 ], [ 69.6779581, 28.0313497 ], [ 69.669999, 28.0294819 ], [ 69.6693985, 28.029724 ], [ 69.6689373, 28.0332417 ], [ 69.6818795, 28.0359795 ], [ 69.6818062, 28.0372684 ], [ 69.6824445, 28.0375883 ], [ 69.6808821, 28.0430999 ], [ 69.6698273, 28.0418685 ], [ 69.6680678, 28.0434593 ], [ 69.667467, 28.0433835 ], [ 69.6672953, 28.044179 ], [ 69.6658058, 28.0450845 ], [ 69.6657248, 28.0459805 ], [ 69.6641196, 28.0469439 ], [ 69.6655787, 28.0489134 ], [ 69.6700848, 28.0470197 ], [ 69.6711148, 28.0470575 ], [ 69.6725739, 28.0486104 ], [ 69.6736468, 28.048118 ], [ 69.6741085, 28.0485904 ], [ 69.6720589, 28.0500118 ], [ 69.6724881, 28.0519812 ], [ 69.6752776, 28.052057 ], [ 69.6754922, 28.0515646 ], [ 69.6762217, 28.0519433 ], [ 69.6760501, 28.0536098 ], [ 69.6779383, 28.0545566 ], [ 69.6793116, 28.0564502 ], [ 69.67811, 28.0574728 ], [ 69.6793546, 28.0584574 ], [ 69.6779813, 28.0597829 ], [ 69.6775969, 28.0616003 ], [ 69.67851, 28.0628671 ], [ 69.6782235, 28.0634107 ], [ 69.6786253, 28.0640184 ], [ 69.6809271, 28.0652855 ], [ 69.6819724, 28.0636457 ], [ 69.685191, 28.0641759 ], [ 69.6854623, 28.0588822 ], [ 69.6864832, 28.0593847 ], [ 69.6874656, 28.058003 ], [ 69.6888311, 28.0586357 ], [ 69.6905984, 28.0550868 ], [ 69.6943749, 28.0553898 ], [ 69.6944608, 28.0565638 ], [ 69.6977862, 28.0569406 ], [ 69.6975077, 28.0579272 ], [ 69.6969498, 28.0581166 ], [ 69.6966923, 28.0598208 ], [ 69.6976365, 28.0598587 ], [ 69.6976365, 28.0605025 ], [ 69.6961344, 28.0605403 ], [ 69.6961344, 28.0638729 ], [ 69.6969069, 28.0639108 ], [ 69.6973361, 28.0631913 ], [ 69.7004689, 28.0634942 ], [ 69.7017993, 28.0614114 ], [ 69.7031297, 28.0611463 ], [ 69.7036148, 28.0603932 ], [ 69.7050299, 28.0601868 ], [ 69.7051038, 28.0610705 ], [ 69.7056617, 28.0610705 ], [ 69.7065629, 28.0650847 ], [ 69.7072066, 28.0653498 ], [ 69.7144593, 28.0633427 ], [ 69.7130431, 28.0616386 ], [ 69.710554, 28.0625853 ], [ 69.7099961, 28.0621688 ], [ 69.7093095, 28.0593285 ], [ 69.7078503, 28.0593663 ], [ 69.7073783, 28.0586468 ], [ 69.7081507, 28.0580408 ], [ 69.7083224, 28.0555792 ], [ 69.7104628, 28.0549764 ], [ 69.712571, 28.0555034 ], [ 69.7132493, 28.0537146 ], [ 69.7122706, 28.0526251 ], [ 69.7122706, 28.0510344 ], [ 69.7170342, 28.0516025 ], [ 69.7172488, 28.049936 ], [ 69.715618, 28.049936 ], [ 69.7156609, 28.04933 ], [ 69.7165192, 28.0488377 ], [ 69.7169931, 28.047874 ], [ 69.7158326, 28.0473227 ], [ 69.7159184, 28.0463 ], [ 69.7123994, 28.0454289 ], [ 69.7094382, 28.0459591 ], [ 69.7093611, 28.0469366 ], [ 69.7079553, 28.0472148 ], [ 69.7079362, 28.0463 ], [ 69.7049321, 28.0467545 ], [ 69.7014989, 28.0441411 ], [ 69.7005976, 28.0445577 ], [ 69.7010268, 28.0458834 ], [ 69.7002114, 28.0463758 ], [ 69.699235, 28.0463293 ], [ 69.6978511, 28.0454289 ], [ 69.6967353, 28.0457698 ], [ 69.6967353, 28.0473984 ], [ 69.6872229, 28.0453723 ], [ 69.6866502, 28.0445956 ], [ 69.6886243, 28.0430048 ], [ 69.6891822, 28.0419821 ] ] ] } },
{ "type": "Feature", "properties": { "name": "Shikarpur", "pop": 204938, "area_km2": 8.73 }, "geometry": { "type": "MultiPolygon", "coordinates": [ [ [ [ 68.6453856, 27.9323084 ], [ 68.6453761, 27.9318728 ], [ 68.6447587, 27.9318898 ], [ 68.6447348, 27.9323253 ], [ 68.6453856, 27.9323084 ] ] ], [ [ [ 68.6291984, 27.9352351 ], [ 68.6301234, 27.9346127 ], [ 68.6300224, 27.9342609 ], [ 68.6293179, 27.9343312 ], [ 68.6291984, 27.9352351 ] ] ], [ [ [ 68.6252262, 27.9470763 ], [ 68.6255665, 27.948886 ], [ 68.6287124, 27.9491013 ], [ 68.6286651, 27.9508292 ], [ 68.6283183, 27.9522 ], [ 68.6243859, 27.9526553 ], [ 68.6244607, 27.9535305 ], [ 68.6265108, 27.9548931 ], [ 68.6261822, 27.9557156 ], [ 68.6266204, 27.9563606 ], [ 68.6253046, 27.9578153 ], [ 68.6291364, 27.9587915 ], [ 68.6292825, 27.9596301 ], [ 68.6286406, 27.9614429 ], [ 68.6276893, 27.9611851 ], [ 68.6269481, 27.9616848 ], [ 68.6255436, 27.9612713 ], [ 68.6249779, 27.9626496 ], [ 68.6236211, 27.9629062 ], [ 68.622481, 27.9659232 ], [ 68.622559, 27.966509 ], [ 68.6233783, 27.9667674 ], [ 68.6224029, 27.9677322 ], [ 68.6219503, 27.9698508 ], [ 68.6222859, 27.9702648 ], [ 68.6262068, 27.9699892 ], [ 68.6289183, 27.9715053 ], [ 68.6378525, 27.9703338 ], [ 68.6397366, 27.9709173 ], [ 68.6385883, 27.9742371 ], [ 68.6408494, 27.975121 ], [ 68.6447795, 27.9648627 ], [ 68.6490885, 27.9644587 ], [ 68.649225, 27.9639935 ], [ 68.6510002, 27.9643726 ], [ 68.6514001, 27.9627865 ], [ 68.6595052, 27.958859 ], [ 68.6574179, 27.957808 ], [ 68.6575935, 27.956016 ], [ 68.6538482, 27.9558093 ], [ 68.6540518, 27.954175 ], [ 68.65264, 27.9539528 ], [ 68.653419, 27.9481586 ], [ 68.6554673, 27.9484687 ], [ 68.6557404, 27.9468145 ], [ 68.6532825, 27.9459701 ], [ 68.6537897, 27.9421789 ], [ 68.6551356, 27.9424891 ], [ 68.6553697, 27.9388874 ], [ 68.6530289, 27.9386117 ], [ 68.6529313, 27.9369055 ], [ 68.6509494, 27.9370672 ], [ 68.650473, 27.9361317 ], [ 68.6483528, 27.9367458 ], [ 68.6457659, 27.9413141 ], [ 68.6418164, 27.940979 ], [ 68.6413695, 27.9429647 ], [ 68.6396655, 27.9427358 ], [ 68.6401883, 27.9409766 ], [ 68.6379823, 27.9418707 ], [ 68.6379503, 27.9386455 ], [ 68.6351436, 27.9393666 ], [ 68.6357652, 27.9421789 ], [ 68.6328782, 27.9421617 ], [ 68.6328001, 27.9429199 ], [ 68.6315127, 27.9430578 ], [ 68.6315892, 27.9455542 ], [ 68.6322975, 27.9453685 ], [ 68.6313394, 27.9457401 ], [ 68.6294933, 27.9459465 ], [ 68.629505, 27.9466174 ], [ 68.6313978, 27.9465142 ], [ 68.6314095, 27.9470509 ], [ 68.6296497, 27.9470425 ], [ 68.629342, 27.9477219 ], [ 68.6287082, 27.9474472 ], [ 68.6288168, 27.9469867 ], [ 68.6252262, 27.9470763 ] ], [ [ 68.6393503, 27.9435193 ], [ 68.640030008321759, 27.943477053267348 ], [ 68.639373375064864, 27.943682446110742 ], [ 68.6393503, 27.9435193 ] ], [ [ 68.6413339, 27.9430692 ], [ 68.6392613, 27.9427467 ], [ 68.63817665551295, 27.942542884594875 ], [ 68.6413339, 27.9430692 ] ], [ [ 68.638068908939672, 27.942524923147293 ], [ 68.6346577, 27.9447389 ], [ 68.6339801, 27.9447182 ], [ 68.6338511, 27.9450643 ], [ 68.6339896, 27.9446912 ], [ 68.638068908939672, 27.942524923147293 ] ], [ [ 68.6345526, 27.945224 ], [ 68.6346227, 27.9463387 ], [ 68.6322975, 27.9464213 ], [ 68.634536, 27.9462864 ], [ 68.6345526, 27.945224 ] ] ], [ [ [ 68.6153706, 27.9577698 ], [ 68.6157728, 27.9587531 ], [ 68.6165393, 27.9588026 ], [ 68.6162963, 27.9577871 ], [ 68.6153706, 27.9577698 ] ] ], [ [ [ 68.6086688, 27.95839 ], [ 68.6084698, 27.9597125 ], [ 68.6111765, 27.9603669 ], [ 68.6107188, 27.9584696 ], [ 68.6086688, 27.95839 ] ] ] ] } },
{ "type": "Feature", "properties": { "name": "Shahdadkot", "pop": 120687, "area_km2": 8.64 }, "geometry": { "type": "MultiPolygon", "coordinates": [ [ [ [ 67.925686, 27.8341176 ], [ 67.9275742, 27.8344971 ], [ 67.9290763, 27.8336432 ], [ 67.9290119, 27.8296963 ], [ 67.9255572, 27.8292599 ], [ 67.9251924, 27.8296774 ], [ 67.92236, 27.8296774 ], [ 67.9223171, 27.8306831 ], [ 67.9230681, 27.8314041 ], [ 67.9230252, 27.8319924 ], [ 67.9244629, 27.832258 ], [ 67.92442, 27.8328842 ], [ 67.925686, 27.8341176 ] ] ], [ [ [ 67.9145709, 27.8429596 ], [ 67.9186693, 27.8324478 ], [ 67.9181329, 27.8323719 ], [ 67.9184976, 27.8313282 ], [ 67.9189912, 27.8314231 ], [ 67.9194847, 27.8300189 ], [ 67.9191843, 27.8298292 ], [ 67.9203001, 27.8277228 ], [ 67.9207507, 27.8277797 ], [ 67.921845, 27.8250851 ], [ 67.919356, 27.8246676 ], [ 67.9146996, 27.8253697 ], [ 67.9127255, 27.8273623 ], [ 67.911717, 27.8308538 ], [ 67.9036919, 27.8319355 ], [ 67.9032842, 27.831518 ], [ 67.9013959, 27.832258 ], [ 67.9018036, 27.8333396 ], [ 67.8995291, 27.8341556 ], [ 67.8993789, 27.8349905 ], [ 67.8973189, 27.8355597 ], [ 67.8972546, 27.8363377 ], [ 67.8963104, 27.8363946 ], [ 67.8955165, 27.8378936 ], [ 67.8962246, 27.8387854 ], [ 67.8962031, 27.8403413 ], [ 67.895259, 27.8403602 ], [ 67.8949371, 27.8410054 ], [ 67.8938213, 27.8409674 ], [ 67.8947011, 27.8443068 ], [ 67.8941003, 27.8442498 ], [ 67.8937784, 27.8459574 ], [ 67.894744, 27.8460902 ], [ 67.8944436, 27.8473045 ], [ 67.8951302, 27.847665 ], [ 67.8939501, 27.848329 ], [ 67.8941003, 27.8488982 ], [ 67.89498, 27.8488982 ], [ 67.8950659, 27.8498468 ], [ 67.8939715, 27.8498848 ], [ 67.8938857, 27.8491638 ], [ 67.893242, 27.8491069 ], [ 67.8931561, 27.8499607 ], [ 67.8923837, 27.8500365 ], [ 67.8926412, 27.8489172 ], [ 67.8896371, 27.8475132 ], [ 67.8891006, 27.8485946 ], [ 67.889401, 27.8508523 ], [ 67.8926412, 27.8506437 ], [ 67.8928772, 27.8514784 ], [ 67.8967825, 27.852446 ], [ 67.89704, 27.8544001 ], [ 67.8984776, 27.8547795 ], [ 67.8983918, 27.8559937 ], [ 67.8991857, 27.8562403 ], [ 67.8984347, 27.8569992 ], [ 67.8974048, 27.8566577 ], [ 67.8963104, 27.8578339 ], [ 67.896246, 27.8585358 ], [ 67.8941003, 27.8577011 ], [ 67.8937569, 27.8582512 ], [ 67.8940144, 27.859693 ], [ 67.8922549, 27.8596171 ], [ 67.8920833, 27.8605846 ], [ 67.8906885, 27.8604708 ], [ 67.8905383, 27.8614193 ], [ 67.8911177, 27.8615142 ], [ 67.8911177, 27.8619505 ], [ 67.8925553, 27.8622161 ], [ 67.8954306, 27.8611348 ], [ 67.8954736, 27.8598258 ], [ 67.8960744, 27.8593515 ], [ 67.8971258, 27.859693 ], [ 67.8975764, 27.8589911 ], [ 67.898542, 27.8595412 ], [ 67.8977266, 27.8606795 ], [ 67.902104, 27.8633163 ], [ 67.905387, 27.859029 ], [ 67.9011813, 27.8565059 ], [ 67.9017392, 27.8557471 ], [ 67.903091, 27.8556522 ], [ 67.9032842, 27.8549503 ], [ 67.9026833, 27.8547795 ], [ 67.902855, 27.854457 ], [ 67.90337, 27.8545898 ], [ 67.9047004, 27.8535843 ], [ 67.9089275, 27.8539448 ], [ 67.9086778, 27.8550122 ], [ 67.907566, 27.8549254 ], [ 67.9062274, 27.8567458 ], [ 67.905825, 27.8565412 ], [ 67.9050393, 27.8575184 ], [ 67.9055753, 27.8577855 ], [ 67.9051754, 27.8583343 ], [ 67.9066764, 27.8588301 ], [ 67.9071034, 27.8579247 ], [ 67.90632, 27.8575729 ], [ 67.907936, 27.8555399 ], [ 67.9112235, 27.8565249 ], [ 67.9116956, 27.858403 ], [ 67.9102794, 27.859048 ], [ 67.9114218, 27.8620956 ], [ 67.9112102, 27.8634209 ], [ 67.9115741, 27.8634377 ], [ 67.911829, 27.8646363 ], [ 67.9141483, 27.8641793 ], [ 67.9142985, 27.8646376 ], [ 67.9111728, 27.8673627 ], [ 67.9117243, 27.8679974 ], [ 67.9131107, 27.8683842 ], [ 67.9149811, 27.8666989 ], [ 67.9175011, 27.873771 ], [ 67.9205922, 27.8730924 ], [ 67.9156472, 27.858577 ], [ 67.9163519, 27.8587824 ], [ 67.9179827, 27.857094 ], [ 67.9193774, 27.8576442 ], [ 67.9200641, 27.8558419 ], [ 67.9186049, 27.8549692 ], [ 67.9202143, 27.8544191 ], [ 67.9241196, 27.8541914 ], [ 67.9227463, 27.8523511 ], [ 67.9239694, 27.8523891 ], [ 67.924656, 27.8512697 ], [ 67.925407, 27.8512318 ], [ 67.9254928, 27.8521045 ], [ 67.9247204, 27.8522753 ], [ 67.9246345, 27.8541155 ], [ 67.9252783, 27.8542673 ], [ 67.9252783, 27.8554625 ], [ 67.9262653, 27.8554625 ], [ 67.9262868, 27.8546467 ], [ 67.9270807, 27.8540207 ], [ 67.9270807, 27.851763 ], [ 67.9263082, 27.8516681 ], [ 67.9258147, 27.8481772 ], [ 67.923905, 27.8481772 ], [ 67.9238406, 27.8493346 ], [ 67.9230038, 27.8488603 ], [ 67.9229823, 27.8482152 ], [ 67.9213086, 27.8475322 ], [ 67.9210297, 27.8481393 ], [ 67.9201499, 27.8478168 ], [ 67.9206649, 27.846261 ], [ 67.9189268, 27.8455021 ], [ 67.9181114, 27.8456159 ], [ 67.9180041, 27.8443068 ], [ 67.9166952, 27.8441929 ], [ 67.9166523, 27.8450847 ], [ 67.9147211, 27.8450277 ], [ 67.9134766, 27.8444775 ], [ 67.9145709, 27.8429596 ] ] ] ] } },
{ "type": "Feature", "properties": { "name": "Dadu", "pop": 201017, "area_km2": 8.39 }, "geometry": { "type": "MultiPolygon", "coordinates": [ [ [ [ 67.7993774, 26.7219766 ], [ 67.7998855, 26.7231756 ], [ 67.8004447, 26.7230991 ], [ 67.7997629, 26.7211451 ], [ 67.7981532, 26.7211749 ], [ 67.7981542, 26.720569 ], [ 67.7992613, 26.7197002 ], [ 67.7991089, 26.7165819 ], [ 67.7974821, 26.7164452 ], [ 67.7974469, 26.7184233 ], [ 67.7965238, 26.7184294 ], [ 67.7964866, 26.719377 ], [ 67.7973532, 26.719377 ], [ 67.7974031, 26.7223293 ], [ 67.7993774, 26.7219766 ] ] ], [ [ [ 67.7973066, 26.7292365 ], [ 67.7973012, 26.7279462 ], [ 67.7978935, 26.7279532 ], [ 67.7984365, 26.7256384 ], [ 67.7963894, 26.7257511 ], [ 67.7959617, 26.7272028 ], [ 67.7950993, 26.7276937 ], [ 67.7949129, 26.7284652 ], [ 67.7965308, 26.728638 ], [ 67.7963705, 26.7291792 ], [ 67.7973066, 26.7292365 ] ] ], [ [ [ 67.7692867, 26.740888 ], [ 67.7705528, 26.7406581 ], [ 67.7730633, 26.7423635 ], [ 67.7734925, 26.741003 ], [ 67.7747155, 26.7411755 ], [ 67.7748014, 26.7424019 ], [ 67.7763249, 26.7428809 ], [ 67.7764965, 26.7486678 ], [ 67.7779986, 26.7469241 ], [ 67.7795864, 26.7468092 ], [ 67.7803589, 26.7494726 ], [ 67.781346, 26.7482655 ], [ 67.7830411, 26.7482846 ], [ 67.7832342, 26.7470583 ], [ 67.7809383, 26.7459277 ], [ 67.7810885, 26.745372 ], [ 67.7841569, 26.7455253 ], [ 67.7832557, 26.7434366 ], [ 67.7818609, 26.7431875 ], [ 67.7819253, 26.7427276 ], [ 67.7858306, 26.7426701 ], [ 67.7865173, 26.7408114 ], [ 67.7885343, 26.7404473 ], [ 67.7877904, 26.7304953 ], [ 67.7896143, 26.730687 ], [ 67.7893998, 26.7278123 ], [ 67.7908804, 26.7270265 ], [ 67.7913095, 26.7249566 ], [ 67.7906872, 26.7235384 ], [ 67.7863957, 26.7238259 ], [ 67.7854516, 26.7220435 ], [ 67.7880265, 26.721871 ], [ 67.7878763, 26.7206252 ], [ 67.7839495, 26.7204527 ], [ 67.780409, 26.7211235 ], [ 67.7798082, 26.7235959 ], [ 67.776375, 26.7236726 ], [ 67.7764179, 26.7170027 ], [ 67.7710105, 26.714971 ], [ 67.7712466, 26.7184019 ], [ 67.7704526, 26.7181335 ], [ 67.7692939, 26.719341 ], [ 67.7695729, 26.7203185 ], [ 67.7678348, 26.720491 ], [ 67.7667405, 26.7184019 ], [ 67.7659251, 26.7194369 ], [ 67.7642085, 26.7194369 ], [ 67.7640583, 26.7207977 ], [ 67.7619125, 26.7215068 ], [ 67.76114, 26.7237875 ], [ 67.7601315, 26.7235001 ], [ 67.7602817, 26.7224076 ], [ 67.7588226, 26.7204143 ], [ 67.757621, 26.7211235 ], [ 67.7565266, 26.7235767 ], [ 67.754574, 26.7236342 ], [ 67.7536727, 26.7243817 ], [ 67.7519132, 26.724305 ], [ 67.7516128, 26.7209893 ], [ 67.7511193, 26.7222543 ], [ 67.7471711, 26.7236917 ], [ 67.7475359, 26.7246692 ], [ 67.7455403, 26.7245158 ], [ 67.7437593, 26.7265282 ], [ 67.7447464, 26.7282914 ], [ 67.7483512, 26.7264132 ], [ 67.74951, 26.7276973 ], [ 67.7476646, 26.7293455 ], [ 67.7490808, 26.7308595 ], [ 67.7512695, 26.728598 ], [ 67.7533509, 26.7286364 ], [ 67.7552606, 26.7307636 ], [ 67.7565695, 26.7340407 ], [ 67.759874, 26.7347115 ], [ 67.7629639, 26.7343282 ], [ 67.7636077, 26.7374518 ], [ 67.7687503, 26.7364613 ], [ 67.7680851, 26.7396616 ], [ 67.7692867, 26.740888 ] ] ], [ [ [ 67.7911935, 26.7358127 ], [ 67.7915366, 26.7366506 ], [ 67.7929767, 26.7364608 ], [ 67.7927355, 26.7355798 ], [ 67.7911935, 26.7358127 ] ] ], [ [ [ 67.8037728, 26.7383495 ], [ 67.8063183, 26.7389446 ], [ 67.8070841, 26.7387223 ], [ 67.8057963, 26.7372095 ], [ 67.805756, 26.7364171 ], [ 67.8031433, 26.7353857 ], [ 67.8021568, 26.7373141 ], [ 67.8037728, 26.7383495 ] ] ], [ [ [ 67.7923557, 26.7415802 ], [ 67.7919795, 26.7417941 ], [ 67.7928561, 26.7427116 ], [ 67.7931643, 26.7424857 ], [ 67.7928229, 26.7416625 ], [ 67.79359, 26.7401728 ], [ 67.7924681, 26.7394688 ], [ 67.7912336, 26.7399263 ], [ 67.7918743, 26.7403036 ], [ 67.7923557, 26.7415802 ] ] ], [ [ [ 67.7958755, 26.7460665 ], [ 67.7963716, 26.7455237 ], [ 67.7954649, 26.7449986 ], [ 67.7962279, 26.7446223 ], [ 67.7956888, 26.7439903 ], [ 67.7946694, 26.7449724 ], [ 67.7944901, 26.74695 ], [ 67.7951088, 26.7479342 ], [ 67.7969828, 26.7479204 ], [ 67.796991, 26.7466783 ], [ 67.7958755, 26.7460665 ] ] ] ] } },
{ "type": "Feature", "properties": { "name": "Ghotki", "pop": 119879, "area_km2": 6.91 }, "geometry": { "type": "MultiPolygon", "coordinates": [ [ [ [ 69.3053404, 27.9804788 ], [ 69.3059742, 27.9812598 ], [ 69.3066071, 27.9802764 ], [ 69.3056935, 27.9802678 ], [ 69.3053404, 27.9804788 ] ] ], [ [ [ 69.3013818, 27.9830485 ], [ 69.3017306, 27.9836194 ], [ 69.3023694, 27.9836167 ], [ 69.3023667, 27.9828389 ], [ 69.3013818, 27.9830485 ] ] ], [ [ [ 69.3006861, 27.9851334 ], [ 69.3006212, 27.9858426 ], [ 69.3029252, 27.9862552 ], [ 69.3023656, 27.9854772 ], [ 69.3006861, 27.9851334 ] ] ], [ [ [ 69.2876318, 27.9931874 ], [ 69.2876318, 27.9940348 ], [ 69.288271, 27.9937571 ], [ 69.2880626, 27.9931874 ], [ 69.2876318, 27.9931874 ] ] ], [ [ [ 69.2965316, 27.9936713 ], [ 69.2961707, 27.9944464 ], [ 69.2967381, 27.994732 ], [ 69.2969543, 27.994304 ], [ 69.2965316, 27.9936713 ] ] ], [ [ [ 69.2879262, 27.9975663 ], [ 69.2872825, 27.998129 ], [ 69.2879207, 27.998273 ], [ 69.2879262, 27.9975663 ] ] ], [ [ [ 69.288408, 28.0083248 ], [ 69.2876314, 28.0088128 ], [ 69.2877709, 28.009035 ], [ 69.2888962, 28.0090346 ], [ 69.288408, 28.0083248 ] ] ], [ [ [ 69.2875675, 28.0095735 ], [ 69.2879186, 28.0107043 ], [ 69.2886209, 28.0097897 ], [ 69.2875675, 28.0095735 ] ] ], [ [ [ 69.2931288, 28.0098519 ], [ 69.2926992, 28.0106291 ], [ 69.2933943, 28.0108433 ], [ 69.2935357, 28.0116747 ], [ 69.2946607, 28.0117422 ], [ 69.2948706, 28.0113164 ], [ 69.2944606, 28.0109128 ], [ 69.2949392, 28.0109078 ], [ 69.2950099, 28.0099291 ], [ 69.2941738, 28.0086041 ], [ 69.2928373, 28.0095819 ], [ 69.2938073, 28.009934 ], [ 69.2938117, 28.0105472 ], [ 69.2934738, 28.0106787 ], [ 69.2931288, 28.0098519 ] ] ], [ [ [ 69.3001898, 28.0124514 ], [ 69.2994351, 28.0125658 ], [ 69.2995796, 28.0136899 ], [ 69.3004249, 28.0133391 ], [ 69.300355, 28.01279 ], [ 69.3016722, 28.012925 ], [ 69.3019542, 28.0120812 ], [ 69.3014617, 28.0114489 ], [ 69.3006917, 28.0115182 ], [ 69.3000602, 28.0118711 ], [ 69.3001898, 28.0124514 ] ] ], [ [ [ 69.2935178, 28.0152654 ], [ 69.2944542, 28.0153496 ], [ 69.2938214, 28.0136707 ], [ 69.2925598, 28.0149975 ], [ 69.2928501, 28.0153568 ], [ 69.2933157, 28.014827 ], [ 69.2935178, 28.0152654 ] ] ], [ [ [ 69.2920222, 28.0141667 ], [ 69.2916667, 28.0145139 ], [ 69.291875, 28.0152083 ], [ 69.2924306, 28.0144444 ], [ 69.2920222, 28.0141667 ] ] ], [ [ [ 69.2899908, 28.0159684 ], [ 69.2904877, 28.0163293 ], [ 69.2908431, 28.015831 ], [ 69.2903449, 28.0156153 ], [ 69.2899908, 28.0159684 ] ] ], [ [ [ 69.3061483, 28.0183209 ], [ 69.3065972, 28.0177083 ], [ 69.3056944, 28.0177083 ], [ 69.3050694, 28.0195139 ], [ 69.3060417, 28.019375 ], [ 69.3069444, 28.0204861 ], [ 69.3071528, 28.0190972 ], [ 69.3065972, 28.0192361 ], [ 69.3065078, 28.0190572 ], [ 69.3077083, 28.01875 ], [ 69.3075694, 28.0184028 ], [ 69.3067733, 28.0186682 ], [ 69.3072222, 28.0184028 ], [ 69.3067361, 28.0179861 ], [ 69.3061483, 28.0183209 ] ] ], [ [ [ 69.3030594, 28.0217963 ], [ 69.3026998, 28.0219392 ], [ 69.302425, 28.022925 ], [ 69.3034111, 28.022575 ], [ 69.3030594, 28.0217963 ] ] ], [ [ [ 69.3011902, 28.0228447 ], [ 69.2999919, 28.0227025 ], [ 69.3002028, 28.0242444 ], [ 69.3015357, 28.0236172 ], [ 69.3011902, 28.0228447 ] ] ], [ [ [ 69.3019528, 28.0242417 ], [ 69.3012426, 28.0239516 ], [ 69.3010361, 28.0248 ], [ 69.3019528, 28.0242417 ] ] ], [ [ [ 69.3041766, 28.0265985 ], [ 69.3037563, 28.0253394 ], [ 69.3032554, 28.0254809 ], [ 69.3036787, 28.0268154 ], [ 69.3041766, 28.0265985 ] ] ], [ [ [ 69.3086016, 27.9796559 ], [ 69.3086767, 27.9804259 ], [ 69.3101483, 27.9802117 ], [ 69.310142, 27.9795044 ], [ 69.3086016, 27.9796559 ] ] ], [ [ [ 69.3217979, 27.9847857 ], [ 69.3220339, 27.9843412 ], [ 69.3233394, 27.9842995 ], [ 69.3235911, 27.9817575 ], [ 69.3219237, 27.9814797 ], [ 69.3221912, 27.980424 ], [ 69.3200362, 27.9800211 ], [ 69.3200519, 27.9807851 ], [ 69.318998, 27.9805351 ], [ 69.318243, 27.9824104 ], [ 69.3186362, 27.9833549 ], [ 69.3204137, 27.9833827 ], [ 69.3204137, 27.9847162 ], [ 69.3217979, 27.9847857 ] ] ], [ [ [ 69.3086735, 27.9824929 ], [ 69.3087408, 27.9834066 ], [ 69.3090314, 27.9834121 ], [ 69.3091065, 27.9824267 ], [ 69.3086735, 27.9824929 ] ] ], [ [ [ 69.3247859, 27.9823529 ], [ 69.3245078, 27.9837579 ], [ 69.3249325, 27.9840376 ], [ 69.3261182, 27.9834793 ], [ 69.326187, 27.9825618 ], [ 69.3254185, 27.9820735 ], [ 69.3247859, 27.9823529 ] ] ], [ [ [ 69.3094374, 27.9827013 ], [ 69.3094419, 27.9840375 ], [ 69.3113985, 27.9834056 ], [ 69.3109069, 27.9822826 ], [ 69.3094374, 27.9827013 ] ] ], [ [ [ 69.3081306, 27.9832556 ], [ 69.3077028, 27.9837583 ], [ 69.3081333, 27.9836861 ], [ 69.3081306, 27.9832556 ] ] ], [ [ [ 69.3157922, 27.9868278 ], [ 69.3157639, 27.9873711 ], [ 69.3164642, 27.9872998 ], [ 69.3166474, 27.9867969 ], [ 69.3172917, 27.9872322 ], [ 69.3176489, 27.986875 ], [ 69.3172917, 27.9863789 ], [ 69.3157922, 27.9868278 ] ] ], [ [ [ 69.32192, 27.989758 ], [ 69.3219407, 27.9904954 ], [ 69.3239673, 27.9906295 ], [ 69.323754, 27.989713 ], [ 69.32192, 27.989758 ] ] ], [ [ [ 69.3268552, 27.9919883 ], [ 69.3256837, 27.9922589 ], [ 69.3246023, 27.9932138 ], [ 69.3251791, 27.9949166 ], [ 69.3262064, 27.9949325 ], [ 69.3259361, 27.9960943 ], [ 69.326675, 27.9964921 ], [ 69.327006, 27.9955701 ], [ 69.3276663, 27.99541 ], [ 69.3268012, 27.9932297 ], [ 69.3268552, 27.9919883 ] ] ], [ [ [ 69.3249235, 27.9981179 ], [ 69.3249909, 27.9992403 ], [ 69.3254899, 27.9993148 ], [ 69.3254256, 27.9983983 ], [ 69.3249235, 27.9981179 ] ] ], [ [ [ 69.3041613, 28.0102207 ], [ 69.3050182, 28.0122001 ], [ 69.3081992, 28.0118685 ], [ 69.3083401, 28.0132571 ], [ 69.3098426, 28.0147183 ], [ 69.3109108, 28.0143971 ], [ 69.3187168, 28.0175992 ], [ 69.3185994, 28.0170085 ], [ 69.3193272, 28.0167805 ], [ 69.318705, 28.0141483 ], [ 69.3197498, 28.014024 ], [ 69.3191628, 28.0118374 ], [ 69.3226961, 28.0117959 ], [ 69.3237408, 28.0122934 ], [ 69.3243277, 28.0112156 ], [ 69.3239051, 28.0097544 ], [ 69.3251024, 28.0094435 ], [ 69.3256776, 28.0099409 ], [ 69.3286591, 28.0086662 ], [ 69.3371577, 28.0077024 ], [ 69.3314176, 28.0053291 ], [ 69.3207782, 27.9986201 ], [ 69.3208824, 27.9980517 ], [ 69.3195717, 27.9969133 ], [ 69.3166261, 27.989785 ], [ 69.3157118, 27.989036 ], [ 69.3128007, 27.988414 ], [ 69.3127772, 27.9893055 ], [ 69.3108991, 27.9895024 ], [ 69.3100774, 27.9887146 ], [ 69.3068376, 27.9873878 ], [ 69.3060042, 27.988953 ], [ 69.3083988, 27.9903316 ], [ 69.307894, 27.991109 ], [ 69.305699, 27.9913681 ], [ 69.3026705, 27.9933634 ], [ 69.303005, 27.9939387 ], [ 69.3019486, 27.9943325 ], [ 69.3004696, 27.9963848 ], [ 69.3003052, 27.9975663 ], [ 69.2996479, 27.9977736 ], [ 69.2997183, 27.9983955 ], [ 69.3003287, 27.9982918 ], [ 69.3006104, 27.9993905 ], [ 69.2991725, 28.0000331 ], [ 69.3048186, 28.00735 ], [ 69.3050064, 28.0094953 ], [ 69.3041613, 28.0102207 ] ] ], [ [ [ 69.31627, 28.0249058 ], [ 69.3167361, 28.025625 ], [ 69.3186806, 28.0252778 ], [ 69.315625, 28.0242361 ], [ 69.315625, 28.0248611 ], [ 69.31627, 28.0249058 ] ] ], [ [ [ 69.3117417, 28.0279944 ], [ 69.3116743, 28.0261741 ], [ 69.3109058, 28.0254071 ], [ 69.3096461, 28.025687 ], [ 69.3093673, 28.0282008 ], [ 69.3100055, 28.0282722 ], [ 69.3109002, 28.0273736 ], [ 69.3117417, 28.0279944 ] ] ], [ [ [ 69.3155638, 28.0263832 ], [ 69.3141647, 28.0265874 ], [ 69.314018, 28.0269464 ], [ 69.3151405, 28.0276488 ], [ 69.3155638, 28.0263832 ] ] ], [ [ [ 69.3230639, 28.0273667 ], [ 69.3226296, 28.0272878 ], [ 69.322773, 28.0280644 ], [ 69.3230649, 28.0279898 ], [ 69.3230639, 28.0273667 ] ] ], [ [ [ 69.3146613, 28.0285469 ], [ 69.3139498, 28.0281892 ], [ 69.314092, 28.0286891 ], [ 69.3146613, 28.0285469 ] ] ], [ [ [ 69.3141614, 28.0296443 ], [ 69.3140181, 28.0311831 ], [ 69.3145853, 28.0314681 ], [ 69.315148, 28.0311153 ], [ 69.3155645, 28.0297961 ], [ 69.3164663, 28.0299366 ], [ 69.3165363, 28.0288837 ], [ 69.3151321, 28.0297149 ], [ 69.3149244, 28.0303372 ], [ 69.3141614, 28.0296443 ] ] ], [ [ [ 69.3182039, 28.0313921 ], [ 69.3182712, 28.0297848 ], [ 69.3177723, 28.0297138 ], [ 69.3178507, 28.0302893 ], [ 69.3172124, 28.0308314 ], [ 69.3177753, 28.0315375 ], [ 69.3182039, 28.0313921 ] ] ], [ [ [ 69.3268695, 27.9781861 ], [ 69.3259623, 27.9799987 ], [ 69.3262498, 27.9805656 ], [ 69.3275089, 27.9791018 ], [ 69.3277167, 27.9780501 ], [ 69.3268695, 27.9781861 ] ] ], [ [ [ 69.3262424, 27.9842991 ], [ 69.3263837, 27.9851475 ], [ 69.3272999, 27.9849362 ], [ 69.3270892, 27.984228 ], [ 69.3262424, 27.9842991 ] ] ], [ [ [ 69.3306212, 27.9974908 ], [ 69.3306944, 27.9984128 ], [ 69.3316767, 27.9973606 ], [ 69.3310397, 27.9972124 ], [ 69.3306212, 27.9974908 ] ] ], [ [ [ 69.3372206, 28.0015872 ], [ 69.3365241, 28.0015185 ], [ 69.335893, 28.0020162 ], [ 69.3369456, 28.002371 ], [ 69.3378548, 28.0018816 ], [ 69.3374406, 28.0017289 ], [ 69.3374325, 28.000268 ], [ 69.3370735, 28.0003453 ], [ 69.3372206, 28.0015872 ] ] ], [ [ [ 69.3427065, 28.0005457 ], [ 69.3432551, 28.0025743 ], [ 69.3438933, 28.0027868 ], [ 69.3437605, 28.0016667 ], [ 69.344523, 28.0005514 ], [ 69.3432639, 28.0001289 ], [ 69.3427065, 28.0005457 ] ] ], [ [ [ 69.3363096, 28.004512 ], [ 69.3368387, 28.0042779 ], [ 69.3377833, 28.0051472 ], [ 69.3377193, 28.0035455 ], [ 69.3381338, 28.0031896 ], [ 69.3355488, 28.0031176 ], [ 69.3363096, 28.004512 ] ] ], [ [ [ 69.3381167, 28.0060361 ], [ 69.3378374, 28.0071547 ], [ 69.3382655, 28.0072321 ], [ 69.3385515, 28.0061092 ], [ 69.3381167, 28.0060361 ] ] ], [ [ [ 69.3454846, 28.0064457 ], [ 69.3433935, 28.0061073 ], [ 69.3430456, 28.0074293 ], [ 69.3433884, 28.0076364 ], [ 69.3429761, 28.007917 ], [ 69.343808, 28.0085444 ], [ 69.3433952, 28.0093121 ], [ 69.3442316, 28.0097312 ], [ 69.3442471, 28.0081314 ], [ 69.3473012, 28.0076421 ], [ 69.3474382, 28.0072158 ], [ 69.3464725, 28.0068056 ], [ 69.3465326, 28.0058246 ], [ 69.3454846, 28.0064457 ] ] ], [ [ [ 69.3394374, 28.0093679 ], [ 69.3400656, 28.0099398 ], [ 69.3411203, 28.0099344 ], [ 69.3402183, 28.0097122 ], [ 69.3402809, 28.0093655 ], [ 69.3394374, 28.0093679 ] ] ], [ [ [ 69.3290373, 28.0093024 ], [ 69.3285327, 28.0096483 ], [ 69.3286024, 28.0102133 ], [ 69.3300056, 28.0107028 ], [ 69.3290373, 28.0093024 ] ] ], [ [ [ 69.341727, 28.0105514 ], [ 69.3423629, 28.0107737 ], [ 69.3424404, 28.0104147 ], [ 69.3420118, 28.0101986 ], [ 69.341727, 28.0105514 ] ] ], [ [ [ 69.3313889, 28.01125 ], [ 69.33, 28.0109722 ], [ 69.3297917, 28.0120833 ], [ 69.3302083, 28.0127083 ], [ 69.3306944, 28.0129861 ], [ 69.3319444, 28.0122917 ], [ 69.3321528, 28.0129167 ], [ 69.3332639, 28.0129861 ], [ 69.3328567, 28.0127131 ], [ 69.3331944, 28.0122917 ], [ 69.33375, 28.0126389 ], [ 69.3336806, 28.0132639 ], [ 69.3340278, 28.0126389 ], [ 69.3337557, 28.0121628 ], [ 69.3348693, 28.0118692 ], [ 69.3331944, 28.0120833 ], [ 69.3329861, 28.0113194 ], [ 69.3324306, 28.01125 ], [ 69.33375, 28.0103472 ], [ 69.335, 28.0102778 ], [ 69.3348611, 28.0095833 ], [ 69.3345139, 28.0093056 ], [ 69.3325, 28.0098611 ], [ 69.3326389, 28.009375 ], [ 69.3322454, 28.009375 ], [ 69.3310417, 28.0104861 ], [ 69.3313889, 28.01125 ] ] ], [ [ [ 69.3445139, 28.0120139 ], [ 69.3442361, 28.0124306 ], [ 69.3444444, 28.0126389 ], [ 69.345, 28.0122917 ], [ 69.3445139, 28.0120139 ] ] ], [ [ [ 69.33261, 28.0148833 ], [ 69.3320039, 28.0148613 ], [ 69.3335505, 28.0154909 ], [ 69.333547, 28.0146443 ], [ 69.3327757, 28.0142263 ], [ 69.33261, 28.0148833 ] ] ], [ [ [ 69.3296626, 28.0153492 ], [ 69.3289485, 28.0153453 ], [ 69.3292342, 28.0161209 ], [ 69.3296626, 28.0153492 ] ] ], [ [ [ 69.3389564, 28.017857 ], [ 69.339801, 28.0170797 ], [ 69.3393767, 28.0165874 ], [ 69.3381151, 28.0171513 ], [ 69.3382583, 28.0177166 ], [ 69.3389564, 28.017857 ] ] ], [ [ [ 69.3304578, 28.0201861 ], [ 69.3303553, 28.0196469 ], [ 69.3299942, 28.0195752 ], [ 69.3299224, 28.020492 ], [ 69.3304578, 28.0201861 ] ] ], [ [ [ 69.3337254, 28.0220239 ], [ 69.3336844, 28.022787 ], [ 69.3350783, 28.0204907 ], [ 69.3350068, 28.01973 ], [ 69.3355648, 28.0195177 ], [ 69.3351428, 28.0188103 ], [ 69.3349463, 28.0196683 ], [ 69.3345158, 28.0190874 ], [ 69.3339577, 28.0194339 ], [ 69.3326988, 28.0190246 ], [ 69.3333293, 28.0198703 ], [ 69.3340791, 28.0197754 ], [ 69.3333233, 28.0204864 ], [ 69.3333248, 28.0211857 ], [ 69.3340189, 28.0218691 ], [ 69.3332739, 28.021865 ], [ 69.3331944, 28.0213789 ], [ 69.3326986, 28.0219423 ], [ 69.3337254, 28.0220239 ] ] ] ] } },
{ "type": "Feature", "properties": { "name": "Pano Aqil", "pop": 102701, "area_km2": 6.14 }, "geometry": { "type": "MultiPolygon", "coordinates": [ [ [ [ 69.0936128, 27.8350831 ], [ 69.094727, 27.8346817 ], [ 69.0945901, 27.8341014 ], [ 69.0929954, 27.8343491 ], [ 69.0936128, 27.8350831 ] ] ], [ [ [ 69.104905, 27.8358206 ], [ 69.1042548, 27.834817 ], [ 69.1032772, 27.8353681 ], [ 69.1041533, 27.8364598 ], [ 69.104905, 27.8358206 ] ] ], [ [ [ 69.1026303, 27.8392028 ], [ 69.1023482, 27.8382664 ], [ 69.101555, 27.8379627 ], [ 69.10068, 27.8388521 ], [ 69.1009131, 27.8400416 ], [ 69.1021561, 27.8400018 ], [ 69.1026303, 27.8392028 ] ] ], [ [ [ 69.096742, 27.839028 ], [ 69.0970549, 27.8397848 ], [ 69.0976079, 27.8426611 ], [ 69.0987093, 27.8434303 ], [ 69.0990849, 27.8432155 ], [ 69.099436, 27.8445561 ], [ 69.0985839, 27.8443703 ], [ 69.0984546, 27.8448383 ], [ 69.0976879, 27.8443502 ], [ 69.0959572, 27.8442815 ], [ 69.0955728, 27.8473218 ], [ 69.0946228, 27.848777 ], [ 69.0950781, 27.8487102 ], [ 69.0957916, 27.8512772 ], [ 69.0977651, 27.8509659 ], [ 69.0991135, 27.8520412 ], [ 69.0995432, 27.8543133 ], [ 69.0990994, 27.8544324 ], [ 69.0996517, 27.8557633 ], [ 69.1016099, 27.8551519 ], [ 69.1031316, 27.8599517 ], [ 69.102138, 27.8603357 ], [ 69.1040471, 27.8644507 ], [ 69.1059987, 27.8640719 ], [ 69.1074783, 27.8644283 ], [ 69.1071359, 27.8666575 ], [ 69.1059718, 27.8689738 ], [ 69.106555, 27.8692641 ], [ 69.1064915, 27.8698897 ], [ 69.10725, 27.8699529 ], [ 69.1074299, 27.8688542 ], [ 69.10674282694778, 27.868889912229776 ], [ 69.1074774, 27.8674265 ], [ 69.1087198, 27.8670247 ], [ 69.1085462, 27.8651065 ], [ 69.1090986, 27.8648367 ], [ 69.1095332, 27.8649741 ], [ 69.109524, 27.8673726 ], [ 69.1118967, 27.8669062 ], [ 69.1118532, 27.8658347 ], [ 69.1137644, 27.8663744 ], [ 69.1138793, 27.8669164 ], [ 69.1152964, 27.8664076 ], [ 69.1152894, 27.8675401 ], [ 69.1169253, 27.8674303 ], [ 69.1174493, 27.8688308 ], [ 69.1167433, 27.8702994 ], [ 69.1170652, 27.8707893 ], [ 69.1202459, 27.8689611 ], [ 69.1193499, 27.867453 ], [ 69.1202189, 27.8671664 ], [ 69.1256082, 27.8709944 ], [ 69.126094, 27.8700405 ], [ 69.1249067, 27.8675795 ], [ 69.1217107, 27.86478 ], [ 69.1218706, 27.8627669 ], [ 69.1233649, 27.8623389 ], [ 69.1219684, 27.8622311 ], [ 69.12165, 27.8607254 ], [ 69.1195846, 27.8607054 ], [ 69.1195056, 27.8602152 ], [ 69.1185505, 27.8605579 ], [ 69.1185299, 27.8600964 ], [ 69.1196281, 27.8595787 ], [ 69.1189956, 27.8576462 ], [ 69.1182774, 27.8579007 ], [ 69.1179685, 27.8567346 ], [ 69.1196398, 27.8560856 ], [ 69.1187198, 27.8549517 ], [ 69.1197646, 27.8544736 ], [ 69.1222332, 27.8570536 ], [ 69.1239486, 27.8568718 ], [ 69.1240238, 27.8553977 ], [ 69.1212784, 27.8557699 ], [ 69.1206584, 27.8552434 ], [ 69.1215349, 27.8549358 ], [ 69.121368, 27.8544411 ], [ 69.1229255, 27.8542056 ], [ 69.1223151, 27.8518413 ], [ 69.1197087, 27.8519273 ], [ 69.1194818, 27.8510932 ], [ 69.1189912, 27.8516755 ], [ 69.1194413, 27.8528279 ], [ 69.1176728, 27.8537172 ], [ 69.1142935, 27.8495687 ], [ 69.1153208, 27.8487199 ], [ 69.1161096, 27.849288 ], [ 69.1157118, 27.8499758 ], [ 69.1181295, 27.8511012 ], [ 69.1175478, 27.8520787 ], [ 69.1186705, 27.8517338 ], [ 69.1198543, 27.8502777 ], [ 69.1191854, 27.8501331 ], [ 69.1190263, 27.8491752 ], [ 69.117637, 27.8490663 ], [ 69.1178264, 27.8486032 ], [ 69.1185755, 27.8487158 ], [ 69.1187191, 27.8480835 ], [ 69.1167674, 27.8474793 ], [ 69.1169287, 27.8468632 ], [ 69.1181782, 27.8474607 ], [ 69.1193156, 27.8464321 ], [ 69.1191904, 27.845573 ], [ 69.1197154, 27.8454843 ], [ 69.1196123, 27.8445494 ], [ 69.1188833, 27.844856 ], [ 69.1171859, 27.8435353 ], [ 69.1173989, 27.8430116 ], [ 69.118847, 27.8436758 ], [ 69.1190458, 27.8418242 ], [ 69.1206774, 27.8414379 ], [ 69.1206421, 27.8405301 ], [ 69.1187876, 27.8404868 ], [ 69.1197927, 27.8385372 ], [ 69.1200781, 27.8387656 ], [ 69.1229179, 27.8371906 ], [ 69.1226317, 27.8354397 ], [ 69.1216806, 27.8351876 ], [ 69.1227505, 27.8349005 ], [ 69.1225963, 27.8338058 ], [ 69.1233501, 27.8336329 ], [ 69.1212557, 27.8297211 ], [ 69.119429, 27.8298971 ], [ 69.1195366, 27.831732 ], [ 69.1188285, 27.83182 ], [ 69.1193985, 27.8336034 ], [ 69.1190955, 27.8349634 ], [ 69.11882, 27.8354688 ], [ 69.1168951, 27.8359931 ], [ 69.1169596, 27.8372742 ], [ 69.1163691, 27.8373984 ], [ 69.1165037, 27.8382081 ], [ 69.1173644, 27.8384706 ], [ 69.1192501, 27.8379814 ], [ 69.1176076, 27.8393302 ], [ 69.1177525, 27.839835 ], [ 69.1146733, 27.8409385 ], [ 69.114193, 27.8447739 ], [ 69.113354, 27.8448444 ], [ 69.1133576, 27.8455338 ], [ 69.1128193, 27.8458291 ], [ 69.1117383, 27.8459491 ], [ 69.109079, 27.8431407 ], [ 69.1068765, 27.8442133 ], [ 69.1073181, 27.8450049 ], [ 69.1085207, 27.8446433 ], [ 69.108615, 27.8456813 ], [ 69.1095635, 27.8456524 ], [ 69.1096399, 27.8463889 ], [ 69.1103838, 27.8463329 ], [ 69.1104318, 27.8489552 ], [ 69.1089064, 27.8496585 ], [ 69.1084458, 27.848738 ], [ 69.1060909, 27.848358 ], [ 69.1063346, 27.8473268 ], [ 69.1035813, 27.848186 ], [ 69.1039029, 27.8490389 ], [ 69.1034362, 27.8493607 ], [ 69.1032775, 27.8487972 ], [ 69.1024684, 27.8490236 ], [ 69.1019889, 27.8480202 ], [ 69.102814, 27.8478245 ], [ 69.1024536, 27.8459902 ], [ 69.1017795, 27.8461917 ], [ 69.1003527, 27.8443462 ], [ 69.1004782, 27.8425109 ], [ 69.1015867, 27.8418333 ], [ 69.1015711, 27.8411975 ], [ 69.1010424, 27.8400375 ], [ 69.0995169, 27.8402594 ], [ 69.0986321, 27.8387996 ], [ 69.1021138, 27.8356508 ], [ 69.1016561, 27.834871 ], [ 69.0997084, 27.8353059 ], [ 69.099515, 27.8347466 ], [ 69.0988074, 27.8346144 ], [ 69.0979673, 27.8321677 ], [ 69.0960315, 27.8326318 ], [ 69.0960755, 27.8334036 ], [ 69.0953862, 27.8338729 ], [ 69.0965095, 27.8363977 ], [ 69.095749, 27.8367586 ], [ 69.096321, 27.839175 ], [ 69.0952747, 27.8395687 ], [ 69.0953774, 27.8409878 ], [ 69.0970022, 27.8397976 ], [ 69.096742, 27.839028 ] ] ], [ [ [ 69.0882606, 27.8430232 ], [ 69.0888272, 27.8420619 ], [ 69.087746, 27.8411697 ], [ 69.0874771, 27.8418932 ], [ 69.0862137, 27.8418728 ], [ 69.086231, 27.8429976 ], [ 69.0882606, 27.8430232 ] ] ], [ [ [ 69.0883692, 27.846502 ], [ 69.0905167, 27.8448731 ], [ 69.0893611, 27.8455388 ], [ 69.089083, 27.8452423 ], [ 69.0883692, 27.846502 ] ] ], [ [ [ 69.0914902, 27.8492249 ], [ 69.0924674, 27.8495431 ], [ 69.092492, 27.8489357 ], [ 69.093878, 27.848961 ], [ 69.0938208, 27.84775 ], [ 69.0922834, 27.8481368 ], [ 69.0922548, 27.8487785 ], [ 69.0914902, 27.8492249 ] ] ], [ [ [ 69.0906622, 27.8512719 ], [ 69.0920114, 27.8507459 ], [ 69.0919276, 27.8503031 ], [ 69.0899957, 27.8501006 ], [ 69.0906622, 27.8512719 ] ] ], [ [ [ 69.0873526, 27.8533888 ], [ 69.0860555, 27.8555395 ], [ 69.0874842, 27.8557392 ], [ 69.0873526, 27.8533888 ] ] ], [ [ [ 69.0993703, 27.8666576 ], [ 69.0995496, 27.8649861 ], [ 69.0985846, 27.8639381 ], [ 69.0978647, 27.8661541 ], [ 69.0987176, 27.8669354 ], [ 69.0993703, 27.8666576 ] ] ], [ [ [ 69.0975023, 27.8710578 ], [ 69.0971573, 27.8701033 ], [ 69.0983533, 27.8703093 ], [ 69.0983492, 27.8692792 ], [ 69.0968221, 27.8689051 ], [ 69.0964909, 27.8707503 ], [ 69.0975023, 27.8710578 ] ] ], [ [ [ 69.1003526, 27.8793449 ], [ 69.1021387, 27.8796207 ], [ 69.1031043, 27.8776938 ], [ 69.101546, 27.8775022 ], [ 69.1003526, 27.8793449 ] ] ], [ [ [ 69.1090903, 27.8368007 ], [ 69.1083733, 27.8364044 ], [ 69.1081622, 27.8380739 ], [ 69.1090267, 27.8375779 ], [ 69.1090903, 27.8368007 ] ] ], [ [ [ 69.1057123, 27.8430676 ], [ 69.1073545, 27.8432695 ], [ 69.1081351, 27.8427122 ], [ 69.1078546, 27.8420322 ], [ 69.1067416, 27.8419939 ], [ 69.1056256, 27.8426253 ], [ 69.1057123, 27.8430676 ] ] ], [ [ [ 69.1050032, 27.8679396 ], [ 69.1047806, 27.868599 ], [ 69.1054947, 27.8688188 ], [ 69.1055467, 27.868075 ], [ 69.1050032, 27.8679396 ] ] ], [ [ [ 69.1071727, 27.8719308 ], [ 69.1069414, 27.8707271 ], [ 69.1073519, 27.8704408 ], [ 69.1063227, 27.870382 ], [ 69.1061868, 27.8722835 ], [ 69.1071727, 27.8719308 ] ] ], [ [ [ 69.109357, 27.8727525 ], [ 69.1107982, 27.8724816 ], [ 69.1087903, 27.8717967 ], [ 69.109357, 27.8727525 ] ] ], [ [ [ 69.11313, 27.8729499 ], [ 69.1123378, 27.8727659 ], [ 69.1121716, 27.8732655 ], [ 69.1126818, 27.873585 ], [ 69.11313, 27.8729499 ] ] ], [ [ [ 69.1184403, 27.8789618 ], [ 69.1183115, 27.8782101 ], [ 69.1179762, 27.8784269 ], [ 69.1184403, 27.8789618 ] ] ], [ [ [ 69.1237737, 27.8792165 ], [ 69.1234037, 27.8789003 ], [ 69.1226718, 27.8794406 ], [ 69.1235672, 27.8798219 ], [ 69.1237737, 27.8792165 ] ] ], [ [ [ 69.1211237, 27.8814545 ], [ 69.1228142, 27.8814545 ], [ 69.1214003, 27.8807628 ], [ 69.1211237, 27.8814545 ] ] ] ] } },
{ "type": "Feature", "properties": { "name": "Jampur", "pop": 155243, "area_km2": 6.03 }, "geometry": { "type": "Polygon", "coordinates": [ [ [ 70.601728, 29.639047 ], [ 70.6010199, 29.6377228 ], [ 70.6006766, 29.637928 ], [ 70.6008911, 29.6364919 ], [ 70.6004405, 29.6360256 ], [ 70.5990887, 29.63638 ], [ 70.5983806, 29.6358578 ], [ 70.5983377, 29.634347 ], [ 70.5970287, 29.6343097 ], [ 70.597415, 29.629479 ], [ 70.5958915, 29.6294044 ], [ 70.5958486, 29.6288635 ], [ 70.5947113, 29.6289568 ], [ 70.5946899, 29.6294977 ], [ 70.5934882, 29.6294604 ], [ 70.5935526, 29.6322581 ], [ 70.5944753, 29.6323514 ], [ 70.5954409, 29.6337502 ], [ 70.5930162, 29.6322581 ], [ 70.5917072, 29.6326871 ], [ 70.5914913, 29.6322664 ], [ 70.5901795, 29.6321963 ], [ 70.5901714, 29.6317583 ], [ 70.5889453, 29.6317325 ], [ 70.588756, 29.6307971 ], [ 70.5870509, 29.6304116 ], [ 70.5868682, 29.6289892 ], [ 70.5873197, 29.6290058 ], [ 70.5872655, 29.6282293 ], [ 70.5863857, 29.6271475 ], [ 70.5864716, 29.6258791 ], [ 70.5870724, 29.6258978 ], [ 70.5872655, 29.6267745 ], [ 70.5881238, 29.6268491 ], [ 70.5889177, 29.6259165 ], [ 70.5882955, 29.6238833 ], [ 70.5875015, 29.6237341 ], [ 70.5874372, 29.6207309 ], [ 70.5843043, 29.6206936 ], [ 70.5843473, 29.6226522 ], [ 70.5828238, 29.6228387 ], [ 70.5815578, 29.6219807 ], [ 70.5799484, 29.6226709 ], [ 70.5804205, 29.6233424 ], [ 70.5801845, 29.6239766 ], [ 70.5789399, 29.6245175 ], [ 70.5787468, 29.6257859 ], [ 70.5807424, 29.6258232 ], [ 70.5806351, 29.6263082 ], [ 70.5799699, 29.6273527 ], [ 70.5800772, 29.628192 ], [ 70.5792189, 29.6282293 ], [ 70.5783391, 29.6289381 ], [ 70.5785108, 29.6296469 ], [ 70.5793691, 29.6297775 ], [ 70.5796909, 29.6317732 ], [ 70.5767083, 29.631195 ], [ 70.5726528, 29.631139 ], [ 70.5719018, 29.6304303 ], [ 70.5701637, 29.6318291 ], [ 70.570271, 29.632426 ], [ 70.5716872, 29.6329482 ], [ 70.5720735, 29.6341605 ], [ 70.5747771, 29.6344963 ], [ 70.5775881, 29.6383383 ], [ 70.5782104, 29.6380399 ], [ 70.5779743, 29.6373871 ], [ 70.5796909, 29.6367716 ], [ 70.5807424, 29.6369209 ], [ 70.5818153, 29.6383756 ], [ 70.5817294, 29.6391962 ], [ 70.5809999, 29.6392521 ], [ 70.5807424, 29.6429821 ], [ 70.5817509, 29.6424599 ], [ 70.5816651, 29.6438213 ], [ 70.582459, 29.6443621 ], [ 70.5831242, 29.6443435 ], [ 70.5834031, 29.6435416 ], [ 70.5842829, 29.643411 ], [ 70.5845833, 29.6444181 ], [ 70.585173, 29.6435273 ], [ 70.5860853, 29.6435229 ], [ 70.5862141, 29.643094 ], [ 70.5876732, 29.6431872 ], [ 70.5885959, 29.6459473 ], [ 70.5894113, 29.6466373 ], [ 70.588274, 29.6471222 ], [ 70.5861283, 29.6470662 ], [ 70.5858493, 29.6454624 ], [ 70.5826521, 29.6458354 ], [ 70.5843043, 29.648297 ], [ 70.5865145, 29.6480359 ], [ 70.586493, 29.6497889 ], [ 70.5878878, 29.6498262 ], [ 70.5880809, 29.6507772 ], [ 70.5888748, 29.6508705 ], [ 70.589025, 29.6475884 ], [ 70.590334, 29.6475138 ], [ 70.5922866, 29.6484835 ], [ 70.5926299, 29.6495651 ], [ 70.5938959, 29.650367 ], [ 70.5944538, 29.6502551 ], [ 70.5934882, 29.6544135 ], [ 70.5912352, 29.6543949 ], [ 70.5906987, 29.6560358 ], [ 70.5906129, 29.6571733 ], [ 70.5925441, 29.6599143 ], [ 70.5944538, 29.6587023 ], [ 70.5947328, 29.6579937 ], [ 70.5956555, 29.6577886 ], [ 70.5967283, 29.6576767 ], [ 70.5968785, 29.6586091 ], [ 70.5982089, 29.6587396 ], [ 70.5990672, 29.6576581 ], [ 70.5993891, 29.6553645 ], [ 70.5979729, 29.6554205 ], [ 70.5980373, 29.6547678 ], [ 70.5989814, 29.6546373 ], [ 70.5989814, 29.6533506 ], [ 70.598445, 29.6534065 ], [ 70.5980802, 29.6517469 ], [ 70.5993676, 29.6520266 ], [ 70.5998612, 29.6515045 ], [ 70.599432, 29.6510569 ], [ 70.6012774, 29.6512248 ], [ 70.6014919, 29.6506653 ], [ 70.5999899, 29.649304 ], [ 70.6023717, 29.6490989 ], [ 70.6025434, 29.6497329 ], [ 70.6040018, 29.6494044 ], [ 70.604051, 29.6485954 ], [ 70.6028066, 29.6485667 ], [ 70.6025918, 29.6476022 ], [ 70.6000484, 29.6475465 ], [ 70.5995713, 29.6460487 ], [ 70.5998201, 29.6447698 ], [ 70.6007945, 29.6449665 ], [ 70.6018353, 29.64453 ], [ 70.6018782, 29.6453692 ], [ 70.6035304, 29.6454065 ], [ 70.6032515, 29.6475884 ], [ 70.6037235, 29.647607 ], [ 70.6037665, 29.6481851 ], [ 70.6058264, 29.6482411 ], [ 70.6059122, 29.6510942 ], [ 70.6068778, 29.6520639 ], [ 70.6088734, 29.6522318 ], [ 70.6101179, 29.6515418 ], [ 70.6101429, 29.6508099 ], [ 70.6095756, 29.6507124 ], [ 70.6095979, 29.6483527 ], [ 70.6113012, 29.6482836 ], [ 70.6115245, 29.6493056 ], [ 70.6109557, 29.6494244 ], [ 70.6105314, 29.6509272 ], [ 70.611462, 29.6504748 ], [ 70.6115076, 29.6508536 ], [ 70.6131989, 29.6508892 ], [ 70.6143621, 29.6497121 ], [ 70.6127934, 29.648267 ], [ 70.6128121, 29.6470527 ], [ 70.6110455, 29.647865 ], [ 70.6090021, 29.6475511 ], [ 70.6088305, 29.6464881 ], [ 70.6097746, 29.6461151 ], [ 70.6029296, 29.6404457 ], [ 70.6014276, 29.6409679 ], [ 70.601213, 29.6396624 ], [ 70.601728, 29.639047 ] ] ] } },
{ "type": "Feature", "properties": { "name": "Mirpur Mathelo", "pop": 74651, "area_km2": 5.92 }, "geometry": { "type": "Polygon", "coordinates": [ [ [ 69.5438091, 28.0179261 ], [ 69.5338708, 28.0213149 ], [ 69.5355659, 28.0283802 ], [ 69.5368963, 28.0295356 ], [ 69.538806, 28.0303121 ], [ 69.5539766, 28.0324145 ], [ 69.5559293, 28.0310887 ], [ 69.5590192, 28.032888 ], [ 69.5601779, 28.0320925 ], [ 69.5629459, 28.0343654 ], [ 69.5724946, 28.0336646 ], [ 69.5723015, 28.0318274 ], [ 69.5733485, 28.0243512 ], [ 69.5729378, 28.0223301 ], [ 69.5690316, 28.0227544 ], [ 69.5641904, 28.0222144 ], [ 69.5643302, 28.0209955 ], [ 69.5579247, 28.0199618 ], [ 69.5579422, 28.0181798 ], [ 69.5558449, 28.0182878 ], [ 69.5554691, 28.017794 ], [ 69.5559498, 28.0159348 ], [ 69.5536165, 28.0165365 ], [ 69.5528737, 28.016282 ], [ 69.5535291, 28.0142993 ], [ 69.5527514, 28.0140524 ], [ 69.5506104, 28.0146002 ], [ 69.5507677, 28.0157111 ], [ 69.5481373, 28.0154796 ], [ 69.5475606, 28.0140215 ], [ 69.5479888, 28.0139753 ], [ 69.5478053, 28.0125094 ], [ 69.5499026, 28.0122934 ], [ 69.5497016, 28.0093771 ], [ 69.5507153, 28.0090531 ], [ 69.5501473, 28.006183 ], [ 69.5469926, 28.0063759 ], [ 69.5469314, 28.0073249 ], [ 69.5458583, 28.0072935 ], [ 69.5458193, 28.0079828 ], [ 69.5442411, 28.0081305 ], [ 69.544308, 28.0087607 ], [ 69.5432763, 28.0087706 ], [ 69.5445349, 28.0101045 ], [ 69.5441241, 28.0137434 ], [ 69.5428095, 28.0138401 ], [ 69.5426315, 28.0158589 ], [ 69.5438913, 28.016004 ], [ 69.5438091, 28.0179261 ] ] ] } },
{ "type": "Feature", "properties": { "name": "Dera Allah Yar", "pop": 0, "area_km2": 5.87 }, "geometry": { "type": "Polygon", "coordinates": [ [ [ 68.3438184, 28.3618195 ], [ 68.3422297, 28.3614319 ], [ 68.3421353, 28.3625808 ], [ 68.3399332, 28.362387 ], [ 68.3397601, 28.364214 ], [ 68.3401377, 28.3643525 ], [ 68.3395871, 28.3664148 ], [ 68.3375501, 28.3697938 ], [ 68.3342547, 28.3688646 ], [ 68.3339087, 28.3697366 ], [ 68.3356547, 28.3710376 ], [ 68.334197, 28.3731162 ], [ 68.3346165, 28.3732936 ], [ 68.3351671, 28.3723109 ], [ 68.3358002, 28.3726089 ], [ 68.3354817, 28.3732105 ], [ 68.3377199, 28.3737805 ], [ 68.3341724, 28.3740442 ], [ 68.3329492, 28.3755495 ], [ 68.3349891, 28.3766225 ], [ 68.333657, 28.3781652 ], [ 68.3356547, 28.3791063 ], [ 68.3369288, 28.3774455 ], [ 68.3388636, 28.378525 ], [ 68.3406253, 28.3761446 ], [ 68.3411601, 28.3765736 ], [ 68.3421039, 28.3763245 ], [ 68.341978, 28.3776947 ], [ 68.340814, 28.3792862 ], [ 68.3403579, 28.3790371 ], [ 68.3399489, 28.3795768 ], [ 68.3385018, 28.378788 ], [ 68.3376524, 28.3798951 ], [ 68.3379512, 28.3806286 ], [ 68.3373535, 28.3815697 ], [ 68.3389101, 28.3825125 ], [ 68.3366614, 28.3852231 ], [ 68.3374951, 28.3857213 ], [ 68.3386748, 28.3842406 ], [ 68.3442038, 28.3874775 ], [ 68.3439383, 28.3881229 ], [ 68.34687, 28.3892916 ], [ 68.347452, 28.3880877 ], [ 68.3448073, 28.3871695 ], [ 68.3460331, 28.3855862 ], [ 68.3508396, 28.3879176 ], [ 68.3524698, 28.3862056 ], [ 68.3542158, 28.3869806 ], [ 68.3565753, 28.3855829 ], [ 68.3598628, 28.381971 ], [ 68.3611212, 28.3824415 ], [ 68.3606807, 28.3790509 ], [ 68.361268, 28.3786201 ], [ 68.3588755, 28.3775321 ], [ 68.3595246, 28.3759581 ], [ 68.3612895, 28.3764961 ], [ 68.3612627, 28.3736949 ], [ 68.363575, 28.3739025 ], [ 68.3632919, 28.3750928 ], [ 68.3648334, 28.375508 ], [ 68.3718803, 28.3765183 ], [ 68.3723837, 28.3751481 ], [ 68.3637323, 28.3738057 ], [ 68.3637166, 28.372823 ], [ 68.3627571, 28.372823 ], [ 68.3628672, 28.3717711 ], [ 68.3640626, 28.3712729 ], [ 68.3662176, 28.3720756 ], [ 68.3665951, 28.3700272 ], [ 68.3636222, 28.369792 ], [ 68.3635907, 28.3689477 ], [ 68.3628514, 28.3682418 ], [ 68.3584471, 28.3679096 ], [ 68.3572674, 28.3681588 ], [ 68.3565281, 28.3690169 ], [ 68.3558831, 28.3686985 ], [ 68.3564337, 28.3678681 ], [ 68.3560404, 28.3676466 ], [ 68.356418, 28.3667193 ], [ 68.355836, 28.3667193 ], [ 68.3561034, 28.365266 ], [ 68.3554113, 28.3651276 ], [ 68.3552382, 28.3657366 ], [ 68.3547663, 28.3656535 ], [ 68.3545776, 28.3666501 ], [ 68.3540585, 28.3666363 ], [ 68.3498901, 28.3649476 ], [ 68.3502519, 28.364048 ], [ 68.3466517, 28.363388 ], [ 68.3467599, 28.3607675 ], [ 68.3439757, 28.3601585 ], [ 68.3438184, 28.3618195 ] ] ] } },
{ "type": "Feature", "properties": { "name": "Kandhkot", "pop": 99155, "area_km2": 5.83 }, "geometry": { "type": "Polygon", "coordinates": [ [ [ 69.1734246, 28.254208 ], [ 69.1788219, 28.2566869 ], [ 69.1796733, 28.2574569 ], [ 69.1786004, 28.2574569 ], [ 69.1792012, 28.2593091 ], [ 69.1822053, 28.2594981 ], [ 69.1822053, 28.2586665 ], [ 69.1834928, 28.2577593 ], [ 69.1848231, 28.2577971 ], [ 69.1839648, 28.2535633 ], [ 69.1831923, 28.2536767 ], [ 69.1828715, 28.2525597 ], [ 69.1926778, 28.2501472 ], [ 69.1924191, 28.2509171 ], [ 69.1945649, 28.2514463 ], [ 69.1949877, 28.2507827 ], [ 69.198558, 28.2521701 ], [ 69.1979981, 28.2534877 ], [ 69.1983844, 28.2540925 ], [ 69.1994573, 28.2538657 ], [ 69.1998126, 28.2525731 ], [ 69.2018342, 28.2533922 ], [ 69.2019451, 28.2529845 ], [ 69.2000581, 28.2497074 ], [ 69.1977836, 28.2492537 ], [ 69.1977407, 28.248233 ], [ 69.1915608, 28.2464562 ], [ 69.1909171, 28.2412012 ], [ 69.1884709, 28.2399535 ], [ 69.1894987, 28.2362068 ], [ 69.1847159, 28.2315426 ], [ 69.1831923, 28.2291023 ], [ 69.1816474, 28.2281948 ], [ 69.1810913, 28.2301333 ], [ 69.1794757, 28.2297688 ], [ 69.1783429, 28.234736 ], [ 69.1770984, 28.2360215 ], [ 69.1766573, 28.237772 ], [ 69.1745246, 28.237723 ], [ 69.1735793, 28.2375338 ], [ 69.1747809, 28.2353787 ], [ 69.1749955, 28.2319003 ], [ 69.175768, 28.231749 ], [ 69.1756627, 28.2308187 ], [ 69.173751, 28.2275142 ], [ 69.1711331, 28.2284217 ], [ 69.1721631, 28.2286485 ], [ 69.1719914, 28.2296694 ], [ 69.1693736, 28.2290645 ], [ 69.1688586, 28.2311062 ], [ 69.1676772, 28.2320564 ], [ 69.1657687, 28.229556 ], [ 69.1668845, 28.2291023 ], [ 69.1655971, 28.2272117 ], [ 69.1639663, 28.2280057 ], [ 69.1642667, 28.2291779 ], [ 69.1630221, 28.2305391 ], [ 69.1642667, 28.2335261 ], [ 69.1638375, 28.2340554 ], [ 69.1641379, 28.2350763 ], [ 69.1679145, 28.2346604 ], [ 69.1679574, 28.2365508 ], [ 69.1710044, 28.2377229 ], [ 69.1716481, 28.2409743 ], [ 69.1710473, 28.2419195 ], [ 69.171734, 28.2430159 ], [ 69.1723777, 28.2430915 ], [ 69.1728927, 28.244944 ], [ 69.172721, 28.245322 ], [ 69.1683007, 28.246305 ], [ 69.1643954, 28.2456623 ], [ 69.1640092, 28.2462293 ], [ 69.1665412, 28.2472123 ], [ 69.1665412, 28.2478171 ], [ 69.1673566, 28.2478171 ], [ 69.1674853, 28.2485354 ], [ 69.1682374, 28.2490523 ], [ 69.1705549, 28.2479347 ], [ 69.1707051, 28.2469896 ], [ 69.1729167, 28.2469091 ], [ 69.1733647, 28.2479684 ], [ 69.1724271, 28.249376 ], [ 69.1720344, 28.2514085 ], [ 69.1704036, 28.2514085 ], [ 69.1703177, 28.2498208 ], [ 69.1684091, 28.250099 ], [ 69.1684285, 28.254841 ], [ 69.1705151, 28.2547847 ], [ 69.1718198, 28.2541681 ], [ 69.171435, 28.2529929 ], [ 69.1723348, 28.2526938 ], [ 69.1734246, 28.254208 ] ] ] } },
{ "type": "Feature", "properties": { "name": "Kalat", "pop": 26701, "area_km2": 5.78 }, "geometry": { "type": "MultiPolygon", "coordinates": [ [ [ [ 66.5797674, 29.0076723 ], [ 66.580454, 29.0075973 ], [ 66.5818273, 29.0091736 ], [ 66.5823638, 29.0091548 ], [ 66.5824496, 29.0085919 ], [ 66.5831577, 29.0091548 ], [ 66.5831148, 29.0104121 ], [ 66.5804755, 29.0104309 ], [ 66.5810978, 29.0121948 ], [ 66.5821492, 29.011857 ], [ 66.5826427, 29.0132269 ], [ 66.5826213, 29.01394 ], [ 66.5811836, 29.0151221 ], [ 66.5811836, 29.0162855 ], [ 66.5838658, 29.0157601 ], [ 66.5838443, 29.014653 ], [ 66.583029, 29.0144654 ], [ 66.5836512, 29.0114254 ], [ 66.5859901, 29.0101119 ], [ 66.5857326, 29.0095489 ], [ 66.5837156, 29.010581 ], [ 66.5836298, 29.0057957 ], [ 66.5823209, 29.0053829 ], [ 66.5815269, 29.0053078 ], [ 66.5813767, 29.0058333 ], [ 66.5794026, 29.0071281 ], [ 66.5797674, 29.0076723 ] ] ], [ [ [ 66.5830719, 29.017524 ], [ 66.5830504, 29.0180494 ], [ 66.5807759, 29.0181056 ], [ 66.5800893, 29.0190626 ], [ 66.5789305, 29.0196068 ], [ 66.5788018, 29.0200571 ], [ 66.5801751, 29.0199257 ], [ 66.5803467, 29.0205637 ], [ 66.5788876, 29.0207326 ], [ 66.5780293, 29.022365 ], [ 66.5786516, 29.0244289 ], [ 66.580733, 29.0243163 ], [ 66.5814196, 29.0269056 ], [ 66.5881144, 29.025217 ], [ 66.5881359, 29.0296824 ], [ 66.586312, 29.0333972 ], [ 66.5857326, 29.0318025 ], [ 66.5815269, 29.0288193 ], [ 66.5806042, 29.0291946 ], [ 66.579703, 29.0288944 ], [ 66.5775358, 29.0265116 ], [ 66.5695106, 29.0202447 ], [ 66.5724503, 29.0176178 ], [ 66.5694248, 29.0127202 ], [ 66.5665065, 29.014334 ], [ 66.5644252, 29.0166045 ], [ 66.5684592, 29.019907 ], [ 66.5670859, 29.0216707 ], [ 66.5688669, 29.0229654 ], [ 66.5689742, 29.0240161 ], [ 66.570562, 29.0236784 ], [ 66.571356, 29.0244477 ], [ 66.5710985, 29.0262864 ], [ 66.5729868, 29.025292 ], [ 66.574403, 29.02608 ], [ 66.576656, 29.0318025 ], [ 66.5791451, 29.0316524 ], [ 66.5801107, 29.0303015 ], [ 66.5821921, 29.0319713 ], [ 66.5841448, 29.0365303 ], [ 66.5825569, 29.0406575 ], [ 66.5790164, 29.0395319 ], [ 66.5795743, 29.038819 ], [ 66.5782439, 29.0385752 ], [ 66.5765058, 29.0374308 ], [ 66.5737592, 29.0382938 ], [ 66.574875, 29.0400947 ], [ 66.5762483, 29.0397008 ], [ 66.5768491, 29.0404699 ], [ 66.5765273, 29.0418206 ], [ 66.5772139, 29.0421958 ], [ 66.5768062, 29.0441656 ], [ 66.5785443, 29.0443344 ], [ 66.5790593, 29.0438842 ], [ 66.5804111, 29.0450473 ], [ 66.58172, 29.0439405 ], [ 66.5821921, 29.0424022 ], [ 66.5844022, 29.041558 ], [ 66.5854966, 29.041558 ], [ 66.5855395, 29.0431338 ], [ 66.5868913, 29.0429462 ], [ 66.5869986, 29.0424209 ], [ 66.5885007, 29.0424022 ], [ 66.5893161, 29.0439029 ], [ 66.5904962, 29.0437529 ], [ 66.5904104, 29.0431338 ], [ 66.5913545, 29.043115 ], [ 66.5913331, 29.0424397 ], [ 66.5904962, 29.0425147 ], [ 66.59011, 29.0418206 ], [ 66.5900885, 29.041089 ], [ 66.590625, 29.041014 ], [ 66.5904319, 29.0398696 ], [ 66.5882646, 29.0393256 ], [ 66.5882646, 29.0397195 ], [ 66.5874063, 29.0397008 ], [ 66.5871274, 29.0385752 ], [ 66.5876853, 29.0385001 ], [ 66.5876424, 29.0379185 ], [ 66.5864407, 29.0379748 ], [ 66.5872347, 29.0355172 ], [ 66.5900456, 29.0362113 ], [ 66.5905606, 29.0377309 ], [ 66.5948521, 29.0374871 ], [ 66.5958606, 29.0368867 ], [ 66.5953886, 29.0363239 ], [ 66.5957963, 29.0357236 ], [ 66.5950882, 29.0332659 ], [ 66.5985429, 29.032628 ], [ 66.597985, 29.034823 ], [ 66.6004955, 29.0350857 ], [ 66.6009032, 29.0365678 ], [ 66.6027056, 29.0363239 ], [ 66.6027056, 29.0354234 ], [ 66.6019332, 29.0349919 ], [ 66.6016971, 29.0342602 ], [ 66.6019761, 29.0305642 ], [ 66.5993797, 29.031446 ], [ 66.5999591, 29.028613 ], [ 66.5995299, 29.0284253 ], [ 66.6004311, 29.0265116 ], [ 66.6003882, 29.0251982 ], [ 66.5982424, 29.0220085 ], [ 66.5990578, 29.0184434 ], [ 66.6001736, 29.0184246 ], [ 66.5999591, 29.016567 ], [ 66.600753, 29.0165857 ], [ 66.6005599, 29.0141464 ], [ 66.599208, 29.0138649 ], [ 66.5990364, 29.0148782 ], [ 66.5978133, 29.0160228 ], [ 66.5982639, 29.0168484 ], [ 66.5972554, 29.0175615 ], [ 66.5956032, 29.0160416 ], [ 66.5944659, 29.0165482 ], [ 66.5927493, 29.0163418 ], [ 66.5921914, 29.0186123 ], [ 66.5909898, 29.0182933 ], [ 66.5899812, 29.0169235 ], [ 66.59114, 29.016567 ], [ 66.5913545, 29.0158539 ], [ 66.5929209, 29.0155162 ], [ 66.5929424, 29.0144091 ], [ 66.5944659, 29.0143903 ], [ 66.5937363, 29.00938 ], [ 66.5912472, 29.0094738 ], [ 66.5910541, 29.0139399 ], [ 66.5888011, 29.0138086 ], [ 66.5887152, 29.0145779 ], [ 66.5864622, 29.014653 ], [ 66.5864622, 29.0170736 ], [ 66.5830719, 29.017524 ] ] ] ] } },
{ "type": "Feature", "properties": { "name": "Moro", "pop": 142685, "area_km2": 5.61 }, "geometry": { "type": "Polygon", "coordinates": [ [ [ 67.9971402, 26.6495404 ], [ 67.9900299, 26.6493236 ], [ 67.989862, 26.6551613 ], [ 67.9922134, 26.6553447 ], [ 67.9928292, 26.6580133 ], [ 67.9903845, 26.6595643 ], [ 67.9891155, 26.6582301 ], [ 67.9884063, 26.660465 ], [ 67.9943222, 26.662533 ], [ 67.9941169, 26.6632334 ], [ 67.9871373, 26.6644009 ], [ 67.9878838, 26.6696708 ], [ 67.9852525, 26.6680198 ], [ 67.9831063, 26.6735397 ], [ 67.9849352, 26.67414 ], [ 67.9879771, 26.6718054 ], [ 67.9916162, 26.6751072 ], [ 67.9946768, 26.671255 ], [ 67.998969, 26.6789426 ], [ 67.9972101, 26.6795762 ], [ 67.9972929, 26.6807018 ], [ 67.9983462, 26.6808268 ], [ 67.9976079, 26.6827528 ], [ 68.0004672, 26.6828487 ], [ 67.9993677, 26.6841825 ], [ 67.9991639, 26.6872839 ], [ 68.0049149, 26.6850494 ], [ 68.0042491, 26.6831816 ], [ 68.0023205, 26.6826809 ], [ 67.9998555, 26.6807768 ], [ 68.0000328, 26.679076 ], [ 68.0050715, 26.6728059 ], [ 68.0103715, 26.6746403 ], [ 68.0114726, 26.6739065 ], [ 68.0101103, 26.6709215 ], [ 68.0087666, 26.671105 ], [ 68.0066205, 26.6693706 ], [ 68.0082254, 26.6683867 ], [ 68.0067884, 26.6665522 ], [ 68.0080761, 26.6658685 ], [ 68.0066951, 26.6639839 ], [ 68.0060606, 26.6564622 ], [ 68.0087666, 26.6548944 ], [ 68.0092518, 26.6561953 ], [ 68.0113419, 26.6562287 ], [ 68.0112486, 26.6548944 ], [ 68.0133015, 26.6522758 ], [ 68.0116965, 26.6509582 ], [ 68.0124803, 26.649407 ], [ 68.0087479, 26.6478891 ], [ 68.0063965, 26.6501242 ], [ 68.0080388, 26.652109 ], [ 68.005706, 26.6537936 ], [ 67.9991557, 26.655695 ], [ 67.9983905, 26.6545942 ], [ 68.0049036, 26.6524593 ], [ 68.004605, 26.6504911 ], [ 68.0019176, 26.6516587 ], [ 68.0010778, 26.6492068 ], [ 67.9981852, 26.6508914 ], [ 67.9971402, 26.6495404 ] ] ] } },
{ "type": "Feature", "properties": { "name": "Khairpur", "pop": 191044, "area_km2": 5.56 }, "geometry": { "type": "MultiPolygon", "coordinates": [ [ [ [ 68.7458561, 27.5195848 ], [ 68.7451197, 27.5187407 ], [ 68.7481603, 27.5166991 ], [ 68.7457843, 27.5133256 ], [ 68.7444532, 27.514066 ], [ 68.7436271, 27.5129895 ], [ 68.7422015, 27.5138776 ], [ 68.7430911, 27.5151375 ], [ 68.7439693, 27.514598 ], [ 68.7447152, 27.5158282 ], [ 68.7459859, 27.5152767 ], [ 68.7463232, 27.5159785 ], [ 68.7451037, 27.5165534 ], [ 68.7439764, 27.5146365 ], [ 68.7431074, 27.5151808 ], [ 68.7424231, 27.5142352 ], [ 68.740296, 27.5155728 ], [ 68.7410045, 27.5164833 ], [ 68.7402908, 27.5169318 ], [ 68.7408286, 27.5176565 ], [ 68.7384751, 27.5189647 ], [ 68.7383757, 27.5194645 ], [ 68.7420827, 27.5236475 ], [ 68.7447133, 27.523354 ], [ 68.7448576, 27.5229024 ], [ 68.7462408, 27.5227745 ], [ 68.7461684, 27.5220652 ], [ 68.7480081, 27.5219147 ], [ 68.7468608, 27.5206805 ], [ 68.7480032, 27.5199828 ], [ 68.7473632, 27.519061 ], [ 68.7458561, 27.5195848 ] ] ], [ [ [ 68.7333941, 27.5209421 ], [ 68.7325922, 27.5216864 ], [ 68.7321891, 27.520106 ], [ 68.7298991, 27.5206155 ], [ 68.7312745, 27.5244897 ], [ 68.7287471, 27.5239203 ], [ 68.7295825, 27.5266565 ], [ 68.7288833, 27.5272062 ], [ 68.7299782, 27.5291581 ], [ 68.734841, 27.5272628 ], [ 68.7353435, 27.5280684 ], [ 68.7386841, 27.5262541 ], [ 68.7401234, 27.5263051 ], [ 68.7417524, 27.5253368 ], [ 68.7403604, 27.5234291 ], [ 68.7396549, 27.5238478 ], [ 68.7375933, 27.5214072 ], [ 68.737702, 27.5205643 ], [ 68.7350637, 27.5207174 ], [ 68.7345018, 27.5188102 ], [ 68.7335501, 27.518812 ], [ 68.7333941, 27.5209421 ] ] ], [ [ [ 68.7516026, 27.5342216 ], [ 68.7504135, 27.5339065 ], [ 68.7511313, 27.5350702 ], [ 68.7502105, 27.5356488 ], [ 68.7514938, 27.5376033 ], [ 68.7532919, 27.5330386 ], [ 68.7523494, 27.5331415 ], [ 68.7514431, 27.5336944 ], [ 68.7516026, 27.5342216 ] ] ], [ [ [ 68.7510642, 27.5383142 ], [ 68.7501198, 27.5386484 ], [ 68.7502591, 27.539863 ], [ 68.7481459, 27.5397199 ], [ 68.7480509, 27.5402876 ], [ 68.7501487, 27.5405045 ], [ 68.7510642, 27.5383142 ] ] ], [ [ [ 68.7445445, 27.539449 ], [ 68.7445127, 27.5398913 ], [ 68.7456643, 27.5399901 ], [ 68.7456855, 27.5395713 ], [ 68.7445445, 27.539449 ] ] ], [ [ [ 68.7395219, 27.5409639 ], [ 68.7388028, 27.5422506 ], [ 68.7374165, 27.5420553 ], [ 68.738115, 27.5430092 ], [ 68.7403253, 27.5427927 ], [ 68.7395219, 27.5409639 ] ] ], [ [ [ 68.7486494, 27.5432669 ], [ 68.7473103, 27.5436125 ], [ 68.7481768, 27.5441676 ], [ 68.7486494, 27.5432669 ] ] ], [ [ [ 68.7512444, 27.5508241 ], [ 68.7508428, 27.5504278 ], [ 68.7508234, 27.5510653 ], [ 68.7490419, 27.5511916 ], [ 68.7490484, 27.5518923 ], [ 68.7509529, 27.5516741 ], [ 68.7512444, 27.5508241 ] ] ], [ [ [ 68.7411352, 27.5516009 ], [ 68.741064, 27.5522326 ], [ 68.7416405, 27.5521867 ], [ 68.7415433, 27.5529505 ], [ 68.7428584, 27.5544955 ], [ 68.742826, 27.5532607 ], [ 68.7422494, 27.552761 ], [ 68.7431952, 27.5525313 ], [ 68.7440412, 27.5499977 ], [ 68.7426366, 27.5497019 ], [ 68.7427871, 27.5500731 ], [ 68.7411352, 27.5516009 ] ] ], [ [ [ 68.7544747, 27.5056888 ], [ 68.7555935, 27.5057253 ], [ 68.7558629, 27.5053081 ], [ 68.7554108, 27.5045952 ], [ 68.7544336, 27.504976 ], [ 68.7544747, 27.5056888 ] ] ], [ [ [ 68.7624911, 27.502148 ], [ 68.7612723, 27.5029946 ], [ 68.7591195, 27.503074 ], [ 68.7601237, 27.5102133 ], [ 68.7588343, 27.5105552 ], [ 68.7605308, 27.5130802 ], [ 68.7629284, 27.5097095 ], [ 68.7619787, 27.5035581 ], [ 68.7639297, 27.504199 ], [ 68.7639888, 27.5028589 ], [ 68.764626, 27.5028938 ], [ 68.7652739, 27.5013809 ], [ 68.7645237, 27.5013013 ], [ 68.7634239, 27.5026724 ], [ 68.7630889, 27.5013498 ], [ 68.762432, 27.5014488 ], [ 68.7624911, 27.502148 ] ] ], [ [ [ 68.7783609, 27.5138503 ], [ 68.779088, 27.513271 ], [ 68.7783609, 27.5103963 ], [ 68.7759453, 27.5113582 ], [ 68.7765123, 27.5137957 ], [ 68.7776584, 27.5134131 ], [ 68.7778909, 27.5138943 ], [ 68.7768013, 27.5146037 ], [ 68.7775352, 27.515468 ], [ 68.7787183, 27.5143313 ], [ 68.7783609, 27.5138503 ] ] ], [ [ [ 68.7556148, 27.5181818 ], [ 68.7565936, 27.51764 ], [ 68.7574673, 27.5182284 ], [ 68.7581045, 27.5170807 ], [ 68.7578286, 27.5161719 ], [ 68.7559827, 27.5169759 ], [ 68.7561798, 27.5173604 ], [ 68.7552601, 27.5174245 ], [ 68.7556148, 27.5181818 ] ] ], [ [ [ 68.7617258, 27.5168208 ], [ 68.7618729, 27.5179296 ], [ 68.7620828, 27.5179857 ], [ 68.7625775, 27.5167072 ], [ 68.7617258, 27.5168208 ] ] ], [ [ [ 68.7501286, 27.5177423 ], [ 68.7512742, 27.5175448 ], [ 68.7514545, 27.5165194 ], [ 68.7500877, 27.5161732 ], [ 68.7479239, 27.5170914 ], [ 68.7481615, 27.5174526 ], [ 68.7495192, 27.5169936 ], [ 68.7497298, 27.5176351 ], [ 68.7479435, 27.5182785 ], [ 68.7500225, 27.5209031 ], [ 68.7493755, 27.5213358 ], [ 68.749768, 27.52238 ], [ 68.7492376, 27.5225587 ], [ 68.7487391, 27.5218814 ], [ 68.7489088, 27.5237534 ], [ 68.7506802, 27.523537 ], [ 68.7517727, 27.525202 ], [ 68.7535548, 27.5247787 ], [ 68.7543291, 27.5252773 ], [ 68.754711, 27.5246941 ], [ 68.7539685, 27.5242049 ], [ 68.7540027, 27.5231907 ], [ 68.7534726, 27.5230481 ], [ 68.7539886, 27.5218575 ], [ 68.7531033, 27.5215974 ], [ 68.7532934, 27.5210002 ], [ 68.7523848, 27.5193966 ], [ 68.7533936, 27.5190032 ], [ 68.754181, 27.5199761 ], [ 68.7546209, 27.5194704 ], [ 68.7554899, 27.5198413 ], [ 68.7561959, 27.5194945 ], [ 68.7553161, 27.5183819 ], [ 68.754659, 27.5184686 ], [ 68.7543494, 27.5177509 ], [ 68.7539041, 27.5177076 ], [ 68.7537303, 27.5186998 ], [ 68.7535891, 27.5176401 ], [ 68.750712, 27.5185043 ], [ 68.7501286, 27.5177423 ] ] ], [ [ [ 68.7746007, 27.5380917 ], [ 68.7760414, 27.5390463 ], [ 68.7770911, 27.5388611 ], [ 68.7770054, 27.5376833 ], [ 68.7765449, 27.5377688 ], [ 68.7760735, 27.5364106 ], [ 68.7751202, 27.5356223 ], [ 68.7744883, 27.536876 ], [ 68.7746007, 27.5380917 ] ] ], [ [ [ 68.7543313, 27.5456257 ], [ 68.7546898, 27.5455518 ], [ 68.7548205, 27.5467048 ], [ 68.7560605, 27.5465504 ], [ 68.7563833, 27.5502816 ], [ 68.7590693, 27.5493799 ], [ 68.7618792, 27.5550167 ], [ 68.7633266, 27.5542079 ], [ 68.7649916, 27.548755 ], [ 68.7638256, 27.547659 ], [ 68.7648151, 27.5464128 ], [ 68.7650751, 27.544672 ], [ 68.7684995, 27.5364103 ], [ 68.7686828, 27.53435 ], [ 68.7637765, 27.534035 ], [ 68.7643853, 27.5265653 ], [ 68.7623302, 27.5225152 ], [ 68.7613163, 27.5254857 ], [ 68.759276, 27.5266467 ], [ 68.7595147, 27.527757 ], [ 68.7580971, 27.5292937 ], [ 68.757929, 27.5307488 ], [ 68.7566699, 27.5312065 ], [ 68.7560107, 27.5324016 ], [ 68.7548638, 27.5331944 ], [ 68.7538001, 27.5332006 ], [ 68.7517064, 27.5379629 ], [ 68.7535761, 27.5405 ], [ 68.7567314, 27.5430181 ], [ 68.7563419, 27.5435179 ], [ 68.75518, 27.542546 ], [ 68.7543313, 27.5456257 ] ] ], [ [ [ 68.7801271, 27.542762 ], [ 68.7795799, 27.5419534 ], [ 68.7783139, 27.5424196 ], [ 68.7778526, 27.5432282 ], [ 68.7782388, 27.5437609 ], [ 68.7801271, 27.542762 ] ] ] ] } },
{ "type": "Feature", "properties": { "name": "Sibi", "pop": 64069, "area_km2": 5.3 }, "geometry": { "type": "MultiPolygon", "coordinates": [ [ [ [ 67.88739, 29.5481553 ], [ 67.8853557, 29.5481582 ], [ 67.8850291, 29.5469903 ], [ 67.8868881, 29.5466842 ], [ 67.8864043, 29.5450431 ], [ 67.8880762, 29.5449938 ], [ 67.8892738, 29.54706 ], [ 67.8905277, 29.5473886 ], [ 67.8903029, 29.5453011 ], [ 67.8892529, 29.5456693 ], [ 67.8888241, 29.5444007 ], [ 67.8892037, 29.5443175 ], [ 67.8890535, 29.5424431 ], [ 67.886597, 29.54297 ], [ 67.8857706, 29.5421149 ], [ 67.8862205, 29.5406517 ], [ 67.8834886, 29.540814 ], [ 67.8819142, 29.5402611 ], [ 67.8793191, 29.5362146 ], [ 67.8803055, 29.5359506 ], [ 67.8809882, 29.5369912 ], [ 67.8825435, 29.5365729 ], [ 67.8822731, 29.5357817 ], [ 67.8836385, 29.5353801 ], [ 67.8829913, 29.5337027 ], [ 67.8805964, 29.5346644 ], [ 67.8802086, 29.5342201 ], [ 67.8816664, 29.5326775 ], [ 67.8811913, 29.5324456 ], [ 67.882811, 29.5301503 ], [ 67.8799519, 29.5298296 ], [ 67.8801021, 29.5304925 ], [ 67.8788022, 29.530818 ], [ 67.8789907, 29.5314809 ], [ 67.8772457, 29.5309796 ], [ 67.8784609, 29.5325477 ], [ 67.8783058, 29.5329589 ], [ 67.8736244, 29.5314173 ], [ 67.8722209, 29.5331507 ], [ 67.8698709, 29.5330146 ], [ 67.8686235, 29.5312016 ], [ 67.8708682, 29.5310971 ], [ 67.8711573, 29.5304675 ], [ 67.8708398, 29.5295075 ], [ 67.8670881, 29.5290332 ], [ 67.8663066, 29.5293183 ], [ 67.8653273, 29.5289169 ], [ 67.8654731, 29.5284643 ], [ 67.8642598, 29.5284105 ], [ 67.8660416, 29.5308097 ], [ 67.8655862, 29.5309697 ], [ 67.8665518, 29.5319684 ], [ 67.86713, 29.5336473 ], [ 67.868155, 29.5326779 ], [ 67.8682224, 29.5331115 ], [ 67.8689275, 29.5330471 ], [ 67.8687164, 29.5334466 ], [ 67.8698916, 29.5353173 ], [ 67.8694128, 29.5364949 ], [ 67.868007, 29.5367003 ], [ 67.8683496, 29.5379223 ], [ 67.8677882, 29.537998 ], [ 67.8680754, 29.539011 ], [ 67.8686586, 29.5388898 ], [ 67.8700986, 29.5438975 ], [ 67.86966, 29.5439993 ], [ 67.870351, 29.547102 ], [ 67.8709516, 29.5469581 ], [ 67.8713546, 29.5484041 ], [ 67.8707827, 29.5485174 ], [ 67.8709307, 29.5496949 ], [ 67.8722286, 29.5552632 ], [ 67.8860326, 29.5508798 ], [ 67.885573, 29.5491516 ], [ 67.8870554, 29.5489112 ], [ 67.88739, 29.5481553 ] ] ], [ [ [ 67.8717845, 29.5552596 ], [ 67.870135, 29.5553713 ], [ 67.8701894, 29.5542682 ], [ 67.8710816, 29.5540822 ], [ 67.8706899, 29.552918 ], [ 67.8686786, 29.5509781 ], [ 67.8684909, 29.5499902 ], [ 67.8692695, 29.5494868 ], [ 67.868583, 29.5472758 ], [ 67.8689595, 29.5468631 ], [ 67.8679345, 29.5466341 ], [ 67.8683883, 29.5474524 ], [ 67.8675328, 29.5478593 ], [ 67.867659, 29.5487429 ], [ 67.8664587, 29.5486331 ], [ 67.8666278, 29.5495121 ], [ 67.8661143, 29.5495083 ], [ 67.8660316, 29.5499494 ], [ 67.8664276, 29.550116 ], [ 67.8665542, 29.551314 ], [ 67.866191, 29.5513354 ], [ 67.8667296, 29.5527329 ], [ 67.8678744, 29.5528454 ], [ 67.8679637, 29.5541946 ], [ 67.8684684, 29.5537476 ], [ 67.8688469, 29.5542776 ], [ 67.8688993, 29.555129 ], [ 67.8679335, 29.5569971 ], [ 67.8698752, 29.5578301 ], [ 67.8717845, 29.5552596 ] ], [ [ 67.87120137171128, 29.555757851509821 ], [ 67.871223, 29.5558143 ], [ 67.871152482751484, 29.555834244387363 ], [ 67.87120137171128, 29.555757851509821 ] ], [ [ 67.871389264748046, 29.555464253736293 ], [ 67.8714189, 29.555536 ], [ 67.871329182327671, 29.555558137283839 ], [ 67.871389264748046, 29.555464253736293 ] ] ], [ [ [ 67.8832874, 29.5591072 ], [ 67.8834742, 29.5568143 ], [ 67.884052, 29.559376 ], [ 67.8857238, 29.5590564 ], [ 67.88578, 29.5585068 ], [ 67.887671, 29.5588913 ], [ 67.8877374, 29.5567285 ], [ 67.8892236, 29.5572573 ], [ 67.8894949, 29.558583 ], [ 67.890056, 29.5584108 ], [ 67.8902726, 29.5580172 ], [ 67.8897125, 29.5575012 ], [ 67.8919753, 29.556162 ], [ 67.8916868, 29.5567142 ], [ 67.8927745, 29.5573504 ], [ 67.8943393, 29.5571461 ], [ 67.8945303, 29.5567401 ], [ 67.895235, 29.556805 ], [ 67.8954684, 29.5573127 ], [ 67.8965503, 29.5572955 ], [ 67.8966686, 29.5584088 ], [ 67.8970429, 29.5590407 ], [ 67.8974533, 29.558954 ], [ 67.8965009, 29.5567747 ], [ 67.8966519, 29.5556326 ], [ 67.8969905, 29.5556392 ], [ 67.8968509, 29.5538474 ], [ 67.8962503, 29.5538341 ], [ 67.8964617, 29.5529613 ], [ 67.8961372, 29.5522954 ], [ 67.8956341, 29.5522696 ], [ 67.8956225, 29.5510261 ], [ 67.8939482, 29.550559 ], [ 67.8897537, 29.5507728 ], [ 67.8909332, 29.5524295 ], [ 67.8898242, 29.5527401 ], [ 67.8885546, 29.5523572 ], [ 67.8885749, 29.5516501 ], [ 67.8892644, 29.5514526 ], [ 67.8891076, 29.550867 ], [ 67.8860326, 29.5508798 ], [ 67.880577158544767, 29.558735588091906 ], [ 67.8832874, 29.5591072 ] ] ], [ [ [ 67.8716539, 29.5547637 ], [ 67.8715299, 29.5552445 ], [ 67.8717845, 29.5552596 ], [ 67.8716539, 29.5547637 ] ] ], [ [ [ 67.8635077, 29.5541352 ], [ 67.8609705, 29.5549444 ], [ 67.8616007, 29.5555431 ], [ 67.8621659, 29.5554256 ], [ 67.8616476, 29.5557342 ], [ 67.8618089, 29.5563652 ], [ 67.8640248, 29.5558164 ], [ 67.8635077, 29.5541352 ] ] ], [ [ [ 67.8514502, 29.5562575 ], [ 67.8504746, 29.5556391 ], [ 67.8508593, 29.5577165 ], [ 67.8517886, 29.5579924 ], [ 67.8515927, 29.5594537 ], [ 67.8522325, 29.5602677 ], [ 67.8538429, 29.5610987 ], [ 67.8549593, 29.5608583 ], [ 67.854968, 29.5615719 ], [ 67.8556687, 29.5614186 ], [ 67.8555795, 29.5617744 ], [ 67.8569592, 29.5623953 ], [ 67.8582779, 29.5623612 ], [ 67.8575663, 29.5609889 ], [ 67.856896, 29.5608412 ], [ 67.8571224, 29.5603529 ], [ 67.8562908, 29.5587942 ], [ 67.8534443, 29.5568369 ], [ 67.8538208, 29.5558177 ], [ 67.8531776, 29.5555473 ], [ 67.8526236, 29.5561978 ], [ 67.8514502, 29.5562575 ] ] ], [ [ [ 67.8729878, 29.5584316 ], [ 67.8733725, 29.5583834 ], [ 67.8742638, 29.5625783 ], [ 67.8777813, 29.5627616 ], [ 67.873743040959752, 29.557308310323382 ], [ 67.8727416, 29.557417 ], [ 67.8729878, 29.5584316 ] ] ], [ [ [ 67.8794218, 29.562677 ], [ 67.8789993, 29.561085 ], [ 67.8800207, 29.5609619 ], [ 67.8810077, 29.5622385 ], [ 67.8814381, 29.5621359 ], [ 67.8809429, 29.5614795 ], [ 67.8814185, 29.5613365 ], [ 67.8814623, 29.5606548 ], [ 67.8799521, 29.5599221 ], [ 67.879632685345442, 29.56009562125756 ], [ 67.87795523068975, 29.562511141324446 ], [ 67.8794218, 29.562677 ] ] ], [ [ [ 67.8935102, 29.5665138 ], [ 67.8945861, 29.5647571 ], [ 67.8935668, 29.5634765 ], [ 67.8926796, 29.5643959 ], [ 67.8922644, 29.5663497 ], [ 67.8935102, 29.5665138 ] ] ] ] } },
{ "type": "Feature", "properties": { "name": "Qambar", "pop": 77481, "area_km2": 5.3 }, "geometry": { "type": "Polygon", "coordinates": [ [ [ 67.9900884, 27.5902804 ], [ 67.9924683, 27.5936689 ], [ 67.9848185, 27.5971774 ], [ 67.9864991, 27.6000999 ], [ 67.9911613, 27.5976624 ], [ 67.9920196, 27.5981291 ], [ 67.9928779, 27.5969017 ], [ 67.9941459, 27.5966597 ], [ 67.9943214, 27.5971437 ], [ 67.9954528, 27.5974895 ], [ 67.9947506, 27.5995986 ], [ 67.9960771, 27.5999616 ], [ 67.9969159, 27.6012927 ], [ 67.9977216, 27.6010212 ], [ 67.9972113, 27.6028837 ], [ 67.9983009, 27.6032288 ], [ 67.998769, 27.6018632 ], [ 68.0019292, 27.6007395 ], [ 68.0033532, 27.6040759 ], [ 68.0047772, 27.6034363 ], [ 68.0039189, 27.601552 ], [ 68.004387, 27.5987688 ], [ 68.0078387, 27.5987848 ], [ 68.0080238, 27.5979172 ], [ 68.013289, 27.5982527 ], [ 68.0145482, 27.595144 ], [ 68.0160512, 27.595562 ], [ 68.0180148, 27.5922127 ], [ 68.0178922, 27.5904005 ], [ 68.0169069, 27.5894773 ], [ 68.0160331, 27.5891293 ], [ 68.0133797, 27.590021 ], [ 68.0131457, 27.5884304 ], [ 68.0123654, 27.5876524 ], [ 68.0107073, 27.587445 ], [ 68.0103757, 27.5862001 ], [ 68.0132042, 27.5854913 ], [ 68.0127945, 27.5844539 ], [ 68.0135943, 27.5843156 ], [ 68.0127555, 27.582552 ], [ 68.0089907, 27.5822927 ], [ 68.0086591, 27.5827422 ], [ 68.0071765, 27.5828633 ], [ 68.0065913, 27.5823446 ], [ 68.0076447, 27.5815838 ], [ 68.0077617, 27.5806674 ], [ 68.0066317, 27.5804352 ], [ 68.0074632, 27.5769213 ], [ 68.0099465, 27.5768981 ], [ 68.0099855, 27.5751344 ], [ 68.0094003, 27.5747886 ], [ 68.0083899, 27.5747625 ], [ 68.0077884, 27.5760111 ], [ 68.0056745, 27.5757223 ], [ 68.0049956, 27.5765362 ], [ 68.0026899, 27.5770018 ], [ 68.0021312, 27.5777136 ], [ 67.9933763, 27.578557 ], [ 67.995999, 27.580287 ], [ 67.9955302, 27.581184 ], [ 67.9971304, 27.584039 ], [ 67.9942172, 27.5845254 ], [ 67.9925283, 27.5839481 ], [ 67.9921171, 27.5850763 ], [ 67.9905566, 27.5853011 ], [ 67.9905566, 27.5860273 ], [ 67.9897568, 27.5860273 ], [ 67.9893472, 27.5874795 ], [ 67.9860115, 27.5876006 ], [ 67.9864406, 27.5884996 ], [ 67.9900884, 27.5902804 ] ] ] } },
{ "type": "Feature", "properties": { "name": "Naushahro Feroze", "pop": 17631, "area_km2": 5.07 }, "geometry": { "type": "Polygon", "coordinates": [ [ [ 68.1121169, 26.8340795 ], [ 68.1115098, 26.8342553 ], [ 68.1126711, 26.8355299 ], [ 68.1120274, 26.8359128 ], [ 68.1124279, 26.8365708 ], [ 68.1107828, 26.8371573 ], [ 68.1111262, 26.8376168 ], [ 68.1084225, 26.8386316 ], [ 68.108444, 26.8370042 ], [ 68.1080792, 26.8370042 ], [ 68.1100514, 26.8344201 ], [ 68.10971, 26.8336726 ], [ 68.1067703, 26.8336535 ], [ 68.1077144, 26.8322557 ], [ 68.1074354, 26.8308388 ], [ 68.1058433, 26.8312349 ], [ 68.1035513, 26.8393748 ], [ 68.1029937, 26.8395315 ], [ 68.1032083, 26.8406419 ], [ 68.1022212, 26.8412929 ], [ 68.1010625, 26.8410057 ], [ 68.1002042, 26.8433415 ], [ 68.0982301, 26.8437435 ], [ 68.0981228, 26.8453135 ], [ 68.099024, 26.8466345 ], [ 68.1004188, 26.8462133 ], [ 68.1008265, 26.8473811 ], [ 68.1019637, 26.8475917 ], [ 68.1026504, 26.8463856 ], [ 68.1062667, 26.8455935 ], [ 68.1069419, 26.8466728 ], [ 68.1082723, 26.8462324 ], [ 68.1093452, 26.8465579 ], [ 68.1098602, 26.8458687 ], [ 68.1119845, 26.847228 ], [ 68.1129715, 26.8457921 ], [ 68.1120488, 26.8451029 ], [ 68.1130144, 26.8444902 ], [ 68.1153533, 26.8440307 ], [ 68.1165335, 26.8451029 ], [ 68.1186364, 26.8447008 ], [ 68.1186793, 26.8451412 ], [ 68.1191513, 26.8450454 ], [ 68.1193659, 26.846309 ], [ 68.1200526, 26.846309 ], [ 68.1196449, 26.8474386 ], [ 68.1153962, 26.8477449 ], [ 68.1158254, 26.8494296 ], [ 68.1147954, 26.8505017 ], [ 68.113229, 26.8510377 ], [ 68.113229, 26.8503102 ], [ 68.1118557, 26.8502528 ], [ 68.1114051, 26.8499273 ], [ 68.1117914, 26.8487021 ], [ 68.1113837, 26.8481852 ], [ 68.1090662, 26.8477066 ], [ 68.1084766, 26.8484848 ], [ 68.1103966, 26.8510377 ], [ 68.1139157, 26.853871 ], [ 68.1132934, 26.85613 ], [ 68.1159819, 26.8544593 ], [ 68.1152834, 26.8540261 ], [ 68.1156323, 26.8534881 ], [ 68.1153962, 26.8513249 ], [ 68.1163618, 26.8500422 ], [ 68.1177566, 26.8493913 ], [ 68.118057, 26.8499273 ], [ 68.1206319, 26.8491041 ], [ 68.1206534, 26.8500422 ], [ 68.1221769, 26.8498891 ], [ 68.1222627, 26.8459261 ], [ 68.1231425, 26.8456389 ], [ 68.1243441, 26.8472088 ], [ 68.1235287, 26.8475343 ], [ 68.1237433, 26.8488935 ], [ 68.124902, 26.8493147 ], [ 68.1248591, 26.8516695 ], [ 68.1274769, 26.8526841 ], [ 68.1282708, 26.854005 ], [ 68.1291292, 26.8533733 ], [ 68.1287429, 26.8519949 ], [ 68.1259105, 26.8510569 ], [ 68.1260607, 26.8505783 ], [ 68.1274125, 26.8509803 ], [ 68.1277344, 26.8500996 ], [ 68.1284211, 26.8499848 ], [ 68.1290648, 26.8509037 ], [ 68.1308887, 26.8516695 ], [ 68.1303952, 26.8521672 ], [ 68.1297514, 26.8518609 ], [ 68.1300089, 26.853067 ], [ 68.1325624, 26.854273 ], [ 68.1336353, 26.8524544 ], [ 68.1329701, 26.8518609 ], [ 68.1336782, 26.85121 ], [ 68.131511, 26.8491807 ], [ 68.1340859, 26.8471514 ], [ 68.1325409, 26.846577 ], [ 68.1322191, 26.8475151 ], [ 68.1310174, 26.8463856 ], [ 68.1311891, 26.8441647 ], [ 68.1306312, 26.8441073 ], [ 68.1307054, 26.841902 ], [ 68.1296631, 26.8408849 ], [ 68.1302843, 26.8392422 ], [ 68.128447, 26.8357959 ], [ 68.12973, 26.8344768 ], [ 68.1292794, 26.8338832 ], [ 68.1302664, 26.8328301 ], [ 68.1296027, 26.8319174 ], [ 68.1284854, 26.8333854 ], [ 68.127198, 26.8332514 ], [ 68.1273911, 26.834381 ], [ 68.126404, 26.8364489 ], [ 68.1253097, 26.8363915 ], [ 68.1246016, 26.8351278 ], [ 68.1240866, 26.8350703 ], [ 68.1252438, 26.8322743 ], [ 68.1266186, 26.8326961 ], [ 68.1259302, 26.8311362 ], [ 68.1243656, 26.8297091 ], [ 68.1220333, 26.829912 ], [ 68.1153776, 26.8329823 ], [ 68.1134221, 26.8302644 ], [ 68.1128079, 26.8305542 ], [ 68.1130788, 26.8313749 ], [ 68.1121776, 26.8313749 ], [ 68.1121169, 26.8340795 ] ] ] } },
{ "type": "Feature", "properties": { "name": "Usta Mohammad", "pop": 64632, "area_km2": 4.53 }, "geometry": { "type": "Polygon", "coordinates": [ [ [ 68.0543212, 28.1891734 ], [ 68.0588273, 28.1792816 ], [ 68.0551581, 28.1757067 ], [ 68.0520896, 28.1675351 ], [ 68.0441288, 28.1652652 ], [ 68.0384211, 28.1650192 ], [ 68.0342798, 28.1681216 ], [ 68.0345158, 28.1716399 ], [ 68.0374555, 28.1749312 ], [ 68.0316834, 28.1750447 ], [ 68.029602, 28.1767092 ], [ 68.0440645, 28.1857691 ], [ 68.0543212, 28.1891734 ] ] ] } },
{ "type": "Feature", "properties": { "name": "Ratodero", "pop": 81935, "area_km2": 4.37 }, "geometry": { "type": "MultiPolygon", "coordinates": [ [ [ [ 68.2959269, 27.7783873 ], [ 68.29913, 27.7796482 ], [ 68.2992993, 27.7792861 ], [ 68.3004987, 27.7792487 ], [ 68.3007104, 27.7798729 ], [ 68.30143, 27.7798854 ], [ 68.3020127, 27.7778244 ], [ 68.3015889, 27.7769702 ], [ 68.298495, 27.7764147 ], [ 68.2959269, 27.7783873 ] ] ], [ [ [ 68.2731402, 27.7854142 ], [ 68.2722282, 27.7863539 ], [ 68.2735377, 27.7873789 ], [ 68.2742667, 27.7865532 ], [ 68.2751143, 27.78736 ], [ 68.2743847, 27.7881953 ], [ 68.2752216, 27.7886509 ], [ 68.2764554, 27.7885085 ], [ 68.2767987, 27.7865437 ], [ 68.2755113, 27.7849491 ], [ 68.2734299, 27.7835918 ], [ 68.2723677, 27.7846644 ], [ 68.2731402, 27.7854142 ] ] ], [ [ [ 68.2982058, 27.806345 ], [ 68.2978695, 27.8053371 ], [ 68.3012506, 27.805238 ], [ 68.3019044, 27.8043127 ], [ 68.303156, 27.8043457 ], [ 68.3030626, 27.8057006 ], [ 68.304613, 27.8060476 ], [ 68.3046504, 27.8078156 ], [ 68.3066678, 27.8071877 ], [ 68.3072095, 27.8056841 ], [ 68.3071722, 27.8037344 ], [ 68.30508, 27.8037344 ], [ 68.3049119, 27.8011236 ], [ 68.303679, 27.8006775 ], [ 68.3034175, 27.7992895 ], [ 68.3003353, 27.8002479 ], [ 68.2986541, 27.8000496 ], [ 68.2982245, 27.8007436 ], [ 68.2950489, 27.7990581 ], [ 68.2940028, 27.7993721 ], [ 68.2937413, 27.7987111 ], [ 68.2954411, 27.7972735 ], [ 68.2960202, 27.7960177 ], [ 68.2946566, 27.7956045 ], [ 68.2971223, 27.7908453 ], [ 68.3010638, 27.7906305 ], [ 68.3018297, 27.7886309 ], [ 68.3015682, 27.7882178 ], [ 68.2949741, 27.7893581 ], [ 68.2948994, 27.7899364 ], [ 68.2940588, 27.7898703 ], [ 68.2938347, 27.7910602 ], [ 68.2921722, 27.7911263 ], [ 68.2920601, 27.7895729 ], [ 68.288212, 27.7895068 ], [ 68.2878944, 27.7876559 ], [ 68.285933, 27.7877716 ], [ 68.2848309, 27.7856563 ], [ 68.282552, 27.7860694 ], [ 68.2833739, 27.7885648 ], [ 68.2822718, 27.7896886 ], [ 68.2794137, 27.7903992 ], [ 68.2793764, 27.7911428 ], [ 68.2772282, 27.7892258 ], [ 68.2753602, 27.7927788 ], [ 68.277527, 27.7927953 ], [ 68.2773029, 27.7947453 ], [ 68.2781995, 27.7949436 ], [ 68.279283, 27.7934067 ], [ 68.279339, 27.7943652 ], [ 68.2803851, 27.7945965 ], [ 68.2819542, 27.7966456 ], [ 68.2808708, 27.7977031 ], [ 68.2814685, 27.8017515 ], [ 68.2818795, 27.8018011 ], [ 68.2812257, 27.8025612 ], [ 68.2813564, 27.8040979 ], [ 68.2827761, 27.804511 ], [ 68.282552, 27.8057337 ], [ 68.2832618, 27.8073694 ], [ 68.2861946, 27.8074355 ], [ 68.2863066, 27.8087078 ], [ 68.2927699, 27.8106905 ], [ 68.2940401, 27.8103766 ], [ 68.2944324, 27.8087739 ], [ 68.2938533, 27.8087904 ], [ 68.2942643, 27.8078321 ], [ 68.2953104, 27.8074851 ], [ 68.2949741, 27.8065763 ], [ 68.2982058, 27.806345 ] ] ] ] } },
{ "type": "Feature", "properties": { "name": "Gambat", "pop": 93884, "area_km2": 4.2 }, "geometry": { "type": "Polygon", "coordinates": [ [ [ 68.5172064, 27.3457453 ], [ 68.5170893, 27.3508779 ], [ 68.513715, 27.3514918 ], [ 68.513471, 27.350896 ], [ 68.5117026, 27.3508057 ], [ 68.5123734, 27.353207 ], [ 68.5081453, 27.3537125 ], [ 68.5084298, 27.3554096 ], [ 68.5131864, 27.3556263 ], [ 68.5163575, 27.3540375 ], [ 68.5166699, 27.3546955 ], [ 68.5162965, 27.3557165 ], [ 68.516966, 27.3561643 ], [ 68.5160952, 27.3582026 ], [ 68.518187, 27.3589843 ], [ 68.5199122, 27.3608539 ], [ 68.5166421, 27.36023 ], [ 68.5162965, 27.3616743 ], [ 68.5171706, 27.3621436 ], [ 68.5171503, 27.3627033 ], [ 68.5156054, 27.3624144 ], [ 68.5150972, 27.3639309 ], [ 68.5160933, 27.3642197 ], [ 68.5167437, 27.3631005 ], [ 68.5172152, 27.3632721 ], [ 68.5171884, 27.3638833 ], [ 68.5184857, 27.3640735 ], [ 68.5205449, 27.3635518 ], [ 68.5206263, 27.3623603 ], [ 68.5215003, 27.3624686 ], [ 68.521541, 27.3616743 ], [ 68.5240819, 27.3627755 ], [ 68.524834, 27.3605188 ], [ 68.5229436, 27.3604827 ], [ 68.5201761, 27.3591724 ], [ 68.5203107, 27.3582872 ], [ 68.522476, 27.3590565 ], [ 68.5228826, 27.3581899 ], [ 68.5251796, 27.3594176 ], [ 68.5258504, 27.3583885 ], [ 68.5288995, 27.3578108 ], [ 68.5292654, 27.3579552 ], [ 68.5287572, 27.3590024 ], [ 68.5303834, 27.3608258 ], [ 68.5307086, 27.3596162 ], [ 68.5313184, 27.3594898 ], [ 68.5325178, 27.3601939 ], [ 68.5335341, 27.3586593 ], [ 68.531603, 27.3577566 ], [ 68.531542, 27.3571248 ], [ 68.5322941, 27.3563304 ], [ 68.532721, 27.3564748 ], [ 68.5324974, 27.3569442 ], [ 68.5357498, 27.3592009 ], [ 68.5369288, 27.3593995 ], [ 68.538433, 27.3583705 ], [ 68.5349977, 27.352232 ], [ 68.5365832, 27.3507515 ], [ 68.5397136, 27.3511668 ], [ 68.5352619, 27.3413987 ], [ 68.5336154, 27.3364691 ], [ 68.5301885, 27.3338838 ], [ 68.5283721, 27.3336301 ], [ 68.5294686, 27.3390152 ], [ 68.5333381, 27.3446907 ], [ 68.5311355, 27.3455877 ], [ 68.5308916, 27.346653 ], [ 68.5303224, 27.3467974 ], [ 68.5305257, 27.3477363 ], [ 68.5296516, 27.3483141 ], [ 68.5277002, 27.3473391 ], [ 68.5268058, 27.3478266 ], [ 68.5270497, 27.3467072 ], [ 68.5287978, 27.3471766 ], [ 68.5287369, 27.3463641 ], [ 68.5268261, 27.3459308 ], [ 68.5265009, 27.3452085 ], [ 68.528371, 27.3427168 ], [ 68.5255861, 27.3410375 ], [ 68.5241632, 27.3420126 ], [ 68.5251593, 27.3439627 ], [ 68.5196302, 27.3444141 ], [ 68.519305, 27.3452085 ], [ 68.5172064, 27.3457453 ] ] ] } },
{ "type": "Feature", "properties": { "name": "Kulachi", "pop": 24481, "area_km2": 4.02 }, "geometry": { "type": "Polygon", "coordinates": [ [ [ 70.4649115, 31.9457195 ], [ 70.4692245, 31.9432614 ], [ 70.4681946, 31.9424238 ], [ 70.4694177, 31.9415862 ], [ 70.4694391, 31.9405483 ], [ 70.4704476, 31.9400384 ], [ 70.4666925, 31.9372524 ], [ 70.4706837, 31.9349033 ], [ 70.4701043, 31.9330823 ], [ 70.4717995, 31.9297133 ], [ 70.4713918, 31.927965 ], [ 70.466714, 31.9280015 ], [ 70.4671431, 31.9260164 ], [ 70.4688168, 31.9255975 ], [ 70.4674221, 31.9241952 ], [ 70.4710055, 31.9230114 ], [ 70.4695464, 31.9176386 ], [ 70.4682804, 31.917074 ], [ 70.4631949, 31.9188407 ], [ 70.4604913, 31.9208077 ], [ 70.4572512, 31.9217547 ], [ 70.4554273, 31.9236853 ], [ 70.4542471, 31.9226289 ], [ 70.4515005, 31.9240313 ], [ 70.4523373, 31.9272184 ], [ 70.4507924, 31.9296223 ], [ 70.4524446, 31.9320079 ], [ 70.4521013, 31.9335922 ], [ 70.4528738, 31.9373981 ], [ 70.4549337, 31.939911 ], [ 70.4571868, 31.9394375 ], [ 70.4603411, 31.9432432 ], [ 70.4624225, 31.9429518 ], [ 70.4649115, 31.9457195 ] ] ] } },
{ "type": "Feature", "properties": { "name": "Kot Diji", "pop": 25616, "area_km2": 3.95 }, "geometry": { "type": "MultiPolygon", "coordinates": [ [ [ [ 68.6987516, 27.3218722 ], [ 68.7014831, 27.3216851 ], [ 68.7058774, 27.3238267 ], [ 68.7092524, 27.3245997 ], [ 68.7089594, 27.3213736 ], [ 68.7012573, 27.3195813 ], [ 68.6982475, 27.3196534 ], [ 68.6971921, 27.3215136 ], [ 68.6987516, 27.3218722 ] ] ], [ [ [ 68.7143865, 27.3502408 ], [ 68.7181013, 27.3493886 ], [ 68.7182328, 27.3470997 ], [ 68.7151643, 27.3402189 ], [ 68.7171384, 27.3345768 ], [ 68.7142202, 27.3329947 ], [ 68.7116238, 27.3325563 ], [ 68.710508, 27.3328231 ], [ 68.7097785, 27.3341193 ], [ 68.7096283, 27.3357586 ], [ 68.7040278, 27.3359493 ], [ 68.703942, 27.3377601 ], [ 68.697848, 27.3385988 ], [ 68.6969897, 27.3394375 ], [ 68.7058889, 27.3484953 ], [ 68.7143865, 27.3502408 ] ] ], [ [ [ 68.7015925, 27.3534041 ], [ 68.7026658, 27.3514542 ], [ 68.7023893, 27.3506598 ], [ 68.7005924, 27.3513675 ], [ 68.7015925, 27.3534041 ] ] ], [ [ [ 68.7247318, 27.3634064 ], [ 68.7255043, 27.3646642 ], [ 68.7275427, 27.3647213 ], [ 68.7313837, 27.3664364 ], [ 68.7319845, 27.3636542 ], [ 68.7284225, 27.3612911 ], [ 68.7301391, 27.360586 ], [ 68.7286156, 27.3594997 ], [ 68.725397, 27.3613864 ], [ 68.7249249, 27.3605669 ], [ 68.7249893, 27.3579561 ], [ 68.7223285, 27.3558978 ], [ 68.7192815, 27.3554595 ], [ 68.7199038, 27.3527341 ], [ 68.7182301, 27.3519718 ], [ 68.7150758, 27.3518003 ], [ 68.7164706, 27.3535918 ], [ 68.7160414, 27.3551355 ], [ 68.7097543, 27.3507711 ], [ 68.7087029, 27.3533249 ], [ 68.7172431, 27.3581085 ], [ 68.7207192, 27.3609481 ], [ 68.7247318, 27.3634064 ] ] ], [ [ [ 68.7050005, 27.3614732 ], [ 68.7031122, 27.3609967 ], [ 68.7015673, 27.361435 ], [ 68.7018677, 27.3627881 ], [ 68.7048932, 27.362426 ], [ 68.7050005, 27.3614732 ] ] ] ] } },
{ "type": "Feature", "properties": { "name": "Dera Bugti", "pop": 18120, "area_km2": 3.82 }, "geometry": { "type": "Polygon", "coordinates": [ [ [ 69.1483562, 29.0364452 ], [ 69.1497577, 29.0406411 ], [ 69.1543445, 29.0420273 ], [ 69.1578129, 29.0443293 ], [ 69.1593419, 29.0425471 ], [ 69.164594, 29.0421263 ], [ 69.1697188, 29.041 ], [ 69.1702709, 29.0376829 ], [ 69.173711, 29.0370641 ], [ 69.1771653, 29.0348237 ], [ 69.1720405, 29.0290432 ], [ 69.1556611, 29.0259486 ], [ 69.1536367, 29.028511 ], [ 69.1494321, 29.0279044 ], [ 69.1478749, 29.0309371 ], [ 69.1464875, 29.032373 ], [ 69.1480023, 29.0332518 ], [ 69.1483562, 29.0364452 ] ] ] } },
{ "type": "Feature", "properties": { "name": "Kandiaro", "pop": 44382, "area_km2": 3.57 }, "geometry": { "type": "MultiPolygon", "coordinates": [ [ [ [ 68.1956703, 27.0469793 ], [ 68.1957626, 27.0459995 ], [ 68.1952728, 27.0459426 ], [ 68.1934557, 27.0467834 ], [ 68.1956703, 27.0469793 ] ] ], [ [ [ 68.2020715, 27.0456998 ], [ 68.2007371, 27.0455481 ], [ 68.199935, 27.0461802 ], [ 68.1994097, 27.0458768 ], [ 68.2006519, 27.0475457 ], [ 68.2022631, 27.0480199 ], [ 68.2020715, 27.0456998 ] ] ], [ [ [ 68.1990915, 27.0484397 ], [ 68.1967705, 27.0480224 ], [ 68.1963233, 27.048604 ], [ 68.1966427, 27.0492046 ], [ 68.1995884, 27.0494385 ], [ 68.1990915, 27.0484397 ] ] ], [ [ [ 68.1883079, 27.0470535 ], [ 68.1889745, 27.0485973 ], [ 68.1879018, 27.049639 ], [ 68.1880109, 27.0501194 ], [ 68.1885601, 27.0498636 ], [ 68.1891762, 27.0505063 ], [ 68.1894758, 27.049549 ], [ 68.190751, 27.0495417 ], [ 68.1891821, 27.0486984 ], [ 68.1899866, 27.0478956 ], [ 68.1883079, 27.0470535 ] ] ], [ [ [ 68.1921005, 27.0518878 ], [ 68.1916097, 27.053248 ], [ 68.1905976, 27.0538579 ], [ 68.1905551, 27.054376 ], [ 68.1911854, 27.054716 ], [ 68.1919369, 27.0543976 ], [ 68.1921005, 27.0529943 ], [ 68.1928642, 27.0528324 ], [ 68.1931914, 27.0521091 ], [ 68.1921005, 27.0518878 ] ] ], [ [ [ 68.2025393, 27.064708 ], [ 68.2054543, 27.0651157 ], [ 68.2035654, 27.0657507 ], [ 68.2043112, 27.0674904 ], [ 68.2051918, 27.0681296 ], [ 68.2098111, 27.064238 ], [ 68.2099152, 27.065186 ], [ 68.2093945, 27.0656692 ], [ 68.210012, 27.0677647 ], [ 68.2108657, 27.0676853 ], [ 68.2106798, 27.0641729 ], [ 68.2115423, 27.063315 ], [ 68.2132394, 27.0628634 ], [ 68.2129078, 27.0655211 ], [ 68.2138762, 27.065644 ], [ 68.213532, 27.0677967 ], [ 68.2148249, 27.0679312 ], [ 68.2149042, 27.0674737 ], [ 68.2165361, 27.0681093 ], [ 68.2164308, 27.0675176 ], [ 68.215901, 27.0674429 ], [ 68.2159922, 27.0653645 ], [ 68.2174025, 27.0657256 ], [ 68.2172105, 27.0621775 ], [ 68.2190886, 27.0618453 ], [ 68.2211929, 27.0605205 ], [ 68.2208254, 27.0589844 ], [ 68.2229864, 27.0579088 ], [ 68.2218822, 27.056835 ], [ 68.2210074, 27.0574106 ], [ 68.2206082, 27.0567601 ], [ 68.219957, 27.056816 ], [ 68.2195094, 27.0560103 ], [ 68.2174177, 27.0545429 ], [ 68.2177166, 27.0539243 ], [ 68.2168718, 27.0533868 ], [ 68.217348, 27.0522956 ], [ 68.2157948, 27.0511894 ], [ 68.2163077, 27.0505066 ], [ 68.2154592, 27.0499524 ], [ 68.2157895, 27.0492714 ], [ 68.2175244, 27.0497671 ], [ 68.217943, 27.049014 ], [ 68.2158794, 27.0488738 ], [ 68.2161397, 27.0483447 ], [ 68.2139417, 27.0475584 ], [ 68.2136524, 27.0486797 ], [ 68.2127637, 27.0487286 ], [ 68.2133089, 27.0481838 ], [ 68.2130126, 27.0479007 ], [ 68.2103722, 27.0503094 ], [ 68.2099617, 27.0531669 ], [ 68.2090817, 27.0532309 ], [ 68.2090152, 27.0535905 ], [ 68.2110937, 27.0544554 ], [ 68.2098269, 27.0557854 ], [ 68.2085278, 27.0550921 ], [ 68.2066264, 27.0529707 ], [ 68.2014727, 27.0555142 ], [ 68.2018864, 27.0565227 ], [ 68.1998967, 27.0573913 ], [ 68.1995455, 27.0583642 ], [ 68.198063, 27.0579299 ], [ 68.1968341, 27.060692 ], [ 68.1999357, 27.0619601 ], [ 68.2025393, 27.064708 ] ] ], [ [ [ 68.1828304, 27.0601597 ], [ 68.1823436, 27.0598302 ], [ 68.1819103, 27.0605282 ], [ 68.1823047, 27.0606322 ], [ 68.1828304, 27.0601597 ] ] ], [ [ [ 68.1797098, 27.0599212 ], [ 68.1816523, 27.0608707 ], [ 68.1818178, 27.0605238 ], [ 68.1797098, 27.0599212 ] ] ], [ [ [ 68.187738, 27.0604457 ], [ 68.1870228, 27.0604295 ], [ 68.1865441, 27.0611419 ], [ 68.1875804, 27.0617895 ], [ 68.187738, 27.0604457 ] ] ], [ [ [ 68.2120575, 27.0691141 ], [ 68.2126925, 27.070767 ], [ 68.2134733, 27.0707137 ], [ 68.2135134, 27.0690963 ], [ 68.2120575, 27.0691141 ] ] ], [ [ [ 68.1873581, 27.0724839 ], [ 68.186677, 27.0725255 ], [ 68.1864098, 27.0720141 ], [ 68.1851076, 27.0726326 ], [ 68.1864165, 27.0733164 ], [ 68.1863364, 27.0741845 ], [ 68.1876386, 27.0734412 ], [ 68.1873581, 27.0724839 ] ] ], [ [ [ 68.2106371, 27.072579 ], [ 68.209535, 27.0732886 ], [ 68.2094677, 27.0738046 ], [ 68.2099645, 27.0739521 ], [ 68.2095867, 27.074551 ], [ 68.2113668, 27.074164 ], [ 68.2111753, 27.0719109 ], [ 68.2101456, 27.0722104 ], [ 68.2106371, 27.072579 ] ] ], [ [ [ 68.2133452, 27.0767976 ], [ 68.2116417, 27.0744402 ], [ 68.2100233, 27.0750849 ], [ 68.2094058, 27.074693 ], [ 68.2085114, 27.0759697 ], [ 68.2106195, 27.0771705 ], [ 68.2133452, 27.0767976 ] ] ], [ [ [ 68.1968321, 27.0796102 ], [ 68.1962227, 27.0781635 ], [ 68.1956924, 27.0783399 ], [ 68.1954187, 27.0787156 ], [ 68.1958521, 27.0800051 ], [ 68.1971717, 27.0802532 ], [ 68.1977296, 27.0797089 ], [ 68.1968321, 27.0796102 ] ] ], [ [ [ 68.227417, 27.0393114 ], [ 68.2259387, 27.038364 ], [ 68.225884, 27.0392069 ], [ 68.2249611, 27.0403285 ], [ 68.2273935, 27.0398339 ], [ 68.227417, 27.0393114 ] ] ], [ [ [ 68.2288363, 27.0456981 ], [ 68.230073, 27.0467057 ], [ 68.2309112, 27.0465548 ], [ 68.2308975, 27.0452168 ], [ 68.2288363, 27.0456981 ] ] ], [ [ [ 68.2351333, 27.0459866 ], [ 68.2338829, 27.0456766 ], [ 68.2337455, 27.0460111 ], [ 68.2343318, 27.046725 ], [ 68.2351333, 27.0459866 ] ] ], [ [ [ 68.2344132, 27.0468803 ], [ 68.2332971, 27.0476223 ], [ 68.2337517, 27.0481044 ], [ 68.2351112, 27.0482812 ], [ 68.2350228, 27.0478311 ], [ 68.2345744, 27.0479646 ], [ 68.2349523, 27.0476798 ], [ 68.2344132, 27.0468803 ] ] ], [ [ [ 68.231414, 27.0516981 ], [ 68.2314032, 27.0507569 ], [ 68.2302874, 27.050217 ], [ 68.2299495, 27.051679 ], [ 68.231414, 27.0516981 ] ] ], [ [ [ 68.2287104, 27.0532148 ], [ 68.2280506, 27.053425 ], [ 68.2285978, 27.053683 ], [ 68.2287104, 27.0532148 ] ] ], [ [ [ 68.2395991, 27.0593744 ], [ 68.2391217, 27.0577262 ], [ 68.2378021, 27.0577501 ], [ 68.2380639, 27.0591087 ], [ 68.239111, 27.0596562 ], [ 68.2395991, 27.0593744 ] ] ], [ [ [ 68.2194728, 27.0633532 ], [ 68.2191969, 27.0628892 ], [ 68.2189512, 27.0629496 ], [ 68.2190814, 27.0634074 ], [ 68.2194728, 27.0633532 ] ] ], [ [ [ 68.225089, 27.0628448 ], [ 68.2249254, 27.0636543 ], [ 68.2261799, 27.0641077 ], [ 68.2266466, 27.0631524 ], [ 68.225089, 27.0628448 ] ] ], [ [ [ 68.2271572, 27.0642639 ], [ 68.2315405, 27.0651106 ], [ 68.2315563, 27.0642891 ], [ 68.2306706, 27.0642524 ], [ 68.2309394, 27.0633385 ], [ 68.2302763, 27.063163 ], [ 68.2304004, 27.0621781 ], [ 68.2276374, 27.0628553 ], [ 68.2271572, 27.0642639 ] ] ], [ [ [ 68.2315547, 27.0644773 ], [ 68.2323195, 27.0637076 ], [ 68.2316953, 27.0635337 ], [ 68.2315547, 27.0644773 ] ] ], [ [ [ 68.2159931, 27.0723176 ], [ 68.2155842, 27.0700678 ], [ 68.2140409, 27.0702672 ], [ 68.214221, 27.0709044 ], [ 68.2136855, 27.070757 ], [ 68.2136125, 27.0720575 ], [ 68.214333, 27.0713336 ], [ 68.2142551, 27.0719058 ], [ 68.2159931, 27.0723176 ] ] ], [ [ [ 68.222487, 27.0752645 ], [ 68.2226574, 27.074636 ], [ 68.222302, 27.074506 ], [ 68.2220779, 27.0751067 ], [ 68.222487, 27.0752645 ] ] ], [ [ [ 68.2237355, 27.0761015 ], [ 68.2236645, 27.0766514 ], [ 68.2231038, 27.0758487 ], [ 68.2226495, 27.076664 ], [ 68.2235793, 27.077454 ], [ 68.2236219, 27.0784083 ], [ 68.2247931, 27.0787623 ], [ 68.2246156, 27.0778522 ], [ 68.2251551, 27.0773971 ], [ 68.2239839, 27.0767714 ], [ 68.2241756, 27.076329 ], [ 68.2237355, 27.0761015 ] ] ] ] } },
{ "type": "Feature", "properties": { "name": "Padidan", "pop": 20919, "area_km2": 3.42 }, "geometry": { "type": "MultiPolygon", "coordinates": [ [ [ [ 68.2954601, 26.7780095 ], [ 68.2974765, 26.7772401 ], [ 68.2993467, 26.7794613 ], [ 68.3025828, 26.7801872 ], [ 68.3064694, 26.7801727 ], [ 68.306388, 26.7777772 ], [ 68.310112, 26.7773707 ], [ 68.3092989, 26.7745397 ], [ 68.3056563, 26.7741767 ], [ 68.3045505, 26.7708665 ], [ 68.302843, 26.769371 ], [ 68.3022738, 26.7660316 ], [ 68.3002898, 26.7662058 ], [ 68.2993792, 26.7685289 ], [ 68.2978993, 26.7703874 ], [ 68.2974603, 26.7730153 ], [ 68.2958504, 26.7743364 ], [ 68.2949722, 26.7758173 ], [ 68.2954601, 26.7780095 ] ] ], [ [ [ 68.2830366, 26.785883 ], [ 68.2839808, 26.7849444 ], [ 68.2854184, 26.7845421 ], [ 68.2871136, 26.7851168 ], [ 68.2878646, 26.7828373 ], [ 68.2896671, 26.7809983 ], [ 68.2934007, 26.7785655 ], [ 68.2930788, 26.7752897 ], [ 68.291963, 26.7712667 ], [ 68.2881865, 26.7712283 ], [ 68.2865342, 26.7684505 ], [ 68.2827577, 26.7708069 ], [ 68.2811484, 26.7752705 ], [ 68.2764491, 26.7771288 ], [ 68.2767925, 26.778623 ], [ 68.2730588, 26.7778376 ], [ 68.2730588, 26.7791019 ], [ 68.2754835, 26.7812665 ], [ 68.2781228, 26.7863236 ], [ 68.2830366, 26.785883 ] ] ] ] } },
{ "type": "Feature", "properties": { "name": "Rohri", "pop": 92135, "area_km2": 3.37 }, "geometry": { "type": "MultiPolygon", "coordinates": [ [ [ [ 68.8814279, 27.6677339 ], [ 68.8805889, 27.6678583 ], [ 68.8808543, 27.6687327 ], [ 68.8816231, 27.668591 ], [ 68.8814279, 27.6677339 ] ] ], [ [ [ 68.8785403, 27.6750586 ], [ 68.8797043, 27.6745135 ], [ 68.8798503, 27.673923 ], [ 68.8784457, 27.6735002 ], [ 68.87755, 27.6740732 ], [ 68.8772905, 27.6732865 ], [ 68.8758447, 27.6729284 ], [ 68.8755488, 27.673387 ], [ 68.8785403, 27.6750586 ] ] ], [ [ [ 68.881571, 27.6767889 ], [ 68.8806857, 27.6762161 ], [ 68.8809817, 27.6757828 ], [ 68.8806226, 27.6754543 ], [ 68.8802399, 27.6760064 ], [ 68.8786774, 27.6752342 ], [ 68.8780224, 27.6763663 ], [ 68.8782039, 27.6766808 ], [ 68.8787918, 27.6763453 ], [ 68.8802044, 27.6772224 ], [ 68.8794219, 27.6788795 ], [ 68.881571, 27.6767889 ] ] ], [ [ [ 68.877094, 27.6763155 ], [ 68.8781957, 27.6778809 ], [ 68.8785208, 27.6797957 ], [ 68.8793225, 27.6789515 ], [ 68.8773623, 27.6753958 ], [ 68.877094, 27.6763155 ] ] ], [ [ [ 68.8771319, 27.6984787 ], [ 68.8783497, 27.698417 ], [ 68.8782129, 27.6973816 ], [ 68.8767967, 27.6971132 ], [ 68.8771319, 27.6984787 ] ] ], [ [ [ 68.8833064, 27.7006802 ], [ 68.8802379, 27.6999488 ], [ 68.8800502, 27.7005567 ], [ 68.8836014, 27.7012692 ], [ 68.8833064, 27.7006802 ] ] ], [ [ [ 68.8805115, 27.7015114 ], [ 68.8822657, 27.7022048 ], [ 68.883419, 27.7016349 ], [ 68.8806349, 27.7009937 ], [ 68.8805115, 27.7015114 ] ] ], [ [ [ 68.8854426, 27.676221 ], [ 68.8863868, 27.6791093 ], [ 68.8892192, 27.6781972 ], [ 68.8925666, 27.6751568 ], [ 68.895914, 27.6734845 ], [ 68.8901633, 27.6661111 ], [ 68.8868159, 27.6649708 ], [ 68.8828677, 27.6720403 ], [ 68.8854426, 27.676221 ] ] ], [ [ [ 68.9110028, 27.6797191 ], [ 68.9077316, 27.6791764 ], [ 68.9068402, 27.6785279 ], [ 68.9066332, 27.6788662 ], [ 68.9076679, 27.680882 ], [ 68.9064979, 27.680882 ], [ 68.9065855, 27.6823199 ], [ 68.908241, 27.6821437 ], [ 68.9080261, 27.6810019 ], [ 68.9105172, 27.6811599 ], [ 68.9106481, 27.6814969 ], [ 68.9099226, 27.6818974 ], [ 68.9107322, 27.6827709 ], [ 68.9135099, 27.6825524 ], [ 68.9133348, 27.6831515 ], [ 68.9140352, 27.68337 ], [ 68.9170836, 27.6805931 ], [ 68.9175531, 27.6794442 ], [ 68.9169033, 27.6785668 ], [ 68.9134071, 27.6800015 ], [ 68.9132168, 27.6796961 ], [ 68.9167607, 27.6777004 ], [ 68.9157225, 27.6763641 ], [ 68.911934, 27.6774636 ], [ 68.9112814, 27.6782037 ], [ 68.9118143, 27.6788021 ], [ 68.910955, 27.6793032 ], [ 68.9110028, 27.6797191 ] ] ], [ [ [ 68.8992287, 27.6844074 ], [ 68.8984074, 27.6834771 ], [ 68.8949945, 27.682355 ], [ 68.8951282, 27.6814585 ], [ 68.8946061, 27.681092 ], [ 68.8971538, 27.6793364 ], [ 68.8974642, 27.6804148 ], [ 68.898483, 27.6800695 ], [ 68.8989128, 27.6804289 ], [ 68.8992471, 27.6793223 ], [ 68.8908499, 27.6775229 ], [ 68.8872451, 27.6822636 ], [ 68.8884467, 27.6854178 ], [ 68.8915795, 27.6865579 ], [ 68.8992287, 27.6844074 ] ] ], [ [ [ 68.9016985, 27.681909 ], [ 68.8997564, 27.6813522 ], [ 68.9003375, 27.6827478 ], [ 68.8999315, 27.6828323 ], [ 68.8984512, 27.6821698 ], [ 68.8976075, 27.6810844 ], [ 68.8965808, 27.6815073 ], [ 68.896135, 27.6823531 ], [ 68.9006399, 27.6832764 ], [ 68.9017621, 27.6831213 ], [ 68.9016985, 27.681909 ] ] ], [ [ [ 68.9217335, 27.6843107 ], [ 68.9197169, 27.6853095 ], [ 68.9189939, 27.6851573 ], [ 68.9189368, 27.6858993 ], [ 68.9194505, 27.686432 ], [ 68.9242448, 27.6836543 ], [ 68.9278596, 27.6825318 ], [ 68.9272318, 27.6811335 ], [ 68.9228275, 27.6817328 ], [ 68.921705, 27.6813713 ], [ 68.9217335, 27.6843107 ] ] ], [ [ [ 68.8949701, 27.6883288 ], [ 68.8949542, 27.6888081 ], [ 68.8941424, 27.6887094 ], [ 68.8931438, 27.6893513 ], [ 68.89287, 27.6890017 ], [ 68.8907895, 27.6890031 ], [ 68.8910808, 27.6924015 ], [ 68.8920518, 27.6938095 ], [ 68.8932775, 27.694472 ], [ 68.8953321, 27.6943685 ], [ 68.8993869, 27.6930874 ], [ 68.8986355, 27.6908604 ], [ 68.8972571, 27.6907383 ], [ 68.8975627, 27.6901012 ], [ 68.8986643, 27.6908454 ], [ 68.9001924, 27.6903154 ], [ 68.8984721, 27.688794 ], [ 68.9002391, 27.6885825 ], [ 68.9003505, 27.6866585 ], [ 68.9012578, 27.6865562 ], [ 68.9018468, 27.6871412 ], [ 68.9018548, 27.6852876 ], [ 68.8993477, 27.6852242 ], [ 68.8998093, 27.6856894 ], [ 68.899483, 27.686137 ], [ 68.8986583, 27.6855296 ], [ 68.898068, 27.6856873 ], [ 68.8968076, 27.6864441 ], [ 68.8971987, 27.6872787 ], [ 68.8967132, 27.6875959 ], [ 68.8951532, 27.6866374 ], [ 68.894405, 27.686736 ], [ 68.8939991, 27.687913 ], [ 68.8949701, 27.6883288 ] ] ], [ [ [ 68.8836765, 27.6985381 ], [ 68.8835049, 27.7008179 ], [ 68.8846636, 27.7010459 ], [ 68.8856936, 27.699754 ], [ 68.8836765, 27.6985381 ] ] ] ] } },
{ "type": "Feature", "properties": { "name": "Pirjo Goth", "pop": 54266, "area_km2": 2.92 }, "geometry": { "type": "MultiPolygon", "coordinates": [ [ [ [ 68.6103291, 27.5675923 ], [ 68.6108034, 27.5688224 ], [ 68.6114297, 27.5687452 ], [ 68.6119039, 27.570473 ], [ 68.6113205, 27.5704612 ], [ 68.6116775, 27.5714841 ], [ 68.6123186, 27.5713503 ], [ 68.6123309, 27.5717601 ], [ 68.6130819, 27.5716745 ], [ 68.6131292, 27.5704133 ], [ 68.6160348, 27.57055 ], [ 68.616724, 27.5700446 ], [ 68.6167597, 27.5685515 ], [ 68.6160251, 27.5685613 ], [ 68.6160186, 27.5678761 ], [ 68.6176973, 27.5682434 ], [ 68.6173525, 27.5672103 ], [ 68.6165573, 27.5672076 ], [ 68.6162545, 27.5659239 ], [ 68.6150891, 27.5659242 ], [ 68.6152101, 27.5653719 ], [ 68.6128704, 27.5654056 ], [ 68.6130996, 27.5677587 ], [ 68.6124379, 27.5678461 ], [ 68.612352, 27.5671522 ], [ 68.6103291, 27.5675923 ] ], [ [ 68.6132646, 27.5684142 ], [ 68.6141952, 27.5679857 ], [ 68.6145349, 27.5686654 ], [ 68.6154579, 27.568095 ], [ 68.6142782, 27.5697944 ], [ 68.6135325, 27.5695156 ], [ 68.6132646, 27.5684142 ] ] ], [ [ [ 68.6076722, 27.5759744 ], [ 68.6076937, 27.5755369 ], [ 68.6062989, 27.5753087 ], [ 68.6061916, 27.5733306 ], [ 68.6068354, 27.5724747 ], [ 68.6070499, 27.5702682 ], [ 68.6056337, 27.5704775 ], [ 68.6061916, 27.570934 ], [ 68.6061487, 27.5720372 ], [ 68.6051402, 27.5720372 ], [ 68.6046038, 27.57373 ], [ 68.6038957, 27.5738632 ], [ 68.60396, 27.5744528 ], [ 68.6058483, 27.5749093 ], [ 68.6056552, 27.5759364 ], [ 68.6076722, 27.5759744 ] ] ], [ [ [ 68.5995183, 27.5805391 ], [ 68.6008487, 27.5806342 ], [ 68.6008487, 27.5799495 ], [ 68.5997543, 27.5801397 ], [ 68.5995183, 27.5805391 ] ] ], [ [ [ 68.6109102, 27.5982696 ], [ 68.6115258, 27.5979287 ], [ 68.6108752, 27.5976373 ], [ 68.6092593, 27.5982324 ], [ 68.6094412, 27.5988276 ], [ 68.6099169, 27.5987904 ], [ 68.6099868, 27.5995901 ], [ 68.6109242, 27.5994785 ], [ 68.6109102, 27.5982696 ] ] ], [ [ [ 68.5948029, 27.6001634 ], [ 68.5944272, 27.5982652 ], [ 68.5926482, 27.598415 ], [ 68.5924015, 27.5992859 ], [ 68.594005, 27.6005298 ], [ 68.5948029, 27.6001634 ] ] ], [ [ [ 68.6047131, 27.5994593 ], [ 68.6048111, 27.6002714 ], [ 68.6069027, 27.6003334 ], [ 68.6069097, 27.5990501 ], [ 68.606392, 27.5990687 ], [ 68.606385, 27.5985417 ], [ 68.6047131, 27.5994593 ] ] ], [ [ [ 68.6041176, 27.6024213 ], [ 68.604732, 27.6024226 ], [ 68.6054626, 27.603149 ], [ 68.6057721, 27.602199 ], [ 68.6039467, 27.6016741 ], [ 68.6041176, 27.6024213 ] ] ], [ [ [ 68.6054626, 27.603149 ], [ 68.6051364, 27.6038579 ], [ 68.6059196, 27.6031638 ], [ 68.6055548, 27.6030877 ], [ 68.6054626, 27.603149 ] ] ], [ [ [ 68.6124239, 27.6089367 ], [ 68.6130529, 27.6091291 ], [ 68.6132893, 27.6080138 ], [ 68.6125264, 27.608022 ], [ 68.6124239, 27.6089367 ] ] ], [ [ [ 68.6130954, 27.609018 ], [ 68.6133881, 27.609444 ], [ 68.613583, 27.6090083 ], [ 68.6130954, 27.609018 ] ] ], [ [ [ 68.6032589, 27.6104654 ], [ 68.6036451, 27.610551 ], [ 68.6040528, 27.6102373 ], [ 68.6033554, 27.6100091 ], [ 68.6032589, 27.6104654 ] ] ], [ [ [ 68.6147206, 27.6099375 ], [ 68.6129044, 27.6102912 ], [ 68.6130975, 27.6114701 ], [ 68.6156939, 27.6125539 ], [ 68.6164664, 27.6119454 ], [ 68.6147206, 27.6099375 ] ] ], [ [ [ 68.6054797, 27.612652 ], [ 68.6047073, 27.6110549 ], [ 68.6040957, 27.6108742 ], [ 68.6039455, 27.6126805 ], [ 68.6054797, 27.612652 ] ] ], [ [ [ 68.6041386, 27.614791 ], [ 68.6037524, 27.6155231 ], [ 68.6044605, 27.6156561 ], [ 68.6041386, 27.614791 ] ] ], [ [ [ 68.6205737, 27.5683077 ], [ 68.6211216, 27.5680939 ], [ 68.6210389, 27.5675475 ], [ 68.6182611, 27.5674786 ], [ 68.6186729, 27.5695969 ], [ 68.6194202, 27.5698009 ], [ 68.6207264, 27.5692859 ], [ 68.6205737, 27.5683077 ] ] ], [ [ [ 68.6289259, 27.5717501 ], [ 68.628883, 27.5692584 ], [ 68.6272952, 27.5695247 ], [ 68.6274239, 27.5718262 ], [ 68.6289259, 27.5717501 ] ] ], [ [ [ 68.6391612, 27.5764862 ], [ 68.6383459, 27.5766574 ], [ 68.6379811, 27.5745271 ], [ 68.6374876, 27.5739565 ], [ 68.6366722, 27.5739565 ], [ 68.6366078, 27.5745651 ], [ 68.6372944, 27.5747553 ], [ 68.6374446, 27.5767525 ], [ 68.6369511, 27.5770187 ], [ 68.6369082, 27.578217 ], [ 68.6374017, 27.5789207 ], [ 68.6387536, 27.5789587 ], [ 68.6394831, 27.5781599 ], [ 68.6391612, 27.5764862 ] ] ], [ [ [ 68.6235401, 27.5787876 ], [ 68.6225745, 27.5785593 ], [ 68.6223813, 27.5798717 ], [ 68.6231753, 27.5800809 ], [ 68.6235401, 27.5787876 ] ] ], [ [ [ 68.6285049, 27.5851946 ], [ 68.6302547, 27.5850116 ], [ 68.6303875, 27.5837385 ], [ 68.6295764, 27.5837397 ], [ 68.6293709, 27.582765 ], [ 68.627904, 27.5836755 ], [ 68.6256912, 27.5840059 ], [ 68.6260855, 27.5859197 ], [ 68.6283329, 27.5866995 ], [ 68.6285049, 27.5851946 ] ] ], [ [ [ 68.6371657, 27.5856344 ], [ 68.6383029, 27.5861669 ], [ 68.6382815, 27.5846644 ], [ 68.6376378, 27.5849117 ], [ 68.6371657, 27.5856344 ] ] ], [ [ [ 68.633711, 27.5871178 ], [ 68.6349985, 27.5872129 ], [ 68.6352989, 27.5860908 ], [ 68.6336037, 27.5863381 ], [ 68.633711, 27.5871178 ] ] ], [ [ [ 68.6249073, 27.5924745 ], [ 68.6234736, 27.5920875 ], [ 68.6253585, 27.5867922 ], [ 68.6242814, 27.5863794 ], [ 68.6214505, 27.5872824 ], [ 68.6190635, 27.5859988 ], [ 68.6202907, 27.5842542 ], [ 68.6172798, 27.583005 ], [ 68.6174886, 27.5822083 ], [ 68.6142457, 27.5813743 ], [ 68.6137099, 27.5804854 ], [ 68.6123416, 27.5809562 ], [ 68.6110321, 27.5872625 ], [ 68.6120665, 27.5871948 ], [ 68.6111575, 27.5953037 ], [ 68.6150453, 27.5958662 ], [ 68.6152598, 27.5987567 ], [ 68.6220405, 27.5968931 ], [ 68.6234138, 27.5960944 ], [ 68.6286988, 27.5950221 ], [ 68.6286624, 27.5941772 ], [ 68.6269231, 27.5938031 ], [ 68.6261445, 27.5913458 ], [ 68.6249073, 27.5924745 ] ] ], [ [ [ 68.619905, 27.5974818 ], [ 68.620024, 27.5976061 ], [ 68.6200913, 27.5976146 ], [ 68.619905, 27.5974818 ] ] ], [ [ [ 68.6176787, 27.6161806 ], [ 68.6164235, 27.6142841 ], [ 68.6157798, 27.6144552 ], [ 68.6165951, 27.6157671 ], [ 68.6176787, 27.6161806 ] ] ], [ [ [ 68.6202859, 27.6164326 ], [ 68.6203717, 27.6151587 ], [ 68.6190413, 27.6153298 ], [ 68.6191057, 27.6165467 ], [ 68.6202859, 27.6164326 ] ] ], [ [ [ 68.6225348, 27.6177321 ], [ 68.622332, 27.6170128 ], [ 68.6208057, 27.6165246 ], [ 68.6211013, 27.6176304 ], [ 68.6225348, 27.6177321 ] ] ] ] } },
{ "type": "Feature", "properties": { "name": "Dajal", "pop": 200000, "area_km2": 2.75 }, "geometry": { "type": "Polygon", "coordinates": [ [ [ 70.3781428, 29.5724757 ], [ 70.3802081, 29.5721928 ], [ 70.3812, 29.5700289 ], [ 70.383932, 29.5717968 ], [ 70.3843874, 29.5715847 ], [ 70.3845825, 29.5682043 ], [ 70.3816391, 29.5680346 ], [ 70.3814927, 29.5674264 ], [ 70.3831027, 29.5665353 ], [ 70.3829401, 29.5651633 ], [ 70.3808585, 29.564654 ], [ 70.3816716, 29.5640599 ], [ 70.3811187, 29.5628718 ], [ 70.3812488, 29.5615563 ], [ 70.383249, 29.5618816 ], [ 70.3842898, 29.5632537 ], [ 70.3852167, 29.5636214 ], [ 70.3858997, 29.5649086 ], [ 70.3883065, 29.5650925 ], [ 70.3887943, 29.5639185 ], [ 70.3946361, 29.5644135 ], [ 70.3946849, 29.5632961 ], [ 70.3882452, 29.5597033 ], [ 70.3871394, 29.5583684 ], [ 70.3857246, 29.5581845 ], [ 70.3855457, 29.5574489 ], [ 70.3832528, 29.5568265 ], [ 70.3826837, 29.5559353 ], [ 70.3776471, 29.5535022 ], [ 70.377208, 29.5528798 ], [ 70.3731404, 29.55329 ], [ 70.3720184, 29.553969 ], [ 70.3714004, 29.5546198 ], [ 70.3709613, 29.5565294 ], [ 70.37112, 29.5586513 ], [ 70.366052, 29.5585532 ], [ 70.3658184, 29.5591089 ], [ 70.3637586, 29.559072 ], [ 70.3636453, 29.5579021 ], [ 70.3618698, 29.5568677 ], [ 70.3605037, 29.5579021 ], [ 70.3605674, 29.5628631 ], [ 70.3623795, 29.5617918 ], [ 70.3632077, 29.5626476 ], [ 70.3637315, 29.5621612 ], [ 70.3652038, 29.5629555 ], [ 70.3715305, 29.564587 ], [ 70.3717428, 29.5638975 ], [ 70.3728824, 29.5637251 ], [ 70.3732434, 29.5629739 ], [ 70.373838, 29.5629185 ], [ 70.3743193, 29.5639898 ], [ 70.3748856, 29.564076 ], [ 70.3749422, 29.5646301 ], [ 70.3759052, 29.5647309 ], [ 70.3762025, 29.5659438 ], [ 70.3783978, 29.5678391 ], [ 70.3783063, 29.5686982 ], [ 70.3793227, 29.5689316 ], [ 70.3793227, 29.570551 ], [ 70.3785991, 29.570643 ], [ 70.3781428, 29.5724757 ] ] ] } },
{ "type": "Feature", "properties": { "name": "Kot Samaba", "pop": 22953, "area_km2": 2.56 }, "geometry": { "type": "MultiPolygon", "coordinates": [ [ [ [ 70.4612061, 28.5584519 ], [ 70.4652014, 28.5611726 ], [ 70.468622, 28.5612411 ], [ 70.4694929, 28.5578556 ], [ 70.4714801, 28.5547602 ], [ 70.4756727, 28.5549908 ], [ 70.4781675, 28.5541203 ], [ 70.481175, 28.5504613 ], [ 70.4632795, 28.5432906 ], [ 70.4609259, 28.5483938 ], [ 70.4570778, 28.5532015 ], [ 70.4612061, 28.5584519 ] ] ], [ [ [ 70.4814933, 28.5612942 ], [ 70.4814709, 28.5586725 ], [ 70.4781505, 28.5585798 ], [ 70.478169, 28.561243 ], [ 70.4814933, 28.5612942 ] ] ] ] } },
{ "type": "Feature", "properties": { "name": "Mehrabpur", "pop": 0, "area_km2": 2.38 }, "geometry": { "type": "MultiPolygon", "coordinates": [ [ [ [ 68.4224233, 27.0871142 ], [ 68.4213001, 27.0870736 ], [ 68.4214369, 27.0866979 ], [ 68.4203251, 27.0860227 ], [ 68.4198233, 27.0882564 ], [ 68.417497, 27.0880482 ], [ 68.417115, 27.0897031 ], [ 68.4174057, 27.0903072 ], [ 68.4166816, 27.0926981 ], [ 68.4178676, 27.094226 ], [ 68.4182838, 27.0936778 ], [ 68.4187229, 27.0939773 ], [ 68.4182667, 27.0945356 ], [ 68.418643, 27.0948402 ], [ 68.419829, 27.09349 ], [ 68.4210777, 27.0945661 ], [ 68.4236663, 27.0943377 ], [ 68.4245957, 27.0939367 ], [ 68.4246128, 27.0934494 ], [ 68.4254054, 27.0934291 ], [ 68.4253028, 27.0926626 ], [ 68.4269677, 27.0925103 ], [ 68.4274581, 27.0916422 ], [ 68.4269449, 27.0910585 ], [ 68.4269905, 27.0905305 ], [ 68.4277431, 27.0906676 ], [ 68.4276177, 27.0900788 ], [ 68.4270304, 27.0899062 ], [ 68.4272756, 27.0880076 ], [ 68.4247782, 27.0878909 ], [ 68.4248067, 27.0882564 ], [ 68.4237291, 27.0883934 ], [ 68.4242479, 27.0880127 ], [ 68.4239799, 27.0865152 ], [ 68.4223435, 27.0865101 ], [ 68.4224233, 27.0871142 ] ] ], [ [ [ 68.4001329, 27.0973083 ], [ 68.4011834, 27.0972869 ], [ 68.4011714, 27.0968729 ], [ 68.401881, 27.0965837 ], [ 68.4004296, 27.0966051 ], [ 68.4001329, 27.0973083 ] ] ], [ [ [ 68.3927641, 27.0982986 ], [ 68.3916896, 27.09837 ], [ 68.3915292, 27.099223 ], [ 68.3927882, 27.099737 ], [ 68.3927641, 27.0982986 ] ] ], [ [ [ 68.4099007, 27.0988101 ], [ 68.4095734, 27.0994899 ], [ 68.4084886, 27.0994575 ], [ 68.4081795, 27.0988263 ], [ 68.4073007, 27.0992849 ], [ 68.4072704, 27.0988586 ], [ 68.4065674, 27.0988371 ], [ 68.4065917, 27.1002074 ], [ 68.4059674, 27.1004178 ], [ 68.4059371, 27.1016363 ], [ 68.4104644, 27.1014182 ], [ 68.4103643, 27.1031434 ], [ 68.4082165, 27.1031023 ], [ 68.4080669, 27.1038212 ], [ 68.4100829, 27.106124 ], [ 68.4120989, 27.105854 ], [ 68.4128661, 27.1050758 ], [ 68.4160595, 27.1073309 ], [ 68.4177722, 27.1072039 ], [ 68.4178971, 27.1048058 ], [ 68.4183966, 27.1046947 ], [ 68.4187534, 27.1055364 ], [ 68.4209122, 27.1046947 ], [ 68.4214295, 27.1053458 ], [ 68.4227676, 27.1050123 ], [ 68.4231066, 27.1059652 ], [ 68.4254794, 27.1070768 ], [ 68.423731, 27.1040435 ], [ 68.4159168, 27.0941331 ], [ 68.4136689, 27.094689 ], [ 68.414775, 27.096992 ], [ 68.4131337, 27.0972302 ], [ 68.4131515, 27.098739 ], [ 68.4125449, 27.098739 ], [ 68.4125984, 27.0973414 ], [ 68.4114923, 27.0972937 ], [ 68.4115994, 27.100629 ], [ 68.4104908, 27.100581 ], [ 68.4104946, 27.0987885 ], [ 68.4099007, 27.0988101 ] ] ], [ [ [ 68.4305973, 27.1023655 ], [ 68.4298123, 27.0987286 ], [ 68.4287775, 27.0987445 ], [ 68.4287954, 27.0999833 ], [ 68.4282245, 27.1002533 ], [ 68.4252808, 27.0979821 ], [ 68.4233005, 27.0974263 ], [ 68.422016, 27.0988557 ], [ 68.4253343, 27.1048589 ], [ 68.4265653, 27.1047636 ], [ 68.4267794, 27.1022861 ], [ 68.4305973, 27.1023655 ] ] ] ] } },
{ "type": "Feature", "properties": { "name": "Warah", "pop": 18724, "area_km2": 2.17 }, "geometry": { "type": "MultiPolygon", "coordinates": [ [ [ [ 67.8034237, 27.4361096 ], [ 67.8040402, 27.4363216 ], [ 67.8039427, 27.4366824 ], [ 67.8061868, 27.436668 ], [ 67.806512, 27.4335649 ], [ 67.8045622, 27.4333188 ], [ 67.8078042, 27.4252919 ], [ 67.8051948, 27.4250923 ], [ 67.8041703, 27.4236345 ], [ 67.801975, 27.425049 ], [ 67.8014221, 27.4258574 ], [ 67.8014058, 27.426478 ], [ 67.8019587, 27.4264347 ], [ 67.8018774, 27.4279647 ], [ 67.8009667, 27.4279503 ], [ 67.8009667, 27.4289029 ], [ 67.8003, 27.4289607 ], [ 67.8004138, 27.4294947 ], [ 67.7991291, 27.429437 ], [ 67.7987389, 27.4307071 ], [ 67.7993568, 27.4318762 ], [ 67.7990153, 27.4336227 ], [ 67.8000398, 27.4337526 ], [ 67.8000398, 27.4321793 ], [ 67.8025604, 27.4322082 ], [ 67.8027068, 27.4338969 ], [ 67.8043655, 27.4338011 ], [ 67.8034237, 27.4361096 ] ] ], [ [ [ 67.7884055, 27.4546788 ], [ 67.7888309, 27.4544284 ], [ 67.7891351, 27.4557191 ], [ 67.7927734, 27.4551538 ], [ 67.7936936, 27.4545634 ], [ 67.7933821, 27.4536589 ], [ 67.7951517, 27.4534956 ], [ 67.7948544, 27.4531564 ], [ 67.7970609, 27.4515972 ], [ 67.7974876, 27.4521765 ], [ 67.7984644, 27.451875 ], [ 67.799243, 27.4549905 ], [ 67.8004039, 27.4562342 ], [ 67.8007222, 27.4560976 ], [ 67.8006305, 27.4557725 ], [ 67.8011542, 27.4557442 ], [ 67.8008144, 27.4538348 ], [ 67.8011542, 27.4530684 ], [ 67.8022301, 27.4532443 ], [ 67.8023009, 27.4518876 ], [ 67.8037024, 27.4529931 ], [ 67.8036883, 27.4505936 ], [ 67.802669, 27.4498649 ], [ 67.8029804, 27.4486212 ], [ 67.8034193, 27.4484956 ], [ 67.803139, 27.4472233 ], [ 67.8045094, 27.4469754 ], [ 67.8046651, 27.4448522 ], [ 67.8024849, 27.444802 ], [ 67.802584, 27.4471136 ], [ 67.8022726, 27.4471764 ], [ 67.8022443, 27.4467995 ], [ 67.8012816, 27.4468624 ], [ 67.8013241, 27.4454553 ], [ 67.8003331, 27.4454427 ], [ 67.8010268, 27.4438597 ], [ 67.8003659, 27.4436042 ], [ 67.8009646, 27.4421367 ], [ 67.7978274, 27.4423269 ], [ 67.7978601, 27.4434955 ], [ 67.7972894, 27.4434577 ], [ 67.7973743, 27.4425279 ], [ 67.7951942, 27.4427541 ], [ 67.7946845, 27.4435456 ], [ 67.7939484, 27.4435456 ], [ 67.793821, 27.4444251 ], [ 67.7927309, 27.4445004 ], [ 67.7924053, 27.4457442 ], [ 67.7916408, 27.4455558 ], [ 67.7914143, 27.4460332 ], [ 67.7921363, 27.4463598 ], [ 67.791655, 27.4480307 ], [ 67.79048, 27.4473523 ], [ 67.7887812, 27.4505057 ], [ 67.7882291, 27.4505308 ], [ 67.7869691, 27.4531689 ], [ 67.7884055, 27.4546788 ] ] ] ] } },
{ "type": "Feature", "properties": { "name": "Dhadar", "pop": 17276, "area_km2": 2.11 }, "geometry": { "type": "MultiPolygon", "coordinates": [ [ [ [ 67.6310789, 29.4644594 ], [ 67.6303485, 29.4646411 ], [ 67.6301137, 29.4652543 ], [ 67.6304783, 29.4656349 ], [ 67.6313407, 29.4655442 ], [ 67.6310789, 29.4644594 ] ] ], [ [ [ 67.6442544, 29.467173 ], [ 67.6429891, 29.4670157 ], [ 67.6431206, 29.4685751 ], [ 67.6437615, 29.4686895 ], [ 67.6431206, 29.4702632 ], [ 67.6433671, 29.4706352 ], [ 67.6436629, 29.4703777 ], [ 67.6444516, 29.4688898 ], [ 67.645258, 29.4689545 ], [ 67.6461113, 29.4712503 ], [ 67.6466042, 29.4699199 ], [ 67.6458453, 29.4697618 ], [ 67.6474138, 29.4641784 ], [ 67.6489869, 29.463768 ], [ 67.6488062, 29.4621799 ], [ 67.6495127, 29.4607921 ], [ 67.6473273, 29.4610353 ], [ 67.6474259, 29.462323 ], [ 67.6459305, 29.4672875 ], [ 67.6439951, 29.4681679 ], [ 67.6442544, 29.467173 ] ] ], [ [ [ 67.6422661, 29.471608 ], [ 67.6426276, 29.4706352 ], [ 67.6399492, 29.4707782 ], [ 67.6400313, 29.471794 ], [ 67.6422661, 29.471608 ] ] ], [ [ [ 67.660856, 29.4745444 ], [ 67.6642702, 29.4746251 ], [ 67.665155, 29.4738425 ], [ 67.6651284, 29.4724128 ], [ 67.663781, 29.4729135 ], [ 67.6639289, 29.4738148 ], [ 67.6626307, 29.474058 ], [ 67.6624335, 29.473214 ], [ 67.6615297, 29.4733284 ], [ 67.660856, 29.4745444 ] ] ], [ [ [ 67.6467782, 29.4766272 ], [ 67.6475018, 29.4788498 ], [ 67.648258, 29.4784251 ], [ 67.6480629, 29.4774837 ], [ 67.6487621, 29.4769316 ], [ 67.6497297, 29.4770024 ], [ 67.6503721, 29.4763511 ], [ 67.6518681, 29.476967 ], [ 67.6556897, 29.4761954 ], [ 67.6558523, 29.4747302 ], [ 67.6519332, 29.4723942 ], [ 67.6512909, 29.4724791 ], [ 67.6467782, 29.4766272 ] ] ], [ [ [ 67.6446206, 29.4761595 ], [ 67.6450807, 29.475457 ], [ 67.6445215, 29.4753153 ], [ 67.6437641, 29.476406 ], [ 67.6420087, 29.4771331 ], [ 67.6420866, 29.4778295 ], [ 67.640954, 29.478686 ], [ 67.6411027, 29.4790988 ], [ 67.6449108, 29.4790865 ], [ 67.6452081, 29.476671 ], [ 67.6446206, 29.4761595 ] ] ], [ [ [ 67.6563237, 29.4856157 ], [ 67.6590984, 29.4851906 ], [ 67.6590277, 29.4848455 ], [ 67.6562529, 29.4846176 ], [ 67.6563237, 29.4856157 ] ] ], [ [ [ 67.6367088, 29.4847148 ], [ 67.6342809, 29.4854014 ], [ 67.6302879, 29.4841355 ], [ 67.6299305, 29.4845968 ], [ 67.6311383, 29.4854014 ], [ 67.6311999, 29.486367 ], [ 67.6299182, 29.4863133 ], [ 67.6287104, 29.4847792 ], [ 67.6224004, 29.4842535 ], [ 67.6221909, 29.4852942 ], [ 67.623448, 29.4854765 ], [ 67.623452, 29.4863556 ], [ 67.6222405, 29.4869784 ], [ 67.622117, 29.4883301 ], [ 67.622992, 29.4882443 ], [ 67.6230413, 29.4875363 ], [ 67.6261593, 29.4874934 ], [ 67.6267385, 29.486721 ], [ 67.6278477, 29.4866888 ], [ 67.6291787, 29.4882336 ], [ 67.6312738, 29.4871608 ], [ 67.6334059, 29.4888129 ], [ 67.634207, 29.4882872 ], [ 67.6368937, 29.4897676 ], [ 67.6376331, 29.4887592 ], [ 67.6391243, 29.4894136 ], [ 67.6407758, 29.4895638 ], [ 67.6408744, 29.4889953 ], [ 67.6455329, 29.4895638 ], [ 67.6475664, 29.4889094 ], [ 67.6502777, 29.4889523 ], [ 67.6526933, 29.4875041 ], [ 67.6534451, 29.4880512 ], [ 67.6535683, 29.4870959 ], [ 67.6523482, 29.4860666 ], [ 67.6531, 29.4840497 ], [ 67.6525454, 29.4838137 ], [ 67.6512144, 29.4841248 ], [ 67.6502408, 29.4857984 ], [ 67.6496985, 29.4853907 ], [ 67.6488481, 29.4857447 ], [ 67.6484291, 29.4868819 ], [ 67.6453974, 29.4867746 ], [ 67.6455576, 29.4857126 ], [ 67.6446826, 29.4856696 ], [ 67.645003, 29.4839746 ], [ 67.6457794, 29.4837064 ], [ 67.6457917, 29.4825585 ], [ 67.644966, 29.482301 ], [ 67.6450893, 29.4812389 ], [ 67.6437706, 29.4822045 ], [ 67.6438075, 29.4828374 ], [ 67.6448797, 29.4827623 ], [ 67.6446209, 29.483524 ], [ 67.6420575, 29.4836742 ], [ 67.6419096, 29.4832666 ], [ 67.6395557, 29.483803 ], [ 67.6394571, 29.4828911 ], [ 67.636943, 29.4835777 ], [ 67.6367088, 29.4847148 ] ] ], [ [ [ 67.6487203, 29.49134 ], [ 67.649696, 29.4910782 ], [ 67.6518426, 29.4919487 ], [ 67.6527207, 29.4910074 ], [ 67.6558674, 29.4908022 ], [ 67.6556885, 29.4902147 ], [ 67.6544689, 29.4901864 ], [ 67.6545664, 29.489238 ], [ 67.6559975, 29.4891106 ], [ 67.6557779, 29.4885657 ], [ 67.6563878, 29.4877093 ], [ 67.6555991, 29.4873625 ], [ 67.6522247, 29.4890045 ], [ 67.6498017, 29.4892805 ], [ 67.6498505, 29.490328 ], [ 67.6481837, 29.4898325 ], [ 67.6472892, 29.4902714 ], [ 67.6472892, 29.4906818 ], [ 67.6487203, 29.49134 ] ] ] ] } },
{ "type": "Feature", "properties": { "name": "K.N. Shah", "pop": 30286, "area_km2": 2.08 }, "geometry": { "type": "Polygon", "coordinates": [ [ [ 67.7240828, 27.0857815 ], [ 67.7275272, 27.0858491 ], [ 67.7301198, 27.0869337 ], [ 67.7299949, 27.0910217 ], [ 67.7285893, 27.0912164 ], [ 67.7279645, 27.090827 ], [ 67.7271212, 27.0881573 ], [ 67.7252144, 27.0888374 ], [ 67.7274211, 27.0933785 ], [ 67.7300886, 27.0924677 ], [ 67.7312131, 27.0933854 ], [ 67.7307133, 27.0948871 ], [ 67.7311506, 27.0956657 ], [ 67.7328061, 27.095916 ], [ 67.7326812, 27.0974176 ], [ 67.7333684, 27.0974176 ], [ 67.7333371, 27.0981406 ], [ 67.7352113, 27.0991416 ], [ 67.7352113, 27.0996143 ], [ 67.7346803, 27.0996143 ], [ 67.7351801, 27.1007544 ], [ 67.734649, 27.1008934 ], [ 67.7336495, 27.0997534 ], [ 67.7328055, 27.0999543 ], [ 67.7353362, 27.1023394 ], [ 67.7378664, 27.1028677 ], [ 67.738085, 27.1013105 ], [ 67.7372729, 27.1011715 ], [ 67.7372104, 27.1003929 ], [ 67.7389767, 27.099884 ], [ 67.7373041, 27.0969448 ], [ 67.7393344, 27.0949149 ], [ 67.7406776, 27.0944143 ], [ 67.7406776, 27.0939416 ], [ 67.7419583, 27.0938025 ], [ 67.743114, 27.0924677 ], [ 67.7430487, 27.0919865 ], [ 67.7380538, 27.0910495 ], [ 67.738085, 27.0890472 ], [ 67.7384911, 27.0887135 ], [ 67.7376477, 27.0887691 ], [ 67.7375852, 27.0875177 ], [ 67.7396468, 27.087323 ], [ 67.7393969, 27.0843752 ], [ 67.7379913, 27.0834018 ], [ 67.7379579, 27.0810113 ], [ 67.7363046, 27.08101 ], [ 67.7357735, 27.0802313 ], [ 67.7364069, 27.0785982 ], [ 67.7344304, 27.0745576 ], [ 67.732525, 27.0750582 ], [ 67.731869, 27.0759204 ], [ 67.7335245, 27.0771164 ], [ 67.733712, 27.078201 ], [ 67.7349302, 27.0782289 ], [ 67.7352721, 27.0812007 ], [ 67.7348989, 27.0822337 ], [ 67.7293702, 27.0832905 ], [ 67.7279021, 27.0844864 ], [ 67.7264964, 27.0842361 ], [ 67.7259967, 27.0838746 ], [ 67.7259967, 27.0831237 ], [ 67.7244036, 27.0835965 ], [ 67.7238064, 27.0845572 ], [ 67.7240828, 27.0857815 ] ] ] } },
{ "type": "Feature", "properties": { "name": "Daur", "pop": 128958, "area_km2": 2.08 }, "geometry": { "type": "MultiPolygon", "coordinates": [ [ [ [ 68.3140696, 26.4385752 ], [ 68.3140267, 26.4362696 ], [ 68.3116607, 26.4362048 ], [ 68.3116942, 26.4386138 ], [ 68.3140696, 26.4385752 ] ] ], [ [ [ 68.3113015, 26.4583826 ], [ 68.3113445, 26.4605341 ], [ 68.3135331, 26.4605725 ], [ 68.3134473, 26.4617251 ], [ 68.3148631, 26.46165 ], [ 68.3148635, 26.4627624 ], [ 68.3178676, 26.4628777 ], [ 68.3182967, 26.4620325 ], [ 68.3189405, 26.4622246 ], [ 68.3192409, 26.461533 ], [ 68.3187259, 26.4613409 ], [ 68.3194125, 26.4609183 ], [ 68.3200563, 26.4613794 ], [ 68.322202, 26.4614946 ], [ 68.3222254, 26.4590558 ], [ 68.3235324, 26.4590318 ], [ 68.323747, 26.4566153 ], [ 68.3242191, 26.4561926 ], [ 68.327309, 26.4560389 ], [ 68.3273519, 26.4543868 ], [ 68.3287681, 26.45431 ], [ 68.328811, 26.4534647 ], [ 68.3295406, 26.4534647 ], [ 68.3297122, 26.4509288 ], [ 68.3270944, 26.4509673 ], [ 68.3270515, 26.4498914 ], [ 68.3261073, 26.4498914 ], [ 68.3261073, 26.4483545 ], [ 68.3250465, 26.4483586 ], [ 68.3244288, 26.4498039 ], [ 68.3229745, 26.4496993 ], [ 68.3229745, 26.4490461 ], [ 68.3207429, 26.4490461 ], [ 68.3207989, 26.4500569 ], [ 68.3184255, 26.4500451 ], [ 68.3184255, 26.447586 ], [ 68.3167518, 26.4477013 ], [ 68.3168803, 26.4515593 ], [ 68.3134814, 26.4515928 ], [ 68.3134873, 26.4525371 ], [ 68.3119064, 26.4526103 ], [ 68.3119024, 26.4549632 ], [ 68.3066569, 26.4549765 ], [ 68.3064091, 26.4572254 ], [ 68.311952, 26.4571026 ], [ 68.312074, 26.4583442 ], [ 68.3113015, 26.4583826 ] ] ], [ [ [ 68.3043318, 26.4619349 ], [ 68.3018387, 26.461898 ], [ 68.3018816, 26.4643184 ], [ 68.3043707, 26.4642416 ], [ 68.3043318, 26.4619349 ] ] ] ] } },
{ "type": "Feature", "properties": { "name": "Tharu Shah", "pop": 17698, "area_km2": 2.02 }, "geometry": { "type": "MultiPolygon", "coordinates": [ [ [ [ 68.1150106, 26.9310992 ], [ 68.1159149, 26.9302392 ], [ 68.1151914, 26.9290299 ], [ 68.1167287, 26.9285999 ], [ 68.1194265, 26.9286273 ], [ 68.119412, 26.9294874 ], [ 68.1213407, 26.929863 ], [ 68.1214161, 26.9292717 ], [ 68.1194306, 26.9283849 ], [ 68.1209187, 26.9274845 ], [ 68.1210393, 26.9260601 ], [ 68.1203309, 26.9260064 ], [ 68.1194417, 26.9243535 ], [ 68.1171206, 26.9254554 ], [ 68.1160656, 26.9254823 ], [ 68.1162615, 26.9262483 ], [ 68.1158094, 26.9270142 ], [ 68.1141816, 26.9270411 ], [ 68.1144981, 26.927807 ], [ 68.1140158, 26.9284655 ], [ 68.114468, 26.9288149 ], [ 68.1143173, 26.9299839 ], [ 68.1139103, 26.9300646 ], [ 68.1150106, 26.9310992 ] ] ], [ [ [ 68.1249311, 26.9405205 ], [ 68.1227791, 26.9407094 ], [ 68.1228525, 26.9418345 ], [ 68.1253969, 26.941388 ], [ 68.1249311, 26.9405205 ] ] ], [ [ [ 68.1168688, 26.9472617 ], [ 68.1182038, 26.9465495 ], [ 68.1203021, 26.946581 ], [ 68.120524, 26.9499259 ], [ 68.122586, 26.9469822 ], [ 68.1225829, 26.9408884 ], [ 68.1210109, 26.9412965 ], [ 68.1209816, 26.9406589 ], [ 68.1202188, 26.9407496 ], [ 68.1196216, 26.9402224 ], [ 68.1198111, 26.9333779 ], [ 68.1180355, 26.9325674 ], [ 68.1178263, 26.9351237 ], [ 68.1167426, 26.9361854 ], [ 68.1150904, 26.9359845 ], [ 68.1151548, 26.9379645 ], [ 68.1132558, 26.9372567 ], [ 68.1127408, 26.9360419 ], [ 68.1115606, 26.9355924 ], [ 68.1087818, 26.9363576 ], [ 68.1089106, 26.9351906 ], [ 68.1096294, 26.9350663 ], [ 68.109962, 26.9341194 ], [ 68.1084707, 26.9341194 ], [ 68.1074729, 26.9407956 ], [ 68.1085673, 26.9403843 ], [ 68.1086102, 26.9418477 ], [ 68.1108418, 26.9403652 ], [ 68.1118932, 26.9414651 ], [ 68.1116464, 26.9422685 ], [ 68.1130734, 26.9419911 ], [ 68.1131592, 26.9427945 ], [ 68.111979, 26.9434353 ], [ 68.111625, 26.942785 ], [ 68.1089213, 26.9444683 ], [ 68.1108203, 26.9475862 ], [ 68.1120756, 26.9468115 ], [ 68.1121829, 26.9474618 ], [ 68.1166461, 26.945769 ], [ 68.1168688, 26.9472617 ] ] ], [ [ [ 68.1431195, 26.9400031 ], [ 68.1412658, 26.9403239 ], [ 68.1406479, 26.939529 ], [ 68.1401161, 26.9400868 ], [ 68.1408278, 26.940791 ], [ 68.1402725, 26.9418369 ], [ 68.1414301, 26.9419345 ], [ 68.1429552, 26.943573 ], [ 68.1434871, 26.943343 ], [ 68.1433541, 26.942325 ], [ 68.1439877, 26.9424086 ], [ 68.1431195, 26.9400031 ] ] ], [ [ [ 68.1245634, 26.9452014 ], [ 68.1251243, 26.9452193 ], [ 68.1252312, 26.9445228 ], [ 68.1233814, 26.9440584 ], [ 68.1228137, 26.9443442 ], [ 68.1228071, 26.9456062 ], [ 68.1244833, 26.9456896 ], [ 68.1245634, 26.9452014 ] ] ], [ [ [ 68.1031498, 26.9458269 ], [ 68.1034026, 26.9470201 ], [ 68.1046116, 26.9469211 ], [ 68.1038652, 26.945552 ], [ 68.1031498, 26.9458269 ] ] ], [ [ [ 68.1291721, 26.9498333 ], [ 68.1301214, 26.9495339 ], [ 68.1301798, 26.9489047 ], [ 68.1291867, 26.9488873 ], [ 68.1291721, 26.9498333 ] ] ], [ [ [ 68.1173167, 26.9490361 ], [ 68.1179105, 26.9502471 ], [ 68.1182847, 26.950015 ], [ 68.1181952, 26.9490651 ], [ 68.1173167, 26.9490361 ] ] ], [ [ [ 68.1184403, 26.9610565 ], [ 68.1195629, 26.9600394 ], [ 68.1185822, 26.9596766 ], [ 68.1189091, 26.95861 ], [ 68.1177187, 26.9575269 ], [ 68.1167934, 26.9575049 ], [ 68.1173671, 26.9588464 ], [ 68.1160224, 26.9590113 ], [ 68.1160965, 26.9600614 ], [ 68.1167811, 26.9602263 ], [ 68.11696, 26.960974 ], [ 68.11799, 26.9604682 ], [ 68.1184403, 26.9610565 ] ] ] ] } },
{ "type": "Feature", "properties": { "name": "Johi", "pop": 16311, "area_km2": 1.94 }, "geometry": { "type": "MultiPolygon", "coordinates": [ [ [ [ 67.6254805, 26.6917842 ], [ 67.624, 26.6895604 ], [ 67.6211461, 26.6899054 ], [ 67.6230129, 26.693222 ], [ 67.6254805, 26.6917842 ] ] ], [ [ [ 67.6076921, 26.6936246 ], [ 67.6089796, 26.6931837 ], [ 67.6091298, 26.6951199 ], [ 67.6110395, 26.6944106 ], [ 67.6114258, 26.6965769 ], [ 67.612842, 26.6965002 ], [ 67.6135286, 26.6982063 ], [ 67.6157388, 26.6980146 ], [ 67.6185712, 26.7027112 ], [ 67.6188072, 26.6994332 ], [ 67.6179274, 26.6992607 ], [ 67.6178202, 26.6982638 ], [ 67.6190862, 26.6981488 ], [ 67.6190432, 26.6990882 ], [ 67.6200947, 26.6993374 ], [ 67.6198157, 26.6980721 ], [ 67.6222404, 26.6987239 ], [ 67.6228198, 26.6978421 ], [ 67.6219186, 26.6938355 ], [ 67.6200088, 26.6895604 ], [ 67.6189145, 26.6897521 ], [ 67.6185068, 26.6880075 ], [ 67.6205882, 26.6868188 ], [ 67.6177129, 26.6842306 ], [ 67.6158461, 26.68517 ], [ 67.6148375, 26.6830611 ], [ 67.6121982, 26.6832911 ], [ 67.6122841, 26.6864162 ], [ 67.6077351, 26.6871447 ], [ 67.6078638, 26.6882567 ], [ 67.6056537, 26.6885059 ], [ 67.6076921, 26.6936246 ] ] ] ] } },
{ "type": "Feature", "properties": { "name": "New Badah", "pop": 38855, "area_km2": 1.86 }, "geometry": { "type": "MultiPolygon", "coordinates": [ [ [ [ 68.0218011, 27.3285161 ], [ 68.0229663, 27.3273977 ], [ 68.0234209, 27.3288934 ], [ 68.0228994, 27.3291943 ], [ 68.0243726, 27.3300153 ], [ 68.0256851, 27.3289802 ], [ 68.0268905, 27.3294561 ], [ 68.0271846, 27.3288767 ], [ 68.0285246, 27.3292981 ], [ 68.0265261, 27.3262139 ], [ 68.0261003, 27.326422 ], [ 68.0259262, 27.3260413 ], [ 68.0209975, 27.3273977 ], [ 68.0218011, 27.3285161 ] ] ], [ [ [ 68.0092817, 27.3370779 ], [ 68.0096491, 27.3396565 ], [ 68.014548, 27.3384082 ], [ 68.0179094, 27.3386289 ], [ 68.018508, 27.3372245 ], [ 68.0213474, 27.3375066 ], [ 68.0216649, 27.3369093 ], [ 68.02131, 27.3362953 ], [ 68.0222066, 27.3361045 ], [ 68.0218704, 27.3345695 ], [ 68.0230889, 27.3343032 ], [ 68.0212166, 27.3319974 ], [ 68.0224308, 27.3310847 ], [ 68.0200118, 27.3270687 ], [ 68.0184707, 27.3210693 ], [ 68.0162944, 27.3205133 ], [ 68.0162477, 27.3219655 ], [ 68.0157546, 27.3218937 ], [ 68.0159834, 27.3223722 ], [ 68.0140902, 27.3235255 ], [ 68.013782, 27.3257079 ], [ 68.0143057, 27.3257107 ], [ 68.0152121, 27.3273425 ], [ 68.0152353, 27.3287437 ], [ 68.0136778, 27.3287821 ], [ 68.0134271, 27.3300475 ], [ 68.0127164, 27.3305252 ], [ 68.0130597, 27.3309345 ], [ 68.0122876, 27.3318646 ], [ 68.0108779, 27.331231 ], [ 68.0085422, 27.3313502 ], [ 68.0080472, 27.3329184 ], [ 68.0084115, 27.3341795 ], [ 68.007326, 27.3380254 ], [ 68.0092817, 27.3370779 ] ] ] ] } },
{ "type": "Feature", "properties": { "name": "Pishin", "pop": 24239, "area_km2": 1.49 }, "geometry": { "type": "Polygon", "coordinates": [ [ [ 67.008997, 30.5762845 ], [ 67.016413, 30.5812555 ], [ 67.0222411, 30.5817215 ], [ 67.023865, 30.5811157 ], [ 67.0253988, 30.5797642 ], [ 67.0321832, 30.5702102 ], [ 67.0298375, 30.5692625 ], [ 67.0273294, 30.5722143 ], [ 67.0196609, 30.5730532 ], [ 67.0198774, 30.5720745 ], [ 67.0188669, 30.5717016 ], [ 67.0181993, 30.5735659 ], [ 67.0127501, 30.5753835 ], [ 67.012263, 30.5743892 ], [ 67.0108736, 30.573628 ], [ 67.0091594, 30.5735037 ], [ 67.0080407, 30.5741873 ], [ 67.008997, 30.5762845 ] ] ] } },
{ "type": "Feature", "properties": { "name": "Nasirabad", "pop": 27809, "area_km2": 1.42 }, "geometry": { "type": "Polygon", "coordinates": [ [ [ 67.9134243, 27.3894663 ], [ 67.9178576, 27.388821 ], [ 67.9180211, 27.3881112 ], [ 67.9173307, 27.3880628 ], [ 67.9170399, 27.3873852 ], [ 67.9184753, 27.3873368 ], [ 67.9217094, 27.3840941 ], [ 67.9222182, 27.382997 ], [ 67.9230539, 27.3826743 ], [ 67.9230358, 27.3819967 ], [ 67.9241623, 27.3816902 ], [ 67.9239261, 27.3810126 ], [ 67.9220546, 27.381545 ], [ 67.9217458, 27.3801091 ], [ 67.9233628, 27.3794638 ], [ 67.9236354, 27.3801736 ], [ 67.9247073, 27.3798671 ], [ 67.9252888, 27.3805125 ], [ 67.9264334, 27.3800123 ], [ 67.9251979, 27.3772373 ], [ 67.9193474, 27.3795122 ], [ 67.918875, 27.3784634 ], [ 67.9196926, 27.3779794 ], [ 67.9164404, 27.3743815 ], [ 67.9157863, 27.3707511 ], [ 67.9124795, 27.3716063 ], [ 67.9138785, 27.3744621 ], [ 67.912861, 27.3790927 ], [ 67.9122251, 27.3791572 ], [ 67.9121524, 27.3785441 ], [ 67.9101538, 27.3787539 ], [ 67.9099721, 27.381787 ], [ 67.9109714, 27.3833358 ], [ 67.9147143, 27.3840618 ], [ 67.9145508, 27.3846587 ], [ 67.9132608, 27.3848362 ], [ 67.9137332, 27.3876595 ], [ 67.9158771, 27.3876433 ], [ 67.9159316, 27.388095 ], [ 67.9130064, 27.3881918 ], [ 67.9134243, 27.3894663 ] ] ] } },
{ "type": "Feature", "properties": { "name": "Khanpur Mahar", "pop": 22273, "area_km2": 1.38 }, "geometry": { "type": "MultiPolygon", "coordinates": [ [ [ [ 69.41908, 27.8374376 ], [ 69.4186373, 27.8353605 ], [ 69.4178603, 27.8358478 ], [ 69.4182759, 27.8366068 ], [ 69.4176164, 27.8369503 ], [ 69.4178603, 27.8376054 ], [ 69.41908, 27.8374376 ] ] ], [ [ [ 69.4158897, 27.8414414 ], [ 69.4158072, 27.8364761 ], [ 69.4128201, 27.8350473 ], [ 69.412802, 27.8331939 ], [ 69.4101278, 27.8330021 ], [ 69.4102543, 27.8349994 ], [ 69.4088991, 27.8342325 ], [ 69.4080421, 27.8353556 ], [ 69.4059312, 27.836139 ], [ 69.4078198, 27.837759 ], [ 69.4069839, 27.8391696 ], [ 69.408068, 27.8404478 ], [ 69.4091453, 27.8402414 ], [ 69.4098207, 27.8426846 ], [ 69.418372, 27.8463825 ], [ 69.4158897, 27.8414414 ] ] ], [ [ [ 69.4174719, 27.841448 ], [ 69.4174177, 27.8406491 ], [ 69.4164781, 27.8404175 ], [ 69.4164419, 27.8412163 ], [ 69.4174719, 27.841448 ] ] ], [ [ [ 69.4220893, 27.8530372 ], [ 69.4211136, 27.8515515 ], [ 69.4218002, 27.8508965 ], [ 69.4191635, 27.8471161 ], [ 69.4121089, 27.8440398 ], [ 69.4116456, 27.8463433 ], [ 69.4139945, 27.8468545 ], [ 69.4140126, 27.8476853 ], [ 69.4172108, 27.8482604 ], [ 69.4182513, 27.8552132 ], [ 69.4200837, 27.8550661 ], [ 69.4201921, 27.8536603 ], [ 69.4220893, 27.8530372 ] ] ], [ [ [ 69.4092774, 27.8489457 ], [ 69.409072, 27.8507497 ], [ 69.411619, 27.8509676 ], [ 69.4118655, 27.8491999 ], [ 69.410277, 27.8486672 ], [ 69.4092774, 27.8489457 ] ] ] ] } },
{ "type": "Feature", "properties": { "name": "Goth Radhan", "pop": 16786, "area_km2": 1.36 }, "geometry": { "type": "Polygon", "coordinates": [ [ [ 67.9471263, 27.1749925 ], [ 67.9472765, 27.1757944 ], [ 67.946633, 27.1762527 ], [ 67.9466413, 27.1787936 ], [ 67.9456829, 27.179595 ], [ 67.9471333, 27.1814759 ], [ 67.9493138, 27.179586 ], [ 67.9507108, 27.1817766 ], [ 67.9526518, 27.1808525 ], [ 67.9537251, 27.1814095 ], [ 67.9538862, 27.1822782 ], [ 67.9560341, 27.182789 ], [ 67.9570708, 27.1823809 ], [ 67.9591709, 27.182705 ], [ 67.9600577, 27.1820362 ], [ 67.9607675, 27.182586 ], [ 67.9611818, 27.1820255 ], [ 67.9589087, 27.1798134 ], [ 67.9574646, 27.1791198 ], [ 67.9565194, 27.1758737 ], [ 67.9568195, 27.1754306 ], [ 67.9554917, 27.1747621 ], [ 67.9555869, 27.17404 ], [ 67.9543401, 27.1733593 ], [ 67.9541483, 27.1723001 ], [ 67.9528651, 27.1716744 ], [ 67.9523907, 27.1706292 ], [ 67.9498642, 27.1710677 ], [ 67.9493561, 27.1695949 ], [ 67.9495147, 27.1684222 ], [ 67.9482394, 27.1682594 ], [ 67.9485541, 27.16741 ], [ 67.9473986, 27.1672864 ], [ 67.9464499, 27.1664548 ], [ 67.9450041, 27.1669114 ], [ 67.9463824, 27.1699498 ], [ 67.9451864, 27.1710565 ], [ 67.9460971, 27.1728419 ], [ 67.94571, 27.1745644 ], [ 67.9471263, 27.1749925 ] ] ] } },
{ "type": "Feature", "properties": { "name": "Garhi Khairo", "pop": 193297, "area_km2": 1.28 }, "geometry": { "type": "MultiPolygon", "coordinates": [ [ [ [ 68.0048421, 28.0561893 ], [ 68.0055281, 28.0549378 ], [ 68.0051955, 28.0540547 ], [ 68.0045934, 28.0540808 ], [ 68.0048421, 28.0561893 ] ] ], [ [ [ 67.9705477, 28.0549188 ], [ 67.9705947, 28.0544056 ], [ 67.9689227, 28.0543718 ], [ 67.9689442, 28.0531956 ], [ 67.9679733, 28.0531767 ], [ 67.9677871, 28.0564693 ], [ 67.9696668, 28.0567489 ], [ 67.9693383, 28.0585968 ], [ 67.967965, 28.0583411 ], [ 67.9675483, 28.0621216 ], [ 67.9703243, 28.0624786 ], [ 67.9706712, 28.0602014 ], [ 67.9717186, 28.0603301 ], [ 67.9718822, 28.0593602 ], [ 67.9776136, 28.060094 ], [ 67.9767822, 28.0612165 ], [ 67.9783666, 28.062422 ], [ 67.9778824, 28.0631643 ], [ 67.9781195, 28.0638458 ], [ 67.9830547, 28.0668779 ], [ 67.982382, 28.06524 ], [ 67.9813147, 28.0647966 ], [ 67.981769, 28.0632575 ], [ 67.9813849, 28.0628429 ], [ 67.9824003, 28.0620354 ], [ 67.9834329, 28.0632937 ], [ 67.9842826, 28.0632761 ], [ 67.9845625, 28.0640342 ], [ 67.986585, 28.0633799 ], [ 67.9865488, 28.0609835 ], [ 67.984693, 28.0599297 ], [ 67.9849678, 28.0593141 ], [ 67.9834222, 28.0582676 ], [ 67.9828762, 28.0564795 ], [ 67.9841615, 28.0562486 ], [ 67.9842735, 28.0554888 ], [ 67.9820715, 28.0540708 ], [ 67.9759049, 28.0517739 ], [ 67.9755604, 28.0524694 ], [ 67.9803981, 28.0543009 ], [ 67.9801646, 28.0548318 ], [ 67.9807863, 28.0549106 ], [ 67.9807024, 28.0553671 ], [ 67.9804676, 28.0558265 ], [ 67.9755746, 28.0556067 ], [ 67.9752846, 28.0569298 ], [ 67.9743753, 28.0568654 ], [ 67.9741915, 28.0576332 ], [ 67.9713352, 28.0571171 ], [ 67.9717372, 28.0551002 ], [ 67.9705477, 28.0549188 ] ] ] ] } },
{ "type": "Feature", "properties": { "name": "Dokri", "pop": 125000, "area_km2": 1.17 }, "geometry": { "type": "Polygon", "coordinates": [ [ [ 68.1045573, 27.3729086 ], [ 68.1051259, 27.3722227 ], [ 68.1067352, 27.3717939 ], [ 68.1063382, 27.3707363 ], [ 68.106982, 27.3701075 ], [ 68.1061638, 27.3683496 ], [ 68.1061559, 27.3669252 ], [ 68.1040959, 27.3667727 ], [ 68.1040852, 27.3673063 ], [ 68.1005769, 27.3671253 ], [ 68.100587, 27.3675201 ], [ 68.0983937, 27.367259 ], [ 68.0990748, 27.3704505 ], [ 68.0981414, 27.370784 ], [ 68.0967252, 27.3700599 ], [ 68.0971222, 27.3691547 ], [ 68.0968432, 27.3671729 ], [ 68.0964463, 27.3670967 ], [ 68.0927555, 27.3687736 ], [ 68.0913501, 27.3705934 ], [ 68.0929443, 27.3712848 ], [ 68.0929443, 27.373289 ], [ 68.0934427, 27.3735964 ], [ 68.093415, 27.3749735 ], [ 68.0921689, 27.3748874 ], [ 68.0920997, 27.3764121 ], [ 68.0965027, 27.3782072 ], [ 68.0969458, 27.3773096 ], [ 68.0984688, 27.3769777 ], [ 68.1003934, 27.3779859 ], [ 68.1008088, 27.3764981 ], [ 68.0996596, 27.3751088 ], [ 68.1023457, 27.3761539 ], [ 68.1031903, 27.3751948 ], [ 68.1035674, 27.3726491 ], [ 68.1045573, 27.3729086 ] ], [ [ 68.0982058, 27.3709078 ], [ 68.0992173, 27.3711564 ], [ 68.0985796, 27.3713709 ], [ 68.0979981, 27.3731046 ], [ 68.0970427, 27.3731907 ], [ 68.0970427, 27.3717029 ], [ 68.0982058, 27.3709078 ] ], [ [ 68.1015338, 27.3708033 ], [ 68.1011884, 27.3689546 ], [ 68.1024651, 27.3688784 ], [ 68.102498, 27.3707807 ], [ 68.1015338, 27.3708033 ] ] ] } },
{ "type": "Feature", "properties": { "name": "Chak", "pop": 40000, "area_km2": 1.14 }, "geometry": { "type": "MultiPolygon", "coordinates": [ [ [ [ 68.8095995, 27.8438276 ], [ 68.8090568, 27.8454455 ], [ 68.8079303, 27.8458724 ], [ 68.8080805, 27.8469064 ], [ 68.8094645, 27.8466883 ], [ 68.8102155, 27.8453601 ], [ 68.8120609, 27.8446012 ], [ 68.812533, 27.8437095 ], [ 68.8124579, 27.84222 ], [ 68.8093742, 27.8429823 ], [ 68.8095995, 27.8438276 ] ] ], [ [ [ 68.8241338, 27.8465471 ], [ 68.8273977, 27.8487803 ], [ 68.8277371, 27.8484585 ], [ 68.8293157, 27.8489902 ], [ 68.8300674, 27.8484279 ], [ 68.8276675, 27.8448885 ], [ 68.8241338, 27.8465471 ] ] ], [ [ [ 68.8308203, 27.8513612 ], [ 68.8324565, 27.8515841 ], [ 68.831743, 27.8505691 ], [ 68.8308203, 27.8513612 ] ] ], [ [ [ 68.8334543, 27.8514608 ], [ 68.832494, 27.8510956 ], [ 68.8325272, 27.8518488 ], [ 68.8337547, 27.8533295 ], [ 68.8341087, 27.8530544 ], [ 68.8334543, 27.8514608 ] ] ], [ [ [ 68.8293255, 27.8659418 ], [ 68.8303071, 27.8667563 ], [ 68.8306412, 27.8658896 ], [ 68.8315184, 27.8659209 ], [ 68.8321554, 27.8653361 ], [ 68.8311826, 27.8644013 ], [ 68.8297641, 27.8651795 ], [ 68.8291793, 27.8649602 ], [ 68.8294508, 27.8641352 ], [ 68.8300356, 27.8642501 ], [ 68.8295865, 27.8636653 ], [ 68.8280753, 27.8646641 ], [ 68.8296632, 27.8657067 ], [ 68.8293255, 27.8659418 ] ] ], [ [ [ 68.8240357, 27.8733274 ], [ 68.8248404, 27.8738348 ], [ 68.8252105, 27.8732895 ], [ 68.8242342, 27.8730192 ], [ 68.8240357, 27.8733274 ] ] ], [ [ [ 68.8198461, 27.8752148 ], [ 68.8201197, 27.8756558 ], [ 68.8205542, 27.8754139 ], [ 68.8203772, 27.8750251 ], [ 68.8198461, 27.8752148 ] ] ], [ [ [ 68.8266857, 27.875817 ], [ 68.8269378, 27.8761774 ], [ 68.8271363, 27.8759972 ], [ 68.8270773, 27.875817 ], [ 68.8266857, 27.875817 ] ] ], [ [ [ 68.8210423, 27.8767701 ], [ 68.8218202, 27.8771969 ], [ 68.8220884, 27.8769219 ], [ 68.822244, 27.8763054 ], [ 68.8216485, 27.8756131 ], [ 68.820581, 27.8756178 ], [ 68.8192989, 27.8764903 ], [ 68.8199909, 27.8770262 ], [ 68.8205542, 27.8767464 ], [ 68.8202806, 27.8764097 ], [ 68.8212408, 27.8761157 ], [ 68.8210423, 27.8767701 ] ] ], [ [ [ 68.8223084, 27.8777137 ], [ 68.8235261, 27.8785341 ], [ 68.8237836, 27.878425 ], [ 68.8237567, 27.8780552 ], [ 68.8223084, 27.8777137 ] ] ], [ [ [ 68.8294752, 27.8789798 ], [ 68.8300304, 27.8787427 ], [ 68.829561, 27.8786787 ], [ 68.8294752, 27.8789798 ] ] ], [ [ [ 68.8225015, 27.878572 ], [ 68.8222815, 27.8791979 ], [ 68.823451, 27.8796579 ], [ 68.8241483, 27.8791695 ], [ 68.8225015, 27.878572 ] ] ], [ [ [ 68.8244166, 27.8794113 ], [ 68.8250657, 27.879307 ], [ 68.824717, 27.8790936 ], [ 68.8244166, 27.8794113 ] ] ], [ [ [ 68.826455, 27.8795109 ], [ 68.826396, 27.8791742 ], [ 68.8261546, 27.8792501 ], [ 68.826455, 27.8795109 ] ] ], [ [ [ 68.8259508, 27.8799756 ], [ 68.8264604, 27.8802079 ], [ 68.8266589, 27.8799946 ], [ 68.8262405, 27.8796389 ], [ 68.8259508, 27.8799756 ] ] ], [ [ [ 68.824658, 27.8803549 ], [ 68.8240625, 27.8801463 ], [ 68.8242986, 27.8805399 ], [ 68.824658, 27.8803549 ] ] ], [ [ [ 68.8269915, 27.8806394 ], [ 68.8275172, 27.881346 ], [ 68.8281717, 27.8809714 ], [ 68.8272436, 27.8799329 ], [ 68.8269915, 27.8806394 ] ] ], [ [ [ 68.8305803, 27.8828348 ], [ 68.8308753, 27.8824223 ], [ 68.8304623, 27.8825385 ], [ 68.8305803, 27.8828348 ] ] ], [ [ [ 68.8384243, 27.8335918 ], [ 68.8380031, 27.8339823 ], [ 68.8384018, 27.8343475 ], [ 68.8386165, 27.8338847 ], [ 68.8384243, 27.8335918 ] ] ], [ [ [ 68.8451822, 27.840339 ], [ 68.844906, 27.8400639 ], [ 68.844859, 27.8402228 ], [ 68.8451822, 27.840339 ] ] ], [ [ [ 68.841541, 27.8484267 ], [ 68.8430999, 27.8473374 ], [ 68.842177, 27.8464379 ], [ 68.8406303, 27.8473199 ], [ 68.841541, 27.8484267 ] ] ], [ [ [ 68.8466579, 27.8482891 ], [ 68.8459526, 27.847839 ], [ 68.8462368, 27.8484355 ], [ 68.8466579, 27.8482891 ] ] ], [ [ [ 68.8345003, 27.8490893 ], [ 68.8351011, 27.8490323 ], [ 68.8346666, 27.8487904 ], [ 68.8345003, 27.8490893 ] ] ], [ [ [ 68.863442, 27.8518372 ], [ 68.8578406, 27.8469152 ], [ 68.8568552, 27.8466857 ], [ 68.8630761, 27.8520161 ], [ 68.863442, 27.8518372 ] ] ], [ [ [ 68.8453314, 27.8497184 ], [ 68.8453028, 27.8500365 ], [ 68.8469424, 27.8502462 ], [ 68.846141, 27.850013 ], [ 68.8453314, 27.8497184 ] ] ], [ [ [ 68.8462368, 27.853385 ], [ 68.8461717, 27.8537416 ], [ 68.8468049, 27.8538259 ], [ 68.8468439, 27.8535678 ], [ 68.8462368, 27.853385 ] ] ], [ [ [ 68.8565856, 27.8566718 ], [ 68.85679, 27.8558838 ], [ 68.8564691, 27.8556615 ], [ 68.8565856, 27.8566718 ] ] ], [ [ [ 68.8627867, 27.8577485 ], [ 68.8622663, 27.8580067 ], [ 68.8624108, 27.8584846 ], [ 68.8630613, 27.8581472 ], [ 68.8627867, 27.8577485 ] ] ], [ [ [ 68.8342109, 27.8614189 ], [ 68.8355475, 27.8616905 ], [ 68.8360906, 27.8610848 ], [ 68.8379389, 27.8622126 ], [ 68.8390771, 27.8615547 ], [ 68.8381373, 27.8601241 ], [ 68.8365918, 27.8606149 ], [ 68.8355074, 27.8595725 ], [ 68.8365725, 27.8586832 ], [ 68.8354222, 27.8576074 ], [ 68.8359966, 27.8571479 ], [ 68.8347226, 27.8549028 ], [ 68.8338976, 27.8544642 ], [ 68.8331666, 27.855404 ], [ 68.8322268, 27.8548401 ], [ 68.8315898, 27.8553205 ], [ 68.8309285, 27.8549956 ], [ 68.8297624, 27.8560828 ], [ 68.8299921, 27.8567407 ], [ 68.8296162, 27.8572002 ], [ 68.8309841, 27.8595811 ], [ 68.8306709, 27.86168 ], [ 68.8315013, 27.8624766 ], [ 68.8310468, 27.8633788 ], [ 68.8324235, 27.8645751 ], [ 68.8329056, 27.8643533 ], [ 68.8322164, 27.8634552 ], [ 68.8333024, 27.8629227 ], [ 68.8342109, 27.8614189 ] ] ], [ [ [ 68.8567298, 27.8599417 ], [ 68.8561513, 27.8589603 ], [ 68.8560266, 27.8593345 ], [ 68.8562351, 27.860258 ], [ 68.8567298, 27.8599417 ] ] ], [ [ [ 68.8394111, 27.866952 ], [ 68.8370218, 27.8670773 ], [ 68.8362198, 27.86549 ], [ 68.8356601, 27.8654482 ], [ 68.8354011, 27.8661082 ], [ 68.836178, 27.8676704 ], [ 68.8359608, 27.8683555 ], [ 68.8374813, 27.8688901 ], [ 68.8386258, 27.8687648 ], [ 68.8393192, 27.8680965 ], [ 68.8394111, 27.866952 ] ] ], [ [ [ 68.843543, 27.8761834 ], [ 68.8444855, 27.8747343 ], [ 68.843355, 27.8740545 ], [ 68.8417591, 27.8743817 ], [ 68.843543, 27.8761834 ] ] ], [ [ [ 68.8422452, 27.8803573 ], [ 68.8446967, 27.8780433 ], [ 68.8444768, 27.8776545 ], [ 68.8423793, 27.8798357 ], [ 68.8422452, 27.8803573 ] ] ], [ [ [ 68.8487093, 27.8803905 ], [ 68.848881, 27.8799353 ], [ 68.8483518, 27.8798619 ], [ 68.8489776, 27.8811255 ], [ 68.8492994, 27.880969 ], [ 68.8493262, 27.8804332 ], [ 68.8487093, 27.8803905 ] ] ], [ [ [ 68.8502275, 27.8810828 ], [ 68.8499056, 27.8807983 ], [ 68.849911, 27.8811018 ], [ 68.8502275, 27.8810828 ] ] ], [ [ [ 68.8486049, 27.8827154 ], [ 68.8490547, 27.8825528 ], [ 68.8482001, 27.8805181 ], [ 68.8467037, 27.8802073 ], [ 68.8474805, 27.8818481 ], [ 68.8486049, 27.8827154 ] ] ] ] } },
{ "type": "Feature", "properties": { "name": "Mohenjo-daro", "pop": 0, "area_km2": 0.91 }, "geometry": { "type": "MultiPolygon", "coordinates": [ [ [ [ 68.1357938, 27.3166942 ], [ 68.1383121, 27.3181613 ], [ 68.1416702, 27.3188667 ], [ 68.1434649, 27.318858 ], [ 68.1448889, 27.3168458 ], [ 68.1421959, 27.3153969 ], [ 68.1423277, 27.3146828 ], [ 68.1362444, 27.3124712 ], [ 68.1357938, 27.3166942 ] ] ], [ [ [ 68.1555134, 27.3321356 ], [ 68.1556392, 27.3313627 ], [ 68.1544804, 27.3310577 ], [ 68.1544083, 27.3305153 ], [ 68.1535792, 27.3301427 ], [ 68.151176, 27.3314866 ], [ 68.1495374, 27.3291809 ], [ 68.1481504, 27.3299044 ], [ 68.1498485, 27.3322595 ], [ 68.1513077, 27.3328599 ], [ 68.1555134, 27.3321356 ] ] ], [ [ [ 68.1582821, 27.33812 ], [ 68.1566195, 27.3378047 ], [ 68.1566382, 27.3413557 ], [ 68.1583941, 27.3409907 ], [ 68.1582821, 27.33812 ] ] ], [ [ [ 68.1311573, 27.3425925 ], [ 68.1312787, 27.3441424 ], [ 68.1423852, 27.3430507 ], [ 68.1435839, 27.3402204 ], [ 68.1375147, 27.33894 ], [ 68.1371051, 27.3421342 ], [ 68.1311573, 27.3425925 ] ] ] ] } },
{ "type": "Feature", "properties": { "name": "Qubo Saeed Khan", "pop": 99308, "area_km2": 0.88 }, "geometry": { "type": "MultiPolygon", "coordinates": [ [ [ [ 67.7333897, 27.8738007 ], [ 67.7360575, 27.8725903 ], [ 67.7355027, 27.8719224 ], [ 67.735125, 27.8693449 ], [ 67.732162, 27.8698562 ], [ 67.7325398, 27.8721624 ], [ 67.7309107, 27.8721833 ], [ 67.7325988, 27.8725068 ], [ 67.7333897, 27.8738007 ] ] ], [ [ [ 67.7104533, 27.8765415 ], [ 67.7134079, 27.8764386 ], [ 67.7129276, 27.8736467 ], [ 67.7141938, 27.8734537 ], [ 67.7140046, 27.8725917 ], [ 67.7094926, 27.873235 ], [ 67.7091579, 27.8709448 ], [ 67.7070765, 27.8710477 ], [ 67.7056502, 27.8683586 ], [ 67.7060432, 27.8681913 ], [ 67.7056793, 27.8675351 ], [ 67.7038599, 27.8681141 ], [ 67.704282, 27.8689376 ], [ 67.7009926, 27.8692464 ], [ 67.7009635, 27.870533 ], [ 67.7037144, 27.870636 ], [ 67.7037289, 27.8715366 ], [ 67.703074, 27.8718711 ], [ 67.7031322, 27.8734408 ], [ 67.7047332, 27.8760784 ], [ 67.7029866, 27.8761298 ], [ 67.7029721, 27.8779182 ], [ 67.7062906, 27.8780468 ], [ 67.7079353, 27.8768374 ], [ 67.7088086, 27.8783942 ], [ 67.710526, 27.877648 ], [ 67.7104533, 27.8765415 ] ] ] ] } },
{ "type": "Feature", "properties": { "name": "Mian Sahib", "pop": 25000, "area_km2": 0.86 }, "geometry": { "type": "MultiPolygon", "coordinates": [ [ [ [ 68.6394204, 28.1432584 ], [ 68.6419983, 28.143489 ], [ 68.6419983, 28.1422536 ], [ 68.6417741, 28.1417101 ], [ 68.6389589, 28.1404033 ], [ 68.6392534, 28.1408498 ], [ 68.6386359, 28.1410677 ], [ 68.6381979, 28.1421593 ], [ 68.6383287, 28.1434111 ], [ 68.6377558, 28.1450607 ], [ 68.6382073, 28.1449347 ], [ 68.638226, 28.1439217 ], [ 68.6394204, 28.1432584 ] ] ], [ [ [ 68.6291689, 28.1487509 ], [ 68.6302257, 28.1491692 ], [ 68.6298344, 28.1486178 ], [ 68.630768, 28.1478761 ], [ 68.6290703, 28.1470204 ], [ 68.6293196, 28.1466179 ], [ 68.6282097, 28.1459655 ], [ 68.6286406, 28.1471162 ], [ 68.626925, 28.1463347 ], [ 68.6263477, 28.1477327 ], [ 68.6275511, 28.1484353 ], [ 68.6274487, 28.1490823 ], [ 68.6291689, 28.1487509 ] ] ], [ [ [ 68.6369601, 28.1528246 ], [ 68.6357302, 28.1530514 ], [ 68.6361973, 28.1541791 ], [ 68.6359365, 28.1555798 ], [ 68.6367487, 28.155872 ], [ 68.6365395, 28.1580292 ], [ 68.6373265, 28.1583485 ], [ 68.6380676, 28.1563744 ], [ 68.6392506, 28.1569088 ], [ 68.6400558, 28.1552977 ], [ 68.640402272885396, 28.155315793121868 ], [ 68.6400712, 28.1565725 ], [ 68.6409242, 28.1566813 ], [ 68.641128765718634, 28.155344248571321 ], [ 68.642286690527754, 28.155412196249351 ], [ 68.6423064, 28.1559269 ], [ 68.6443597, 28.1557643 ], [ 68.6441979, 28.1542441 ], [ 68.6448333, 28.1538479 ], [ 68.6447893, 28.1532281 ], [ 68.6444847, 28.1523306 ], [ 68.6429217, 28.1513218 ], [ 68.642843, 28.1516761 ], [ 68.6409336, 28.1512143 ], [ 68.640766, 28.1517366 ], [ 68.6395009, 28.1507351 ], [ 68.6391264, 28.1528395 ], [ 68.638002610757738, 28.1539134651076 ], [ 68.6369601, 28.1528246 ] ] ], [ [ [ 68.6408493, 28.1677243 ], [ 68.6383352, 28.1656383 ], [ 68.6379408, 28.1633634 ], [ 68.6368809, 28.163396 ], [ 68.6371521, 28.1643304 ], [ 68.6367207, 28.1648193 ], [ 68.6373616, 28.1654712 ], [ 68.6360922, 28.1668184 ], [ 68.636277, 28.1679918 ], [ 68.6367577, 28.168296 ], [ 68.6358704, 28.170875 ], [ 68.6366837, 28.1713422 ], [ 68.639087, 28.1711249 ], [ 68.6402947, 28.1701254 ], [ 68.6408493, 28.1677243 ] ] ], [ [ [ 68.6527243, 28.1624186 ], [ 68.6537008, 28.1616173 ], [ 68.6524268, 28.1609475 ], [ 68.6519404, 28.1616496 ], [ 68.6527243, 28.1624186 ] ] ], [ [ [ 68.6636735, 28.1651677 ], [ 68.6631075, 28.1669051 ], [ 68.6643975, 28.1670028 ], [ 68.6649786, 28.1664809 ], [ 68.6649625, 28.1648014 ], [ 68.6636735, 28.1651677 ] ] ] ] } },
{ "type": "Feature", "properties": { "name": "Hingorja", "pop": 22263, "area_km2": 0.81 }, "geometry": { "type": "MultiPolygon", "coordinates": [ [ [ [ 68.4014648, 27.1967396 ], [ 68.4021885, 27.1964789 ], [ 68.4020692, 27.1956872 ], [ 68.4013641, 27.1957863 ], [ 68.4014648, 27.1967396 ] ] ], [ [ [ 68.3972555, 27.2022327 ], [ 68.3967333, 27.202526 ], [ 68.3965806, 27.2018835 ], [ 68.3955169, 27.2020644 ], [ 68.3942342, 27.203553 ], [ 68.3953644, 27.2042567 ], [ 68.3971364, 27.2036341 ], [ 68.3972555, 27.2022327 ] ] ], [ [ [ 68.4214872, 27.2095736 ], [ 68.4216515, 27.2114029 ], [ 68.4209788, 27.2114725 ], [ 68.4209553, 27.2123559 ], [ 68.4229107, 27.2116255 ], [ 68.4249912, 27.2115073 ], [ 68.4247565, 27.2092884 ], [ 68.4214872, 27.2095736 ] ] ], [ [ [ 68.4117027, 27.2130198 ], [ 68.4101082, 27.2138165 ], [ 68.409981, 27.2149504 ], [ 68.4107566, 27.2151649 ], [ 68.4110467, 27.2146241 ], [ 68.4121139, 27.2151988 ], [ 68.4137338, 27.2134012 ], [ 68.4153485, 27.2136256 ], [ 68.415298, 27.2125598 ], [ 68.4143393, 27.2124813 ], [ 68.4144024, 27.2119091 ], [ 68.4199404, 27.2095307 ], [ 68.4185275, 27.2092614 ], [ 68.4180355, 27.2075336 ], [ 68.4161685, 27.2066249 ], [ 68.4151214, 27.2081395 ], [ 68.4159919, 27.2082292 ], [ 68.4159564, 27.2085958 ], [ 68.4147509, 27.2093808 ], [ 68.4143601, 27.2090929 ], [ 68.4151088, 27.2076009 ], [ 68.4139987, 27.2073092 ], [ 68.4137842, 27.2085097 ], [ 68.4133427, 27.2086892 ], [ 68.4129516, 27.2078702 ], [ 68.4115012, 27.2079279 ], [ 68.4110597, 27.2069987 ], [ 68.4104098, 27.2071521 ], [ 68.4095455, 27.2080048 ], [ 68.4094067, 27.2095082 ], [ 68.4096338, 27.2111238 ], [ 68.4110719, 27.2115164 ], [ 68.4109785, 27.211935 ], [ 68.411752, 27.2122625 ], [ 68.411304, 27.2127887 ], [ 68.4117027, 27.2130198 ] ] ], [ [ [ 68.388726, 27.2154492 ], [ 68.3879026, 27.2162635 ], [ 68.3885982, 27.2168569 ], [ 68.3892621, 27.2167248 ], [ 68.388726, 27.2154492 ] ] ], [ [ [ 68.4370713, 27.2176179 ], [ 68.4349374, 27.2180437 ], [ 68.4349374, 27.2187481 ], [ 68.4345473, 27.2185641 ], [ 68.43437, 27.2190162 ], [ 68.4346655, 27.2199255 ], [ 68.434299, 27.2199781 ], [ 68.4344172, 27.2203776 ], [ 68.4349197, 27.2201148 ], [ 68.4357709, 27.2206457 ], [ 68.4358004, 27.2212291 ], [ 68.4365511, 27.2209716 ], [ 68.4377925, 27.2215866 ], [ 68.4379048, 27.2210399 ], [ 68.4374969, 27.220919 ], [ 68.4378398, 27.2196838 ], [ 68.436829, 27.2194735 ], [ 68.436959, 27.2183539 ], [ 68.4376979, 27.2183644 ], [ 68.4370713, 27.2176179 ] ] ], [ [ [ 68.428811, 27.220427 ], [ 68.4293926, 27.218987 ], [ 68.4281838, 27.2187233 ], [ 68.4280457, 27.2194445 ], [ 68.4275281, 27.2194788 ], [ 68.4274141, 27.2209442 ], [ 68.428811, 27.220427 ] ] ], [ [ [ 68.3895231, 27.2225427 ], [ 68.3885882, 27.2224893 ], [ 68.388353, 27.2229107 ], [ 68.3889889, 27.223386 ], [ 68.3895231, 27.2225427 ] ] ], [ [ [ 68.3900106, 27.223481 ], [ 68.3905315, 27.22357 ], [ 68.390645, 27.2230118 ], [ 68.3903178, 27.2229109 ], [ 68.3900106, 27.223481 ] ] ], [ [ [ 68.4115074, 27.2386722 ], [ 68.4134289, 27.2372071 ], [ 68.4127219, 27.2361222 ], [ 68.4118153, 27.2364568 ], [ 68.4121061, 27.2367255 ], [ 68.4106578, 27.2378206 ], [ 68.4115074, 27.2386722 ] ] ] ] } },
{ "type": "Feature", "properties": { "name": "Mach", "pop": 44542, "area_km2": 0.77 }, "geometry": { "type": "MultiPolygon", "coordinates": [ [ [ [ 67.3206563, 29.8609496 ], [ 67.3213606, 29.8597313 ], [ 67.3231583, 29.851984 ], [ 67.3198984, 29.8517403 ], [ 67.3176225, 29.8566103 ], [ 67.3183731, 29.8606507 ], [ 67.3190179, 29.8615666 ], [ 67.3206563, 29.8609496 ] ] ], [ [ [ 67.323769, 29.8633695 ], [ 67.3240948, 29.8629006 ], [ 67.3236359, 29.8631591 ], [ 67.323769, 29.8633695 ] ] ], [ [ [ 67.3186145, 29.8685164 ], [ 67.3209096, 29.8675463 ], [ 67.3207628, 29.8667814 ], [ 67.3219497, 29.8662736 ], [ 67.3221981, 29.8673613 ], [ 67.3249356, 29.867384 ], [ 67.3240703, 29.8641105 ], [ 67.3234655, 29.864136 ], [ 67.3234134, 29.8637163 ], [ 67.3225966, 29.8639246 ], [ 67.3203989, 29.8659342 ], [ 67.3201586, 29.8669343 ], [ 67.3196461, 29.8670579 ], [ 67.3197438, 29.8666092 ], [ 67.319172, 29.8676593 ], [ 67.3182445, 29.8681233 ], [ 67.3186145, 29.8685164 ] ] ], [ [ [ 67.3232119, 29.8679203 ], [ 67.3231335, 29.8692404 ], [ 67.3223132, 29.8692159 ], [ 67.3222867, 29.868618 ], [ 67.3211422, 29.8691414 ], [ 67.321098, 29.8698757 ], [ 67.3230305, 29.8703516 ], [ 67.3250261, 29.869402 ], [ 67.3240388, 29.8676778 ], [ 67.3222423, 29.867475 ], [ 67.3222945, 29.8679961 ], [ 67.3232119, 29.8679203 ] ] ], [ [ [ 67.3208831, 29.8712961 ], [ 67.323653, 29.8710083 ], [ 67.3272223, 29.8718912 ], [ 67.3302231, 29.8715196 ], [ 67.3302578, 29.8710296 ], [ 67.3291817, 29.8697173 ], [ 67.3278003, 29.8695652 ], [ 67.3266311, 29.8685306 ], [ 67.3256524, 29.8693981 ], [ 67.3257296, 29.869822 ], [ 67.3230651, 29.870482 ], [ 67.320846, 29.870424 ], [ 67.3208831, 29.8712961 ] ] ], [ [ [ 67.3172678, 29.8712854 ], [ 67.3191452, 29.8713513 ], [ 67.3192247, 29.870735 ], [ 67.3198523, 29.8707764 ], [ 67.3192722, 29.8702601 ], [ 67.3200665, 29.8699143 ], [ 67.3186482, 29.8695856 ], [ 67.3176931, 29.8699455 ], [ 67.3167381, 29.8704376 ], [ 67.3172678, 29.8712854 ] ] ], [ [ [ 67.3160082, 29.8713689 ], [ 67.3175082, 29.8718523 ], [ 67.3176057, 29.8716138 ], [ 67.3165907, 29.8712258 ], [ 67.3160082, 29.8713689 ] ] ] ] } },
{ "type": "Feature", "properties": { "name": "Naudero", "pop": 33455, "area_km2": 0.53 }, "geometry": { "type": "MultiPolygon", "coordinates": [ [ [ [ 68.3435651, 27.6622785 ], [ 68.3443231, 27.6605548 ], [ 68.3438073, 27.6603856 ], [ 68.3441755, 27.6593535 ], [ 68.3447886, 27.6594865 ], [ 68.3455396, 27.6577355 ], [ 68.3439257, 27.6565332 ], [ 68.3426337, 27.6583906 ], [ 68.3426632, 27.6600926 ], [ 68.3416903, 27.6613133 ], [ 68.3435651, 27.6622785 ] ] ], [ [ [ 68.3778334, 27.6648862 ], [ 68.3790394, 27.665529 ], [ 68.3827459, 27.6630703 ], [ 68.3800582, 27.6609801 ], [ 68.3796739, 27.6616168 ], [ 68.3761086, 27.6615697 ], [ 68.3747743, 27.6607414 ], [ 68.374098, 27.6631885 ], [ 68.3754852, 27.6647253 ], [ 68.3778334, 27.6648862 ] ] ], [ [ [ 68.3585739, 27.6877962 ], [ 68.3594018, 27.6875475 ], [ 68.3598896, 27.6863301 ], [ 68.35952, 27.6853482 ], [ 68.358426, 27.6844188 ], [ 68.3560311, 27.6859635 ], [ 68.3571842, 27.6873381 ], [ 68.3585739, 27.6877962 ] ] ], [ [ [ 68.3793911, 27.6871153 ], [ 68.376756, 27.6851614 ], [ 68.3754852, 27.6858881 ], [ 68.3760307, 27.6872493 ], [ 68.3743903, 27.6881194 ], [ 68.3747089, 27.6884638 ], [ 68.3781852, 27.6869387 ], [ 68.3793911, 27.6871153 ] ] ] ] } },
{ "type": "Feature", "properties": { "name": "Bhan Syedabad", "pop": 16961, "area_km2": 0.43 }, "geometry": { "type": "MultiPolygon", "coordinates": [ [ [ [ 67.7040445, 26.5393551 ], [ 67.7027961, 26.5391778 ], [ 67.7022687, 26.540106 ], [ 67.7012693, 26.5398645 ], [ 67.7011458, 26.5417264 ], [ 67.7028386, 26.541951 ], [ 67.7040445, 26.5393551 ] ] ], [ [ [ 67.7033926, 26.5434786 ], [ 67.7041148, 26.5427451 ], [ 67.7026885, 26.5424483 ], [ 67.7025733, 26.5428298 ], [ 67.7033926, 26.5434786 ] ] ], [ [ [ 67.7018173, 26.5432428 ], [ 67.7009071, 26.5431174 ], [ 67.7009742, 26.5450658 ], [ 67.7014502, 26.5447222 ], [ 67.7018173, 26.5432428 ] ] ], [ [ [ 67.7444089, 26.5476611 ], [ 67.7445632, 26.5488583 ], [ 67.7463498, 26.5487535 ], [ 67.746842, 26.546364 ], [ 67.7459324, 26.5456383 ], [ 67.7436797, 26.5457551 ], [ 67.7442672, 26.5470091 ], [ 67.7434866, 26.5472003 ], [ 67.7436084, 26.5477177 ], [ 67.7444089, 26.5476611 ] ] ], [ [ [ 67.710891, 26.5566447 ], [ 67.710458, 26.5560949 ], [ 67.7102308, 26.5566274 ], [ 67.710891, 26.5566447 ] ] ], [ [ [ 67.7124215, 26.5579775 ], [ 67.7119896, 26.5565213 ], [ 67.7115505, 26.5565759 ], [ 67.711483, 26.5571285 ], [ 67.7100956, 26.5573972 ], [ 67.7105742, 26.5587423 ], [ 67.7124215, 26.5579775 ] ] ], [ [ [ 67.7036108, 26.5609156 ], [ 67.7054168, 26.5606603 ], [ 67.7045506, 26.5592427 ], [ 67.703322, 26.5588189 ], [ 67.7036108, 26.5609156 ] ] ], [ [ [ 67.6966751, 26.5652359 ], [ 67.6968892, 26.5641441 ], [ 67.6958634, 26.5638229 ], [ 67.6955276, 26.5649262 ], [ 67.6966751, 26.5652359 ] ] ], [ [ [ 67.7291965, 26.5786746 ], [ 67.7301349, 26.580721 ], [ 67.7309501, 26.580639 ], [ 67.7308981, 26.5802529 ], [ 67.7315802, 26.5800307 ], [ 67.7313116, 26.5790596 ], [ 67.7317473, 26.5772735 ], [ 67.730674, 26.576616 ], [ 67.729286, 26.5777318 ], [ 67.7288521, 26.5766947 ], [ 67.7281552, 26.5767465 ], [ 67.7296473, 26.5871727 ], [ 67.7302538, 26.5858606 ], [ 67.7298118, 26.5857479 ], [ 67.7289639, 26.5798097 ], [ 67.7291965, 26.5786746 ] ] ], [ [ [ 67.7114249, 26.5823781 ], [ 67.7123583, 26.5840232 ], [ 67.7144239, 26.583783 ], [ 67.7126437, 26.5815905 ], [ 67.7114249, 26.5823781 ] ] ] ] } }
]
}
