{
"type": "FeatureCollection",
"name": "districts",
"crs": { "type": "name", "properties": { "name": "urn:ogc:def:crs:OGC:1.3:CRS84" } },
"features": [
{ "type": "Feature", "properties": { "adm2_name": "Awaran", "adm2_pcode": "PK201", "adm1_name": "Balochistan" }, "geometry": { "type": "Polygon", "coordinates": [ [ [ 65.93335023100002, 27.135521790999974 ], [ 65.963319131, 27.13590014 ], [ 65.985240079999983, 27.139462397999978 ], [ 65.999213842000017, 27.145447221999973 ], [ 66.034079631999987, 27.189658891000022 ], [ 66.040114679999988, 27.194534295999972 ], [ 66.04551719, 27.19466293 ], [ 66.049102335999976, 27.189227861 ], [ 66.054098837000026, 27.169631562 ], [ 66.053382438000028, 27.134128517000022 ], [ 66.050887348, 27.099372949999974 ], [ 66.038413564999985, 27.014709512000024 ], [ 66.026818978999984, 26.96407310799998 ], [ 66.019479682, 26.915019894000011 ], [ 66.009917986, 26.881681180999976 ], [ 66.000717024999972, 26.836528537 ], [ 65.931006324, 26.611842888000012 ], [ 65.925131878, 26.574663225999984 ], [ 65.933159948000025, 26.541772440999978 ], [ 66.04349646999998, 26.374408820999975 ], [ 66.107385201999989, 26.267302586000028 ], [ 66.109351435, 26.276737319 ], [ 66.097328166000011, 26.299293089 ], [ 66.092408184000021, 26.318077253000013 ], [ 66.089239082, 26.336904403 ], [ 66.089653635, 26.352665366999986 ], [ 66.081345499, 26.367433731 ], [ 66.081902281, 26.408404797 ], [ 66.085266129, 26.413209917000017 ], [ 66.097359094000012, 26.419008503999976 ], [ 66.110169422000013, 26.430336266999973 ], [ 66.114607326999987, 26.458797628000013 ], [ 66.105005122000023, 26.487720140000022 ], [ 66.110480011999982, 26.510693009000022 ], [ 66.121428292000019, 26.531158559 ], [ 66.144415161999973, 26.555326437000019 ], [ 66.177299631999972, 26.571050404 ], [ 66.187865110000018, 26.569715207 ], [ 66.215041125000027, 26.538816181000016 ], [ 66.222787787000016, 26.533020285000021 ], [ 66.222695016999978, 26.517145224999979 ], [ 66.251837158, 26.479898291999973 ], [ 66.23410211700002, 26.463896174000013 ], [ 66.230743519999976, 26.399135630999979 ], [ 66.227089095999986, 26.384824713 ], [ 66.219694596000011, 26.371336198999984 ], [ 66.213196719999985, 26.363737452 ], [ 66.185217663, 26.349456853999982 ], [ 66.170365635999985, 26.334246114 ], [ 66.167616028999987, 26.326665704999982 ], [ 66.162443600000017, 26.261066675999984 ], [ 66.164422920999982, 26.243425205 ], [ 66.169182917, 26.229160427000011 ], [ 66.192779898000026, 26.186416333000011 ], [ 66.201331117999985, 26.161245194 ], [ 66.214034083, 26.078192275999982 ], [ 66.258978404, 25.870879955000021 ], [ 66.26002414200002, 25.849884099 ], [ 66.257307174, 25.837272343999985 ], [ 66.249016727000026, 25.823794866000014 ], [ 66.216949240000019, 25.748914937 ], [ 66.196870617, 25.692548394000028 ], [ 66.163847383000018, 25.634435468 ], [ 66.140981371, 25.587290888999974 ], [ 66.08645790700001, 25.499029353000026 ], [ 66.069961094, 25.47626341900002 ], [ 66.040340432999983, 25.451686758999983 ], [ 66.028503839, 25.449979348999989 ], [ 66.019219974, 25.453275610999981 ], [ 65.994056422000028, 25.474091120000026 ], [ 65.971742553000013, 25.484849724000014 ], [ 65.944975030000023, 25.475425439999981 ], [ 65.935715179999988, 25.475357423999981 ], [ 65.919922690000021, 25.481117143 ], [ 65.909592405000012, 25.496988730999988 ], [ 65.902161139999976, 25.499450922999984 ], [ 65.888296277, 25.496826546000023 ], [ 65.87642818, 25.488404468 ], [ 65.86250340700002, 25.482353561000025 ], [ 65.848624371000028, 25.48140332700001 ], [ 65.830071694000026, 25.484609823000028 ], [ 65.749548254999979, 25.515088666999986 ], [ 65.738433109000027, 25.514988366000011 ], [ 65.683952170999987, 25.50021407700001 ], [ 65.627707852000015, 25.479521165999984 ], [ 65.576241088000017, 25.448778598 ], [ 65.544959085000016, 25.434179674 ], [ 65.522794762999979, 25.430584184 ], [ 65.508889255999975, 25.432111637999981 ], [ 65.496758328, 25.439533009 ], [ 65.498497327999985, 25.447946235000018 ], [ 65.523353922000013, 25.458290569999974 ], [ 65.533438639, 25.465954247000013 ], [ 65.537857906999989, 25.481952229 ], [ 65.549699136000015, 25.497188495999978 ], [ 65.544014114999982, 25.50720216000002 ], [ 65.544571030999975, 25.535751692000019 ], [ 65.537812519, 25.556669202000023 ], [ 65.517264169999976, 25.56904175 ], [ 65.515275158, 25.579095627000015 ], [ 65.517999375999977, 25.583322846999977 ], [ 65.517913107000027, 25.590038675000017 ], [ 65.502811867999981, 25.613200872 ], [ 65.502723538999987, 25.616742669000018 ], [ 65.516150595999989, 25.630021853000017 ], [ 65.530978225000013, 25.632797972 ], [ 65.531782725000028, 25.640266859 ], [ 65.527090681, 25.644415091999974 ], [ 65.527045797000028, 25.647773767 ], [ 65.53775856599998, 25.679799789000015 ], [ 65.535849602999974, 25.683977673000015 ], [ 65.531175484000016, 25.686447217000023 ], [ 65.52561097, 25.686387566 ], [ 65.503546092000022, 25.671031399000015 ], [ 65.465614914000014, 25.663050118 ], [ 65.430734184000016, 25.636619243999974 ], [ 65.402066760000025, 25.627880437999977 ], [ 65.374305617, 25.626713232999975 ], [ 65.35681251699998, 25.61810347 ], [ 65.348580959, 25.610445342999981 ], [ 65.346816704, 25.604545753000025 ], [ 65.349761300000011, 25.593666306999978 ], [ 65.347016508000024, 25.591113851999978 ], [ 65.33867611, 25.591010917 ], [ 65.322729144999983, 25.603406969 ], [ 65.300376326, 25.60984235799998 ], [ 65.302851126, 25.599391712 ], [ 65.30059703400002, 25.595571146 ], [ 65.282083250000028, 25.593654519999973 ], [ 65.270155623, 25.585943314000019 ], [ 65.257524479999972, 25.563947918999986 ], [ 65.249281433000021, 25.557962546 ], [ 65.244635561, 25.558740863000025 ], [ 65.233343568, 25.568668179999975 ], [ 65.22731663899998, 25.569426465999982 ], [ 65.203154493, 25.557271663999984 ], [ 65.201661089000027, 25.563917288000027 ], [ 65.189575478999984, 25.585207264000019 ], [ 65.171384126000021, 25.601791395000021 ], [ 65.163559799999973, 25.601813903999982 ], [ 65.073105183999985, 25.577627606000021 ], [ 64.993132838, 25.560444460999975 ], [ 64.914932507, 25.553438611 ], [ 64.87496825, 25.545587663 ], [ 64.812576435999972, 25.541835967999987 ], [ 64.644859661999988, 25.516007297999977 ], [ 64.504237225999987, 25.49916142 ], [ 64.477323207999973, 25.492780827 ], [ 64.423647513, 25.461918954 ], [ 64.408080536, 25.449270148999972 ], [ 64.369305898999983, 25.432565322000016 ], [ 64.357504544, 25.432489046 ], [ 64.337071305, 25.437158951000015 ], [ 64.314106424999977, 25.445423925 ], [ 64.283032640999977, 25.462911776999988 ], [ 64.271738138999979, 25.465220725999984 ], [ 64.232758788000012, 25.467750288 ], [ 64.195449919999987, 25.465980286999979 ], [ 64.139887418, 25.467238752000014 ], [ 64.125960383, 25.471879049999984 ], [ 64.124151574999985, 25.482097877 ], [ 64.125839622, 25.489189590000024 ], [ 64.161101151000025, 25.536621520999972 ], [ 64.166861245, 25.553938974 ], [ 64.171253967999974, 25.560134260999973 ], [ 64.212616850000018, 25.611518247999982 ], [ 64.230451752000022, 25.613098138 ], [ 64.235199541999975, 25.617129354999975 ], [ 64.240278112999988, 25.628381960000013 ], [ 64.246390656000017, 25.628578159000028 ], [ 64.267219776, 25.612591370000018 ], [ 64.277577264, 25.614029161000019 ], [ 64.287131139, 25.620429064 ], [ 64.292618904, 25.621152413 ], [ 64.307001142, 25.617697164 ], [ 64.315318519000016, 25.620199262000028 ], [ 64.333073244, 25.631519680999986 ], [ 64.343204383999989, 25.633460793999973 ], [ 64.352361798, 25.639878681000027 ], [ 64.354560218000017, 25.646600692 ], [ 64.351801911, 25.654839493999987 ], [ 64.323388575000024, 25.677259742999979 ], [ 64.299179545000015, 25.685381437999979 ], [ 64.293501409999976, 25.689641952999978 ], [ 64.290734299, 25.697878339999988 ], [ 64.278466643, 25.714137912000012 ], [ 64.274160462999987, 25.730646150999974 ], [ 64.273690956, 25.742837470999973 ], [ 64.276436745000012, 25.751245335000021 ], [ 64.298829253, 25.759157115999983 ], [ 64.320382460000019, 25.773141700999986 ], [ 64.324532467999973, 25.793243596000025 ], [ 64.321969046999982, 25.831363416999977 ], [ 64.326393575, 25.844262555 ], [ 64.336343313999976, 25.854496053999981 ], [ 64.351775412999984, 25.855031628 ], [ 64.357148177, 25.859079762000022 ], [ 64.357553419, 25.864641426 ], [ 64.348520252000014, 25.892665825999984 ], [ 64.353557475, 25.922232053000016 ], [ 64.360269201, 25.956291490000012 ], [ 64.366340696, 25.974792512000022 ], [ 64.375852812, 26.002242728999988 ], [ 64.387475289, 26.020357085 ], [ 64.40795287200001, 26.032077414000014 ], [ 64.445312193, 26.036527520999982 ], [ 64.464179192000017, 26.042083951999984 ], [ 64.491409782, 26.054544682000028 ], [ 64.502092049, 26.065405155 ], [ 64.511153217000015, 26.087318853 ], [ 64.516486384000018, 26.110234943000023 ], [ 64.514757069999973, 26.124062063 ], [ 64.49746627899998, 26.176851594000027 ], [ 64.475515702, 26.205508800000018 ], [ 64.456381756999974, 26.223264616999984 ], [ 64.444633167, 26.229585477 ], [ 64.429856369999982, 26.266776603999972 ], [ 64.420988357, 26.29597802 ], [ 64.420088475999989, 26.332683927 ], [ 64.429407106999975, 26.351966886000014 ], [ 64.445404285, 26.365504938000015 ], [ 64.469917032000012, 26.370540646 ], [ 64.546833053, 26.371990260000018 ], [ 64.733781272999977, 26.362121939000019 ], [ 64.810164142000019, 26.36761263 ], [ 64.900720288, 26.364044676999981 ], [ 64.918374308000011, 26.367681275999985 ], [ 64.925737309, 26.372833023 ], [ 64.931190185999981, 26.380472424 ], [ 64.931655633, 26.404823551 ], [ 64.918236329000024, 26.423082449 ], [ 64.915113749, 26.439823287000024 ], [ 64.914901183999973, 26.450733545999981 ], [ 64.922157154, 26.461761513999988 ], [ 64.939558162000026, 26.479663448 ], [ 64.966223152999987, 26.501901960999987 ], [ 65.008638307000012, 26.531928779999987 ], [ 65.127899656000011, 26.630025638 ], [ 65.180395831999988, 26.679449313000021 ], [ 65.250303530999986, 26.755954643999985 ], [ 65.290022220000026, 26.791734495000014 ], [ 65.298468217, 26.803365747999976 ], [ 65.325697122, 26.861660025 ], [ 65.334692081000014, 26.886970653999981 ], [ 65.340659228999982, 26.926526895999984 ], [ 65.34377258, 26.969410303000018 ], [ 65.347312911000017, 26.983736041999975 ], [ 65.367478963999986, 27.016744201999984 ], [ 65.445006789, 27.119997409 ], [ 65.483511072, 27.178117896 ], [ 65.499969623000027, 27.207145551999986 ], [ 65.538641136000024, 27.257728929999985 ], [ 65.564794851999977, 27.300650029999986 ], [ 65.57575325800002, 27.323343220000027 ], [ 65.582518398, 27.344738528 ], [ 65.58517378800002, 27.35731145699998 ], [ 65.587358101, 27.407520229 ], [ 65.592966210999975, 27.41752633599998 ], [ 65.632361440000011, 27.407976222 ], [ 65.677987267999981, 27.393428874 ], [ 65.778274961000022, 27.357421956999985 ], [ 65.827645365000024, 27.307420951999973 ], [ 65.846244102000014, 27.278710993 ], [ 65.857642261000024, 27.253759714000012 ], [ 65.880905392999978, 27.174861661000023 ], [ 65.893822743999976, 27.157047279999972 ], [ 65.91202685899998, 27.139364329999978 ], [ 65.93335023100002, 27.135521790999974 ] ] ] } },
{ "type": "Feature", "properties": { "adm2_name": "Barkhan", "adm2_pcode": "PK202", "adm1_name": "Balochistan" }, "geometry": { "type": "Polygon", "coordinates": [ [ [ 69.801203004, 30.291073676999986 ], [ 69.824569667999981, 30.292452368 ], [ 69.840649057, 30.302492058999974 ], [ 69.86579820999998, 30.310224217999973 ], [ 69.873230872000022, 30.320680832999983 ], [ 69.886292130000015, 30.331105804 ], [ 69.909685059000026, 30.334342879000019 ], [ 69.926560036000012, 30.333865978 ], [ 69.96117024900002, 30.322636412 ], [ 69.959121703999983, 30.304552077999972 ], [ 69.960617065, 30.29384613000002 ], [ 69.966468811000027, 30.292488097999978 ], [ 69.977928162000012, 30.301277160999973 ], [ 69.983177184999988, 30.302328110000019 ], [ 69.981849669999974, 30.282804489 ], [ 69.971321106, 30.262559891000024 ], [ 69.972824097, 30.25345993000002 ], [ 69.982368469, 30.250751494999975 ], [ 69.987625122, 30.253408432000015 ], [ 70.003456116, 30.273410797 ], [ 70.012420653999982, 30.277389525999979 ], [ 70.059921265000014, 30.275060654000015 ], [ 70.072342735, 30.271277818999977 ], [ 70.076202393000017, 30.262418747000027 ], [ 70.047630309999988, 30.226694107000014 ], [ 70.024169922, 30.221973419 ], [ 70.020759582999972, 30.219312667999986 ], [ 70.017341613999974, 30.212905884 ], [ 70.015060425, 30.189910888999975 ], [ 70.002716064000026, 30.185678482000014 ], [ 69.997131347999982, 30.179012299000021 ], [ 69.994277953999983, 30.162479400999985 ], [ 69.985542297, 30.13950920100001 ], [ 69.984840393000013, 30.121322631999988 ], [ 69.98754119900002, 30.106067656999983 ], [ 69.985313416, 30.091632843000014 ], [ 69.979660034, 30.076745986999981 ], [ 69.962310791, 30.053001403999986 ], [ 69.94657135, 30.042890549 ], [ 69.940696716, 30.035957336000024 ], [ 69.922470093000015, 30.001712799000018 ], [ 69.911018372, 29.962451935 ], [ 69.892509459999985, 29.914806366 ], [ 69.855957031, 29.876155853 ], [ 69.835800171000017, 29.861467361 ], [ 69.811828612999989, 29.810251236 ], [ 69.789001465000013, 29.768806457999972 ], [ 69.775360106999983, 29.762292861999981 ], [ 69.753395081, 29.745628356999987 ], [ 69.732582091999973, 29.718872069999975 ], [ 69.722099303999983, 29.714210509999987 ], [ 69.696876525999983, 29.710363388000019 ], [ 69.690620422, 29.703893661 ], [ 69.666481018000013, 29.697294235000015 ], [ 69.64600486400002, 29.685261105999984 ], [ 69.614853896999989, 29.699131530999978 ], [ 69.592530882, 29.705207675999986 ], [ 69.567611106000015, 29.707164530999989 ], [ 69.516875122999977, 29.702816686 ], [ 69.470428621, 29.695068325000022 ], [ 69.452788537, 29.688362456 ], [ 69.435141268, 29.678281599 ], [ 69.411507769000025, 29.658738883000012 ], [ 69.399467363999975, 29.653514386999973 ], [ 69.376257555, 29.647557641 ], [ 69.324675268000021, 29.625517154000022 ], [ 69.264535003, 29.611333758 ], [ 69.255517409, 29.611339742999974 ], [ 69.22675338, 29.61885113 ], [ 69.211296488000016, 29.625978444999987 ], [ 69.190566139999987, 29.629956997000022 ], [ 69.147195080000017, 29.66058857500002 ], [ 69.098801212000012, 29.680983004999973 ], [ 69.090941330000021, 29.686072926 ], [ 69.082542030000013, 29.695720478999988 ], [ 69.079497031000017, 29.703088900000012 ], [ 69.060501319000025, 29.726378507 ], [ 69.063028225999972, 29.735621225999978 ], [ 69.067091455000025, 29.738641846 ], [ 69.082338224000011, 29.748417518999986 ], [ 69.148045310999976, 29.773249297 ], [ 69.152455724999982, 29.776479435999988 ], [ 69.161244206999982, 29.793298400000026 ], [ 69.19263207, 29.817492668 ], [ 69.281458009, 29.864938435 ], [ 69.297349016999988, 29.870959185 ], [ 69.328100811000013, 29.875461916 ], [ 69.337699955, 29.885290094000027 ], [ 69.346141988999989, 29.888869054999986 ], [ 69.391670120000015, 29.897399974 ], [ 69.395781241, 29.915309018000016 ], [ 69.403341609, 29.92327942999998 ], [ 69.404579583999976, 29.929487677999987 ], [ 69.428660574, 29.942644178000023 ], [ 69.444688988, 29.955618893 ], [ 69.456957486000022, 29.97013834400002 ], [ 69.477659625, 30.003851624999982 ], [ 69.477195578000021, 30.007189649999987 ], [ 69.468572268, 30.017110436999985 ], [ 69.488410483999985, 30.033920162000015 ], [ 69.489851461, 30.037109709 ], [ 69.487649015999978, 30.051129216 ], [ 69.498918253999989, 30.065828232 ], [ 69.49236391, 30.070630874000017 ], [ 69.478318705, 30.070840444 ], [ 69.419748618000028, 30.053759438999975 ], [ 69.404067237999982, 30.044804149000015 ], [ 69.403315535, 30.061382588000015 ], [ 69.437775276000025, 30.100964921000013 ], [ 69.566961516999982, 30.226854044999982 ], [ 69.583447017000026, 30.233148298 ], [ 69.587643263000018, 30.23164979400002 ], [ 69.590640646, 30.226554299999975 ], [ 69.588842268, 30.218161548000012 ], [ 69.584346147000019, 30.211267804999977 ], [ 69.562772296, 30.189299399999982 ], [ 69.565451602999985, 30.17860987 ], [ 69.557369890000018, 30.157315290999975 ], [ 69.559468142000014, 30.153718406 ], [ 69.579029979999973, 30.150906556 ], [ 69.581948265999984, 30.142328436000014 ], [ 69.586144642000022, 30.139930543999981 ], [ 69.594237518999989, 30.137832420999985 ], [ 69.599333014000024, 30.139031413999987 ], [ 69.615219022000019, 30.151320538 ], [ 69.639273414, 30.183530736000023 ], [ 69.645492396, 30.199578042999974 ], [ 69.641296020000027, 30.208570179 ], [ 69.676365142, 30.248435027000028 ], [ 69.695548267, 30.27391254600002 ], [ 69.706122242, 30.299205663 ], [ 69.729418396000028, 30.327565279 ], [ 69.723784702999978, 30.337843084999975 ], [ 69.739542460999985, 30.358383662 ], [ 69.7607054, 30.350208106000025 ], [ 69.765626692000012, 30.342243242 ], [ 69.768909452, 30.313729963000014 ], [ 69.780061854, 30.299053604 ], [ 69.801203004, 30.291073676999986 ] ] ] } },
{ "type": "Feature", "properties": { "adm2_name": "Dera Bugti", "adm2_pcode": "PK204", "adm1_name": "Balochistan" }, "geometry": { "type": "Polygon", "coordinates": [ [ [ 69.566871643000013, 29.405857086000026 ], [ 69.576629638999975, 29.404312134 ], [ 69.584030150999979, 29.407215118000011 ], [ 69.605667114000028, 29.424034119 ], [ 69.614959716999977, 29.423295974999974 ], [ 69.627578734999986, 29.414867400999981 ], [ 69.652526855000019, 29.389142989999982 ], [ 69.659745096999984, 29.378871530000026 ], [ 69.669090271000016, 29.355567931999985 ], [ 69.666366577000019, 29.349456787 ], [ 69.642021178999983, 29.325321197999983 ], [ 69.638832091999973, 29.319206238 ], [ 69.640304565, 29.311098099 ], [ 69.644035339000027, 29.308691024999973 ], [ 69.662117003999981, 29.308826447 ], [ 69.671424866, 29.305242538000016 ], [ 69.682228087999988, 29.291110991999972 ], [ 69.682472228999984, 29.265130997000028 ], [ 69.686706543000014, 29.258666991999974 ], [ 69.698745728, 29.259565353000028 ], [ 69.736473083000021, 29.29027557400002 ], [ 69.745697021000012, 29.29520988500002 ], [ 69.758178711000028, 29.299354553 ], [ 69.766540527000018, 29.297784805 ], [ 69.768974303999983, 29.284404755000025 ], [ 69.767173766999974, 29.277490616000023 ], [ 69.744018555000025, 29.236421585000016 ], [ 69.743385315000012, 29.203128815000014 ], [ 69.752334594999979, 29.185733794999976 ], [ 69.751914978, 29.180454253999983 ], [ 69.750122069999975, 29.173946381 ], [ 69.712684631, 29.115642547999983 ], [ 69.706306457999972, 29.089658736999979 ], [ 69.685600281, 29.078550339 ], [ 69.664840697999978, 29.072715759 ], [ 69.650573730000019, 29.065708159999986 ], [ 69.634155272999976, 29.042446136000024 ], [ 69.613571166999975, 29.02036857600001 ], [ 69.608901391000018, 29.011509096999987 ], [ 69.593963622999979, 28.994235991999972 ], [ 69.581199646000016, 28.960124969 ], [ 69.574340819999975, 28.953979491999974 ], [ 69.555419922, 28.951795577999974 ], [ 69.552215575999981, 28.949333191 ], [ 69.541816711000024, 28.928546906 ], [ 69.500083922999977, 28.903022766 ], [ 69.489601134999987, 28.891567230000021 ], [ 69.487609862999989, 28.863952637000011 ], [ 69.483078003, 28.85660743699998 ], [ 69.484603881999988, 28.844446182000013 ], [ 69.490653991999977, 28.840036392 ], [ 69.511917114000028, 28.836570740000013 ], [ 69.525413513, 28.825729369999976 ], [ 69.53767395, 28.801134108999975 ], [ 69.532913208000025, 28.773094177000019 ], [ 69.484398509000016, 28.701897549000023 ], [ 69.469276428, 28.673599243000012 ], [ 69.420921325999984, 28.597682953 ], [ 69.411346435999974, 28.590288161999979 ], [ 69.357757568000011, 28.571100235000017 ], [ 69.324691772, 28.554906845 ], [ 69.321937561000027, 28.549612045 ], [ 69.321319580000022, 28.543546677 ], [ 69.338409424000019, 28.512151717999984 ], [ 69.353248596000014, 28.466457366999975 ], [ 69.363761902000022, 28.445636749000016 ], [ 69.27507019, 28.446260452 ], [ 69.12750265699998, 28.440611061000027 ], [ 69.125663765000013, 28.457825129000014 ], [ 69.118482756999981, 28.472699707 ], [ 69.10041924, 28.490885289 ], [ 69.088004910999985, 28.495794171 ], [ 69.080285012, 28.493622226000014 ], [ 69.03601349500002, 28.459350676999975 ], [ 69.028694143999985, 28.461771339 ], [ 68.974855392, 28.466190563 ], [ 68.920724797, 28.46500741 ], [ 68.883911196999975, 28.467239834999987 ], [ 68.778351050000026, 28.483635187 ], [ 68.754481060999979, 28.491064886 ], [ 68.692749767, 28.518760798000017 ], [ 68.570694246000016, 28.591335609 ], [ 68.468482745000017, 28.646434537 ], [ 68.451721545, 28.665228085000024 ], [ 68.443611827999973, 28.686999970999977 ], [ 68.43956672500002, 28.720315426000013 ], [ 68.440857473999984, 28.759891966 ], [ 68.43503423300001, 28.815557634000015 ], [ 68.414421548, 28.88796843199998 ], [ 68.412855535, 28.93236132200002 ], [ 68.415521367999986, 28.965867646 ], [ 68.412612028000012, 28.981011879999983 ], [ 68.404794277, 28.993219454999974 ], [ 68.399926245000017, 29.015951288999986 ], [ 68.390275029, 29.037904578 ], [ 68.37703753, 29.059097106000024 ], [ 68.333289305999983, 29.116223850999972 ], [ 68.282487676000017, 29.170120016 ], [ 68.278984419999972, 29.183748337 ], [ 68.279419765, 29.203210764 ], [ 68.289360908999981, 29.221481434 ], [ 68.300056107999978, 29.226927236 ], [ 68.314492029, 29.226117870999985 ], [ 68.376211281999986, 29.205376132000026 ], [ 68.412316195000017, 29.202097304 ], [ 68.440672797, 29.202859835000027 ], [ 68.467827179999972, 29.206443474000025 ], [ 68.491209100999981, 29.219505676999972 ], [ 68.533715218, 29.234292702 ], [ 68.628440187000024, 29.25840208 ], [ 68.660685081999986, 29.264081562 ], [ 68.711958052999989, 29.261892620000026 ], [ 68.804846240000018, 29.248035297 ], [ 68.920495796000012, 29.222745722000013 ], [ 68.938232777999986, 29.224161346000017 ], [ 68.964033777999987, 29.234052604999988 ], [ 68.976661847, 29.241001585 ], [ 68.986738815000024, 29.250469563000024 ], [ 68.998793095999986, 29.256418069 ], [ 69.016425425000023, 29.260612142000014 ], [ 69.048171196, 29.260177825000028 ], [ 69.095285659000012, 29.250619562 ], [ 69.129294056, 29.24739424400002 ], [ 69.143883443, 29.248048875 ], [ 69.187460812999973, 29.259526935999986 ], [ 69.205818351, 29.271093141 ], [ 69.239753618, 29.318956522 ], [ 69.256531012999972, 29.33687250700001 ], [ 69.273345366, 29.345809523000014 ], [ 69.307654054000011, 29.352762133999988 ], [ 69.325773396999978, 29.360383827000021 ], [ 69.343011421000028, 29.37275902 ], [ 69.36707916, 29.399371823000024 ], [ 69.42727844, 29.427664231999984 ], [ 69.443968375, 29.433277268999973 ], [ 69.466196024999988, 29.446855981 ], [ 69.475761965, 29.455538171 ], [ 69.495637690000024, 29.480645837999987 ], [ 69.500206817, 29.491028450999977 ], [ 69.502541119, 29.505140799 ], [ 69.496651048, 29.515724232000025 ], [ 69.455734383, 29.523878319 ], [ 69.436614062, 29.532074008 ], [ 69.429230938999979, 29.538657718000024 ], [ 69.426133924, 29.543697635 ], [ 69.425459169000021, 29.559243908999974 ], [ 69.430879415999982, 29.582732723 ], [ 69.44052162600002, 29.596931746999985 ], [ 69.471335317000012, 29.628229530999988 ], [ 69.515985108, 29.661893884 ], [ 69.559792039, 29.676834513000017 ], [ 69.583656666000024, 29.678096531999984 ], [ 69.609184015999972, 29.674823646999982 ], [ 69.628898751, 29.668724683999983 ], [ 69.625862122, 29.655687332000014 ], [ 69.618659972999978, 29.640029906999985 ], [ 69.596626281999988, 29.635267258 ], [ 69.591468811000027, 29.626049041999977 ], [ 69.592597961000024, 29.618715286 ], [ 69.600059509, 29.608680725 ], [ 69.603332519999981, 29.596775055000023 ], [ 69.597709656, 29.564357758000028 ], [ 69.598052978999988, 29.531063080000024 ], [ 69.591835022, 29.503913878999981 ], [ 69.574394225999981, 29.483877182000015 ], [ 69.563514709, 29.458612442 ], [ 69.562599181999985, 29.414754867999989 ], [ 69.566871643000013, 29.405857086000026 ] ] ] } },
{ "type": "Feature", "properties": { "adm2_name": "Harnai", "adm2_pcode": "PK206", "adm1_name": "Balochistan" }, "geometry": { "type": "Polygon", "coordinates": [ [ [ 67.982682391000026, 30.303425313999981 ], [ 68.003851558, 30.285337681999977 ], [ 68.021330276000015, 30.277767235 ], [ 68.067900878999978, 30.27095945100001 ], [ 68.093947601000025, 30.264175812000019 ], [ 68.098750774999985, 30.261091555 ], [ 68.102097163999986, 30.245538381000017 ], [ 68.105539217, 30.241609555000025 ], [ 68.128837047, 30.227861285000017 ], [ 68.140617694000014, 30.212093185000015 ], [ 68.165983556000015, 30.205278342999975 ], [ 68.183153125, 30.186199369 ], [ 68.205527329, 30.179588304 ], [ 68.210792975, 30.168601955999975 ], [ 68.212830495999981, 30.154037658 ], [ 68.21726389600002, 30.146009682 ], [ 68.289483755, 30.106507901999976 ], [ 68.318787316999988, 30.095662996999977 ], [ 68.346344394000027, 30.076875439 ], [ 68.383010501, 30.05762493200001 ], [ 68.387925941, 30.052888144 ], [ 68.392380829, 30.032348403000015 ], [ 68.409437317000027, 30.016086312000027 ], [ 68.396407297999986, 29.957958260999987 ], [ 68.398278278000021, 29.936395104999974 ], [ 68.291510212, 29.933185434999984 ], [ 68.24796236100002, 29.928857610000023 ], [ 68.16730463, 29.908454598 ], [ 68.097265983999989, 29.900000079 ], [ 68.072356594999974, 29.892990263 ], [ 68.064436812999986, 29.888433624000015 ], [ 68.058242660000019, 29.881048564000025 ], [ 68.052458933000025, 29.846235158000013 ], [ 68.036171234, 29.824018443999989 ], [ 68.028617869000016, 29.81666900099998 ], [ 68.018401243000028, 29.811375041000019 ], [ 67.970321211, 29.792368427999975 ], [ 67.969581251000022, 29.784044156 ], [ 67.976350636, 29.773202965999985 ], [ 67.97744732000001, 29.765228095 ], [ 67.973824343, 29.752607508999972 ], [ 67.930505042, 29.725113039 ], [ 67.905722481999987, 29.705887255 ], [ 67.884560146000013, 29.699670608000019 ], [ 67.879204093, 29.702984008999977 ], [ 67.88175808, 29.711263412999983 ], [ 67.901641929999982, 29.733802982999975 ], [ 67.922685118, 29.776971806 ], [ 67.976456473999974, 29.839889158 ], [ 68.003731207999977, 29.903151048999973 ], [ 68.011056628, 29.96008662600002 ], [ 68.007398986, 29.974167291000015 ], [ 68.001519691, 29.988153378999982 ], [ 67.972518719999982, 30.021892485000023 ], [ 67.964573880999978, 30.023489090999988 ], [ 67.956023785000014, 30.020729335999988 ], [ 67.948876964000021, 30.025682315999973 ], [ 67.936629069, 30.028381191999983 ], [ 67.886804010999981, 30.028455765999979 ], [ 67.852667320000023, 30.018980096 ], [ 67.767645152, 30.01868787 ], [ 67.764064544, 30.021188871999982 ], [ 67.765258882000012, 30.029871290000017 ], [ 67.777832961, 30.037116778999973 ], [ 67.791947084000014, 30.049488183 ], [ 67.793953918, 30.055002436999985 ], [ 67.791457696, 30.062614242 ], [ 67.753609983999979, 30.092330490999984 ], [ 67.673238907999973, 30.126033125999982 ], [ 67.658372242999974, 30.118830075 ], [ 67.645199761000015, 30.121918728000026 ], [ 67.63370763, 30.120197889999986 ], [ 67.598433101000012, 30.103524975000028 ], [ 67.565245802, 30.095138862999988 ], [ 67.561973914000021, 30.092828772000018 ], [ 67.556837374, 30.073871328999985 ], [ 67.537065182, 30.054843974 ], [ 67.534274449, 30.042980108999984 ], [ 67.528702332000023, 30.034765580999988 ], [ 67.50842981, 30.029256374999989 ], [ 67.472930526000027, 30.027917574000014 ], [ 67.445830407000017, 30.03923441 ], [ 67.432112570000015, 30.051931266 ], [ 67.433175568000024, 30.06181553 ], [ 67.425759998, 30.108574163000014 ], [ 67.412542320999989, 30.176466267000023 ], [ 67.409414729, 30.183269772000017 ], [ 67.403512595, 30.186868544 ], [ 67.39121860900002, 30.187789751000025 ], [ 67.382208213000013, 30.177528215 ], [ 67.37506815, 30.17545671 ], [ 67.357681970999977, 30.177488299 ], [ 67.314513901999987, 30.174425454000016 ], [ 67.304357978999974, 30.176023385 ], [ 67.297685366, 30.180847481 ], [ 67.289972020999983, 30.194408607000014 ], [ 67.281068708000021, 30.201048289000028 ], [ 67.277932051, 30.207849149000026 ], [ 67.279168846, 30.232929634000016 ], [ 67.282920051000019, 30.248688142 ], [ 67.280639896000025, 30.251756296 ], [ 67.270521695000014, 30.252099857000019 ], [ 67.255281219999972, 30.234766279999974 ], [ 67.246118473000024, 30.228873088 ], [ 67.219962338000016, 30.234107816 ], [ 67.228277253999977, 30.24981892400001 ], [ 67.241075626, 30.251259328 ], [ 67.252021336999974, 30.25804171599998 ], [ 67.262323239000011, 30.270919924 ], [ 67.289224053999988, 30.295049915 ], [ 67.290297486999975, 30.299755504000018 ], [ 67.280188587, 30.332873971000026 ], [ 67.296079739999982, 30.339683009999987 ], [ 67.312696685999981, 30.338274336999973 ], [ 67.337172055999986, 30.324318208000022 ], [ 67.388144231000012, 30.319822677 ], [ 67.409220027, 30.309882438999978 ], [ 67.437590366999984, 30.31139072000002 ], [ 67.453521883, 30.318114254000022 ], [ 67.494234161, 30.314693433 ], [ 67.515303905999986, 30.305951269 ], [ 67.521664061000024, 30.29433394199998 ], [ 67.561530292999976, 30.279104137 ], [ 67.57848286, 30.275342992999981 ], [ 67.600218623999979, 30.288661562000016 ], [ 67.621315482, 30.296922830000028 ], [ 67.643042095, 30.300772317 ], [ 67.670301086, 30.298066956000014 ], [ 67.737534163000021, 30.32645562 ], [ 67.749365453, 30.339321281000025 ], [ 67.757058723, 30.355923 ], [ 67.75522726600002, 30.364667591999989 ], [ 67.737069286, 30.37488794 ], [ 67.736028507000015, 30.378753094999979 ], [ 67.738561885000024, 30.38399751999998 ], [ 67.834037643999977, 30.374199106 ], [ 67.866301570000019, 30.364999533 ], [ 67.873099831, 30.360309 ], [ 67.868877807999979, 30.344549546 ], [ 67.87379938700002, 30.341104947000019 ], [ 67.894018609999989, 30.331899464 ], [ 67.924314521999975, 30.324517937999985 ], [ 67.957939896000028, 30.310220818 ], [ 67.982682391000026, 30.303425313999981 ] ] ] } },
{ "type": "Feature", "properties": { "adm2_name": "Jaffarabad", "adm2_pcode": "PK207", "adm1_name": "Balochistan" }, "geometry": { "type": "Polygon", "coordinates": [ [ [ 68.401583964999986, 28.452264695999986 ], [ 68.414705389, 28.433144912999978 ], [ 68.419511501999978, 28.430758060000016 ], [ 68.424612896999975, 28.416988541000023 ], [ 68.434210787999973, 28.409013451000021 ], [ 68.405227661000026, 28.387615203999985 ], [ 68.359123230000023, 28.291027069 ], [ 68.353439331, 28.284820556999989 ], [ 68.208999634, 28.242517470999985 ], [ 68.017784119, 28.092046738000022 ], [ 67.964424133000023, 28.069597244000022 ], [ 67.942863464000027, 28.043773650999981 ], [ 67.912963581999975, 27.994295018 ], [ 67.877250671000013, 28.000171661000024 ], [ 67.866394043000014, 27.998390197999981 ], [ 67.854759216, 27.991214752000019 ], [ 67.812385559, 27.985469818000013 ], [ 67.794372400999976, 27.976157949000026 ], [ 67.790435791, 27.968154906999985 ], [ 67.788574219, 27.951616286999979 ], [ 67.772590637, 27.942716599 ], [ 67.76083374000001, 27.945739746000015 ], [ 67.670678356, 27.934242321 ], [ 67.670487545000015, 27.941252089999978 ], [ 67.674910938999972, 27.948488076999979 ], [ 67.674925197999983, 27.987385545 ], [ 67.664710813999989, 28.018125478 ], [ 67.638854310999989, 28.04768009999998 ], [ 67.635789177, 28.055219466999972 ], [ 67.634429038, 28.066678834000015 ], [ 67.639533691, 28.101360187000012 ], [ 67.632742176000022, 28.130876541000021 ], [ 67.626608130000022, 28.145568837999974 ], [ 67.628309951, 28.148368071 ], [ 67.661239764000015, 28.157581874000016 ], [ 67.748566340000025, 28.19043011399998 ], [ 67.922079016999987, 28.230709916000023 ], [ 67.950821782, 28.238216342999976 ], [ 67.973473053000021, 28.248445587 ], [ 67.99273754, 28.264000302999989 ], [ 68.003843739, 28.280227163 ], [ 68.027244352000025, 28.303790919 ], [ 68.043295786999977, 28.314749152 ], [ 68.070969323999975, 28.339894958 ], [ 68.074370554999973, 28.348596994 ], [ 68.072775343999979, 28.370779414000026 ], [ 68.078895933000013, 28.386444685000015 ], [ 68.09938663600002, 28.401693314999989 ], [ 68.141898745999981, 28.422552197000016 ], [ 68.170802234, 28.433007718999988 ], [ 68.203728867, 28.440880822999986 ], [ 68.253821162, 28.439528756000016 ], [ 68.293830437, 28.44561788599998 ], [ 68.348268301000019, 28.435157935 ], [ 68.367316042000027, 28.439072034999981 ], [ 68.38179134, 28.451633441000013 ], [ 68.387588757, 28.482330492000017 ], [ 68.388107592999972, 28.51007867300001 ], [ 68.383766526999977, 28.534210498999983 ], [ 68.382586229000026, 28.562720882 ], [ 68.391461733000028, 28.549738105000017 ], [ 68.391461733000028, 28.532492807999972 ], [ 68.3967103, 28.504375476 ], [ 68.398209883999982, 28.474758559 ], [ 68.401958867000019, 28.461262234 ], [ 68.401583964999986, 28.452264695999986 ] ] ] } },
{ "type": "Feature", "properties": { "adm2_name": "Jhal Magsi", "adm2_pcode": "PK208", "adm1_name": "Balochistan" }, "geometry": { "type": "Polygon", "coordinates": [ [ [ 67.587099995000017, 28.822378508999975 ], [ 67.639131389999989, 28.837766534000025 ], [ 67.656053327, 28.839611236 ], [ 67.69784624, 28.836521283000025 ], [ 67.723829966999972, 28.827469077999979 ], [ 67.736115827999981, 28.818228225999974 ], [ 67.736351368999976, 28.814297258000011 ], [ 67.727705714000024, 28.805809528 ], [ 67.706862705999981, 28.789928362000012 ], [ 67.702482885999984, 28.772205133999989 ], [ 67.708830966999983, 28.752105566000012 ], [ 67.715828542999986, 28.739355131000025 ], [ 67.747814580000011, 28.700062177 ], [ 67.754052237, 28.669677764000028 ], [ 67.775944148, 28.608114398999987 ], [ 67.776590767000016, 28.597092288 ], [ 67.78845809500001, 28.553726416000018 ], [ 67.783500139000012, 28.530880707999984 ], [ 67.770352620999972, 28.508691865 ], [ 67.762680034000027, 28.501481981999973 ], [ 67.750078153, 28.476322062 ], [ 67.743922175000023, 28.458345114 ], [ 67.742617379000023, 28.426690552000025 ], [ 67.755950472999984, 28.377570574 ], [ 67.782418655000015, 28.302249914000015 ], [ 67.797820531000013, 28.249030554 ], [ 67.803623101000028, 28.20355844300002 ], [ 67.748566340000025, 28.19043011399998 ], [ 67.661239764000015, 28.157581874000016 ], [ 67.628309951, 28.148368071 ], [ 67.626608130000022, 28.145568837999974 ], [ 67.632742176000022, 28.130876541000021 ], [ 67.639533691, 28.101360187000012 ], [ 67.634429038, 28.066678834000015 ], [ 67.635789177, 28.055219466999972 ], [ 67.638854310999989, 28.04768009999998 ], [ 67.664710813999989, 28.018125478 ], [ 67.674925197999983, 27.987385545 ], [ 67.674910938999972, 27.948488076999979 ], [ 67.670487545000015, 27.941252089999978 ], [ 67.670678356, 27.934242321 ], [ 67.579582214000027, 27.919250487999989 ], [ 67.560707091999973, 27.910623550000025 ], [ 67.5493927, 27.901523590000011 ], [ 67.533203125, 27.906774520999988 ], [ 67.419967650999979, 27.892740249999974 ], [ 67.416183472, 27.895126343000015 ], [ 67.409141541, 27.908033370999988 ], [ 67.394241333000025, 27.909675597999978 ], [ 67.391221616, 27.945821276 ], [ 67.389680358000021, 28.044168259 ], [ 67.402329940000016, 28.087436734 ], [ 67.393728711999984, 28.153762492999988 ], [ 67.395340875999977, 28.204786811000019 ], [ 67.39222109100001, 28.229162627 ], [ 67.377111743, 28.274495747 ], [ 67.366857912, 28.29125819799998 ], [ 67.361329190999982, 28.294752394999989 ], [ 67.352647753999975, 28.308023183999978 ], [ 67.348717871000019, 28.34573 ], [ 67.331337807000011, 28.360399326999982 ], [ 67.326599007000027, 28.369478129000015 ], [ 67.327399677000017, 28.405090686999984 ], [ 67.324239955999985, 28.413471319 ], [ 67.311866486999975, 28.425506402 ], [ 67.305291638000028, 28.428820653 ], [ 67.274413604000017, 28.430230630999972 ], [ 67.264921680999976, 28.434417753999981 ], [ 67.258589855000025, 28.442097064 ], [ 67.246710435000011, 28.466535121999982 ], [ 67.221182832000011, 28.490111925 ], [ 67.210097577999989, 28.494991802000015 ], [ 67.173692653999979, 28.490768799000023 ], [ 67.165778003000014, 28.492855302 ], [ 67.161019633000024, 28.497738208999976 ], [ 67.159424479999984, 28.506117142 ], [ 67.169699385, 28.518699842 ], [ 67.203714176, 28.542478303 ], [ 67.210035870000013, 28.559244604000014 ], [ 67.214751547, 28.598360361 ], [ 67.235421057, 28.702308475999985 ], [ 67.236032876000024, 28.715991921000011 ], [ 67.260383436999973, 28.706252670000026 ], [ 67.27922223600001, 28.702448342000025 ], [ 67.301011191999976, 28.700553781999986 ], [ 67.317911214999981, 28.701986799 ], [ 67.331625703999975, 28.706346655 ], [ 67.350051195, 28.721794150999983 ], [ 67.424409362, 28.750795079999989 ], [ 67.434182736000025, 28.757144666999977 ], [ 67.448478105999982, 28.759206407000022 ], [ 67.462379611000017, 28.754836915999988 ], [ 67.47691279999998, 28.744970308 ], [ 67.491745879, 28.719737897000016 ], [ 67.500753599, 28.712306824999985 ], [ 67.516977060999977, 28.711585176000028 ], [ 67.523086531, 28.715858815 ], [ 67.527997949, 28.731302401999983 ], [ 67.529325637999989, 28.756784804 ], [ 67.524643356000013, 28.786725522999973 ], [ 67.534355898, 28.823576446 ], [ 67.551496838999981, 28.841039724999973 ], [ 67.55820508, 28.844810452 ], [ 67.574647142, 28.847347943999978 ], [ 67.57892611, 28.845804693 ], [ 67.580986186000018, 28.840330286999972 ], [ 67.579971445000012, 28.825058506 ], [ 67.587099995000017, 28.822378508999975 ] ] ] } },
{ "type": "Feature", "properties": { "adm2_name": "Kachhi", "adm2_pcode": "PK209", "adm1_name": "Balochistan" }, "geometry": { "type": "Polygon", "coordinates": [ [ [ 67.211047939000025, 29.96535931 ], [ 67.222648750000019, 29.962378371999989 ], [ 67.224174316000017, 29.973434559999987 ], [ 67.228708529000016, 29.976606892 ], [ 67.237641917000019, 29.977729408000016 ], [ 67.258086333999984, 29.964430323999977 ], [ 67.269631095000022, 29.949266360000024 ], [ 67.277208217, 29.928346405000013 ], [ 67.288237767999988, 29.922473659 ], [ 67.297531573000015, 29.924724310999977 ], [ 67.299889684, 29.928548551 ], [ 67.298890466999978, 29.938938597 ], [ 67.301230885999985, 29.943134680000014 ], [ 67.309632008999984, 29.946092516000022 ], [ 67.315757136, 29.943739048 ], [ 67.319440881999981, 29.939048592 ], [ 67.326720724999973, 29.915505954000025 ], [ 67.32985069, 29.913027116000023 ], [ 67.34750434, 29.91114970000001 ], [ 67.37629847, 29.921425468999985 ], [ 67.416160239000021, 29.909984878999978 ], [ 67.439553472999989, 29.897960413000021 ], [ 67.474455652000017, 29.841975978999983 ], [ 67.486869851999984, 29.81389238700001 ], [ 67.493506200000013, 29.791101126 ], [ 67.499780382999973, 29.736602538 ], [ 67.51355141, 29.708885117000023 ], [ 67.537772261999976, 29.696028150000018 ], [ 67.541154045999974, 29.687212332 ], [ 67.551749226000027, 29.675850422999986 ], [ 67.570740758, 29.671447833 ], [ 67.581440900000018, 29.666461984000023 ], [ 67.616121075000024, 29.66643546 ], [ 67.634718309, 29.664018526 ], [ 67.65572303099998, 29.651212811999983 ], [ 67.671975407, 29.646858314999974 ], [ 67.680344672999979, 29.635989193 ], [ 67.683991750000018, 29.62715341 ], [ 67.684189117000017, 29.618806625 ], [ 67.691955415999985, 29.605115719000025 ], [ 67.698577699, 29.598602165999978 ], [ 67.701746150000019, 29.598129479000022 ], [ 67.715231816000028, 29.607341685 ], [ 67.718413928000018, 29.607265509 ], [ 67.728255246, 29.601865410000016 ], [ 67.760995099000013, 29.604643117000023 ], [ 67.779046869000013, 29.596660832 ], [ 67.786787474, 29.58256744 ], [ 67.786681077000026, 29.565090549999979 ], [ 67.799462316000017, 29.552461769 ], [ 67.801996046, 29.54644039599998 ], [ 67.803321991000018, 29.517011718999981 ], [ 67.812263003, 29.48421705200002 ], [ 67.808455095999989, 29.472405961 ], [ 67.811310542, 29.462404272000015 ], [ 67.825606721999975, 29.454899250999972 ], [ 67.858909934999986, 29.44532784 ], [ 67.870461639999974, 29.437488985000016 ], [ 67.876113829000019, 29.429799786999979 ], [ 67.886749248, 29.367208885000025 ], [ 67.883071270000016, 29.351770096 ], [ 67.872198767999976, 29.33854065700001 ], [ 67.872100338, 29.335101442 ], [ 67.875160992000019, 29.332109877 ], [ 67.915029678, 29.33030091 ], [ 67.927374783, 29.333160725000027 ], [ 67.941175691000012, 29.338762721000023 ], [ 67.976335378999977, 29.372009347000017 ], [ 67.983824862, 29.375397868 ], [ 67.970336713999984, 29.307459021999989 ], [ 67.969813129999977, 29.286316436 ], [ 67.983252873000026, 29.173748154 ], [ 67.983361026000011, 29.145546189000015 ], [ 67.979193706, 29.124624206000021 ], [ 67.978661796999972, 29.105899492 ], [ 67.976080677000027, 29.100202798999987 ], [ 67.968413407000014, 29.092319767999982 ], [ 67.954279336000013, 29.08955921 ], [ 67.931003326, 29.094548850000024 ], [ 67.917663356999981, 29.102014543 ], [ 67.90536550500002, 29.10540536000002 ], [ 67.847083527999985, 29.11643841199998 ], [ 67.821403324000016, 29.12386343999998 ], [ 67.777114815, 29.142398749999984 ], [ 67.733556965, 29.147617648999983 ], [ 67.738061758000015, 29.13536252199998 ], [ 67.735497268000017, 29.113710724999976 ], [ 67.740751656999976, 29.091060713 ], [ 67.736574639000025, 29.079077682 ], [ 67.712509518, 29.040931747 ], [ 67.688834644999986, 29.016025168 ], [ 67.679069583, 29.000120166999977 ], [ 67.663063594, 28.950000466 ], [ 67.65318344100001, 28.936731001999988 ], [ 67.648292216000016, 28.924129392999987 ], [ 67.650184323000019, 28.906473286999983 ], [ 67.653991607000023, 28.895891184 ], [ 67.6755822, 28.859564186999989 ], [ 67.684816108, 28.838171175000014 ], [ 67.656053327, 28.839611236 ], [ 67.639131389999989, 28.837766534000025 ], [ 67.588295500000015, 28.822351561 ], [ 67.579971445000012, 28.825058506 ], [ 67.580986186000018, 28.840330286999972 ], [ 67.57892611, 28.845804693 ], [ 67.568594888, 28.847258016000012 ], [ 67.551496838999981, 28.841039724999973 ], [ 67.534355898, 28.823576446 ], [ 67.527695735, 28.803976365999972 ], [ 67.524643356000013, 28.786725522999973 ], [ 67.529325637999989, 28.756784804 ], [ 67.527997949, 28.731302401999983 ], [ 67.523086531, 28.715858815 ], [ 67.512622731000022, 28.710430267999982 ], [ 67.500753599, 28.712306824999985 ], [ 67.495467018, 28.716125203 ], [ 67.47691279999998, 28.744970308 ], [ 67.470289830000013, 28.750372298 ], [ 67.448478105999982, 28.759206407000022 ], [ 67.434182736000025, 28.757144666999977 ], [ 67.424409362, 28.750795079999989 ], [ 67.350051195, 28.721794150999983 ], [ 67.331625703999975, 28.706346655 ], [ 67.317911214999981, 28.701986799 ], [ 67.301011191999976, 28.700553781999986 ], [ 67.27922223600001, 28.702448342000025 ], [ 67.260383436999973, 28.706252670000026 ], [ 67.236032876000024, 28.715991921000011 ], [ 67.23459757, 28.74422038900002 ], [ 67.225050008999972, 28.778444107999974 ], [ 67.231376952, 28.807788572 ], [ 67.243277692, 28.827354797999988 ], [ 67.263123786, 28.849718445 ], [ 67.278047459, 28.857530197000017 ], [ 67.285649773999978, 28.856458944999986 ], [ 67.285950862999982, 28.849508168999989 ], [ 67.288383501999988, 28.847368645000017 ], [ 67.304803790999983, 28.859126984 ], [ 67.322456124999974, 28.882644906 ], [ 67.338309254000023, 28.928085375000023 ], [ 67.344856387999982, 28.95741244200002 ], [ 67.392508482999972, 29.077689768000027 ], [ 67.413270155000021, 29.102264850999973 ], [ 67.436003702, 29.11933675 ], [ 67.451904844000012, 29.142843583 ], [ 67.462972904000026, 29.182937644 ], [ 67.465478006000012, 29.213419128 ], [ 67.460707319, 29.264773809000019 ], [ 67.453436345, 29.292598759999976 ], [ 67.450985267000021, 29.316050513 ], [ 67.442479253999977, 29.343342889999974 ], [ 67.441336176, 29.382927322 ], [ 67.430349447000026, 29.392570412999987 ], [ 67.415678033, 29.396867863000011 ], [ 67.374729369000022, 29.419916194 ], [ 67.362509725999985, 29.431699337999987 ], [ 67.349678150999978, 29.450431870999978 ], [ 67.342964151, 29.469694523999976 ], [ 67.340202482999985, 29.494097088 ], [ 67.342659067, 29.502655284000014 ], [ 67.337156924999988, 29.511218784 ], [ 67.336548435, 29.518173320000017 ], [ 67.329818745000011, 29.52620170900002 ], [ 67.320021613, 29.527812625000024 ], [ 67.311446144, 29.525676512000018 ], [ 67.282655219, 29.510170452000011 ], [ 67.25387643800002, 29.501613513999985 ], [ 67.226935734999984, 29.506423870999981 ], [ 67.208566141, 29.503207915000019 ], [ 67.19081008500001, 29.505873198000018 ], [ 67.176727345000018, 29.504259573000013 ], [ 67.146714201, 29.512260366000021 ], [ 67.135078281, 29.513853496000024 ], [ 67.123682315999986, 29.511815268000021 ], [ 67.12174356700001, 29.524996113999975 ], [ 67.12502432399998, 29.534824018999984 ], [ 67.156172016000028, 29.558935669999983 ], [ 67.175530063, 29.569406776 ], [ 67.192299451, 29.586101417 ], [ 67.19248776, 29.613302577000013 ], [ 67.19492458000002, 29.623092601 ], [ 67.208665476000021, 29.644539146999989 ], [ 67.223274307999986, 29.658197911 ], [ 67.263459636, 29.680385317 ], [ 67.271591854, 29.687805046999983 ], [ 67.276600867000013, 29.697745398 ], [ 67.276810271999977, 29.701619330000028 ], [ 67.274588710999979, 29.703204762999974 ], [ 67.263871920999975, 29.70387216 ], [ 67.256850418999989, 29.707301823000023 ], [ 67.24639041, 29.718782044000022 ], [ 67.18513508, 29.74327694599998 ], [ 67.172498999000027, 29.762855414 ], [ 67.158415396, 29.769426837000026 ], [ 67.145966790999978, 29.801210228 ], [ 67.140931406, 29.858692043000019 ], [ 67.137123436000024, 29.873058806000017 ], [ 67.115037140000027, 29.922781078000014 ], [ 67.114637773000027, 29.929843657 ], [ 67.117589994000014, 29.938167871000019 ], [ 67.166963216999989, 29.973823988 ], [ 67.180977881, 29.979798787 ], [ 67.196343247000016, 29.980825182999979 ], [ 67.211047939000025, 29.96535931 ] ] ] } },
{ "type": "Feature", "properties": { "adm2_name": "Kalat", "adm2_pcode": "PK210", "adm1_name": "Balochistan" }, "geometry": { "type": "Polygon", "coordinates": [ [ [ 66.644709067, 29.443735274 ], [ 66.662804645, 29.447795583000016 ], [ 66.673376381000026, 29.457885396 ], [ 66.688986184999976, 29.478779315999986 ], [ 66.70931262, 29.497723717999975 ], [ 66.716140044999975, 29.496818347999977 ], [ 66.722693202000016, 29.501222386999984 ], [ 66.787308683999981, 29.56084655799998 ], [ 66.803206955, 29.566048164999984 ], [ 66.833383396999977, 29.560724086999983 ], [ 66.858665426000016, 29.548732586000028 ], [ 66.864439274, 29.544896810000012 ], [ 66.868500884000014, 29.533904595000024 ], [ 66.860955461, 29.503011871000012 ], [ 66.816118107000023, 29.440240513 ], [ 66.817658119999976, 29.428762243999984 ], [ 66.829796298000019, 29.425220261 ], [ 66.866707742000017, 29.427648482 ], [ 66.900900093000018, 29.432922516000019 ], [ 66.950889426, 29.444855143999973 ], [ 67.04184568300002, 29.433618670999977 ], [ 67.062209984999981, 29.433002257 ], [ 67.068052976999979, 29.43512002 ], [ 67.070792768, 29.439338239999984 ], [ 67.072258753000028, 29.458399057 ], [ 67.07423495, 29.461093598 ], [ 67.081716663, 29.456949574000021 ], [ 67.088132572, 29.456485273999988 ], [ 67.090936068000019, 29.45958725600002 ], [ 67.092895388999978, 29.470102489 ], [ 67.123070004, 29.501585622 ], [ 67.123682315999986, 29.511815268000021 ], [ 67.135078281, 29.513853496000024 ], [ 67.146714201, 29.512260366000021 ], [ 67.176727345000018, 29.504259573000013 ], [ 67.19081008500001, 29.505873198000018 ], [ 67.208566141, 29.503207915000019 ], [ 67.226935734999984, 29.506423870999981 ], [ 67.25387643800002, 29.501613513999985 ], [ 67.282655219, 29.510170452000011 ], [ 67.311446144, 29.525676512000018 ], [ 67.320021613, 29.527812625000024 ], [ 67.329818745000011, 29.52620170900002 ], [ 67.336548435, 29.518173320000017 ], [ 67.337156924999988, 29.511218784 ], [ 67.342659067, 29.502655284000014 ], [ 67.340202482999985, 29.494097088 ], [ 67.342964151, 29.469694523999976 ], [ 67.349678150999978, 29.450431870999978 ], [ 67.362509725999985, 29.431699337999987 ], [ 67.374729369000022, 29.419916194 ], [ 67.415678033, 29.396867863000011 ], [ 67.430349447000026, 29.392570412999987 ], [ 67.441336176, 29.382927322 ], [ 67.442479253999977, 29.343342889999974 ], [ 67.450985267000021, 29.316050513 ], [ 67.453436345, 29.292598759999976 ], [ 67.460707319, 29.264773809000019 ], [ 67.465478006000012, 29.213419128 ], [ 67.462972904000026, 29.182937644 ], [ 67.451904844000012, 29.142843583 ], [ 67.436003702, 29.11933675 ], [ 67.413270155000021, 29.102264850999973 ], [ 67.392508482999972, 29.077689768000027 ], [ 67.344856387999982, 28.95741244200002 ], [ 67.327940708000028, 28.895475088000012 ], [ 67.322456124999974, 28.882644906 ], [ 67.304803790999983, 28.859126984 ], [ 67.288383501999988, 28.847368645000017 ], [ 67.285950862999982, 28.849508168999989 ], [ 67.285649773999978, 28.856458944999986 ], [ 67.278047459, 28.857530197000017 ], [ 67.188064548, 28.842538935 ], [ 67.100523392000014, 28.838178339000024 ], [ 66.975983211000027, 28.839483216000019 ], [ 66.928579500000012, 28.835085169000024 ], [ 66.912766506000025, 28.836110743 ], [ 66.816145057000028, 28.827774481 ], [ 66.779710002, 28.819616113999984 ], [ 66.749495304, 28.787412780000011 ], [ 66.735626244, 28.768106569 ], [ 66.705283629, 28.719392778999975 ], [ 66.671140921000017, 28.644922521000012 ], [ 66.651863121000019, 28.623445151999988 ], [ 66.627435268999989, 28.583911910999973 ], [ 66.606850970999972, 28.568441033 ], [ 66.566657888, 28.555735084999981 ], [ 66.517705977, 28.550644061000014 ], [ 66.485038885, 28.55139914199998 ], [ 66.42507968000001, 28.560600414000021 ], [ 66.399941817000013, 28.570985539999981 ], [ 66.384591146, 28.582396050999989 ], [ 66.376059684999973, 28.596097869 ], [ 66.372473594999974, 28.622545517 ], [ 66.357819123000013, 28.636155755 ], [ 66.336814636999975, 28.667472939999982 ], [ 66.310000264, 28.682461989999979 ], [ 66.175727672999983, 28.713316546999977 ], [ 66.160622158000024, 28.716130906999979 ], [ 66.125177614999984, 28.717570932 ], [ 66.091118944000016, 28.723058230999982 ], [ 66.086502246, 28.726936712 ], [ 66.075636405000012, 28.725029334999988 ], [ 66.06530761800002, 28.714111323 ], [ 66.053527831999986, 28.708923339000023 ], [ 66.043273924, 28.710876469000027 ], [ 66.021301271000027, 28.725280767000015 ], [ 66.013916016, 28.732910151 ], [ 66.013916016, 28.740112306000015 ], [ 66.021301271000027, 28.778930657999979 ], [ 66.032470703, 28.817687993 ], [ 66.043518065, 28.831481938000024 ], [ 66.064894885, 28.831942038000022 ], [ 66.075212185, 28.83515891899998 ], [ 66.088660808999975, 28.881849784999986 ], [ 66.122060191, 28.939252259999989 ], [ 66.125915523, 28.950927729999989 ], [ 66.12811002, 28.982686898 ], [ 66.139282227000024, 29.01428223 ], [ 66.146118157999979, 29.046691892000013 ], [ 66.145507817, 29.076477053000019 ], [ 66.141906738999978, 29.085693355999979 ], [ 66.12628173500002, 29.10131836 ], [ 66.107180450999977, 29.14360351 ], [ 66.105027423000024, 29.162695140999972 ], [ 66.106551943999989, 29.176300492 ], [ 66.166641432, 29.338419192 ], [ 66.181884767999975, 29.371276852999983 ], [ 66.190493752, 29.381636819999983 ], [ 66.192780427, 29.384238273999983 ], [ 66.260498048999978, 29.352294923999978 ], [ 66.299195983, 29.340322581 ], [ 66.342102054, 29.337097173000018 ], [ 66.364501948, 29.341674802999989 ], [ 66.379622217000019, 29.352094905 ], [ 66.388380800999983, 29.369631175 ], [ 66.391663806999986, 29.381923735999976 ], [ 66.392274794, 29.407581315000016 ], [ 66.407263484999987, 29.446279659000027 ], [ 66.450956881000025, 29.508297253000023 ], [ 66.488716384999975, 29.551233662000016 ], [ 66.528449320999982, 29.588289525 ], [ 66.582711577999987, 29.62355590300001 ], [ 66.595459937999976, 29.628459921 ], [ 66.610374541999988, 29.628540101999988 ], [ 66.629287383000019, 29.619628164 ], [ 66.63778075099998, 29.608232081999972 ], [ 66.644721625999978, 29.589675536000016 ], [ 66.643159976999982, 29.569663226999978 ], [ 66.629447038000023, 29.538347394000027 ], [ 66.617371559999981, 29.498872587999983 ], [ 66.614569691999975, 29.473575380999989 ], [ 66.615921454999977, 29.462428671 ], [ 66.619797636999976, 29.455384875999982 ], [ 66.625359548, 29.450580445000014 ], [ 66.644709067, 29.443735274 ] ] ] } },
{ "type": "Feature", "properties": { "adm2_name": "Kharan", "adm2_pcode": "PK212", "adm1_name": "Balochistan" }, "geometry": { "type": "Polygon", "coordinates": [ [ [ 66.128296143, 29.326595844 ], [ 66.150113678000025, 29.323830207000015 ], [ 66.163058060000026, 29.329616835000024 ], [ 66.144616004999989, 29.275357746999987 ], [ 66.117005678999988, 29.206733172999975 ], [ 66.106551943999989, 29.176300492 ], [ 66.105027423000024, 29.162695140999972 ], [ 66.106502057, 29.145379365 ], [ 66.119689945, 29.113525386999981 ], [ 66.12628173500002, 29.10131836 ], [ 66.141906738999978, 29.085693355999979 ], [ 66.145507817, 29.076477053000019 ], [ 66.146118157999979, 29.046691892000013 ], [ 66.139282227000024, 29.01428223 ], [ 66.12811002, 28.982686898 ], [ 66.125915523, 28.950927729999989 ], [ 66.122060191, 28.939252259999989 ], [ 66.088660808999975, 28.881849784999986 ], [ 66.075212185, 28.83515891899998 ], [ 66.064894885, 28.831942038000022 ], [ 66.043518065, 28.831481938000024 ], [ 66.032470703, 28.817687993 ], [ 66.021301271000027, 28.778930657999979 ], [ 66.013916016, 28.740112306000015 ], [ 66.013916016, 28.732910151 ], [ 66.021301271000027, 28.725280767000015 ], [ 66.043273924, 28.710876469000027 ], [ 66.057922362999989, 28.709472651 ], [ 66.071278168, 28.718683429 ], [ 66.075636405000012, 28.725029334999988 ], [ 66.081512941000028, 28.726953846000015 ], [ 66.086502246, 28.726936712 ], [ 66.091118944000016, 28.723058230999982 ], [ 66.092454982999982, 28.700676052 ], [ 66.084168036, 28.635124137999981 ], [ 66.066450718, 28.606664509999973 ], [ 66.057554326, 28.577536049 ], [ 66.04942961, 28.560713100999976 ], [ 66.01409004300001, 28.520625866999978 ], [ 66.003021513000022, 28.494738079 ], [ 65.991240483000013, 28.474681431000022 ], [ 65.957579470999974, 28.441108836000012 ], [ 65.929681618000018, 28.422361814999988 ], [ 65.909286727, 28.382093424 ], [ 65.889853136, 28.357892533999973 ], [ 65.821526633000019, 28.339044165000018 ], [ 65.796238766999977, 28.329459172999975 ], [ 65.705605881, 28.305499286999975 ], [ 65.673619138999982, 28.293868535 ], [ 65.643498263000026, 28.277308783000024 ], [ 65.623906509, 28.263129919 ], [ 65.574001021000015, 28.236513544 ], [ 65.503309894999973, 28.20820491500001 ], [ 65.452591014, 28.180092538 ], [ 65.359069756999986, 28.110617191000017 ], [ 65.343229242, 28.117940036999983 ], [ 65.308975336, 28.158246911999981 ], [ 65.292570523, 28.184290536999981 ], [ 65.280958898, 28.208105255000021 ], [ 65.27439483500001, 28.241498193999973 ], [ 65.273357799999985, 28.281086976999973 ], [ 65.274218987999973, 28.332010476999983 ], [ 65.27622577, 28.353278194999973 ], [ 65.281193143999985, 28.367624945999978 ], [ 65.281707924999978, 28.391665882999973 ], [ 65.278118113, 28.405468570999972 ], [ 65.254530394000028, 28.429223821 ], [ 65.233321644, 28.455684788999974 ], [ 65.219905738000023, 28.483390040000018 ], [ 65.211236122, 28.508398812 ], [ 65.103328108000028, 28.472872474999974 ], [ 64.998791609000023, 28.448480628000027 ], [ 64.99134843600001, 28.472478357999989 ], [ 64.979275511000026, 28.494778559999986 ], [ 64.977490835000026, 28.511335369999983 ], [ 64.980463238000027, 28.540282971000011 ], [ 64.973910681, 28.580106592999982 ], [ 64.961251478, 28.618944654000018 ], [ 64.940025325000022, 28.655757213000015 ], [ 64.925735705000022, 28.673140989999979 ], [ 64.912108400000022, 28.682776188999981 ], [ 64.928719291, 28.685931098000026 ], [ 64.937738265, 28.691989974000023 ], [ 65.040848896, 28.795008875 ], [ 65.05243342, 28.801020807999976 ], [ 65.066529098999979, 28.804758102 ], [ 65.118240179999987, 28.807392032 ], [ 65.160479109999983, 28.814639460000024 ], [ 65.175958432000016, 28.823390503999974 ], [ 65.22182733, 28.862508451 ], [ 65.236238355000012, 28.881371248999983 ], [ 65.253111397999987, 28.895147727999984 ], [ 65.271231305000015, 28.907211626999981 ], [ 65.296319031999985, 28.916361402 ], [ 65.309986816999981, 28.924944203999985 ], [ 65.352119733999984, 28.958130919999974 ], [ 65.425963373, 29.004628512000011 ], [ 65.45779335200001, 29.027669503000027 ], [ 65.481903730999989, 29.033918169 ], [ 65.524757013, 29.039185339000028 ], [ 65.588440661999982, 29.030901987 ], [ 65.603973456, 29.03444913300001 ], [ 65.627712288999987, 29.060566914999981 ], [ 65.651937890999989, 29.071868817999984 ], [ 65.686832738000021, 29.083120516 ], [ 65.691647886999988, 29.088569011 ], [ 65.693851487000018, 29.09570641 ], [ 65.694583231000024, 29.120498583000028 ], [ 65.698750390999976, 29.125943948999975 ], [ 65.711990373999981, 29.13401928899998 ], [ 65.730437560999974, 29.141275253 ], [ 65.745673135, 29.144802468000023 ], [ 65.815826583999979, 29.145847208000021 ], [ 65.823305181000023, 29.145040806 ], [ 65.843866478999985, 29.132919222999988 ], [ 65.860795536000012, 29.127611399999978 ], [ 65.866958565, 29.128502702 ], [ 65.901190922000012, 29.14848079799998 ], [ 65.954991858000028, 29.166441237000015 ], [ 66.009374830000013, 29.197486697999977 ], [ 66.036924968, 29.242598833999978 ], [ 66.052128397999979, 29.256627775000027 ], [ 66.05400462, 29.269456139999988 ], [ 66.049676756, 29.285962031 ], [ 66.052236556000025, 29.292813697999975 ], [ 66.059643118999986, 29.306238902000018 ], [ 66.078059944000017, 29.323319627999979 ], [ 66.085523701999989, 29.333418594000022 ], [ 66.090749333000019, 29.347244637000017 ], [ 66.098190048999982, 29.349836485000026 ], [ 66.128296143, 29.326595844 ] ] ] } },
{ "type": "Feature", "properties": { "adm2_name": "Khuzdar", "adm2_pcode": "PK213", "adm1_name": "Balochistan" }, "geometry": { "type": "Polygon", "coordinates": [ [ [ 67.263123786, 28.849718445 ], [ 67.231376952, 28.807788572 ], [ 67.227416756000025, 28.795211538999979 ], [ 67.225050008999972, 28.778444107999974 ], [ 67.23459757, 28.74422038900002 ], [ 67.235421057, 28.702308475999985 ], [ 67.224213266999982, 28.653545894999979 ], [ 67.210035870000013, 28.559244604000014 ], [ 67.203714176, 28.542478303 ], [ 67.169699385, 28.518699842 ], [ 67.159424479999984, 28.506117142 ], [ 67.159431488999985, 28.501926732000015 ], [ 67.165778003000014, 28.492855302 ], [ 67.173692653999979, 28.490768799000023 ], [ 67.210097577999989, 28.494991802000015 ], [ 67.221182832000011, 28.490111925 ], [ 67.246710435000011, 28.466535121999982 ], [ 67.258589855000025, 28.442097064 ], [ 67.264921680999976, 28.434417753999981 ], [ 67.274413604000017, 28.430230630999972 ], [ 67.305291638000028, 28.428820653 ], [ 67.311866486999975, 28.425506402 ], [ 67.324239955999985, 28.413471319 ], [ 67.327399677000017, 28.405090686999984 ], [ 67.326599007000027, 28.369478129000015 ], [ 67.331337807000011, 28.360399326999982 ], [ 67.348717871000019, 28.34573 ], [ 67.352647753999975, 28.308023183999978 ], [ 67.361329190999982, 28.294752394999989 ], [ 67.366857912, 28.29125819799998 ], [ 67.377111743, 28.274495747 ], [ 67.39222109100001, 28.229162627 ], [ 67.395340875999977, 28.204786811000019 ], [ 67.393728711999984, 28.153762492999988 ], [ 67.402337067000019, 28.09371944999998 ], [ 67.402329940000016, 28.087436734 ], [ 67.389680358000021, 28.044168259 ], [ 67.391221616, 27.945821276 ], [ 67.394241333000025, 27.909675597999978 ], [ 67.392745972, 27.889986038000018 ], [ 67.384857178, 27.864868163999972 ], [ 67.36045074499998, 27.815334319999977 ], [ 67.354705810999974, 27.795917511000027 ], [ 67.357048035, 27.768003464 ], [ 67.35153961200001, 27.749166489 ], [ 67.337394714000027, 27.725448608000022 ], [ 67.309921265000014, 27.69893837 ], [ 67.269897461000028, 27.67172431900002 ], [ 67.254211425999983, 27.658462524000015 ], [ 67.248725891, 27.647994994999976 ], [ 67.236114502000021, 27.594432831 ], [ 67.2290802, 27.57489585899998 ], [ 67.220466613999974, 27.563030243000014 ], [ 67.186790466, 27.539981841999975 ], [ 67.182884216, 27.532304764 ], [ 67.175163155, 27.447196911 ], [ 67.161117553999986, 27.354455948 ], [ 67.136924744, 27.327226639 ], [ 67.129913330000022, 27.313966751 ], [ 67.126037597999982, 27.29582977299998 ], [ 67.126861572, 27.270029067999985 ], [ 67.151885986000025, 27.155887603999986 ], [ 67.160606384, 27.065963744999976 ], [ 67.138893127000017, 26.996227264000026 ], [ 67.138908386000026, 26.984376907000012 ], [ 67.145965575999981, 26.95636272500002 ], [ 67.139282227000024, 26.946203232000016 ], [ 67.137268066, 26.938493729000015 ], [ 67.133381714999985, 26.940352421 ], [ 67.133766174000016, 26.878032684 ], [ 67.146553040000015, 26.768428802000017 ], [ 67.144599915000015, 26.762552261 ], [ 67.126472472999978, 26.738306046 ], [ 67.126495361000025, 26.719667435000019 ], [ 67.133079528999986, 26.66324806199998 ], [ 67.123787516, 26.653095716 ], [ 67.12188073599998, 26.655460178999988 ], [ 67.114717084, 26.654983746000028 ], [ 67.07265461999998, 26.631084305 ], [ 67.025465406000023, 26.610163015000012 ], [ 66.978865106, 26.584545401000014 ], [ 66.967009131999987, 26.575368581000021 ], [ 66.964330925000013, 26.570734282999979 ], [ 66.964210327999979, 26.563730331999977 ], [ 66.980477576, 26.533857502999979 ], [ 66.985853243, 26.506345712999973 ], [ 66.999335316999975, 26.497400352 ], [ 67.008087209, 26.478013642 ], [ 67.02326333100001, 26.455032440000025 ], [ 67.03663481000001, 26.440248385000018 ], [ 67.046630059, 26.418507078 ], [ 67.057364464999978, 26.402008422 ], [ 67.069403061, 26.386074114 ], [ 67.08413611200001, 26.375934821999977 ], [ 67.100014682999984, 26.31275575 ], [ 67.106851157, 26.296896448999973 ], [ 67.110632870000018, 26.291004295999983 ], [ 67.11639564799998, 26.287416437 ], [ 67.144075000999976, 26.277658754000015 ], [ 67.146613232999982, 26.274702182999988 ], [ 67.149077689000023, 26.199390783000013 ], [ 67.142715044, 26.170898743 ], [ 67.13897522000002, 26.073567944999979 ], [ 67.118964451000011, 26.005624597 ], [ 67.118714323, 25.992212607999988 ], [ 67.126417670000023, 25.954768834 ], [ 67.131850231999977, 25.899865633 ], [ 67.130087286, 25.876627255000017 ], [ 67.13496343700001, 25.861391240999978 ], [ 67.134145767, 25.852073917999974 ], [ 67.120331223999983, 25.837707095999974 ], [ 67.118269380000015, 25.830740381999988 ], [ 67.122046843000021, 25.791034616 ], [ 67.120542908, 25.779396232000011 ], [ 67.115827865000028, 25.768390470999975 ], [ 67.102652508, 25.752847542999973 ], [ 67.092849995, 25.745415013000013 ], [ 67.060569391, 25.74181202 ], [ 67.043861957, 25.744388371000014 ], [ 66.998589293, 25.734543133999978 ], [ 66.974956744999986, 25.735403586000018 ], [ 66.973670546, 25.745155244999978 ], [ 66.970007599999974, 25.746486479999987 ], [ 66.978097698, 25.766338008 ], [ 66.978064819, 25.784353205 ], [ 66.953216473, 25.852678356000013 ], [ 66.947958331999985, 25.883747009999979 ], [ 66.93674516599998, 25.921543390000011 ], [ 66.929160044000014, 25.939798196000027 ], [ 66.902556882, 25.988468355 ], [ 66.891479875000016, 26.020263482000018 ], [ 66.882111490999989, 26.052454456000021 ], [ 66.879075057000023, 26.082029444999989 ], [ 66.847334972999988, 26.185073698999986 ], [ 66.834565423000015, 26.241235702999973 ], [ 66.829338482000026, 26.253137376999973 ], [ 66.811867136999979, 26.273172395000017 ], [ 66.779523886999982, 26.33053161700002 ], [ 66.774131641999986, 26.376058995999983 ], [ 66.759055865999983, 26.450661055000012 ], [ 66.753217928000026, 26.466570895000018 ], [ 66.744711919, 26.468763450999973 ], [ 66.731658332, 26.458444910000026 ], [ 66.707740855, 26.460068708 ], [ 66.704728306999982, 26.456389071999979 ], [ 66.705692661, 26.446389995 ], [ 66.703109276000021, 26.443321997999988 ], [ 66.688255976, 26.448177063 ], [ 66.684332590999986, 26.445276279999973 ], [ 66.67148627, 26.442560497999978 ], [ 66.654562752, 26.44214987700002 ], [ 66.63018775, 26.437545409 ], [ 66.621682299999975, 26.430843133 ], [ 66.616997925000021, 26.423473962 ], [ 66.613387730999989, 26.410595361999981 ], [ 66.606176509000022, 26.406207998000014 ], [ 66.590120085000024, 26.439388283000028 ], [ 66.570443171000022, 26.456169400000022 ], [ 66.555467279000027, 26.460344399 ], [ 66.528373736999981, 26.449355555000011 ], [ 66.517150800000024, 26.449329408999972 ], [ 66.506852042, 26.452667701 ], [ 66.493775966999976, 26.446749133000026 ], [ 66.471398967000027, 26.42651009399998 ], [ 66.466726742, 26.426496899000028 ], [ 66.431144049000011, 26.439846222000028 ], [ 66.41143794300001, 26.456601760000012 ], [ 66.402068238000027, 26.460775207999973 ], [ 66.387520672, 26.461160791 ], [ 66.377213718, 26.465329699 ], [ 66.329483770000024, 26.470196222000027 ], [ 66.320113552, 26.473522706999972 ], [ 66.309768225000028, 26.484413030999974 ], [ 66.30133642200002, 26.486900498000011 ], [ 66.288178045, 26.497777269999972 ], [ 66.263900881999973, 26.488420449999978 ], [ 66.251837158, 26.479898291999973 ], [ 66.222695016999978, 26.517145224999979 ], [ 66.222787787000016, 26.533020285000021 ], [ 66.215041125000027, 26.538816181000016 ], [ 66.187865110000018, 26.569715207 ], [ 66.177299631999972, 26.571050404 ], [ 66.144415161999973, 26.555326437000019 ], [ 66.121428292000019, 26.531158559 ], [ 66.110480011999982, 26.510693009000022 ], [ 66.105005122000023, 26.487720140000022 ], [ 66.114607326999987, 26.458797628000013 ], [ 66.110169422000013, 26.430336266999973 ], [ 66.097359094000012, 26.419008503999976 ], [ 66.085266129, 26.413209917000017 ], [ 66.081902281, 26.408404797 ], [ 66.081345499, 26.367433731 ], [ 66.089653635, 26.352665366999986 ], [ 66.089239082, 26.336904403 ], [ 66.097328166000011, 26.299293089 ], [ 66.109351435, 26.276737319 ], [ 66.107385201999989, 26.267302586000028 ], [ 66.103370094000013, 26.271871927 ], [ 66.04349646999998, 26.374408820999975 ], [ 65.933159948000025, 26.541772440999978 ], [ 65.925131878, 26.574663225999984 ], [ 65.931006324, 26.611842888000012 ], [ 66.000717024999972, 26.836528537 ], [ 66.009917986, 26.881681180999976 ], [ 66.019479682, 26.915019894000011 ], [ 66.026818978999984, 26.96407310799998 ], [ 66.044427493, 27.049544911999988 ], [ 66.050887348, 27.099372949999974 ], [ 66.054542024, 27.154658784 ], [ 66.054098837000026, 27.169631562 ], [ 66.049102335999976, 27.189227861 ], [ 66.04551719, 27.19466293 ], [ 66.040114679999988, 27.194534295999972 ], [ 66.02296356, 27.177563061 ], [ 65.999213842000017, 27.145447221999973 ], [ 65.985240079999983, 27.139462397999978 ], [ 65.963319131, 27.13590014 ], [ 65.935103313000013, 27.13520588 ], [ 65.91202685899998, 27.139364329999978 ], [ 65.893822743999976, 27.157047279999972 ], [ 65.880905392999978, 27.174861661000023 ], [ 65.857642261000024, 27.253759714000012 ], [ 65.846244102000014, 27.278710993 ], [ 65.827645365000024, 27.307420951999973 ], [ 65.778274961000022, 27.357421956999985 ], [ 65.677987267999981, 27.393428874 ], [ 65.632361440000011, 27.407976222 ], [ 65.592966210999975, 27.41752633599998 ], [ 65.598386843000014, 27.426450505 ], [ 65.710755205999988, 27.528690691 ], [ 65.703751871, 27.538192587000026 ], [ 65.696868328999983, 27.553800745 ], [ 65.690931553999974, 27.573055343000021 ], [ 65.691255155000022, 27.582593483999972 ], [ 65.718896111, 27.66629394 ], [ 65.729178570999977, 27.677028474 ], [ 65.759649285000023, 27.698220873000025 ], [ 65.769911428, 27.708217892 ], [ 65.773521098, 27.716931919 ], [ 65.774758328000019, 27.728649030999975 ], [ 65.772459164, 27.749927776999982 ], [ 65.780586315999983, 27.769533599999988 ], [ 65.794683879, 27.794115052999985 ], [ 65.809378169000013, 27.81206703700002 ], [ 65.84148266699998, 27.830993843999977 ], [ 65.863335393999989, 27.840656290000027 ], [ 65.884664664000013, 27.858411419999982 ], [ 65.912294181, 27.889938692999976 ], [ 65.917741064999973, 27.903005636999978 ], [ 65.928178011, 27.916662061000011 ], [ 65.960587148, 27.938283651 ], [ 65.993768073000012, 27.933189160999973 ], [ 66.032842096000024, 27.932025893 ], [ 66.090163431, 27.940401113 ], [ 66.099862159999986, 27.944516803999988 ], [ 66.130776237000021, 27.961542462000011 ], [ 66.204345855999975, 28.017690856 ], [ 66.258711516, 28.052164248 ], [ 66.393523968000011, 28.117788056999984 ], [ 66.471778750999988, 28.150503042000025 ], [ 66.499443095, 28.167074376000016 ], [ 66.513833551, 28.193187879 ], [ 66.520002708, 28.214565220999987 ], [ 66.520989052, 28.237535316999981 ], [ 66.517263727, 28.268157872000018 ], [ 66.519326944999989, 28.285835588999987 ], [ 66.509587461000024, 28.304221056000017 ], [ 66.500151426, 28.315658869 ], [ 66.473084127999982, 28.335679901999981 ], [ 66.452096085, 28.356817018000015 ], [ 66.437858547000019, 28.380679751 ], [ 66.428511230000026, 28.405252936000011 ], [ 66.427216855999973, 28.418571633999989 ], [ 66.428991306, 28.428253169000016 ], [ 66.461050409, 28.498499047 ], [ 66.487189568000019, 28.531545274 ], [ 66.517705977, 28.550644061000014 ], [ 66.566657888, 28.555735084999981 ], [ 66.606850970999972, 28.568441033 ], [ 66.627435268999989, 28.583911910999973 ], [ 66.651863121000019, 28.623445151999988 ], [ 66.671140921000017, 28.644922521000012 ], [ 66.705283629, 28.719392778999975 ], [ 66.735626244, 28.768106569 ], [ 66.774262184, 28.815317032 ], [ 66.779710002, 28.819616113999984 ], [ 66.801475557, 28.825654169000018 ], [ 66.889671729999975, 28.834438184000021 ], [ 66.928579500000012, 28.835085169000024 ], [ 66.975983211000027, 28.839483216000019 ], [ 67.100523392000014, 28.838178339000024 ], [ 67.188064548, 28.842538935 ], [ 67.274680905000025, 28.856981501 ], [ 67.263123786, 28.849718445 ] ] ] } },
{ "type": "Feature", "properties": { "adm2_name": "Killa Abdullah", "adm2_pcode": "PK214", "adm1_name": "Balochistan" }, "geometry": { "type": "MultiPolygon", "coordinates": [ [ [ [ 66.773037988999988, 30.732310680000012 ], [ 66.802696560000015, 30.668789167 ], [ 66.826481882999985, 30.625044221999985 ], [ 66.836366258999988, 30.600491045000012 ], [ 66.848974011, 30.581435039999974 ], [ 66.842598883, 30.574301172 ], [ 66.831203887000015, 30.570385294 ], [ 66.817213385, 30.572761661000015 ], [ 66.795834631999981, 30.584415042999979 ], [ 66.749616393, 30.582982664999975 ], [ 66.715900639999973, 30.588770163 ], [ 66.697416882000027, 30.595215033999978 ], [ 66.679314143, 30.595349165000016 ], [ 66.654928132, 30.589119418 ], [ 66.581970520000027, 30.585767789999977 ], [ 66.561771513999986, 30.582859303000021 ], [ 66.54494426399998, 30.550030924999987 ], [ 66.541911387000027, 30.541537300000016 ], [ 66.542392006999989, 30.534090791999972 ], [ 66.549678772, 30.51417453900001 ], [ 66.558780754, 30.506127177999986 ], [ 66.572372257999973, 30.482201288999988 ], [ 66.573292638, 30.470356294 ], [ 66.57002189100001, 30.448653922 ], [ 66.550901884999973, 30.409212288 ], [ 66.547526006999988, 30.396990910999989 ], [ 66.545735638, 30.383090665999987 ], [ 66.550524011999983, 30.375005669000018 ], [ 66.550173137, 30.371616298 ], [ 66.530188779000014, 30.342652668000028 ], [ 66.51536039299998, 30.297203926 ], [ 66.512907014, 30.274154667 ], [ 66.52376376, 30.248518661999981 ], [ 66.523570638000024, 30.222328521 ], [ 66.516895482, 30.219770996000022 ], [ 66.512420465, 30.212952958000017 ], [ 66.518600506999974, 30.205993544000023 ], [ 66.513229696, 30.201187151 ], [ 66.511400491000018, 30.192170697 ], [ 66.513202700000022, 30.185944757000016 ], [ 66.509544743, 30.178536333000011 ], [ 66.512198018, 30.163369783 ], [ 66.496559767, 30.167428953000012 ], [ 66.480529709999985, 30.160108302000026 ], [ 66.471781039, 30.158791667 ], [ 66.456239297000025, 30.162627427000018 ], [ 66.450397048000013, 30.160207705 ], [ 66.442565122000019, 30.162868544999981 ], [ 66.4144506, 30.161775573999989 ], [ 66.403510611, 30.170916745999989 ], [ 66.385466571, 30.170048262000023 ], [ 66.378587228000015, 30.179993046999982 ], [ 66.366812012000025, 30.179994567999984 ], [ 66.357684708000022, 30.187479243999974 ], [ 66.353487253000026, 30.187763448 ], [ 66.350629309, 30.185903054 ], [ 66.344842008, 30.170662048999986 ], [ 66.33830220599998, 30.163376835 ], [ 66.323341879999987, 30.158042975 ], [ 66.312365871, 30.143242358 ], [ 66.305426610999973, 30.14087615699998 ], [ 66.300982988999976, 30.129655341999978 ], [ 66.283743430000015, 30.118638503 ], [ 66.277420584000026, 30.101583054 ], [ 66.269191689000024, 30.099290644 ], [ 66.262377830999981, 30.086455107 ], [ 66.239862534999986, 30.08609610100001 ], [ 66.257255284999985, 30.110683866999977 ], [ 66.260087451, 30.129143699 ], [ 66.286444608000011, 30.164030098000012 ], [ 66.28694228400002, 30.187456863000023 ], [ 66.301384696000014, 30.21779214999998 ], [ 66.310408339, 30.228204045999973 ], [ 66.31660309, 30.24287565100002 ], [ 66.320456800999978, 30.279494092 ], [ 66.332459948, 30.317310882000015 ], [ 66.336516658999983, 30.349800581000011 ], [ 66.334182167999984, 30.354538321 ], [ 66.33278736699998, 30.373305926 ], [ 66.334702762, 30.383468984 ], [ 66.354370768000024, 30.421773627999983 ], [ 66.354118656000026, 30.427270978000024 ], [ 66.33892014700001, 30.446938687999989 ], [ 66.336647626, 30.456034658000021 ], [ 66.339813758999981, 30.479317359 ], [ 66.325729723999984, 30.493381295 ], [ 66.365424616999974, 30.544459766999978 ], [ 66.372391073000017, 30.546260496 ], [ 66.387231682, 30.544153838 ], [ 66.391859178, 30.546251042 ], [ 66.411222818, 30.568449282000017 ], [ 66.419694568000011, 30.572628157 ], [ 66.425022550999984, 30.578445117 ], [ 66.426922285999979, 30.583586129000025 ], [ 66.423036878, 30.589226139 ], [ 66.402230396, 30.595174394000026 ], [ 66.399596079999981, 30.60000169 ], [ 66.401551778999988, 30.608280241999978 ], [ 66.41520771, 30.62499819300001 ], [ 66.427451551, 30.635297412 ], [ 66.442017808, 30.646305376999976 ], [ 66.459367364, 30.655001117999973 ], [ 66.488051874, 30.662529391000021 ], [ 66.510225202000015, 30.664564023000025 ], [ 66.529534389999981, 30.673280692999981 ], [ 66.578169522999985, 30.678068226999983 ], [ 66.598793833, 30.693479602000025 ], [ 66.613097061000019, 30.699752273 ], [ 66.624815522, 30.718437183 ], [ 66.626123840999981, 30.731078103000016 ], [ 66.616767759000027, 30.730770386000017 ], [ 66.602540477, 30.720461032 ], [ 66.598655840999982, 30.719730105 ], [ 66.596073736999983, 30.722046685 ], [ 66.598130019999985, 30.72645341499998 ], [ 66.611160207000012, 30.738091987000018 ], [ 66.623131343000011, 30.76384909 ], [ 66.623168478000025, 30.805849502 ], [ 66.625021014000026, 30.810926177999988 ], [ 66.659232426000017, 30.838353824000023 ], [ 66.747696968000014, 30.890428856000028 ], [ 66.759193845000027, 30.902704138 ], [ 66.772241103, 30.906833221999989 ], [ 66.784148153999979, 30.918437876999974 ], [ 66.791121174000011, 30.921897597999987 ], [ 66.812539766999976, 30.926222071999973 ], [ 66.834164539000028, 30.94480508700002 ], [ 66.826241402999983, 30.930457682 ], [ 66.827469814999972, 30.926174436 ], [ 66.836973871, 30.919732983000017 ], [ 66.842458764000014, 30.90902109000001 ], [ 66.840416358000027, 30.876693386999989 ], [ 66.834166684000024, 30.856514138000023 ], [ 66.769668922999983, 30.767742105000025 ], [ 66.766851928, 30.752779404000023 ], [ 66.773037988999988, 30.732310680000012 ] ] ], [ [ [ 67.060150021000027, 31.230449813 ], [ 67.093720131999987, 31.231920608 ], [ 67.117621653000015, 31.241317507000019 ], [ 67.166344740999989, 31.243393337999976 ], [ 67.183327917999975, 31.224854924999988 ], [ 67.195753823000018, 31.220621395000023 ], [ 67.226989120999974, 31.219436154999983 ], [ 67.245835307, 31.214688593 ], [ 67.262017548000017, 31.206940633999977 ], [ 67.248270338, 31.176476331 ], [ 67.246385589, 31.161441674 ], [ 67.253179483, 31.151409925999985 ], [ 67.254757063999989, 31.144395873 ], [ 67.252881464999973, 31.137983936000012 ], [ 67.250576046999981, 31.134595752 ], [ 67.22918533, 31.122607334 ], [ 67.21063461, 31.075299488999974 ], [ 67.209254395000016, 31.061484604999976 ], [ 67.213328508000018, 31.049743993999982 ], [ 67.22308082, 31.033737116 ], [ 67.221958493999978, 31.030025432 ], [ 67.190558883, 31.008504458 ], [ 67.16600225000002, 31.001856004999979 ], [ 67.144727811999985, 30.985141458999976 ], [ 67.098943755999983, 30.960079056999973 ], [ 67.074194498, 30.941630995000025 ], [ 67.064432096000019, 30.937217772 ], [ 67.060553636, 30.938785424 ], [ 67.05334381199998, 30.950147336999976 ], [ 67.038659148000022, 30.961782748000019 ], [ 67.017439409000019, 30.970939712000018 ], [ 67.008416802999989, 30.972517403999973 ], [ 66.991996261, 30.973237521999977 ], [ 66.973703178999983, 30.967634309 ], [ 66.961325432000024, 30.95940786 ], [ 66.958657534, 30.955000171 ], [ 66.961699093999982, 30.939791661000015 ], [ 66.942153259, 30.936288427000022 ], [ 66.929450499999973, 30.92435247100002 ], [ 66.920605346, 30.920556431000023 ], [ 66.887132623000014, 30.930218207999985 ], [ 66.871993825, 30.946855233 ], [ 66.863302116999989, 30.952129021000019 ], [ 66.853896137999982, 30.953353825000022 ], [ 66.843329948000019, 30.949142828 ], [ 66.84851697900001, 30.969377969 ], [ 66.849944656, 30.989365441000018 ], [ 66.847089303000018, 31.012208267 ], [ 66.82710183, 31.058607756000015 ], [ 66.823532639, 31.074312199000019 ], [ 66.821391124, 31.091444318000015 ], [ 66.824960315, 31.149979058999975 ], [ 66.823532639, 31.164969663000022 ], [ 66.817821932000015, 31.181387944 ], [ 66.782843856, 31.190667841999982 ], [ 66.768586103000018, 31.209745956 ], [ 66.792908024999974, 31.213061325000012 ], [ 66.801987328999985, 31.219072720999975 ], [ 66.834974702000011, 31.264279338999984 ], [ 66.856581023, 31.278508929 ], [ 66.902275493, 31.296169862 ], [ 66.934182387000021, 31.305609326000024 ], [ 66.969124447000013, 31.312609525000028 ], [ 67.018813417999979, 31.311329320000027 ], [ 67.034637535, 31.309269859999972 ], [ 67.04446335199998, 31.303828171000021 ], [ 67.051316213, 31.285921675 ], [ 67.047737532999975, 31.275277313 ], [ 67.024818266000011, 31.26131293100002 ], [ 67.021864955000012, 31.255039599999975 ], [ 67.030990251, 31.240181286999984 ], [ 67.040252755999973, 31.235407609999982 ], [ 67.060150021000027, 31.230449813 ] ] ] ] } },
{ "type": "Feature", "properties": { "adm2_name": "Killa Saifullah", "adm2_pcode": "PK215", "adm1_name": "Balochistan" }, "geometry": { "type": "Polygon", "coordinates": [ [ [ 67.967129891000013, 31.520831289 ], [ 68.020704538000018, 31.49614533099998 ], [ 68.084861946999979, 31.446958981000023 ], [ 68.175138823999987, 31.365972344 ], [ 68.222318846, 31.334640712 ], [ 68.237724978000017, 31.327022423000017 ], [ 68.266130506000025, 31.31763171 ], [ 68.381057264999981, 31.283446051999988 ], [ 68.403716963000022, 31.287264078000021 ], [ 68.448362579, 31.306165992 ], [ 68.48158414400001, 31.324905716999979 ], [ 68.502791125999977, 31.333677170999977 ], [ 68.546104351999986, 31.343372134 ], [ 68.579447328000015, 31.356855419 ], [ 68.595488574, 31.355739566000011 ], [ 68.628533592999986, 31.340434846999983 ], [ 68.656121120000023, 31.332251910000025 ], [ 68.660979994, 31.313997657000016 ], [ 68.653626497, 31.24721729800001 ], [ 68.655203303, 31.243965657999979 ], [ 68.667433168, 31.241489539999975 ], [ 68.670220713, 31.237859884999978 ], [ 68.682075753999982, 31.209876904999987 ], [ 68.681403975000023, 31.203984721999973 ], [ 68.665633646, 31.189420932000019 ], [ 68.664953578999985, 31.184182709000027 ], [ 68.672125393999977, 31.163339577999977 ], [ 68.689857809999978, 31.148500182000021 ], [ 68.687890182999979, 31.127554122999982 ], [ 68.69115293599998, 31.11320531299998 ], [ 68.704317694999986, 31.097659567999983 ], [ 68.712706266, 31.09644355 ], [ 68.733934130000023, 31.101251885000011 ], [ 68.75283913200002, 31.109301202999973 ], [ 68.767172877, 31.117953677 ], [ 68.798645019999981, 31.152935408000019 ], [ 68.814718748000018, 31.146561140000017 ], [ 68.838257306, 31.15072094300001 ], [ 68.844374066, 31.148820711999974 ], [ 68.857450958000015, 31.138487353000016 ], [ 68.865845555000021, 31.136608149999972 ], [ 68.892419771, 31.141441382999972 ], [ 68.91041648800001, 31.141688421000026 ], [ 68.914514143000019, 31.139688391 ], [ 68.916855747, 31.13513358 ], [ 68.924002062, 31.11166154 ], [ 68.929342915, 31.110403093 ], [ 68.939216192, 31.111801411999977 ], [ 68.958146390000024, 31.119165613 ], [ 68.989486729000021, 31.139386050999974 ], [ 68.992932261000021, 31.136456298999974 ], [ 68.993484309999985, 31.123074772999985 ], [ 69.001501562999977, 31.120855627000026 ], [ 69.027205718, 31.135459906999984 ], [ 69.034799081000017, 31.136831416 ], [ 69.073668473, 31.131920203999982 ], [ 69.085609477, 31.142369944 ], [ 69.096984067, 31.146383042000025 ], [ 69.111479305999978, 31.143226771 ], [ 69.119842141, 31.138099195 ], [ 69.155225961999975, 31.106944597999984 ], [ 69.181966790999979, 31.095370891000016 ], [ 69.209379959999978, 31.092295246999981 ], [ 69.214576697999973, 31.088527250000027 ], [ 69.228057318000026, 31.064613318999989 ], [ 69.247057343, 31.049151177999988 ], [ 69.264100251, 31.03020144300001 ], [ 69.274781519999976, 31.025694287000022 ], [ 69.289252659, 31.022518188 ], [ 69.312781906, 31.026588178 ], [ 69.36115308799998, 31.062181323 ], [ 69.369528445000014, 31.060921151 ], [ 69.381746202999977, 31.053798551 ], [ 69.380308223999975, 31.043329393000022 ], [ 69.350233501, 31.000660053 ], [ 69.304000562999988, 30.985997974999975 ], [ 69.289094272, 30.951906372999986 ], [ 69.281556158, 30.945320341000013 ], [ 69.281594983, 30.940744471000016 ], [ 69.28777932700001, 30.928361848 ], [ 69.287115326, 30.917243563999989 ], [ 69.271477816000015, 30.881838195 ], [ 69.25920178299998, 30.861576125999989 ], [ 69.256324576, 30.843904893 ], [ 69.251814849000027, 30.839298585999984 ], [ 69.20420988, 30.819360387000017 ], [ 69.152747499999975, 30.808526893000021 ], [ 69.117303355999979, 30.789298652000014 ], [ 69.101523247999978, 30.776099913999985 ], [ 69.087913389, 30.772722577000025 ], [ 69.057008112, 30.756782354999984 ], [ 69.054063328999973, 30.74891273999998 ], [ 69.067803595999976, 30.739872322999986 ], [ 69.070183849999978, 30.730085579 ], [ 69.081009467, 30.709907284 ], [ 69.079657892, 30.694860186000028 ], [ 69.081207268000014, 30.691604203999987 ], [ 69.090316266, 30.689714923999986 ], [ 69.129540505000023, 30.705057528999987 ], [ 69.133340467999972, 30.703779320000024 ], [ 69.146087519, 30.683767429999989 ], [ 69.153772128000014, 30.677149742999973 ], [ 69.153816367, 30.668136197000024 ], [ 69.13194138, 30.660125820000019 ], [ 69.097929400999988, 30.654631167 ], [ 69.085877616, 30.648652595999977 ], [ 69.046203358000014, 30.608449776999976 ], [ 69.019782658999986, 30.593817155000011 ], [ 68.941420328999982, 30.576153232000024 ], [ 68.919714820000024, 30.557647936000023 ], [ 68.88516359800002, 30.539015365000012 ], [ 68.79411484100001, 30.512575031999972 ], [ 68.767699919, 30.509683204 ], [ 68.762419415000011, 30.511573849 ], [ 68.756715749000023, 30.537675761 ], [ 68.749062550000019, 30.544130685000027 ], [ 68.70575564, 30.558040205 ], [ 68.692703381, 30.570968838999988 ], [ 68.686653077000017, 30.57090145799998 ], [ 68.68292128500002, 30.567590419 ], [ 68.674630934999982, 30.56553502600002 ], [ 68.64423186099998, 30.574992773000019 ], [ 68.635901337, 30.57554968300002 ], [ 68.602693333, 30.570581238999978 ], [ 68.579430011999989, 30.559187242 ], [ 68.570379339999988, 30.557769913000016 ], [ 68.549940170000013, 30.558826416999977 ], [ 68.501587780000023, 30.555603475 ], [ 68.480003126999975, 30.549642805000019 ], [ 68.469611381999982, 30.538394673000028 ], [ 68.461363791, 30.534364524000011 ], [ 68.453025165999975, 30.535562406999986 ], [ 68.446138244, 30.54004826 ], [ 68.434509462, 30.556237792 ], [ 68.410171575999982, 30.563756680999973 ], [ 68.394737793, 30.580545185 ], [ 68.364401396, 30.584703932000025 ], [ 68.344809039999973, 30.580508746000021 ], [ 68.284742363000021, 30.560207864 ], [ 68.258849952, 30.547737679000022 ], [ 68.239791880999974, 30.547696988999974 ], [ 68.206020049000017, 30.554200255000012 ], [ 68.183730121999986, 30.563172152999982 ], [ 68.177109450999978, 30.56823271899998 ], [ 68.146862919, 30.612500571999988 ], [ 68.133808649, 30.614116323000019 ], [ 68.115101605, 30.611754776999987 ], [ 68.066000857, 30.612913208 ], [ 68.011723777999975, 30.605939579999983 ], [ 67.98540479899998, 30.588995739999973 ], [ 67.971555979000016, 30.591652534 ], [ 67.957979598, 30.601920520000021 ], [ 67.949422293999987, 30.614152500999978 ], [ 67.948730248, 30.625518043 ], [ 67.941767417999984, 30.633099302 ], [ 67.938170690999982, 30.656720559 ], [ 67.923378996999986, 30.657741724 ], [ 67.892301734, 30.647549334000018 ], [ 67.813631445, 30.615515081000012 ], [ 67.804178465, 30.614373761000024 ], [ 67.783743363999974, 30.616979621999974 ], [ 67.764510550000011, 30.623931896999977 ], [ 67.734009394, 30.623482783999975 ], [ 67.688300543000025, 30.617782217000013 ], [ 67.691507757000011, 30.628709129000015 ], [ 67.684059670000011, 30.637041389 ], [ 67.683150628000021, 30.641369457 ], [ 67.686469996000028, 30.657707759 ], [ 67.674759458999972, 30.67110819200002 ], [ 67.671041700999979, 30.684959725999988 ], [ 67.666466873, 30.688177105000022 ], [ 67.65612897, 30.688342504 ], [ 67.647409908999975, 30.682479073000025 ], [ 67.637172953, 30.683448753999983 ], [ 67.622012289, 30.680220758000019 ], [ 67.604413641, 30.683633548999978 ], [ 67.590322210000011, 30.67722949 ], [ 67.574941777, 30.673709953000014 ], [ 67.546082463, 30.673648848000028 ], [ 67.519020803999979, 30.667985354 ], [ 67.488748328999975, 30.670980250000014 ], [ 67.478598211000019, 30.680332516000021 ], [ 67.477539536, 30.695568114000025 ], [ 67.471099933, 30.708011793000026 ], [ 67.456313818000012, 30.709908481000014 ], [ 67.434894693999979, 30.70706514 ], [ 67.430800353, 30.707681056000013 ], [ 67.428394075000028, 30.712591275000023 ], [ 67.435073088000024, 30.723437790999981 ], [ 67.45555183, 30.732656132999978 ], [ 67.462988037, 30.738594302000024 ], [ 67.464201634, 30.770708376000016 ], [ 67.474395695, 30.781784553000023 ], [ 67.479287295, 30.794413304999978 ], [ 67.477629256, 30.813365611999984 ], [ 67.474363496000024, 30.817146233000017 ], [ 67.454772228000024, 30.821718128999976 ], [ 67.444378495000024, 30.829463452000027 ], [ 67.443340847, 30.835001169 ], [ 67.450271353, 30.84861773199998 ], [ 67.463697885999977, 30.859974927 ], [ 67.47006320600002, 30.872262834000026 ], [ 67.50947792, 30.876199942000028 ], [ 67.555788534999976, 30.894138514000019 ], [ 67.573219595000012, 30.897972983999978 ], [ 67.615495918000022, 30.924283837000019 ], [ 67.638217062000024, 30.953829428 ], [ 67.646601626, 30.961324564 ], [ 67.695803479, 30.99894175999998 ], [ 67.744720171999973, 31.030870304000018 ], [ 67.761614437, 31.060253280999973 ], [ 67.761574014000018, 31.067080788999988 ], [ 67.751851975000022, 31.072950204 ], [ 67.751138401999981, 31.078100127000027 ], [ 67.756318575000023, 31.081300451 ], [ 67.784295596999982, 31.083189850999986 ], [ 67.798430700999972, 31.090979334 ], [ 67.803997036, 31.104941677999989 ], [ 67.814776850999976, 31.114409208999973 ], [ 67.814865581999982, 31.117515434999973 ], [ 67.808642029999987, 31.126269278999985 ], [ 67.821527791, 31.144759196 ], [ 67.820761326000024, 31.148369437999975 ], [ 67.815770939, 31.150810044000025 ], [ 67.799529958, 31.147389252999972 ], [ 67.76068101200002, 31.148052789000019 ], [ 67.736191025999972, 31.143155939 ], [ 67.726930642000013, 31.143424918999983 ], [ 67.711427289000028, 31.147352378999983 ], [ 67.699472397000022, 31.146760928999981 ], [ 67.692800260000013, 31.149712043000022 ], [ 67.670783509999978, 31.150379497000017 ], [ 67.63983959799998, 31.163150413999972 ], [ 67.591564128000016, 31.159335295 ], [ 67.586086175, 31.162938606000012 ], [ 67.572743146999983, 31.193019003000018 ], [ 67.562967706999984, 31.204541103999986 ], [ 67.554758091, 31.209359130999985 ], [ 67.532118094, 31.211001173 ], [ 67.503016815000024, 31.205031196999983 ], [ 67.476644754, 31.204353543000025 ], [ 67.462309764999986, 31.21233491800001 ], [ 67.454776521999975, 31.226145914000028 ], [ 67.448315117, 31.227376736999986 ], [ 67.445102044, 31.23299820699998 ], [ 67.490668740999979, 31.242136051999978 ], [ 67.539244490999977, 31.263562293 ], [ 67.574661306999985, 31.272946096 ], [ 67.602943682999978, 31.272746370999982 ], [ 67.620421261, 31.276393808000023 ], [ 67.65831663199998, 31.291549992 ], [ 67.691719783, 31.313686696 ], [ 67.707098654999982, 31.320241641 ], [ 67.717736093999974, 31.323427306999974 ], [ 67.762772343, 31.32756258 ], [ 67.774078576000022, 31.332873431 ], [ 67.785453081000014, 31.343917244000011 ], [ 67.789847032000011, 31.356621066 ], [ 67.785790320999979, 31.374625787000014 ], [ 67.778305543999977, 31.391173498 ], [ 67.771338086000014, 31.399938481 ], [ 67.750321117999988, 31.413637654000013 ], [ 67.740936899000019, 31.414783535000026 ], [ 67.660071593, 31.397220910999977 ], [ 67.644066706, 31.39682172 ], [ 67.633779919, 31.40068826800001 ], [ 67.627739055, 31.413369171 ], [ 67.60539276999998, 31.418535829 ], [ 67.597626413, 31.426816233000011 ], [ 67.594696052000018, 31.434301146 ], [ 67.59863158600001, 31.459603881000021 ], [ 67.590996196, 31.479569836999985 ], [ 67.575676303000023, 31.505069159000016 ], [ 67.555039140000019, 31.521954111000014 ], [ 67.553994706000026, 31.52880023199998 ], [ 67.569563406999976, 31.534693948999973 ], [ 67.584549333999973, 31.534386176 ], [ 67.63637601, 31.528129297000021 ], [ 67.64846795, 31.518352515 ], [ 67.661751247999973, 31.520971856000017 ], [ 67.71309695399998, 31.520634616 ], [ 67.742066908000027, 31.533708419999982 ], [ 67.766976877, 31.556755381000016 ], [ 67.803595318000021, 31.58214338 ], [ 67.817393641000024, 31.597376723000025 ], [ 67.835998021000023, 31.580597364000027 ], [ 67.860062516000028, 31.565985265 ], [ 67.941231082, 31.528816322000011 ], [ 67.967129891000013, 31.520831289 ] ] ] } },
{ "type": "Feature", "properties": { "adm2_name": "Kohlu", "adm2_pcode": "PK216", "adm1_name": "Balochistan" }, "geometry": { "type": "Polygon", "coordinates": [ [ [ 69.489851461, 30.037109709 ], [ 69.468572268, 30.017110436999985 ], [ 69.477195578000021, 30.007189649999987 ], [ 69.477659625, 30.003851624999982 ], [ 69.456957486000022, 29.97013834400002 ], [ 69.444688988, 29.955618893 ], [ 69.428660574, 29.942644178000023 ], [ 69.404579583999976, 29.929487677999987 ], [ 69.403341609, 29.92327942999998 ], [ 69.395781241, 29.915309018000016 ], [ 69.391670120000015, 29.897399974 ], [ 69.346141988999989, 29.888869054999986 ], [ 69.337699955, 29.885290094000027 ], [ 69.328100811000013, 29.875461916 ], [ 69.297349016999988, 29.870959185 ], [ 69.281458009, 29.864938435 ], [ 69.19263207, 29.817492668 ], [ 69.161244206999982, 29.793298400000026 ], [ 69.152455724999982, 29.776479435999988 ], [ 69.148045310999976, 29.773249297 ], [ 69.082338224000011, 29.748417518999986 ], [ 69.063028225999972, 29.735621225999978 ], [ 69.060501319000025, 29.726378507 ], [ 69.079497031000017, 29.703088900000012 ], [ 69.082542030000013, 29.695720478999988 ], [ 69.090941330000021, 29.686072926 ], [ 69.098801212000012, 29.680983004999973 ], [ 69.147195080000017, 29.66058857500002 ], [ 69.190566139999987, 29.629956997000022 ], [ 69.211296488000016, 29.625978444999987 ], [ 69.22675338, 29.61885113 ], [ 69.255517409, 29.611339742999974 ], [ 69.273985604000018, 29.612825471 ], [ 69.296751157000017, 29.618051907 ], [ 69.347879069999976, 29.634107498999981 ], [ 69.376257555, 29.647557641 ], [ 69.411507769000025, 29.658738883000012 ], [ 69.435141268, 29.678281599 ], [ 69.452788537, 29.688362456 ], [ 69.470428621, 29.695068325000022 ], [ 69.489783502000023, 29.69914268399998 ], [ 69.544395228999974, 29.706111912999972 ], [ 69.592530882, 29.705207675999986 ], [ 69.614853896999989, 29.699131530999978 ], [ 69.64600486400002, 29.685261105999984 ], [ 69.628898751, 29.668724683999983 ], [ 69.609184015999972, 29.674823646999982 ], [ 69.572456315000011, 29.678461244 ], [ 69.540756624999972, 29.671259362 ], [ 69.515985108, 29.661893884 ], [ 69.471335317000012, 29.628229530999988 ], [ 69.44052162600002, 29.596931746999985 ], [ 69.430879415999982, 29.582732723 ], [ 69.426101104, 29.566734242999985 ], [ 69.426133924, 29.543697635 ], [ 69.436614062, 29.532074008 ], [ 69.446601692, 29.527721725 ], [ 69.467748132999986, 29.521009976000016 ], [ 69.490370579, 29.518039951 ], [ 69.499760067000011, 29.512251467999988 ], [ 69.502541119, 29.505140799 ], [ 69.500206817, 29.491028450999977 ], [ 69.48745871, 29.468442853 ], [ 69.466196024999988, 29.446855981 ], [ 69.452042883, 29.437715100999981 ], [ 69.36707916, 29.399371823000024 ], [ 69.343011421000028, 29.37275902 ], [ 69.325773396999978, 29.360383827000021 ], [ 69.307654054000011, 29.352762133999988 ], [ 69.273345366, 29.345809523000014 ], [ 69.256531012999972, 29.33687250700001 ], [ 69.239753618, 29.318956522 ], [ 69.205818351, 29.271093141 ], [ 69.187460812999973, 29.259526935999986 ], [ 69.143883443, 29.248048875 ], [ 69.129294056, 29.24739424400002 ], [ 69.095285659000012, 29.250619562 ], [ 69.048171196, 29.260177825000028 ], [ 69.016425425000023, 29.260612142000014 ], [ 68.998793095999986, 29.256418069 ], [ 68.986738815000024, 29.250469563000024 ], [ 68.976661847, 29.241001585 ], [ 68.964033777999987, 29.234052604999988 ], [ 68.938232777999986, 29.224161346000017 ], [ 68.920495796000012, 29.222745722000013 ], [ 68.804846240000018, 29.248035297 ], [ 68.711958052999989, 29.261892620000026 ], [ 68.660685081999986, 29.264081562 ], [ 68.628440187000024, 29.25840208 ], [ 68.533715218, 29.234292702 ], [ 68.486501240999985, 29.217451012000026 ], [ 68.479698499999984, 29.21744155 ], [ 68.440314194, 29.224536589000024 ], [ 68.343291001000011, 29.263837422999984 ], [ 68.277466232, 29.304792162000012 ], [ 68.242958916000021, 29.330192372999988 ], [ 68.216842832999987, 29.34458138399998 ], [ 68.182302890000017, 29.369647702 ], [ 68.152077368, 29.40300765 ], [ 68.119683224000028, 29.411443882000015 ], [ 68.099067461, 29.419155341000021 ], [ 68.097130327, 29.422187448999978 ], [ 68.125410627, 29.457368823000024 ], [ 68.166444131999981, 29.53605647 ], [ 68.178992183, 29.555971100000022 ], [ 68.185532378, 29.573270548999972 ], [ 68.193679122999981, 29.584565665000014 ], [ 68.223000292, 29.590102656999989 ], [ 68.242135112000028, 29.603071563000015 ], [ 68.24883236300002, 29.61704633 ], [ 68.265642238999988, 29.628488859000015 ], [ 68.425605269000016, 29.621452120000015 ], [ 68.432077005, 29.624040633 ], [ 68.451463346000025, 29.654057933999979 ], [ 68.457139596, 29.659450475000028 ], [ 68.540495766999982, 29.693877714999985 ], [ 68.556892141, 29.708780731 ], [ 68.562410108, 29.721327191 ], [ 68.572435055000028, 29.732542164999984 ], [ 68.571457276, 29.742109608000021 ], [ 68.565176900999973, 29.755815400000017 ], [ 68.562775526999985, 29.775362089999987 ], [ 68.563537422000024, 29.782889725000018 ], [ 68.577140835000023, 29.814661531000013 ], [ 68.573477546, 29.825502850000021 ], [ 68.568137880999984, 29.828847586 ], [ 68.548638950999987, 29.831831453 ], [ 68.520721848999983, 29.841031597999972 ], [ 68.472678200000018, 29.86625107499998 ], [ 68.458008606000021, 29.876228810999976 ], [ 68.443574629000011, 29.880634489999977 ], [ 68.402556069000013, 29.905695316 ], [ 68.397828828, 29.913385591 ], [ 68.396407297999986, 29.957958260999987 ], [ 68.409437317000027, 30.016086312000027 ], [ 68.479911737, 29.950980507 ], [ 68.534026309000012, 29.929521551 ], [ 68.555382329999986, 29.915401503 ], [ 68.572381795000013, 29.913924735000023 ], [ 68.685812026, 29.918273919 ], [ 68.759767258000011, 29.928676511999981 ], [ 68.804557661999979, 29.948944376999975 ], [ 68.820875797999975, 29.961687381 ], [ 68.85523850200002, 29.996793772999979 ], [ 68.884939740999982, 30.007995828999981 ], [ 68.907388269000023, 30.012300643 ], [ 68.944372736999981, 30.028266724 ], [ 68.967515649, 30.012495292999972 ], [ 68.972397805000014, 30.006700846 ], [ 68.981699502000026, 29.985767708000026 ], [ 69.008387206, 29.988553235999973 ], [ 69.01583388, 29.98107367199998 ], [ 69.040724511, 29.976144420000026 ], [ 69.074046642999974, 29.992150650999974 ], [ 69.089348931000018, 29.991101132999972 ], [ 69.113660639999978, 29.985273661 ], [ 69.132215695000014, 29.991135430999975 ], [ 69.145171065, 29.989397591999989 ], [ 69.161079710000024, 30.003239361 ], [ 69.179840053000021, 30.00785820599998 ], [ 69.266946791, 30.008810582000024 ], [ 69.311445699999979, 30.011080977 ], [ 69.321120386000018, 30.013747427999988 ], [ 69.325154388999977, 30.009584415 ], [ 69.334796741, 30.00864697999998 ], [ 69.341720297, 30.015019257 ], [ 69.353560703000028, 30.016248421 ], [ 69.350920829000017, 30.025829682 ], [ 69.353132173, 30.028108265000014 ], [ 69.370308970999986, 30.026338356999986 ], [ 69.419748618000028, 30.053759438999975 ], [ 69.478318705, 30.070840444 ], [ 69.495871258000022, 30.069738261999987 ], [ 69.498502326999983, 30.063698929 ], [ 69.487649015999978, 30.051129216 ], [ 69.489851461, 30.037109709 ] ] ] } },
{ "type": "Feature", "properties": { "adm2_name": "Lasbela", "adm2_pcode": "PK217", "adm1_name": "Balochistan" }, "geometry": { "type": "MultiPolygon", "coordinates": [ [ [ [ 67.368568419999974, 25.753833771000018 ], [ 67.346679687, 25.72389221200001 ], [ 67.337135305, 25.706052754999973 ], [ 67.316131591999977, 25.624214172 ], [ 67.311355591, 25.610889435 ], [ 67.300025940000012, 25.591844558999981 ], [ 67.292121887, 25.582651138000017 ], [ 67.257049560999974, 25.565744400000028 ], [ 67.255332947, 25.544208527000023 ], [ 67.243988037, 25.523412704 ], [ 67.231582641999978, 25.513708114999986 ], [ 67.209571837999988, 25.505319595 ], [ 67.201103209999985, 25.499628067 ], [ 67.188156128, 25.474826813 ], [ 67.16332244900002, 25.452489852999975 ], [ 67.160644531, 25.446704865000015 ], [ 67.160354614000028, 25.431560516 ], [ 67.162239075, 25.395406723 ], [ 67.153511047, 25.375152588 ], [ 67.139060974000017, 25.357315062999987 ], [ 67.135612488, 25.344551086000024 ], [ 67.134619852000014, 25.316913699999986 ], [ 67.137808134000011, 25.315238657 ], [ 67.120887757, 25.300024033 ], [ 67.111053466999977, 25.279569626000011 ], [ 67.110176086000024, 25.267141342 ], [ 67.098167419, 25.255285263000019 ], [ 67.089721680000025, 25.241214752000019 ], [ 67.069885253999985, 25.225976944000024 ], [ 67.041381836000028, 25.209655762000011 ], [ 67.031822205000026, 25.201032639 ], [ 67.008331299000019, 25.162321091000024 ], [ 67.003410339000027, 25.12706375099998 ], [ 67.00907897899998, 25.109048843999972 ], [ 67.007759094, 25.100936890000014 ], [ 66.938238924000018, 25.029362761000016 ], [ 66.923095703, 25.017650603999982 ], [ 66.905250549000016, 25.011095047000026 ], [ 66.857391357999973, 25.002532959 ], [ 66.838684081999986, 24.993635177999977 ], [ 66.822326659999987, 24.981344223 ], [ 66.784065247, 24.965326308999977 ], [ 66.722244263, 24.913915633999977 ], [ 66.702951063, 24.892689022000013 ], [ 66.698463440000012, 24.890663147 ], [ 66.686927794999974, 24.89273262 ], [ 66.678405762000011, 24.908908844 ], [ 66.675445556999989, 24.923625946000016 ], [ 66.679061890000014, 24.934623718000012 ], [ 66.700355530000024, 24.949632645 ], [ 66.698753356999987, 24.974843979000013 ], [ 66.693786621000015, 24.993246078000027 ], [ 66.696502684999984, 25.004001616999972 ], [ 66.712203980000027, 25.03153801000002 ], [ 66.70972442599998, 25.065908432000015 ], [ 66.704147338999974, 25.082618712999988 ], [ 66.709785461000024, 25.094736098999988 ], [ 66.718444824000017, 25.100912094000023 ], [ 66.719230652000022, 25.113891600999978 ], [ 66.738594055000021, 25.142190933 ], [ 66.744102478, 25.167463302999977 ], [ 66.742012024000019, 25.183259964 ], [ 66.737281799000016, 25.196453094999981 ], [ 66.708259582999972, 25.239027023 ], [ 66.678321837999988, 25.271114349000015 ], [ 66.647171019999973, 25.299180985000021 ], [ 66.619812012000011, 25.319448470999987 ], [ 66.563217163, 25.350284575999979 ], [ 66.553878784, 25.358280181999987 ], [ 66.550102234, 25.365238190000014 ], [ 66.555274962999988, 25.392181396000012 ], [ 66.560485840000013, 25.388832091999973 ], [ 66.562721253, 25.375545502000023 ], [ 66.56614685, 25.371082306 ], [ 66.573616028, 25.368654251 ], [ 66.579399109, 25.372846603000028 ], [ 66.582038878999981, 25.38527488699998 ], [ 66.576568603999988, 25.403867721999973 ], [ 66.578277588, 25.411457062000011 ], [ 66.583976746000019, 25.417526244999976 ], [ 66.592315674000019, 25.421190261999982 ], [ 66.594200134, 25.425022125 ], [ 66.588203430000021, 25.435239792 ], [ 66.560005188, 25.452957153 ], [ 66.559768677000022, 25.46277046199998 ], [ 66.555030822999981, 25.480346680000025 ], [ 66.557609558000024, 25.538118363000024 ], [ 66.552734375, 25.543781280000019 ], [ 66.546737671000017, 25.539159774999973 ], [ 66.528861999000014, 25.54222869900002 ], [ 66.526908875, 25.544660567999983 ], [ 66.52857971200001, 25.548276901 ], [ 66.5158844, 25.563455582000017 ], [ 66.521980285999973, 25.580619812 ], [ 66.531196594, 25.58536529600002 ], [ 66.534660339000027, 25.590097427999979 ], [ 66.542953491, 25.614450455 ], [ 66.54133606, 25.619401932000017 ], [ 66.533714294999982, 25.619733811 ], [ 66.532707214000027, 25.621576308999977 ], [ 66.538139343000012, 25.628473282000016 ], [ 66.542152405000024, 25.641166687 ], [ 66.539245605000019, 25.644187927000019 ], [ 66.530212402000018, 25.640285491999975 ], [ 66.524986266999974, 25.633813858 ], [ 66.520362853999984, 25.624439239000026 ], [ 66.518867493000016, 25.607454299999972 ], [ 66.510078430000021, 25.603351593000014 ], [ 66.513565062999987, 25.597845077999978 ], [ 66.505584716999977, 25.591264724999974 ], [ 66.502792358000022, 25.577363967999986 ], [ 66.499481200999981, 25.574310303 ], [ 66.49394989000001, 25.574302672999977 ], [ 66.491744994999976, 25.577142714999979 ], [ 66.494903564000026, 25.583326339999985 ], [ 66.492965697999978, 25.585340499999973 ], [ 66.483604431, 25.583719254000016 ], [ 66.479949950999981, 25.587755202999972 ], [ 66.472206116, 25.58118248 ], [ 66.471893310999974, 25.573230744 ], [ 66.467216491999977, 25.569911956999988 ], [ 66.465209961000028, 25.573385239 ], [ 66.470687866, 25.588855743000011 ], [ 66.467041015, 25.60250473100001 ], [ 66.460113525, 25.602859497 ], [ 66.458129883000026, 25.605707169000027 ], [ 66.459350586000028, 25.613904952999974 ], [ 66.455169677000015, 25.619382858 ], [ 66.45026397700002, 25.616054534999989 ], [ 66.450912475999985, 25.607303619 ], [ 66.445404053, 25.597265244000027 ], [ 66.436401366999974, 25.592939377 ], [ 66.408660888999975, 25.590167999000016 ], [ 66.399085999000022, 25.583518981999987 ], [ 66.383102416999975, 25.59479332 ], [ 66.380226134999987, 25.601783752000017 ], [ 66.372535706, 25.598968506 ], [ 66.366767884000012, 25.60856056199998 ], [ 66.370002747, 25.613077164 ], [ 66.367561341, 25.615905761000022 ], [ 66.357780456, 25.6132164 ], [ 66.341430663999972, 25.617784500000027 ], [ 66.327743530000021, 25.610336303 ], [ 66.310478209999985, 25.610057831 ], [ 66.30397033700001, 25.615854263000017 ], [ 66.300132752000025, 25.623640061 ], [ 66.296890258000019, 25.623928069999977 ], [ 66.254264832, 25.605474472000026 ], [ 66.245803833000025, 25.599485397000024 ], [ 66.234497069999975, 25.59985733000002 ], [ 66.232208252000021, 25.590358734 ], [ 66.223625183000024, 25.591678619999982 ], [ 66.210426330000018, 25.602212904999988 ], [ 66.190063477000024, 25.599283217999982 ], [ 66.184555053999986, 25.594455719 ], [ 66.180740356, 25.583223342999986 ], [ 66.174629212000013, 25.576490402 ], [ 66.161514282999974, 25.567169190000016 ], [ 66.150817871000015, 25.555646895999985 ], [ 66.138916015, 25.54971695 ], [ 66.133659363, 25.544273377000025 ], [ 66.131889343000012, 25.538347244000022 ], [ 66.136650085999975, 25.530813218 ], [ 66.130683899000019, 25.521368027 ], [ 66.134170531999985, 25.511692047 ], [ 66.132751465000013, 25.507869719999974 ], [ 66.117027283000027, 25.500316619999978 ], [ 66.113967894999973, 25.497053145999985 ], [ 66.112754822, 25.489269256999989 ], [ 66.095657347999975, 25.48604393 ], [ 66.091850281, 25.479614258000026 ], [ 66.096199035999973, 25.475616455000022 ], [ 66.100830078, 25.474975586000028 ], [ 66.115653991999977, 25.486673355 ], [ 66.119087219, 25.487026214000025 ], [ 66.121475219999979, 25.485246658 ], [ 66.122039794999978, 25.47419357299998 ], [ 66.138435363999974, 25.482194901000014 ], [ 66.141906737999989, 25.48171234199998 ], [ 66.143989563, 25.476991654000017 ], [ 66.149719237999989, 25.477439881 ], [ 66.162956238, 25.484260559 ], [ 66.172325134, 25.485485077000021 ], [ 66.182220459, 25.490076064999982 ], [ 66.189521789000025, 25.491422652999972 ], [ 66.195625305000021, 25.48895835899998 ], [ 66.223655700999984, 25.499099732 ], [ 66.241737366, 25.510292053 ], [ 66.249130249000018, 25.509757996000019 ], [ 66.254524231, 25.512487411 ], [ 66.262268066, 25.51865386999998 ], [ 66.265419006, 25.524843216000022 ], [ 66.274116516, 25.530422210999973 ], [ 66.277465821000021, 25.537246703999983 ], [ 66.284820556, 25.542142867999985 ], [ 66.289817809999988, 25.543390273999989 ], [ 66.314048766999974, 25.537685394 ], [ 66.318092346000014, 25.539730072 ], [ 66.316589356, 25.542177200000026 ], [ 66.307472228999984, 25.544942855999977 ], [ 66.308784485, 25.54645919799998 ], [ 66.317520141999978, 25.546602248999989 ], [ 66.326431275, 25.55281448400001 ], [ 66.334930419999978, 25.553155898999989 ], [ 66.342849731, 25.551385879 ], [ 66.348381043000018, 25.546592712 ], [ 66.350524902000018, 25.53560256999998 ], [ 66.357963562, 25.524826049000012 ], [ 66.363586425999983, 25.522752761999982 ], [ 66.38829040600001, 25.526039124000022 ], [ 66.397254943, 25.52158928 ], [ 66.400375366, 25.514190672999973 ], [ 66.394294738999974, 25.506635666000022 ], [ 66.396255493000012, 25.504205704000015 ], [ 66.405822753999985, 25.506258011 ], [ 66.405570984, 25.492456436 ], [ 66.419784546000017, 25.488842010999974 ], [ 66.426528930000018, 25.482631683000022 ], [ 66.440704346000018, 25.484445572000027 ], [ 66.455886841, 25.494239806999985 ], [ 66.475189209, 25.499595641999974 ], [ 66.495681763, 25.49935340899998 ], [ 66.517433166999979, 25.492052077999972 ], [ 66.518341064000026, 25.487491608000028 ], [ 66.514419556, 25.482740402 ], [ 66.513450622, 25.474136352000016 ], [ 66.496459961000028, 25.458847046000017 ], [ 66.492843628, 25.447839736999981 ], [ 66.494956969999976, 25.437265395999987 ], [ 66.498420715, 25.432176589999983 ], [ 66.512191772999984, 25.427909850999981 ], [ 66.528404235999972, 25.415794372 ], [ 66.526977538999972, 25.411977767999986 ], [ 66.519882202000019, 25.406478881999988 ], [ 66.513298035, 25.404550551999989 ], [ 66.505905150999979, 25.405307769999979 ], [ 66.453887940000016, 25.425622939999982 ], [ 66.417434693000018, 25.442152024 ], [ 66.359970093000015, 25.460126877 ], [ 66.321907044, 25.466953278 ], [ 66.276535034, 25.467828751000013 ], [ 66.234069824000017, 25.465675353999984 ], [ 66.159889221000014, 25.453830719 ], [ 66.125541687, 25.450725556 ], [ 66.039131165000015, 25.426599501999988 ], [ 66.032356262, 25.428609848 ], [ 66.027244568000015, 25.442811966000022 ], [ 66.023750305000021, 25.44370842 ], [ 66.024017334, 25.434106827 ], [ 66.011222839000027, 25.441291809 ], [ 66.009155272999976, 25.436815261999982 ], [ 66.01917266800001, 25.425540924000018 ], [ 66.014350891, 25.420946120999986 ], [ 65.99596405, 25.420578003 ], [ 65.954948425, 25.413171767999984 ], [ 65.94245147700002, 25.414720535000015 ], [ 65.926940918000014, 25.412168502999975 ], [ 65.859130859, 25.420078278 ], [ 65.838691712000013, 25.419389724999974 ], [ 65.816001891999974, 25.413581849000025 ], [ 65.792335510999976, 25.396022797 ], [ 65.784851075, 25.394018173 ], [ 65.773010253999985, 25.38345909100002 ], [ 65.741027831999986, 25.379524231 ], [ 65.698059081999986, 25.362127304000012 ], [ 65.66565704300001, 25.361707688000024 ], [ 65.635757446000014, 25.349479675999987 ], [ 65.611213684, 25.352539062 ], [ 65.528938294, 25.37236976600002 ], [ 65.517784119, 25.370388031 ], [ 65.516998291, 25.372024536000026 ], [ 65.531768799000019, 25.383369446000017 ], [ 65.543518066, 25.41986465399998 ], [ 65.53980255099998, 25.420166016 ], [ 65.519844055000021, 25.386787415000015 ], [ 65.505729675, 25.376098633000026 ], [ 65.489013672, 25.374902725000027 ], [ 65.452468872, 25.382598877000021 ], [ 65.444290161000026, 25.380752562999987 ], [ 65.437965393000013, 25.382753372000025 ], [ 65.406494141, 25.382106781 ], [ 65.371063231999983, 25.39025116 ], [ 65.338050841999973, 25.380525589 ], [ 65.330673218000015, 25.384771347000026 ], [ 65.31892395, 25.385046005 ], [ 65.317207336000024, 25.386844634999989 ], [ 65.318931580000026, 25.396753311 ], [ 65.310195922999981, 25.384836197000027 ], [ 65.268547058000024, 25.385131836000028 ], [ 65.255149841, 25.382184983 ], [ 65.248504638999975, 25.373918533 ], [ 65.240470886000026, 25.346353530999977 ], [ 65.238085282999975, 25.344420518999982 ], [ 65.238617792000014, 25.353452299000026 ], [ 65.215194610000026, 25.372144683999977 ], [ 65.205720568, 25.389485987 ], [ 65.204031145999977, 25.40050719200002 ], [ 65.208997948999979, 25.43796735799998 ], [ 65.208390463, 25.506438807 ], [ 65.206787309, 25.541074830000014 ], [ 65.203154493, 25.557271663999984 ], [ 65.22731663899998, 25.569426465999982 ], [ 65.233343568, 25.568668179999975 ], [ 65.244635561, 25.558740863000025 ], [ 65.249281433000021, 25.557962546 ], [ 65.257524479999972, 25.563947918999986 ], [ 65.270155623, 25.585943314000019 ], [ 65.282083250000028, 25.593654519999973 ], [ 65.30059703400002, 25.595571146 ], [ 65.302851126, 25.599391712 ], [ 65.300376326, 25.60984235799998 ], [ 65.322729144999983, 25.603406969 ], [ 65.33867611, 25.591010917 ], [ 65.347016508000024, 25.591113851999978 ], [ 65.349761300000011, 25.593666306999978 ], [ 65.346816704, 25.604545753000025 ], [ 65.348580959, 25.610445342999981 ], [ 65.35681251699998, 25.61810347 ], [ 65.374305617, 25.626713232999975 ], [ 65.402066760000025, 25.627880437999977 ], [ 65.430734184000016, 25.636619243999974 ], [ 65.465614914000014, 25.663050118 ], [ 65.503546092000022, 25.671031399000015 ], [ 65.52561097, 25.686387566 ], [ 65.535849602999974, 25.683977673000015 ], [ 65.53775856599998, 25.679799789000015 ], [ 65.527045797000028, 25.647773767 ], [ 65.527090681, 25.644415091999974 ], [ 65.531782725000028, 25.640266859 ], [ 65.530978225000013, 25.632797972 ], [ 65.516150595999989, 25.630021853000017 ], [ 65.502723538999987, 25.616742669000018 ], [ 65.502811867999981, 25.613200872 ], [ 65.517913107000027, 25.590038675000017 ], [ 65.517999375999977, 25.583322846999977 ], [ 65.515275158, 25.579095627000015 ], [ 65.517264169999976, 25.56904175 ], [ 65.537812519, 25.556669202000023 ], [ 65.544571030999975, 25.535751692000019 ], [ 65.544014114999982, 25.50720216000002 ], [ 65.549699136000015, 25.497188495999978 ], [ 65.537857906999989, 25.481952229 ], [ 65.533438639, 25.465954247000013 ], [ 65.523353922000013, 25.458290569999974 ], [ 65.498497327999985, 25.447946235000018 ], [ 65.496758328, 25.439533009 ], [ 65.508889255999975, 25.432111637999981 ], [ 65.522794762999979, 25.430584184 ], [ 65.544959085000016, 25.434179674 ], [ 65.576241088000017, 25.448778598 ], [ 65.627707852000015, 25.479521165999984 ], [ 65.683952170999987, 25.50021407700001 ], [ 65.738433109000027, 25.514988366000011 ], [ 65.749548254999979, 25.515088666999986 ], [ 65.830071694000026, 25.484609823000028 ], [ 65.848624371000028, 25.48140332700001 ], [ 65.86250340700002, 25.482353561000025 ], [ 65.87642818, 25.488404468 ], [ 65.888296277, 25.496826546000023 ], [ 65.902161139999976, 25.499450922999984 ], [ 65.909592405000012, 25.496988730999988 ], [ 65.919922690000021, 25.481117143 ], [ 65.935715179999988, 25.475357423999981 ], [ 65.944975030000023, 25.475425439999981 ], [ 65.971742553000013, 25.484849724000014 ], [ 65.994056422000028, 25.474091120000026 ], [ 66.019219974, 25.453275610999981 ], [ 66.028503839, 25.449979348999989 ], [ 66.040340432999983, 25.451686758999983 ], [ 66.069961094, 25.47626341900002 ], [ 66.08645790700001, 25.499029353000026 ], [ 66.140981371, 25.587290888999974 ], [ 66.163847383000018, 25.634435468 ], [ 66.196870617, 25.692548394000028 ], [ 66.216949240000019, 25.748914937 ], [ 66.249016727000026, 25.823794866000014 ], [ 66.257307174, 25.837272343999985 ], [ 66.26002414200002, 25.849884099 ], [ 66.258978404, 25.870879955000021 ], [ 66.214034083, 26.078192275999982 ], [ 66.201331117999985, 26.161245194 ], [ 66.192779898000026, 26.186416333000011 ], [ 66.169182917, 26.229160427000011 ], [ 66.164422920999982, 26.243425205 ], [ 66.162346889, 26.2753566 ], [ 66.166838824000024, 26.302405084999975 ], [ 66.167616028999987, 26.326665704999982 ], [ 66.170365635999985, 26.334246114 ], [ 66.185217663, 26.349456853999982 ], [ 66.213196719999985, 26.363737452 ], [ 66.227089095999986, 26.384824713 ], [ 66.230743519999976, 26.399135630999979 ], [ 66.23410211700002, 26.463896174000013 ], [ 66.247125552999989, 26.476570583000012 ], [ 66.263900881999973, 26.488420449999978 ], [ 66.28443723700002, 26.497760906999986 ], [ 66.288178045, 26.497777269999972 ], [ 66.30133642200002, 26.486900498000011 ], [ 66.309768225000028, 26.484413030999974 ], [ 66.320113552, 26.473522706999972 ], [ 66.329483770000024, 26.470196222000027 ], [ 66.377213718, 26.465329699 ], [ 66.387520672, 26.461160791 ], [ 66.402068238000027, 26.460775207999973 ], [ 66.41143794300001, 26.456601760000012 ], [ 66.431144049000011, 26.439846222000028 ], [ 66.466726742, 26.426496899000028 ], [ 66.471398967000027, 26.42651009399998 ], [ 66.493775966999976, 26.446749133000026 ], [ 66.506852042, 26.452667701 ], [ 66.517150800000024, 26.449329408999972 ], [ 66.528373736999981, 26.449355555000011 ], [ 66.537719621, 26.451898498999981 ], [ 66.549705668, 26.459381678 ], [ 66.561081848000015, 26.459514700999989 ], [ 66.570443171000022, 26.456169400000022 ], [ 66.590120085000024, 26.439388283000028 ], [ 66.606176509000022, 26.406207998000014 ], [ 66.613387730999989, 26.410595361999981 ], [ 66.616997925000021, 26.423473962 ], [ 66.621682299999975, 26.430843133 ], [ 66.63018775, 26.437545409 ], [ 66.654562752, 26.44214987700002 ], [ 66.67148627, 26.442560497999978 ], [ 66.684332590999986, 26.445276279999973 ], [ 66.688255976, 26.448177063 ], [ 66.703109276000021, 26.443321997999988 ], [ 66.705692661, 26.446389995 ], [ 66.704728306999982, 26.456389071999979 ], [ 66.707740855, 26.460068708 ], [ 66.731658332, 26.458444910000026 ], [ 66.744711919, 26.468763450999973 ], [ 66.753217928000026, 26.466570895000018 ], [ 66.759055865999983, 26.450661055000012 ], [ 66.774131641999986, 26.376058995999983 ], [ 66.779523886999982, 26.33053161700002 ], [ 66.811867136999979, 26.273172395000017 ], [ 66.829338482000026, 26.253137376999973 ], [ 66.834565423000015, 26.241235702999973 ], [ 66.847334972999988, 26.185073698999986 ], [ 66.879075057000023, 26.082029444999989 ], [ 66.882111490999989, 26.052454456000021 ], [ 66.891479875000016, 26.020263482000018 ], [ 66.902556882, 25.988468355 ], [ 66.929160044000014, 25.939798196000027 ], [ 66.93674516599998, 25.921543390000011 ], [ 66.947958331999985, 25.883747009999979 ], [ 66.953216473, 25.852678356000013 ], [ 66.978064819, 25.784353205 ], [ 66.978097698, 25.766338008 ], [ 66.970007599999974, 25.746486479999987 ], [ 66.973670546, 25.745155244999978 ], [ 66.974956744999986, 25.735403586000018 ], [ 66.998589293, 25.734543133999978 ], [ 67.034822162000012, 25.743353032000016 ], [ 67.043861957, 25.744388371000014 ], [ 67.060569391, 25.74181202 ], [ 67.092849995, 25.745415013000013 ], [ 67.097412378, 25.748262219000026 ], [ 67.115827865000028, 25.768390470999975 ], [ 67.120542908, 25.779396232000011 ], [ 67.122046843000021, 25.791034616 ], [ 67.118269380000015, 25.830740381999988 ], [ 67.120331223999983, 25.837707095999974 ], [ 67.130834567000022, 25.847459792 ], [ 67.134868219999987, 25.856812344 ], [ 67.130087286, 25.876627255000017 ], [ 67.131850231999977, 25.899865633 ], [ 67.126417670000023, 25.954768834 ], [ 67.118714323, 25.992212607999988 ], [ 67.118964451000011, 26.005624597 ], [ 67.13897522000002, 26.073567944999979 ], [ 67.142715044, 26.170898743 ], [ 67.149077689000023, 26.199390783000013 ], [ 67.146613232999982, 26.274702182999988 ], [ 67.144075000999976, 26.277658754000015 ], [ 67.11639564799998, 26.287416437 ], [ 67.110632870000018, 26.291004295999983 ], [ 67.106851157, 26.296896448999973 ], [ 67.100014682999984, 26.31275575 ], [ 67.08413611200001, 26.375934821999977 ], [ 67.069403061, 26.386074114 ], [ 67.057364464999978, 26.402008422 ], [ 67.046630059, 26.418507078 ], [ 67.03663481000001, 26.440248385000018 ], [ 67.02326333100001, 26.455032440000025 ], [ 67.008087209, 26.478013642 ], [ 66.999335316999975, 26.497400352 ], [ 66.985853243, 26.506345712999973 ], [ 66.980477576, 26.533857502999979 ], [ 66.964210327999979, 26.563730331999977 ], [ 66.964330925000013, 26.570734282999979 ], [ 66.967009131999987, 26.575368581000021 ], [ 66.978865106, 26.584545401000014 ], [ 67.025465406000023, 26.610163015000012 ], [ 67.07265461999998, 26.631084305 ], [ 67.114717084, 26.654983746000028 ], [ 67.12188073599998, 26.655460178999988 ], [ 67.123787516, 26.653095716 ], [ 67.15107727100002, 26.546045303000028 ], [ 67.177581787, 26.471496581999986 ], [ 67.18964386, 26.457298278999986 ], [ 67.203704834, 26.445985794000023 ], [ 67.213745116999974, 26.428316116000019 ], [ 67.225158691, 26.41470909100002 ], [ 67.265556334999985, 26.346961975 ], [ 67.287322997999979, 26.30166626 ], [ 67.307983397999976, 26.266309738000018 ], [ 67.328437805000021, 26.221616745 ], [ 67.33786773700001, 26.20803642300001 ], [ 67.345672606999983, 26.178730011000027 ], [ 67.3595047, 26.149969101000011 ], [ 67.3723526, 26.145664215000011 ], [ 67.387680053999986, 26.136064529 ], [ 67.413147379, 26.087194368999974 ], [ 67.422042847, 26.080036162999988 ], [ 67.426422119, 26.0729599 ], [ 67.426773071000014, 26.059535980000021 ], [ 67.417182922, 26.034620285000017 ], [ 67.405288696000014, 25.962501525999983 ], [ 67.40410614000001, 25.908325194999975 ], [ 67.402442931999985, 25.890857697 ], [ 67.399040222, 25.882753372000025 ], [ 67.401306152000018, 25.868133544999978 ], [ 67.414642334, 25.82824516300002 ], [ 67.413139343000012, 25.818359375 ], [ 67.410987853999984, 25.808485030999975 ], [ 67.402908325, 25.792299271 ], [ 67.368568419999974, 25.753833771000018 ] ] ], [ [ [ 66.423530578999987, 25.525558472 ], [ 66.422554016, 25.521968840999989 ], [ 66.396690368, 25.537866593 ], [ 66.393394469999976, 25.544214249 ], [ 66.395317078, 25.552022933999979 ], [ 66.409759521000012, 25.558029175 ], [ 66.416313171000013, 25.555782318000013 ], [ 66.421546936000027, 25.547630309999988 ], [ 66.412666320000028, 25.535995484000011 ], [ 66.423530578999987, 25.525558472 ] ] ], [ [ [ 66.353775025, 25.553913116 ], [ 66.352790832999972, 25.550531386999978 ], [ 66.349479675, 25.55227851799998 ], [ 66.348594666, 25.556213378999985 ], [ 66.342796325, 25.561832428 ], [ 66.343864441, 25.563547135000022 ], [ 66.347763062000013, 25.563911438 ], [ 66.353775025, 25.553913116 ] ] ], [ [ [ 66.384140014000025, 25.554502486999979 ], [ 66.381431580000026, 25.553348541 ], [ 66.379806518, 25.56310653700001 ], [ 66.380744934, 25.567531584999983 ], [ 66.384155274000022, 25.568504333000021 ], [ 66.38729095399998, 25.565494538 ], [ 66.384140014000025, 25.554502486999979 ] ] ], [ [ [ 66.193817138999975, 25.556804656999986 ], [ 66.197563171000013, 25.537313461999986 ], [ 66.195487975999981, 25.532838820999984 ], [ 66.183654784999987, 25.530050276999987 ], [ 66.179855347, 25.532402038999976 ], [ 66.180633544999978, 25.539747238000018 ], [ 66.176757812, 25.543558121 ], [ 66.169807434, 25.539926529000013 ], [ 66.162399291999975, 25.540662766000025 ], [ 66.167076110999972, 25.54838180500002 ], [ 66.205200196000021, 25.573156357000016 ], [ 66.204307556, 25.568103791 ], [ 66.193817138999975, 25.556804656999986 ] ] ], [ [ [ 66.381713866999974, 25.580736160000015 ], [ 66.378829956, 25.578531264999981 ], [ 66.369415284000013, 25.587350845 ], [ 66.370903016, 25.589916228999982 ], [ 66.381713866999974, 25.580736160000015 ] ] ], [ [ [ 66.361450196000021, 25.585359573 ], [ 66.360855102000016, 25.583454131999986 ], [ 66.356216430000018, 25.58410453800002 ], [ 66.349983215, 25.589078902999972 ], [ 66.350975036000023, 25.59225273200002 ], [ 66.361450196000021, 25.585359573 ] ] ] ] } },
{ "type": "Feature", "properties": { "adm2_name": "Lehri", "adm2_pcode": "PK218", "adm1_name": "Balochistan" }, "geometry": { "type": "Polygon", "coordinates": [ [ [ 68.099507748, 29.339229429 ], [ 68.122739857, 29.344228331000011 ], [ 68.168450150000012, 29.366008899 ], [ 68.177275918000021, 29.374452673 ], [ 68.216842832999987, 29.34458138399998 ], [ 68.242958916000021, 29.330192372999988 ], [ 68.277466232, 29.304792162000012 ], [ 68.343291001000011, 29.263837422999984 ], [ 68.440314194, 29.224536589000024 ], [ 68.486501240999985, 29.217451012000026 ], [ 68.467827179999972, 29.206443474000025 ], [ 68.412316195000017, 29.202097304 ], [ 68.376211281999986, 29.205376132000026 ], [ 68.314492029, 29.226117870999985 ], [ 68.300056107999978, 29.226927236 ], [ 68.289360908999981, 29.221481434 ], [ 68.279419765, 29.203210764 ], [ 68.278984419999972, 29.183748337 ], [ 68.282487676000017, 29.170120016 ], [ 68.333289305999983, 29.116223850999972 ], [ 68.382866802000024, 29.049495270000023 ], [ 68.323317437000014, 29.005552540999986 ], [ 68.282272298, 28.988806093 ], [ 68.259452851999981, 28.984258415 ], [ 68.248040946, 28.96658869800001 ], [ 68.230187146999981, 28.953419299000018 ], [ 68.227232823, 28.947732917 ], [ 68.229712665000022, 28.943584497000018 ], [ 68.236520187999986, 28.939079477 ], [ 68.254179707, 28.935744890000024 ], [ 68.259025184, 28.933319493 ], [ 68.25951281, 28.928712818 ], [ 68.237928468, 28.859767979000026 ], [ 68.234625268, 28.855037556000013 ], [ 68.174841422999975, 28.832711997 ], [ 68.11028804, 28.799609969000016 ], [ 68.068758061999972, 28.783717163 ], [ 68.036979845000019, 28.778241075999972 ], [ 68.02345685, 28.778324148000024 ], [ 68.023296279000022, 28.771749769 ], [ 68.033832844000017, 28.747431644000017 ], [ 68.03289017100002, 28.729882577000012 ], [ 68.023734413, 28.721252075 ], [ 67.982872666, 28.700946966 ], [ 67.970779719, 28.701532161999978 ], [ 67.967660137, 28.705731248 ], [ 67.96943833, 28.776617042999987 ], [ 67.966230758999984, 28.782892308999976 ], [ 67.958435040999973, 28.780796359000021 ], [ 67.946289665999984, 28.769773454000017 ], [ 67.928856511999982, 28.746610842 ], [ 67.896302951999985, 28.693817591000027 ], [ 67.877043277999974, 28.682097081 ], [ 67.868582101000015, 28.673717394999983 ], [ 67.864646713000013, 28.665361785000016 ], [ 67.865693143999977, 28.660150159000011 ], [ 67.890540519000012, 28.646461167999973 ], [ 67.890525118000028, 28.642349138999975 ], [ 67.879281110000022, 28.628921273 ], [ 67.870696206, 28.608820195000021 ], [ 67.859444092999979, 28.608675464999976 ], [ 67.843438291999973, 28.616253405 ], [ 67.827447248, 28.617838098999982 ], [ 67.796486706, 28.616537205999975 ], [ 67.775944148, 28.608114398999987 ], [ 67.754052237, 28.669677764000028 ], [ 67.747814580000011, 28.700062177 ], [ 67.715828542999986, 28.739355131000025 ], [ 67.708830966999983, 28.752105566000012 ], [ 67.702482885999984, 28.772205133999989 ], [ 67.706862705999981, 28.789928362000012 ], [ 67.727705714000024, 28.805809528 ], [ 67.736351368999976, 28.814297258000011 ], [ 67.736115827999981, 28.818228225999974 ], [ 67.723829966999972, 28.827469077999979 ], [ 67.709901770999977, 28.833244681999986 ], [ 67.684816108, 28.838171175000014 ], [ 67.6755822, 28.859564186999989 ], [ 67.653991607000023, 28.895891184 ], [ 67.648856939999973, 28.914851656 ], [ 67.650045475000013, 28.930320951999988 ], [ 67.663063594, 28.950000466 ], [ 67.679069583, 29.000120166999977 ], [ 67.688834644999986, 29.016025168 ], [ 67.712509518, 29.040931747 ], [ 67.725576973999978, 29.059563051999987 ], [ 67.739515736999977, 29.086814651 ], [ 67.740065832000028, 29.098936501000026 ], [ 67.735497268000017, 29.113710724999976 ], [ 67.738061758000015, 29.13536252199998 ], [ 67.733556965, 29.147617648999983 ], [ 67.777114815, 29.142398749999984 ], [ 67.821403324000016, 29.12386343999998 ], [ 67.847083527999985, 29.11643841199998 ], [ 67.90536550500002, 29.10540536000002 ], [ 67.938659031999975, 29.092668917000026 ], [ 67.960066331, 29.089202664000027 ], [ 67.968413407000014, 29.092319767999982 ], [ 67.978661796999972, 29.105899492 ], [ 67.979193706, 29.124624206000021 ], [ 67.98378578, 29.152210075000028 ], [ 67.982657701, 29.188037894999979 ], [ 67.969813129999977, 29.286316436 ], [ 67.971917978000022, 29.322370408999973 ], [ 67.983824862, 29.375397868 ], [ 68.000589262, 29.377729118 ], [ 68.024671619, 29.365175685 ], [ 68.044580113, 29.363454553 ], [ 68.086493524, 29.342070112999977 ], [ 68.099507748, 29.339229429 ] ] ] } },
{ "type": "Feature", "properties": { "adm2_name": "Loralai", "adm2_pcode": "PK219", "adm1_name": "Balochistan" }, "geometry": { "type": "Polygon", "coordinates": [ [ [ 69.460296948, 30.524012017000018 ], [ 69.526093023999977, 30.479406206000021 ], [ 69.549195988, 30.455604857000026 ], [ 69.561125883999978, 30.448366792 ], [ 69.526321151, 30.40661650200002 ], [ 69.495428188, 30.375514824999982 ], [ 69.477159432, 30.358995933000017 ], [ 69.460982021, 30.352624839999976 ], [ 69.449384232, 30.349708496 ], [ 69.417480550999983, 30.349769938 ], [ 69.38644374, 30.346471349000012 ], [ 69.3617175, 30.339918464 ], [ 69.313362444, 30.344345190000013 ], [ 69.289833292000026, 30.35128258200001 ], [ 69.248877121000021, 30.36931576500001 ], [ 69.238523767, 30.377863107 ], [ 69.225111971, 30.38432472300002 ], [ 69.204675325999972, 30.391311219999977 ], [ 69.15857117500002, 30.370111195 ], [ 69.088363832000027, 30.349039496999978 ], [ 69.01990536400001, 30.324983196 ], [ 69.004210407000016, 30.303732105 ], [ 68.995781481, 30.299496119000025 ], [ 68.913567740000019, 30.292205744 ], [ 68.870284963000017, 30.283769447999987 ], [ 68.793273156, 30.284610266000016 ], [ 68.76181091, 30.271704136999972 ], [ 68.716751117, 30.270584455 ], [ 68.68505780800001, 30.265068295999981 ], [ 68.658393817, 30.271806501000015 ], [ 68.645141188000025, 30.272815746999981 ], [ 68.627410639, 30.268315907999977 ], [ 68.599926392999976, 30.266056978 ], [ 68.59449741200001, 30.272170965999976 ], [ 68.571778745000017, 30.276970100000028 ], [ 68.570568716000025, 30.289410288 ], [ 68.566580180000017, 30.292338932 ], [ 68.509641906000013, 30.296897839999986 ], [ 68.496505012, 30.304490459000021 ], [ 68.492393376, 30.311727341999983 ], [ 68.489556, 30.32580774600001 ], [ 68.481324375999975, 30.338395744000024 ], [ 68.481179583000028, 30.342436132999978 ], [ 68.497597381, 30.36173764 ], [ 68.523458510000012, 30.379297651 ], [ 68.524067312999989, 30.384032311 ], [ 68.518957726999986, 30.386488441999973 ], [ 68.471809764999989, 30.38667862 ], [ 68.447577164999984, 30.389392761000011 ], [ 68.418289223999977, 30.381176395000011 ], [ 68.390365060000022, 30.378385230999982 ], [ 68.330229555000017, 30.383448094000016 ], [ 68.314445377000027, 30.389070773000014 ], [ 68.308746556000017, 30.395651325000017 ], [ 68.321585686, 30.427028539 ], [ 68.310631248, 30.448968418999982 ], [ 68.304178994999972, 30.454850771 ], [ 68.255188991000011, 30.455062390000023 ], [ 68.241077846999985, 30.457352581 ], [ 68.232568415, 30.475989196 ], [ 68.234749411999985, 30.520550725000021 ], [ 68.226617952000026, 30.529081626999982 ], [ 68.175984647, 30.527055304999976 ], [ 68.143970401, 30.528683105000027 ], [ 68.12717253400001, 30.540937101 ], [ 68.112922905, 30.544619078999972 ], [ 68.098074653000026, 30.544339063999985 ], [ 68.098623917, 30.542599697000014 ], [ 68.084287784000026, 30.539039577999972 ], [ 68.058632710999973, 30.536916453 ], [ 68.04517289, 30.54190210500002 ], [ 68.03421061, 30.542916837 ], [ 68.021216306999975, 30.536450818 ], [ 68.008469257, 30.523921948 ], [ 67.978677488000017, 30.50884238499998 ], [ 67.972701083, 30.502588224000021 ], [ 67.966475043, 30.483514413000023 ], [ 67.962604186000021, 30.480156383 ], [ 67.949957843, 30.487045353999974 ], [ 67.939722524, 30.489423237999972 ], [ 67.847886787, 30.504047373999981 ], [ 67.780006862, 30.50367845 ], [ 67.781148213999984, 30.520378193 ], [ 67.743155038999987, 30.541277176999984 ], [ 67.717735214000015, 30.56334499899998 ], [ 67.700950776000013, 30.59349232 ], [ 67.698959113, 30.619195467 ], [ 67.734009394, 30.623482783999975 ], [ 67.764510550000011, 30.623931896999977 ], [ 67.783743363999974, 30.616979621999974 ], [ 67.804178465, 30.614373761000024 ], [ 67.813631445, 30.615515081000012 ], [ 67.892301734, 30.647549334000018 ], [ 67.923378996999986, 30.657741724 ], [ 67.938170690999982, 30.656720559 ], [ 67.941767417999984, 30.633099302 ], [ 67.948730248, 30.625518043 ], [ 67.95043825, 30.612659945000019 ], [ 67.957979598, 30.601920520000021 ], [ 67.971555979000016, 30.591652534 ], [ 67.98540479899998, 30.588995739999973 ], [ 68.011723777999975, 30.605939579999983 ], [ 68.066000857, 30.612913208 ], [ 68.115101605, 30.611754776999987 ], [ 68.133808649, 30.614116323000019 ], [ 68.146862919, 30.612500571999988 ], [ 68.149610084000017, 30.609685167 ], [ 68.177109450999978, 30.56823271899998 ], [ 68.195256633999975, 30.557494328000018 ], [ 68.206020049000017, 30.554200255000012 ], [ 68.239791880999974, 30.547696988999974 ], [ 68.258849952, 30.547737679000022 ], [ 68.284742363000021, 30.560207864 ], [ 68.344809039999973, 30.580508746000021 ], [ 68.364401396, 30.584703932000025 ], [ 68.394737793, 30.580545185 ], [ 68.410171575999982, 30.563756680999973 ], [ 68.434509462, 30.556237792 ], [ 68.446138244, 30.54004826 ], [ 68.453025165999975, 30.535562406999986 ], [ 68.461363791, 30.534364524000011 ], [ 68.469611381999982, 30.538394673000028 ], [ 68.480003126999975, 30.549642805000019 ], [ 68.501587780000023, 30.555603475 ], [ 68.549940170000013, 30.558826416999977 ], [ 68.570379339999988, 30.557769913000016 ], [ 68.579430011999989, 30.559187242 ], [ 68.602693333, 30.570581238999978 ], [ 68.635901337, 30.57554968300002 ], [ 68.64423186099998, 30.574992773000019 ], [ 68.674630934999982, 30.56553502600002 ], [ 68.68292128500002, 30.567590419 ], [ 68.686653077000017, 30.57090145799998 ], [ 68.692703381, 30.570968838999988 ], [ 68.70575564, 30.558040205 ], [ 68.749062550000019, 30.544130685000027 ], [ 68.756715749000023, 30.537675761 ], [ 68.762419415000011, 30.511573849 ], [ 68.767699919, 30.509683204 ], [ 68.79411484100001, 30.512575031999972 ], [ 68.88516359800002, 30.539015365000012 ], [ 68.919714820000024, 30.557647936000023 ], [ 68.941420328999982, 30.576153232000024 ], [ 68.993492695999976, 30.586427301000015 ], [ 69.021879394, 30.594824921 ], [ 69.046203358000014, 30.608449776999976 ], [ 69.085877616, 30.648652595999977 ], [ 69.097929400999988, 30.654631167 ], [ 69.13194138, 30.660125820000019 ], [ 69.153816367, 30.668136197000024 ], [ 69.153772128000014, 30.677149742999973 ], [ 69.141241912999988, 30.691128083000024 ], [ 69.186285655, 30.685582896000028 ], [ 69.208306745000016, 30.679979001 ], [ 69.211958926000023, 30.661179066999978 ], [ 69.224618201, 30.627063772999975 ], [ 69.326238468999975, 30.621048277999989 ], [ 69.340438431, 30.615264909000018 ], [ 69.347634630000016, 30.608667143 ], [ 69.363576903000023, 30.585506178 ], [ 69.409010304999981, 30.547971258000018 ], [ 69.460296948, 30.524012017000018 ] ] ] } },
{ "type": "Feature", "properties": { "adm2_name": "Mastung", "adm2_pcode": "PK220", "adm1_name": "Balochistan" }, "geometry": { "type": "Polygon", "coordinates": [ [ [ 66.819687617999989, 30.02504968400001 ], [ 66.844779242000016, 30.026996639 ], [ 66.887565065999979, 30.056537655 ], [ 66.915396018000024, 30.048913746999972 ], [ 66.948196193, 30.047230219000028 ], [ 66.957451129, 30.013729442999988 ], [ 66.960688619999985, 29.980051096000011 ], [ 66.986848528, 29.982389416999979 ], [ 66.995290383, 29.98074605 ], [ 67.012201139000013, 29.968989915 ], [ 67.022051756999986, 29.96700354 ], [ 67.043280267, 29.952610551000021 ], [ 67.054677770000012, 29.947866424999972 ], [ 67.071461135999982, 29.962308658999973 ], [ 67.080016132000026, 29.966713423999977 ], [ 67.088848267, 29.966290421999986 ], [ 67.095828016999974, 29.957721546000016 ], [ 67.115175136, 29.951703177000013 ], [ 67.124709666, 29.944250834 ], [ 67.117589994000014, 29.938167871000019 ], [ 67.114637773000027, 29.929843657 ], [ 67.115037140000027, 29.922781078000014 ], [ 67.137123436000024, 29.873058806000017 ], [ 67.140931406, 29.858692043000019 ], [ 67.145966790999978, 29.801210228 ], [ 67.158415396, 29.769426837000026 ], [ 67.172498999000027, 29.762855414 ], [ 67.18513508, 29.74327694599998 ], [ 67.24639041, 29.718782044000022 ], [ 67.256850418999989, 29.707301823000023 ], [ 67.263871920999975, 29.70387216 ], [ 67.276810271999977, 29.701619330000028 ], [ 67.271591854, 29.687805046999983 ], [ 67.263459636, 29.680385317 ], [ 67.223274307999986, 29.658197911 ], [ 67.208665476000021, 29.644539146999989 ], [ 67.19492458000002, 29.623092601 ], [ 67.19248776, 29.613302577000013 ], [ 67.192299451, 29.586101417 ], [ 67.175530063, 29.569406776 ], [ 67.156172016000028, 29.558935669999983 ], [ 67.12502432399998, 29.534824018999984 ], [ 67.12174356700001, 29.524996113999975 ], [ 67.124518930000022, 29.506118721 ], [ 67.123070004, 29.501585622 ], [ 67.092895388999978, 29.470102489 ], [ 67.090936068000019, 29.45958725600002 ], [ 67.088132572, 29.456485273999988 ], [ 67.081716663, 29.456949574000021 ], [ 67.07423495, 29.461093598 ], [ 67.072258753000028, 29.458399057 ], [ 67.070792768, 29.439338239999984 ], [ 67.068052976999979, 29.43512002 ], [ 67.052014591999978, 29.432554475000018 ], [ 66.950889426, 29.444855143999973 ], [ 66.916487268000026, 29.435861192 ], [ 66.866707742000017, 29.427648482 ], [ 66.829796298000019, 29.425220261 ], [ 66.817658119999976, 29.428762243999984 ], [ 66.816118107000023, 29.440240513 ], [ 66.860955461, 29.503011871000012 ], [ 66.868500884000014, 29.533904595000024 ], [ 66.864439274, 29.544896810000012 ], [ 66.858665426000016, 29.548732586000028 ], [ 66.833383396999977, 29.560724086999983 ], [ 66.808311425999989, 29.566282600000022 ], [ 66.787308683999981, 29.56084655799998 ], [ 66.722693202000016, 29.501222386999984 ], [ 66.716140044999975, 29.496818347999977 ], [ 66.70931262, 29.497723717999975 ], [ 66.688986184999976, 29.478779315999986 ], [ 66.673376381000026, 29.457885396 ], [ 66.662804645, 29.447795583000016 ], [ 66.64539514, 29.443618913000023 ], [ 66.639008605000015, 29.444702096000015 ], [ 66.619797636999976, 29.455384875999982 ], [ 66.615921454999977, 29.462428671 ], [ 66.614569691999975, 29.473575380999989 ], [ 66.617371559999981, 29.498872587999983 ], [ 66.629447038000023, 29.538347394000027 ], [ 66.643159976999982, 29.569663226999978 ], [ 66.644721625999978, 29.589675536000016 ], [ 66.63778075099998, 29.608232081999972 ], [ 66.629287383000019, 29.619628164 ], [ 66.610374541999988, 29.628540101999988 ], [ 66.595459937999976, 29.628459921 ], [ 66.582711577999987, 29.62355590300001 ], [ 66.528449320999982, 29.588289525 ], [ 66.488716384999975, 29.551233662000016 ], [ 66.450956881000025, 29.508297253000023 ], [ 66.407263484999987, 29.446279659000027 ], [ 66.392274794, 29.407581315000016 ], [ 66.391663806999986, 29.381923735999976 ], [ 66.388380800999983, 29.369631175 ], [ 66.379622217000019, 29.352094905 ], [ 66.364501948, 29.341674802999989 ], [ 66.342102054, 29.337097173000018 ], [ 66.299195983, 29.340322581 ], [ 66.260498048999978, 29.352294923999978 ], [ 66.192780427, 29.384238273999983 ], [ 66.216607701999976, 29.41119747800002 ], [ 66.227248894000013, 29.438585349999983 ], [ 66.23956175, 29.456574967999984 ], [ 66.248273948000019, 29.479681466999978 ], [ 66.258001499999978, 29.493673060999981 ], [ 66.262861272, 29.517282640000019 ], [ 66.263734527, 29.545212043 ], [ 66.27739809000002, 29.556078254 ], [ 66.294937699, 29.579776969000022 ], [ 66.298120430999973, 29.604008130000011 ], [ 66.312455865, 29.631904381000027 ], [ 66.310477172, 29.639024447 ], [ 66.296394996, 29.650959091 ], [ 66.291792547999989, 29.660637221 ], [ 66.291380296999989, 29.68628660600001 ], [ 66.285787755, 29.697671900999978 ], [ 66.287964314000021, 29.724701176 ], [ 66.280118230000028, 29.735468635000018 ], [ 66.278082975000018, 29.746906290000027 ], [ 66.280225961999975, 29.789094738000017 ], [ 66.283789109999987, 29.799079717999973 ], [ 66.304245192, 29.820745570999975 ], [ 66.307495254, 29.827594644999976 ], [ 66.30779134, 29.83785629 ], [ 66.306464456000015, 29.843269009999972 ], [ 66.302855167000018, 29.846395326 ], [ 66.269117508000022, 29.854573941000012 ], [ 66.258048012000017, 29.860620241999982 ], [ 66.268060961, 29.872806589999982 ], [ 66.29205899599998, 29.860645728 ], [ 66.316116422999983, 29.854404061000025 ], [ 66.349439476999976, 29.855297380000025 ], [ 66.379576566000026, 29.846668380999972 ], [ 66.433610504, 29.854050996000012 ], [ 66.449522972000011, 29.845308362000026 ], [ 66.462922142000025, 29.827316352000025 ], [ 66.472970751, 29.818755548000013 ], [ 66.482194688, 29.814832922 ], [ 66.505341167999973, 29.809850933 ], [ 66.524125852, 29.811439791 ], [ 66.531355414000018, 29.814371391 ], [ 66.545396765000021, 29.827990058000012 ], [ 66.552793899999983, 29.847017166 ], [ 66.568033226000011, 29.873576703000026 ], [ 66.569837872, 29.891409291 ], [ 66.566726099999983, 29.911189910000019 ], [ 66.602316846, 29.952846094 ], [ 66.611665290000019, 29.9767706 ], [ 66.623124716, 30.022842662000016 ], [ 66.683348807000016, 30.139667902999975 ], [ 66.696138999000027, 30.153263359999983 ], [ 66.721640461, 30.152566601 ], [ 66.729950980000012, 30.148307545000023 ], [ 66.742562804999977, 30.131965588000014 ], [ 66.750222448999978, 30.126264246 ], [ 66.792669359, 30.116169007 ], [ 66.795020162000014, 30.111583624 ], [ 66.797537948000013, 30.085153307999974 ], [ 66.80684513, 30.079457827 ], [ 66.825386902, 30.076974655000015 ], [ 66.835036869000021, 30.069266909000021 ], [ 66.834764233999977, 30.060928817999979 ], [ 66.8281864, 30.056007027000021 ], [ 66.809700545999988, 30.051304206999987 ], [ 66.807427669999981, 30.045543232 ], [ 66.808862213999987, 30.030603788 ], [ 66.819687617999989, 30.02504968400001 ] ] ] } },
{ "type": "Feature", "properties": { "adm2_name": "Musakhel", "adm2_pcode": "PK221", "adm1_name": "Balochistan" }, "geometry": { "type": "Polygon", "coordinates": [ [ [ 70.267494202000023, 31.460018158000025 ], [ 70.27645874000001, 31.431774139000026 ], [ 70.278625487999989, 31.397527695 ], [ 70.266342163, 31.326622009 ], [ 70.267860413, 31.276861191000023 ], [ 70.271797180000021, 31.250017166000021 ], [ 70.270065308000028, 31.243236541999977 ], [ 70.258850097999982, 31.234886169 ], [ 70.257118225, 31.228103638 ], [ 70.257659912, 31.223737717 ], [ 70.270248413, 31.213401794 ], [ 70.268463135, 31.206596375 ], [ 70.262481689000026, 31.201124191000019 ], [ 70.267372131, 31.188756942999987 ], [ 70.292739868000012, 31.159461975 ], [ 70.294784546000017, 31.104860305999978 ], [ 70.294380188, 31.095235824999975 ], [ 70.287635803, 31.069587707999972 ], [ 70.269973755000024, 31.040258408 ], [ 70.266075134, 31.019142150999983 ], [ 70.263763428, 30.925287247000028 ], [ 70.252555847, 30.882833480999977 ], [ 70.255584716999977, 30.872381210000015 ], [ 70.269500731999983, 30.865343094000025 ], [ 70.270698547, 30.859985352000024 ], [ 70.267166138, 30.84528923 ], [ 70.257843018000017, 30.843202591000022 ], [ 70.226799011000026, 30.843111038000018 ], [ 70.223983765000014, 30.84045028700001 ], [ 70.215766906999988, 30.790206909 ], [ 70.212623596000014, 30.785139083999979 ], [ 70.206687927000019, 30.779285431 ], [ 70.201095581, 30.777709961000028 ], [ 70.168190002000017, 30.774669647 ], [ 70.16318511999998, 30.768274307000013 ], [ 70.159919738999974, 30.743406295999989 ], [ 70.156158447, 30.737272263000023 ], [ 70.141265869, 30.735740662000012 ], [ 70.111907959, 30.73913002 ], [ 70.10349327, 30.732211591 ], [ 70.098388672, 30.707620621 ], [ 70.088722228999984, 30.697496414 ], [ 70.087142944, 30.692955016999974 ], [ 70.087051391999978, 30.677436828999987 ], [ 70.092216491999977, 30.660558701000014 ], [ 70.09482574499998, 30.628730774000019 ], [ 70.085632324000017, 30.592920303000028 ], [ 70.038940430000025, 30.49548912 ], [ 70.001945496000019, 30.456573486000025 ], [ 69.996490478999988, 30.436538696000014 ], [ 69.996612549000019, 30.398284912 ], [ 69.99344635, 30.381175994999978 ], [ 69.96912384, 30.333406448 ], [ 69.96117024900002, 30.322636412 ], [ 69.926560036000012, 30.333865978 ], [ 69.896263130000023, 30.333297510000023 ], [ 69.880204632000016, 30.327390611999988 ], [ 69.86579820999998, 30.310224217999973 ], [ 69.840649057, 30.302492058999974 ], [ 69.824569667999981, 30.292452368 ], [ 69.801203004, 30.291073676999986 ], [ 69.780061854, 30.299053604 ], [ 69.768909452, 30.313729963000014 ], [ 69.765626692000012, 30.342243242 ], [ 69.7607054, 30.350208106000025 ], [ 69.740836618, 30.356675818999975 ], [ 69.734137060000023, 30.366075337999973 ], [ 69.719361006999975, 30.373928155999977 ], [ 69.709626502999981, 30.362389125999982 ], [ 69.704613242, 30.362524165000025 ], [ 69.686950605, 30.36982955000002 ], [ 69.665945427, 30.384054054999979 ], [ 69.651810134000016, 30.379769633000024 ], [ 69.647354434000022, 30.385645684999986 ], [ 69.655963332999988, 30.406057397999973 ], [ 69.65253313, 30.410495853999976 ], [ 69.632468124000013, 30.411024514000019 ], [ 69.61020505800002, 30.430862233000028 ], [ 69.590498887000024, 30.44193304700002 ], [ 69.583435536000025, 30.445221371 ], [ 69.561125883999978, 30.448366792 ], [ 69.547196851000024, 30.469947805 ], [ 69.547934374000022, 30.47904160500002 ], [ 69.556831623999983, 30.489055898 ], [ 69.558028219, 30.495776959000011 ], [ 69.552214107, 30.501724083 ], [ 69.533820588000026, 30.504938770000024 ], [ 69.535269793, 30.514708125000027 ], [ 69.527909271999988, 30.524876096000014 ], [ 69.527838276000011, 30.538259773999982 ], [ 69.516449116, 30.542247714999974 ], [ 69.497070472000019, 30.532047466999984 ], [ 69.492928244999973, 30.531948022999984 ], [ 69.484177460000012, 30.539037936999989 ], [ 69.468649356000014, 30.540487290999977 ], [ 69.460845486999972, 30.564027414 ], [ 69.460470687, 30.575578614999984 ], [ 69.464195947, 30.590881012000011 ], [ 69.473534504999975, 30.606927643 ], [ 69.511405729999979, 30.634002929000019 ], [ 69.530356503, 30.663016903000027 ], [ 69.52566385, 30.679441451 ], [ 69.529524885, 30.689161178 ], [ 69.528472150000027, 30.700088462999986 ], [ 69.530470219999984, 30.703786821999984 ], [ 69.529396411, 30.715322519999972 ], [ 69.526515039, 30.717231216000016 ], [ 69.526971526000011, 30.725000532000024 ], [ 69.535063168000022, 30.736753691 ], [ 69.531875564000018, 30.748239646 ], [ 69.549661435000019, 30.765697696000018 ], [ 69.564294147999988, 30.771518564000019 ], [ 69.569098157999974, 30.775890447999984 ], [ 69.575745948000019, 30.788824133 ], [ 69.625168996000014, 30.833780106 ], [ 69.635360678999973, 30.846791949000021 ], [ 69.656005063, 30.892202773 ], [ 69.672972448, 30.915101649 ], [ 69.674629053999979, 30.930351278999979 ], [ 69.692185165000012, 30.957519597999976 ], [ 69.718232108999985, 30.984874448000028 ], [ 69.722870634, 31.019053025 ], [ 69.73162811200001, 31.033851194000022 ], [ 69.73150012100001, 31.03810735899998 ], [ 69.704969415, 31.055671873 ], [ 69.703149587999974, 31.06901918 ], [ 69.716681042, 31.090009608 ], [ 69.72426428, 31.096870611999975 ], [ 69.723772166, 31.101422290000016 ], [ 69.716280224, 31.103387775999977 ], [ 69.704268967000019, 31.102512704 ], [ 69.697699633000013, 31.109060355999986 ], [ 69.704842561000021, 31.130518060999975 ], [ 69.69622689800002, 31.181443922000028 ], [ 69.700072567, 31.194917555000018 ], [ 69.713019674, 31.212244106000014 ], [ 69.716216153, 31.223877121999976 ], [ 69.698044794, 31.234894236 ], [ 69.694265646000019, 31.242721556 ], [ 69.696263357000021, 31.247028315000023 ], [ 69.718392653000024, 31.265773661000026 ], [ 69.719627517999982, 31.273564396999973 ], [ 69.731586263, 31.267523040000015 ], [ 69.752232016, 31.265556792999973 ], [ 69.758745267, 31.260272421000025 ], [ 69.762063392000016, 31.253636417999985 ], [ 69.769191142000011, 31.263713414999984 ], [ 69.783323644, 31.270718166999984 ], [ 69.789959765, 31.284973666999974 ], [ 69.798316382, 31.288168793000011 ], [ 69.806673140999976, 31.285588048000022 ], [ 69.810605635, 31.29210128699998 ], [ 69.81662726899998, 31.292593045999979 ], [ 69.817856265999978, 31.295050792999973 ], [ 69.823878017000027, 31.293698786 ], [ 69.827687524999988, 31.297754430999987 ], [ 69.829268991999982, 31.296866288999979 ], [ 69.82633576500001, 31.290380920000018 ], [ 69.827196013, 31.286571412 ], [ 69.831865887, 31.288783292 ], [ 69.839290683, 31.287009925 ], [ 69.852634650000027, 31.275633918999972 ], [ 69.859762387999979, 31.276617048999981 ], [ 69.881022640000026, 31.272684414000025 ], [ 69.886675643, 31.265802543 ], [ 69.922317175999979, 31.254988049000019 ], [ 69.930425959, 31.247804589999987 ], [ 69.955989550000027, 31.275633918999972 ], [ 69.961519543, 31.288414671999988 ], [ 69.970244932000014, 31.289766304000011 ], [ 69.974089047, 31.29342685 ], [ 69.995252036000011, 31.286817180000014 ], [ 70.028127051000013, 31.301564045000021 ], [ 70.028004053000018, 31.312132541999972 ], [ 70.032551056999978, 31.314099036000016 ], [ 70.031936442000017, 31.317540053000016 ], [ 70.034517305, 31.31975203899998 ], [ 70.031680296, 31.322280870999975 ], [ 70.027327539, 31.335305045999974 ], [ 70.027173796999989, 31.358973805 ], [ 70.052424050000013, 31.398348504000012 ], [ 70.057144165000011, 31.38957977299998 ], [ 70.073043822999978, 31.388237 ], [ 70.077560425, 31.392452240000011 ], [ 70.081054687, 31.407262802 ], [ 70.095046997, 31.412441253999987 ], [ 70.097671509, 31.423547745 ], [ 70.094749450999984, 31.441034317 ], [ 70.095802306999985, 31.449081421000017 ], [ 70.113845825, 31.446680069000024 ], [ 70.118408203, 31.434114455999975 ], [ 70.124702453999987, 31.428333281999983 ], [ 70.131248474000017, 31.428758620999986 ], [ 70.136627197, 31.436054230000025 ], [ 70.149589538999976, 31.433799744 ], [ 70.154296875, 31.442358017 ], [ 70.174011230000019, 31.445489883 ], [ 70.192405700999984, 31.46916580200002 ], [ 70.203613281, 31.476902008000025 ], [ 70.223571777000018, 31.48561096200001 ], [ 70.245590209999989, 31.508546829000011 ], [ 70.260787963999974, 31.507455826000012 ], [ 70.267494202000023, 31.460018158000025 ] ] ] } },
{ "type": "Feature", "properties": { "adm2_name": "Nasirabad", "adm2_pcode": "PK222", "adm1_name": "Balochistan" }, "geometry": { "type": "Polygon", "coordinates": [ [ [ 68.43503423300001, 28.815557634000015 ], [ 68.440857473999984, 28.759891966 ], [ 68.43956672500002, 28.720315426000013 ], [ 68.443611827999973, 28.686999970999977 ], [ 68.448178881999979, 28.674007623000023 ], [ 68.429795477000027, 28.670122597999978 ], [ 68.403732965000017, 28.660312789999978 ], [ 68.389326450999988, 28.649401002 ], [ 68.381301074000021, 28.638813406999986 ], [ 68.380505346, 28.597797016000015 ], [ 68.383766526999977, 28.534210498999983 ], [ 68.388107592999972, 28.51007867300001 ], [ 68.387588757, 28.482330492000017 ], [ 68.38179134, 28.451633441000013 ], [ 68.376303945000018, 28.445251817999974 ], [ 68.359717665, 28.436029115999986 ], [ 68.348268301000019, 28.435157935 ], [ 68.293830437, 28.44561788599998 ], [ 68.253821162, 28.439528756000016 ], [ 68.203728867, 28.440880822999986 ], [ 68.170802234, 28.433007718999988 ], [ 68.141898745999981, 28.422552197000016 ], [ 68.09938663600002, 28.401693314999989 ], [ 68.078895933000013, 28.386444685000015 ], [ 68.072775343999979, 28.370779414000026 ], [ 68.074370554999973, 28.348596994 ], [ 68.070969323999975, 28.339894958 ], [ 68.043295786999977, 28.314749152 ], [ 68.027244352000025, 28.303790919 ], [ 68.003843739, 28.280227163 ], [ 67.99273754, 28.264000302999989 ], [ 67.973473053000021, 28.248445587 ], [ 67.950821782, 28.238216342999976 ], [ 67.803623101000028, 28.20355844300002 ], [ 67.797820531000013, 28.249030554 ], [ 67.782418655000015, 28.302249914000015 ], [ 67.755950472999984, 28.377570574 ], [ 67.742617379000023, 28.426690552000025 ], [ 67.743922175000023, 28.458345114 ], [ 67.750078153, 28.476322062 ], [ 67.762680034000027, 28.501481981999973 ], [ 67.770352620999972, 28.508691865 ], [ 67.783500139000012, 28.530880707999984 ], [ 67.78845809500001, 28.553726416000018 ], [ 67.776590767000016, 28.597092288 ], [ 67.775944148, 28.608114398999987 ], [ 67.796486706, 28.616537205999975 ], [ 67.827447248, 28.617838098999982 ], [ 67.843438291999973, 28.616253405 ], [ 67.859444092999979, 28.608675464999976 ], [ 67.870696206, 28.608820195000021 ], [ 67.879281110000022, 28.628921273 ], [ 67.890525118000028, 28.642349138999975 ], [ 67.890540519000012, 28.646461167999973 ], [ 67.865693143999977, 28.660150159000011 ], [ 67.864646713000013, 28.665361785000016 ], [ 67.868582101000015, 28.673717394999983 ], [ 67.877043277999974, 28.682097081 ], [ 67.896302951999985, 28.693817591000027 ], [ 67.928856511999982, 28.746610842 ], [ 67.953672665, 28.777288739000028 ], [ 67.962829489, 28.782795121 ], [ 67.968850761999988, 28.780910772000027 ], [ 67.966812761000028, 28.709314131999975 ], [ 67.970779719, 28.701532161999978 ], [ 67.982872666, 28.700946966 ], [ 68.023734413, 28.721252075 ], [ 68.03289017100002, 28.729882577000012 ], [ 68.033832844000017, 28.747431644000017 ], [ 68.023296279000022, 28.771749769 ], [ 68.02345685, 28.778324148000024 ], [ 68.036979845000019, 28.778241075999972 ], [ 68.068758061999972, 28.783717163 ], [ 68.11028804, 28.799609969000016 ], [ 68.174841422999975, 28.832711997 ], [ 68.22880621500002, 28.851281832999973 ], [ 68.237928468, 28.859767979000026 ], [ 68.25951281, 28.928712818 ], [ 68.259025184, 28.933319493 ], [ 68.254179707, 28.935744890000024 ], [ 68.236520187999986, 28.939079477 ], [ 68.229712665000022, 28.943584497000018 ], [ 68.227232823, 28.947732917 ], [ 68.230187146999981, 28.953419299000018 ], [ 68.248040946, 28.96658869800001 ], [ 68.259452851999981, 28.984258415 ], [ 68.282272298, 28.988806093 ], [ 68.323317437000014, 29.005552540999986 ], [ 68.382866802000024, 29.049495270000023 ], [ 68.399926245000017, 29.015951288999986 ], [ 68.404794277, 28.993219454999974 ], [ 68.412612028000012, 28.981011879999983 ], [ 68.414291828999978, 28.973006807 ], [ 68.412828538999975, 28.919892009000023 ], [ 68.414421548, 28.88796843199998 ], [ 68.43503423300001, 28.815557634000015 ] ] ] } },
{ "type": "Feature", "properties": { "adm2_name": "Nushki", "adm2_pcode": "PK223", "adm1_name": "Balochistan" }, "geometry": { "type": "Polygon", "coordinates": [ [ [ 66.181884767999975, 29.371276852999983 ], [ 66.163058060000026, 29.329616835000024 ], [ 66.150113678000025, 29.323830207000015 ], [ 66.143929517, 29.323521711000012 ], [ 66.128296143, 29.326595844 ], [ 66.098190048999982, 29.349836485000026 ], [ 66.090749333000019, 29.347244637000017 ], [ 66.085523701999989, 29.333418594000022 ], [ 66.078059944000017, 29.323319627999979 ], [ 66.059643118999986, 29.306238902000018 ], [ 66.052236556000025, 29.292813697999975 ], [ 66.049676756, 29.285962031 ], [ 66.05400462, 29.269456139999988 ], [ 66.052128397999979, 29.256627775000027 ], [ 66.036924968, 29.242598833999978 ], [ 66.009374830000013, 29.197486697999977 ], [ 65.954991858000028, 29.166441237000015 ], [ 65.901190922000012, 29.14848079799998 ], [ 65.866958565, 29.128502702 ], [ 65.860795536000012, 29.127611399999978 ], [ 65.843866478999985, 29.132919222999988 ], [ 65.823305181000023, 29.145040806 ], [ 65.815826583999979, 29.145847208000021 ], [ 65.745673135, 29.144802468000023 ], [ 65.730437560999974, 29.141275253 ], [ 65.711990373999981, 29.13401928899998 ], [ 65.698750390999976, 29.125943948999975 ], [ 65.694583231000024, 29.120498583000028 ], [ 65.693851487000018, 29.09570641 ], [ 65.691647886999988, 29.088569011 ], [ 65.686832738000021, 29.083120516 ], [ 65.651937890999989, 29.071868817999984 ], [ 65.627712288999987, 29.060566914999981 ], [ 65.603973456, 29.03444913300001 ], [ 65.588440661999982, 29.030901987 ], [ 65.524757013, 29.039185339000028 ], [ 65.47623186300001, 29.032922518000021 ], [ 65.445038937, 29.101906606 ], [ 65.426853887999982, 29.130509045 ], [ 65.336611393, 29.292929415 ], [ 65.261122263, 29.413469169 ], [ 65.189221257999975, 29.500273288000017 ], [ 65.129303033999975, 29.551636985000016 ], [ 65.44133919799998, 29.636222296000028 ], [ 65.781143526, 29.723744429000021 ], [ 66.035537568999985, 29.792132246999984 ], [ 66.230590354000014, 29.846709571000019 ], [ 66.24564503900001, 29.851372004999973 ], [ 66.253968000999976, 29.85565463 ], [ 66.258048012000017, 29.860620241999982 ], [ 66.269117508000022, 29.854573941000012 ], [ 66.302855167000018, 29.846395326 ], [ 66.306464456000015, 29.843269009999972 ], [ 66.30779134, 29.83785629 ], [ 66.307495254, 29.827594644999976 ], [ 66.304245192, 29.820745570999975 ], [ 66.283789109999987, 29.799079717999973 ], [ 66.280225961999975, 29.789094738000017 ], [ 66.278082975000018, 29.746906290000027 ], [ 66.280118230000028, 29.735468635000018 ], [ 66.287964314000021, 29.724701176 ], [ 66.285787755, 29.697671900999978 ], [ 66.291380296999989, 29.68628660600001 ], [ 66.291792547999989, 29.660637221 ], [ 66.296394996, 29.650959091 ], [ 66.310477172, 29.639024447 ], [ 66.312455865, 29.631904381000027 ], [ 66.298120430999973, 29.604008130000011 ], [ 66.294937699, 29.579776969000022 ], [ 66.27739809000002, 29.556078254 ], [ 66.263734527, 29.545212043 ], [ 66.262861272, 29.517282640000019 ], [ 66.259613587999979, 29.497951652999973 ], [ 66.248273948000019, 29.479681466999978 ], [ 66.242470649999973, 29.462282243 ], [ 66.227248894000013, 29.438585349999983 ], [ 66.216607701999976, 29.41119747800002 ], [ 66.181884767999975, 29.371276852999983 ] ] ] } },
{ "type": "Feature", "properties": { "adm2_name": "Pishin", "adm2_pcode": "PK225", "adm1_name": "Balochistan" }, "geometry": { "type": "Polygon", "coordinates": [ [ [ 67.454776521999975, 31.226145914000028 ], [ 67.462309764999986, 31.21233491800001 ], [ 67.476644754, 31.204353543000025 ], [ 67.503016815000024, 31.205031196999983 ], [ 67.532118094, 31.211001173 ], [ 67.554758091, 31.209359130999985 ], [ 67.562967706999984, 31.204541103999986 ], [ 67.572743146999983, 31.193019003000018 ], [ 67.586086175, 31.162938606000012 ], [ 67.591564128000016, 31.159335295 ], [ 67.63983959799998, 31.163150413999972 ], [ 67.670783509999978, 31.150379497000017 ], [ 67.692800260000013, 31.149712043000022 ], [ 67.699472397000022, 31.146760928999981 ], [ 67.711427289000028, 31.147352378999983 ], [ 67.726930642000013, 31.143424918999983 ], [ 67.736191025999972, 31.143155939 ], [ 67.76068101200002, 31.148052789000019 ], [ 67.799529958, 31.147389252999972 ], [ 67.815770939, 31.150810044000025 ], [ 67.821310981000011, 31.147070942000028 ], [ 67.820687420000013, 31.142793032999975 ], [ 67.808642029999987, 31.126269278999985 ], [ 67.814865581999982, 31.117515434999973 ], [ 67.814776850999976, 31.114409208999973 ], [ 67.803997036, 31.104941677999989 ], [ 67.798430700999972, 31.090979334 ], [ 67.784295596999982, 31.083189850999986 ], [ 67.756318575000023, 31.081300451 ], [ 67.751138401999981, 31.078100127000027 ], [ 67.751851975000022, 31.072950204 ], [ 67.761574014000018, 31.067080788999988 ], [ 67.761614437, 31.060253280999973 ], [ 67.752695344000017, 31.042894276000027 ], [ 67.741777892000016, 31.028145251000012 ], [ 67.695803479, 30.99894175999998 ], [ 67.646601626, 30.961324564 ], [ 67.638217062000024, 30.953829428 ], [ 67.62008828, 30.928370673000018 ], [ 67.605097463, 30.916430736999985 ], [ 67.587081377, 30.907852348 ], [ 67.573219595000012, 30.897972983999978 ], [ 67.555788534999976, 30.894138514000019 ], [ 67.50947792, 30.876199942000028 ], [ 67.47006320600002, 30.872262834000026 ], [ 67.463697885999977, 30.859974927 ], [ 67.450271353, 30.84861773199998 ], [ 67.443340847, 30.835001169 ], [ 67.444378495000024, 30.829463452000027 ], [ 67.454772228000024, 30.821718128999976 ], [ 67.474363496000024, 30.817146233000017 ], [ 67.477629256, 30.813365611999984 ], [ 67.479287295, 30.794413304999978 ], [ 67.474395695, 30.781784553000023 ], [ 67.464201634, 30.770708376000016 ], [ 67.462988037, 30.738594302000024 ], [ 67.45555183, 30.732656132999978 ], [ 67.435073088000024, 30.723437790999981 ], [ 67.428394075000028, 30.712591275000023 ], [ 67.430800353, 30.707681056000013 ], [ 67.456313818000012, 30.709908481000014 ], [ 67.471099933, 30.708011793000026 ], [ 67.477539536, 30.695568114000025 ], [ 67.478598211000019, 30.680332516000021 ], [ 67.488748328999975, 30.670980250000014 ], [ 67.50068833, 30.66852001 ], [ 67.519020803999979, 30.667985354 ], [ 67.546082463, 30.673648848000028 ], [ 67.574941777, 30.673709953000014 ], [ 67.590322210000011, 30.67722949 ], [ 67.604413641, 30.683633548999978 ], [ 67.622012289, 30.680220758000019 ], [ 67.637172953, 30.683448753999983 ], [ 67.647409908999975, 30.682479073000025 ], [ 67.65612897, 30.688342504 ], [ 67.666466873, 30.688177105000022 ], [ 67.671041700999979, 30.684959725999988 ], [ 67.674759458999972, 30.67110819200002 ], [ 67.685759054000016, 30.659841079999978 ], [ 67.683150628000021, 30.641369457 ], [ 67.684059670000011, 30.637041389 ], [ 67.691507757000011, 30.628709129000015 ], [ 67.688300543000025, 30.617782217000013 ], [ 67.698959113, 30.619195467 ], [ 67.700950776000013, 30.59349232 ], [ 67.649552203999974, 30.588865100000021 ], [ 67.62502831, 30.590557043 ], [ 67.597183433999987, 30.588357986 ], [ 67.567549320000012, 30.580293415000028 ], [ 67.560120885, 30.573951819 ], [ 67.553565404999972, 30.548693115999981 ], [ 67.536737276, 30.538179813999989 ], [ 67.531109510000022, 30.518236546000026 ], [ 67.528002142999981, 30.516242133999981 ], [ 67.495474515000012, 30.521685293000019 ], [ 67.489115504999972, 30.53627763999998 ], [ 67.477157804, 30.543157936999989 ], [ 67.465872299000011, 30.554336606999982 ], [ 67.456398756999988, 30.576396804000012 ], [ 67.449593612, 30.584963195 ], [ 67.417021042999977, 30.598218668000015 ], [ 67.39116358299998, 30.597048696 ], [ 67.367219515999977, 30.58638222899998 ], [ 67.323490242999981, 30.554617597 ], [ 67.318850386, 30.555288169999983 ], [ 67.271980337, 30.529891695 ], [ 67.266722072, 30.524415503 ], [ 67.261434990999987, 30.507615730999987 ], [ 67.256262626000023, 30.500381131999973 ], [ 67.224152181000022, 30.473282297000026 ], [ 67.223784181999974, 30.469000920999974 ], [ 67.228084264000017, 30.461350595 ], [ 67.219827001999988, 30.448968464000018 ], [ 67.21883307600001, 30.443752722999989 ], [ 67.201637614, 30.448122997999974 ], [ 67.197609480999972, 30.443951157000015 ], [ 67.193901939, 30.444356165999977 ], [ 67.182502269, 30.454788667 ], [ 67.177041130000021, 30.448868810000022 ], [ 67.149152779000019, 30.435809834999986 ], [ 67.125117960000011, 30.43785878 ], [ 67.089065909999988, 30.413368134999985 ], [ 67.060060236000027, 30.379682230000014 ], [ 67.048736851, 30.37351656200002 ], [ 67.019076579, 30.37843842 ], [ 67.01181139, 30.385287920999986 ], [ 67.006593031000023, 30.386624977999986 ], [ 67.002886795999984, 30.387195502999987 ], [ 66.997345795, 30.382553536999978 ], [ 66.990455261000022, 30.381794007999986 ], [ 66.967736278000018, 30.390752733 ], [ 66.947556712, 30.419130498000015 ], [ 66.945652000999985, 30.426095572 ], [ 66.934236003000024, 30.43976201800001 ], [ 66.929129724, 30.462400049 ], [ 66.917164845, 30.47352773 ], [ 66.877900533, 30.459862213 ], [ 66.869873955, 30.461517338000021 ], [ 66.857036640999979, 30.468723276 ], [ 66.846688304, 30.449647465 ], [ 66.846465099999989, 30.437433582999972 ], [ 66.830483996, 30.421499086999972 ], [ 66.82497883000002, 30.408015830000011 ], [ 66.823661936, 30.394962828000018 ], [ 66.813384922000012, 30.386175426000023 ], [ 66.812496090000025, 30.379440224 ], [ 66.81622195, 30.370460216000026 ], [ 66.809110968000027, 30.364492419999976 ], [ 66.799522963000015, 30.34708038399998 ], [ 66.797145544999978, 30.332245694999983 ], [ 66.773893632000011, 30.296911078 ], [ 66.760544525, 30.291044734000025 ], [ 66.756604615000015, 30.286829352999973 ], [ 66.753392027000018, 30.281870228 ], [ 66.756018778, 30.273335256999985 ], [ 66.75468422900002, 30.269328869999981 ], [ 66.744236003000026, 30.260287972000015 ], [ 66.740489589999981, 30.250719490999984 ], [ 66.742271019999976, 30.245284524999988 ], [ 66.721374019, 30.223113915999988 ], [ 66.718947067999977, 30.21246321000001 ], [ 66.702751837, 30.188716838 ], [ 66.692068952999989, 30.182872912 ], [ 66.673435762999986, 30.181088246 ], [ 66.653923159999977, 30.175563684 ], [ 66.650282291999986, 30.172487750000016 ], [ 66.64608052, 30.173128712 ], [ 66.626371233999976, 30.182069741000021 ], [ 66.622001521000016, 30.186940904999972 ], [ 66.608404356, 30.188499682999975 ], [ 66.592112824000026, 30.20526042900002 ], [ 66.567421922, 30.207277422 ], [ 66.561067564999973, 30.211090614 ], [ 66.549143343000026, 30.213449614000012 ], [ 66.543230320000021, 30.220640307 ], [ 66.535682215, 30.218461830000024 ], [ 66.523570638000024, 30.222328521 ], [ 66.52376376, 30.248518661999981 ], [ 66.512907014, 30.274154667 ], [ 66.51536039299998, 30.297203926 ], [ 66.530188779000014, 30.342652668000028 ], [ 66.550173137, 30.371616298 ], [ 66.550524011999983, 30.375005669000018 ], [ 66.545735638, 30.383090665999987 ], [ 66.547526006999988, 30.396990910999989 ], [ 66.550901884999973, 30.409212288 ], [ 66.57002189100001, 30.448653922 ], [ 66.573292638, 30.470356294 ], [ 66.572372257999973, 30.482201288999988 ], [ 66.558780754, 30.506127177999986 ], [ 66.549678772, 30.51417453900001 ], [ 66.542392006999989, 30.534090791999972 ], [ 66.541911387000027, 30.541537300000016 ], [ 66.54494426399998, 30.550030924999987 ], [ 66.561771513999986, 30.582859303000021 ], [ 66.581970520000027, 30.585767789999977 ], [ 66.654928132, 30.589119418 ], [ 66.679314143, 30.595349165000016 ], [ 66.697416882000027, 30.595215033999978 ], [ 66.715900639999973, 30.588770163 ], [ 66.749616393, 30.582982664999975 ], [ 66.795834631999981, 30.584415042999979 ], [ 66.817213385, 30.572761661000015 ], [ 66.831203887000015, 30.570385294 ], [ 66.842598883, 30.574301172 ], [ 66.848974011, 30.581435039999974 ], [ 66.836366258999988, 30.600491045000012 ], [ 66.826481882999985, 30.625044221999985 ], [ 66.802696560000015, 30.668789167 ], [ 66.773954844, 30.729706115999988 ], [ 66.766851928, 30.752779404000023 ], [ 66.769668922999983, 30.767742105000025 ], [ 66.834166684000024, 30.856514138000023 ], [ 66.840416358000027, 30.876693386999989 ], [ 66.842713020000019, 30.903314443 ], [ 66.840539832, 30.914018399999975 ], [ 66.836973871, 30.919732983000017 ], [ 66.827469814999972, 30.926174436 ], [ 66.826241402999983, 30.930457682 ], [ 66.834164539000028, 30.94480508700002 ], [ 66.853896137999982, 30.953353825000022 ], [ 66.859758243999977, 30.953429697 ], [ 66.871993825, 30.946855233 ], [ 66.887132623000014, 30.930218207999985 ], [ 66.920605346, 30.920556431000023 ], [ 66.929450499999973, 30.92435247100002 ], [ 66.942153259, 30.936288427000022 ], [ 66.961699093999982, 30.939791661000015 ], [ 66.95870886900002, 30.951971426 ], [ 66.961325432000024, 30.95940786 ], [ 66.973703178999983, 30.967634309 ], [ 66.991996261, 30.973237521999977 ], [ 67.017439409000019, 30.970939712000018 ], [ 67.031202522, 30.966050617 ], [ 67.05334381199998, 30.950147336999976 ], [ 67.060553636, 30.938785424 ], [ 67.067663068, 30.937977639 ], [ 67.098943755999983, 30.960079056999973 ], [ 67.144727811999985, 30.985141458999976 ], [ 67.16600225000002, 31.001856004999979 ], [ 67.190558883, 31.008504458 ], [ 67.221958493999978, 31.030025432 ], [ 67.22308082, 31.033737116 ], [ 67.213328508000018, 31.049743993999982 ], [ 67.209254395000016, 31.061484604999976 ], [ 67.21063461, 31.075299488999974 ], [ 67.22918533, 31.122607334 ], [ 67.250576046999981, 31.134595752 ], [ 67.252881464999973, 31.137983936000012 ], [ 67.254757063999989, 31.144395873 ], [ 67.253179483, 31.151409925999985 ], [ 67.246385589, 31.161441674 ], [ 67.248270338, 31.176476331 ], [ 67.262017548000017, 31.206940633999977 ], [ 67.271498338000015, 31.205772997999986 ], [ 67.291503584, 31.21251126300001 ], [ 67.304855694000025, 31.211961200000019 ], [ 67.314599656999974, 31.215209188000017 ], [ 67.327185609000026, 31.213716160999979 ], [ 67.345360588, 31.219711186999973 ], [ 67.390534463, 31.216574520999984 ], [ 67.406410967, 31.219747203 ], [ 67.445102044, 31.23299820699998 ], [ 67.448315117, 31.227376736999986 ], [ 67.454776521999975, 31.226145914000028 ] ] ] } },
{ "type": "Feature", "properties": { "adm2_name": "Quetta", "adm2_pcode": "PK226", "adm1_name": "Balochistan" }, "geometry": { "type": "Polygon", "coordinates": [ [ [ 66.929814232000012, 30.460769950999975 ], [ 66.934236003000024, 30.43976201800001 ], [ 66.945652000999985, 30.426095572 ], [ 66.947556712, 30.419130498000015 ], [ 66.967736278000018, 30.390752733 ], [ 66.990455261000022, 30.381794007999986 ], [ 66.997345795, 30.382553536999978 ], [ 67.002886795999984, 30.387195502999987 ], [ 67.006593031000023, 30.386624977999986 ], [ 67.01181139, 30.385287920999986 ], [ 67.019076579, 30.37843842 ], [ 67.048736851, 30.37351656200002 ], [ 67.060060236000027, 30.379682230000014 ], [ 67.089065909999988, 30.413368134999985 ], [ 67.125117960000011, 30.43785878 ], [ 67.149152779000019, 30.435809834999986 ], [ 67.177041130000021, 30.448868810000022 ], [ 67.182502269, 30.454788667 ], [ 67.193901939, 30.444356165999977 ], [ 67.197609480999972, 30.443951157000015 ], [ 67.201637614, 30.448122997999974 ], [ 67.21883307600001, 30.443752722999989 ], [ 67.218054983, 30.438117735999981 ], [ 67.190786460000027, 30.406003366999983 ], [ 67.188650151, 30.390922295999985 ], [ 67.192680936999977, 30.36817728699998 ], [ 67.206206896000026, 30.353082286000017 ], [ 67.222375736, 30.343115071999989 ], [ 67.225271696, 30.33743635899998 ], [ 67.234802445000014, 30.332505801000025 ], [ 67.258905342999981, 30.323456446000023 ], [ 67.280188587, 30.332873971000026 ], [ 67.290297486999975, 30.299755504000018 ], [ 67.289224053999988, 30.295049915 ], [ 67.262323239000011, 30.270919924 ], [ 67.252021336999974, 30.25804171599998 ], [ 67.241075626, 30.251259328 ], [ 67.228277253999977, 30.24981892400001 ], [ 67.219962338000016, 30.234107816 ], [ 67.246118473000024, 30.228873088 ], [ 67.255281219999972, 30.234766279999974 ], [ 67.270521695000014, 30.252099857000019 ], [ 67.280639896000025, 30.251756296 ], [ 67.282920051000019, 30.248688142 ], [ 67.279168846, 30.232929634000016 ], [ 67.277932051, 30.207849149000026 ], [ 67.281068708000021, 30.201048289000028 ], [ 67.289972020999983, 30.194408607000014 ], [ 67.297685366, 30.180847481 ], [ 67.304357978999974, 30.176023385 ], [ 67.314513901999987, 30.174425454000016 ], [ 67.357681970999977, 30.177488299 ], [ 67.37506815, 30.17545671 ], [ 67.382208213000013, 30.177528215 ], [ 67.39121860900002, 30.187789751000025 ], [ 67.397704417, 30.187963954999987 ], [ 67.409414729, 30.183269772000017 ], [ 67.412542320999989, 30.176466267000023 ], [ 67.433175568000024, 30.06181553 ], [ 67.432112570000015, 30.051931266 ], [ 67.429823989, 30.055076315 ], [ 67.419870243, 30.058865067 ], [ 67.404670488000022, 30.054819134000013 ], [ 67.392645979, 30.044699261 ], [ 67.41087396, 30.035106725999981 ], [ 67.412123201999975, 30.030709762000015 ], [ 67.408677147, 30.022041371 ], [ 67.385030837999977, 30.009828615 ], [ 67.358877802, 30.006007974 ], [ 67.351896604, 30.001386222 ], [ 67.351152265999986, 29.991070294 ], [ 67.353240683000024, 29.98387528 ], [ 67.362411254, 29.968585759 ], [ 67.366524438999988, 29.952209262 ], [ 67.365417181, 29.929767949999984 ], [ 67.369522366000012, 29.92368869500001 ], [ 67.37629847, 29.921425468999985 ], [ 67.34750434, 29.91114970000001 ], [ 67.32985069, 29.913027116000023 ], [ 67.326720724999973, 29.915505954000025 ], [ 67.319440881999981, 29.939048592 ], [ 67.315757136, 29.943739048 ], [ 67.309632008999984, 29.946092516000022 ], [ 67.301230885999985, 29.943134680000014 ], [ 67.298890466999978, 29.938938597 ], [ 67.299889684, 29.928548551 ], [ 67.297531573000015, 29.924724310999977 ], [ 67.288237767999988, 29.922473659 ], [ 67.277208217, 29.928346405000013 ], [ 67.269631095000022, 29.949266360000024 ], [ 67.258086333999984, 29.964430323999977 ], [ 67.237641917000019, 29.977729408000016 ], [ 67.228708529000016, 29.976606892 ], [ 67.224174316000017, 29.973434559999987 ], [ 67.222648750000019, 29.962378371999989 ], [ 67.217512382999985, 29.962347228999988 ], [ 67.211047939000025, 29.96535931 ], [ 67.196343247000016, 29.980825182999979 ], [ 67.180977881, 29.979798787 ], [ 67.166963216999989, 29.973823988 ], [ 67.124709666, 29.944250834 ], [ 67.108010642000011, 29.955426042999989 ], [ 67.095828016999974, 29.957721546000016 ], [ 67.091737765, 29.964399425000011 ], [ 67.085565137, 29.966954429999987 ], [ 67.080016132000026, 29.966713423999977 ], [ 67.071461135999982, 29.962308658999973 ], [ 67.057867765000026, 29.948812293 ], [ 67.048709041999984, 29.949570027999982 ], [ 67.033059515, 29.961034551000012 ], [ 67.022051756999986, 29.96700354 ], [ 67.012201139000013, 29.968989915 ], [ 66.995290383, 29.98074605 ], [ 66.986848528, 29.982389416999979 ], [ 66.960688619999985, 29.980051096000011 ], [ 66.957451129, 30.013729442999988 ], [ 66.948196193, 30.047230219000028 ], [ 66.915396018000024, 30.048913746999972 ], [ 66.887565065999979, 30.056537655 ], [ 66.844779242000016, 30.026996639 ], [ 66.82114259399998, 30.024637176999988 ], [ 66.814336432, 30.026566826000021 ], [ 66.808862213999987, 30.030603788 ], [ 66.807172556000012, 30.035953901000028 ], [ 66.809700545999988, 30.051304206999987 ], [ 66.8281864, 30.056007027000021 ], [ 66.834764233999977, 30.060928817999979 ], [ 66.835036869000021, 30.069266909000021 ], [ 66.825386902, 30.076974655000015 ], [ 66.80684513, 30.079457827 ], [ 66.797537948000013, 30.085153307999974 ], [ 66.795020162000014, 30.111583624 ], [ 66.792669359, 30.116169007 ], [ 66.750222448999978, 30.126264246 ], [ 66.742562804999977, 30.131965588000014 ], [ 66.729950980000012, 30.148307545000023 ], [ 66.713348199, 30.154237830999989 ], [ 66.696138999000027, 30.153263359999983 ], [ 66.683348807000016, 30.139667902999975 ], [ 66.623124716, 30.022842662000016 ], [ 66.611665290000019, 29.9767706 ], [ 66.602316846, 29.952846094 ], [ 66.566726099999983, 29.911189910000019 ], [ 66.569837872, 29.891409291 ], [ 66.568033226000011, 29.873576703000026 ], [ 66.552793899999983, 29.847017166 ], [ 66.545396765000021, 29.827990058000012 ], [ 66.531355414000018, 29.814371391 ], [ 66.524125852, 29.811439791 ], [ 66.505341167999973, 29.809850933 ], [ 66.482194688, 29.814832922 ], [ 66.472970751, 29.818755548000013 ], [ 66.462922142000025, 29.827316352000025 ], [ 66.449522972000011, 29.845308362000026 ], [ 66.433610504, 29.854050996000012 ], [ 66.379576566000026, 29.846668380999972 ], [ 66.349439476999976, 29.855297380000025 ], [ 66.316116422999983, 29.854404061000025 ], [ 66.29205899599998, 29.860645728 ], [ 66.268060961, 29.872806589999982 ], [ 66.313194667, 29.910896615000013 ], [ 66.31890832, 29.91270419 ], [ 66.330190941000012, 29.925031255000022 ], [ 66.345641801, 29.95012785199998 ], [ 66.356855871, 29.958316578999984 ], [ 66.361947223000016, 29.968132573999981 ], [ 66.361505207999983, 29.972019026999988 ], [ 66.300422087000015, 30.016263035 ], [ 66.288543358000027, 30.022274431000028 ], [ 66.241653811999981, 30.055052257 ], [ 66.238219195999989, 30.066407116999983 ], [ 66.238441841, 30.084087694 ], [ 66.239862534999986, 30.08609610100001 ], [ 66.262377830999981, 30.086455107 ], [ 66.269191689000024, 30.099290644 ], [ 66.277420584000026, 30.101583054 ], [ 66.283743430000015, 30.118638503 ], [ 66.300982988999976, 30.129655341999978 ], [ 66.305426610999973, 30.14087615699998 ], [ 66.312365871, 30.143242358 ], [ 66.326781902, 30.160692513000015 ], [ 66.333454218999975, 30.161313162 ], [ 66.341731818000028, 30.166791183999976 ], [ 66.350629309, 30.185903054 ], [ 66.357684708000022, 30.187479243999974 ], [ 66.366812012000025, 30.179994567999984 ], [ 66.378587228000015, 30.179993046999982 ], [ 66.385466571, 30.170048262000023 ], [ 66.403510611, 30.170916745999989 ], [ 66.4144506, 30.161775573999989 ], [ 66.442565122000019, 30.162868544999981 ], [ 66.450397048000013, 30.160207705 ], [ 66.456239297000025, 30.162627427000018 ], [ 66.471781039, 30.158791667 ], [ 66.480529709999985, 30.160108302000026 ], [ 66.496559767, 30.167428953000012 ], [ 66.512198018, 30.163369783 ], [ 66.509544743, 30.178536333000011 ], [ 66.513202700000022, 30.185944757000016 ], [ 66.511400491000018, 30.192170697 ], [ 66.513229696, 30.201187151 ], [ 66.518600506999974, 30.205993544000023 ], [ 66.512420465, 30.212952958000017 ], [ 66.516895482, 30.219770996000022 ], [ 66.523570638000024, 30.222328521 ], [ 66.535682215, 30.218461830000024 ], [ 66.543230320000021, 30.220640307 ], [ 66.549143343000026, 30.213449614000012 ], [ 66.561067564999973, 30.211090614 ], [ 66.567421922, 30.207277422 ], [ 66.592112824000026, 30.20526042900002 ], [ 66.608404356, 30.188499682999975 ], [ 66.622001521000016, 30.186940904999972 ], [ 66.626371233999976, 30.182069741000021 ], [ 66.64608052, 30.173128712 ], [ 66.650282291999986, 30.172487750000016 ], [ 66.653923159999977, 30.175563684 ], [ 66.673435762999986, 30.181088246 ], [ 66.696432142999981, 30.184657791 ], [ 66.70883840099998, 30.195197678999989 ], [ 66.711627236000027, 30.203660806000016 ], [ 66.718947067999977, 30.21246321000001 ], [ 66.721374019, 30.223113915999988 ], [ 66.742271019999976, 30.245284524999988 ], [ 66.740489589999981, 30.250719490999984 ], [ 66.744236003000026, 30.260287972000015 ], [ 66.75468422900002, 30.269328869999981 ], [ 66.756018778, 30.273335256999985 ], [ 66.753392027000018, 30.281870228 ], [ 66.756604615000015, 30.286829352999973 ], [ 66.760544525, 30.291044734000025 ], [ 66.773893632000011, 30.296911078 ], [ 66.797145544999978, 30.332245694999983 ], [ 66.799522963000015, 30.34708038399998 ], [ 66.809110968000027, 30.364492419999976 ], [ 66.81622195, 30.370460216000026 ], [ 66.812496090000025, 30.379440224 ], [ 66.813384922000012, 30.386175426000023 ], [ 66.823661936, 30.394962828000018 ], [ 66.82497883000002, 30.408015830000011 ], [ 66.830483996, 30.421499086999972 ], [ 66.846465099999989, 30.437433582999972 ], [ 66.846688304, 30.449647465 ], [ 66.855244018, 30.467233104 ], [ 66.859528442, 30.468664601 ], [ 66.869290563, 30.461772852000024 ], [ 66.877900533, 30.459862213 ], [ 66.917164845, 30.47352773 ], [ 66.929814232000012, 30.460769950999975 ] ] ] } },
{ "type": "Feature", "properties": { "adm2_name": "Sherani", "adm2_pcode": "PK227", "adm1_name": "Balochistan" }, "geometry": { "type": "Polygon", "coordinates": [ [ [ 69.854003906, 32.098079681 ], [ 69.852546691999976, 32.093612671000017 ], [ 69.840660094999976, 32.082069397 ], [ 69.817459106, 32.03669357299998 ], [ 69.799972534, 32.025432587000012 ], [ 69.800369263, 32.022571563999975 ], [ 69.826469421000013, 32.003677368000012 ], [ 69.880523681999989, 31.981708527000023 ], [ 69.882797241, 31.978218078999987 ], [ 69.881362915000011, 31.969610214 ], [ 69.868499756, 31.942140579000011 ], [ 69.853317260999972, 31.924848557000018 ], [ 69.853134155000021, 31.901596069 ], [ 69.855827332, 31.892055511000024 ], [ 69.867195128999981, 31.89169311500001 ], [ 69.882575988999974, 31.884140015000014 ], [ 69.898986816, 31.888376236 ], [ 69.931938171000013, 31.929330826000012 ], [ 69.945716858000026, 31.936094283999978 ], [ 69.963287353999988, 31.93682289100002 ], [ 69.963401794, 31.920578003 ], [ 69.954299927000022, 31.886447906 ], [ 69.95703125, 31.870855330999973 ], [ 69.941818237, 31.856122971 ], [ 69.939254760999972, 31.849737167 ], [ 69.939758300999983, 31.832580566 ], [ 69.945236206, 31.798847197999976 ], [ 69.949020385999972, 31.791858672999979 ], [ 69.95690155, 31.786167144999979 ], [ 69.957679749000022, 31.781393051 ], [ 69.955856322999978, 31.775650024000015 ], [ 69.948432922, 31.770196914999985 ], [ 69.946617125999978, 31.762861252 ], [ 69.95136261, 31.725936890000014 ], [ 69.949508666999975, 31.673992156999986 ], [ 69.9453125, 31.636384964 ], [ 69.943656921000013, 31.566328049 ], [ 69.940376281999988, 31.557392119999975 ], [ 69.939712524000015, 31.545602798 ], [ 69.947257996000019, 31.531948090000014 ], [ 69.965240478999988, 31.516433716 ], [ 70.009918213, 31.512836456 ], [ 70.015136719, 31.511587142999986 ], [ 70.018135071000017, 31.508098602000018 ], [ 70.04385376, 31.442285538000021 ], [ 70.052424050000013, 31.398348504000012 ], [ 70.027173796999989, 31.358973805 ], [ 70.027327539, 31.335305045999974 ], [ 70.031680296, 31.322280870999975 ], [ 70.034517305, 31.31975203899998 ], [ 70.031936442000017, 31.317540053000016 ], [ 70.032551056999978, 31.314099036000016 ], [ 70.028004053000018, 31.312132541999972 ], [ 70.028127051000013, 31.301564045000021 ], [ 69.995252036000011, 31.286817180000014 ], [ 69.974089047, 31.29342685 ], [ 69.970244932000014, 31.289766304000011 ], [ 69.961519543, 31.288414671999988 ], [ 69.955989550000027, 31.275633918999972 ], [ 69.930425959, 31.247804589999987 ], [ 69.922317175999979, 31.254988049000019 ], [ 69.886675643, 31.265802543 ], [ 69.881022640000026, 31.272684414000025 ], [ 69.859762387999979, 31.276617048999981 ], [ 69.852634650000027, 31.275633918999972 ], [ 69.839290683, 31.287009925 ], [ 69.831865887, 31.288783292 ], [ 69.827196013, 31.286571412 ], [ 69.828427579, 31.297741367000015 ], [ 69.823878017000027, 31.293698786 ], [ 69.817856265999978, 31.295050792999973 ], [ 69.81662726899998, 31.292593045999979 ], [ 69.810605635, 31.29210128699998 ], [ 69.805935762, 31.285342297999989 ], [ 69.798316382, 31.288168793000011 ], [ 69.789959765, 31.284973666999974 ], [ 69.783323644, 31.270718166999984 ], [ 69.769191142000011, 31.263713414999984 ], [ 69.761326129999986, 31.253636417999985 ], [ 69.758745267, 31.260272421000025 ], [ 69.752232016, 31.265556792999973 ], [ 69.731586263, 31.267523040000015 ], [ 69.719627517999982, 31.273564396999973 ], [ 69.719648455000026, 31.295011656999975 ], [ 69.723718001, 31.301187342999981 ], [ 69.734885212, 31.307518145000017 ], [ 69.745164038999974, 31.317562367999983 ], [ 69.74015917600002, 31.3210221 ], [ 69.722991918, 31.325513689 ], [ 69.623351475, 31.334232 ], [ 69.585351227999979, 31.346138685000028 ], [ 69.574521961000016, 31.351971287000026 ], [ 69.56939848899998, 31.35672094 ], [ 69.565581136999981, 31.365152135000017 ], [ 69.543250519000026, 31.436898641000028 ], [ 69.535750673, 31.471410379000019 ], [ 69.531799658000011, 31.506010022999988 ], [ 69.531310524999981, 31.521211594000022 ], [ 69.53589814999998, 31.533491524 ], [ 69.561980596000012, 31.586399541999981 ], [ 69.582311770999979, 31.709200904999989 ], [ 69.598649044000013, 31.756439693 ], [ 69.617967296000018, 31.800075161999985 ], [ 69.623627232999979, 31.824548382999978 ], [ 69.621709995, 31.840328256000021 ], [ 69.601844466999978, 31.881870036 ], [ 69.546152394999979, 31.956688469000028 ], [ 69.548759459999985, 31.956113814999981 ], [ 69.563453674000016, 31.966890335000016 ], [ 69.59072876, 31.981044769 ], [ 69.608734131, 31.998477935999972 ], [ 69.620292663999976, 32.001754760999972 ], [ 69.629219055000021, 32.007240294999974 ], [ 69.63173675500002, 32.016181946000017 ], [ 69.643539428999986, 32.03251647899998 ], [ 69.646759033000023, 32.046237946000019 ], [ 69.659049988, 32.052387238 ], [ 69.679548419000014, 32.072943775 ], [ 69.736961365000013, 32.07820510900001 ], [ 69.773170471000014, 32.090557097999977 ], [ 69.778831481999987, 32.085815430000025 ], [ 69.782577515000014, 32.085842133000028 ], [ 69.805709838999974, 32.095546722 ], [ 69.822570800999983, 32.09501647899998 ], [ 69.849861144999977, 32.100601196000014 ], [ 69.854003906, 32.098079681 ] ] ] } },
{ "type": "Feature", "properties": { "adm2_name": "Sibi", "adm2_pcode": "PK228", "adm1_name": "Balochistan" }, "geometry": { "type": "Polygon", "coordinates": [ [ [ 67.686372560999985, 30.121750019 ], [ 67.694886387, 30.115985892000026 ], [ 67.753609983999979, 30.092330490999984 ], [ 67.791457696, 30.062614242 ], [ 67.793953918, 30.055002436999985 ], [ 67.791947084000014, 30.049488183 ], [ 67.777832961, 30.037116778999973 ], [ 67.765258882000012, 30.029871290000017 ], [ 67.764064544, 30.021188871999982 ], [ 67.767645152, 30.01868787 ], [ 67.852667320000023, 30.018980096 ], [ 67.886804010999981, 30.028455765999979 ], [ 67.936629069, 30.028381191999983 ], [ 67.948876964000021, 30.025682315999973 ], [ 67.956023785000014, 30.020729335999988 ], [ 67.964573880999978, 30.023489090999988 ], [ 67.972518719999982, 30.021892485000023 ], [ 68.001519691, 29.988153378999982 ], [ 68.011056628, 29.96008662600002 ], [ 68.010192008, 29.944706064 ], [ 68.003731207999977, 29.903151048999973 ], [ 67.987731600000018, 29.862641915999973 ], [ 67.976456473999974, 29.839889158 ], [ 67.922685118, 29.776971806 ], [ 67.901641929999982, 29.733802982999975 ], [ 67.88175808, 29.711263412999983 ], [ 67.879204093, 29.702984008999977 ], [ 67.881351978, 29.700999763000027 ], [ 67.884560146000013, 29.699670608000019 ], [ 67.905722481999987, 29.705887255 ], [ 67.930505042, 29.725113039 ], [ 67.973824343, 29.752607508999972 ], [ 67.97744732000001, 29.765228095 ], [ 67.976350636, 29.773202965999985 ], [ 67.969581251000022, 29.784044156 ], [ 67.970321211, 29.792368427999975 ], [ 68.018401243000028, 29.811375041000019 ], [ 68.028617869000016, 29.81666900099998 ], [ 68.036171234, 29.824018443999989 ], [ 68.052458933000025, 29.846235158000013 ], [ 68.058242660000019, 29.881048564000025 ], [ 68.064436812999986, 29.888433624000015 ], [ 68.072356594999974, 29.892990263 ], [ 68.097265983999989, 29.900000079 ], [ 68.16730463, 29.908454598 ], [ 68.24796236100002, 29.928857610000023 ], [ 68.291510212, 29.933185434999984 ], [ 68.398278278000021, 29.936395104999974 ], [ 68.397828828, 29.913385591 ], [ 68.402556069000013, 29.905695316 ], [ 68.443574629000011, 29.880634489999977 ], [ 68.458008606000021, 29.876228810999976 ], [ 68.472678200000018, 29.86625107499998 ], [ 68.520721848999983, 29.841031597999972 ], [ 68.548638950999987, 29.831831453 ], [ 68.568137880999984, 29.828847586 ], [ 68.573477546, 29.825502850000021 ], [ 68.577140835000023, 29.814661531000013 ], [ 68.563537422000024, 29.782889725000018 ], [ 68.562775526999985, 29.775362089999987 ], [ 68.565176900999973, 29.755815400000017 ], [ 68.571457276, 29.742109608000021 ], [ 68.572435055000028, 29.732542164999984 ], [ 68.562410108, 29.721327191 ], [ 68.556892141, 29.708780731 ], [ 68.540495766999982, 29.693877714999985 ], [ 68.457139596, 29.659450475000028 ], [ 68.451463346000025, 29.654057933999979 ], [ 68.432077005, 29.624040633 ], [ 68.425605269000016, 29.621452120000015 ], [ 68.265642238999988, 29.628488859000015 ], [ 68.24883236300002, 29.61704633 ], [ 68.242135112000028, 29.603071563000015 ], [ 68.223000292, 29.590102656999989 ], [ 68.193679122999981, 29.584565665000014 ], [ 68.185532378, 29.573270548999972 ], [ 68.178992183, 29.555971100000022 ], [ 68.166444131999981, 29.53605647 ], [ 68.125410627, 29.457368823000024 ], [ 68.097130327, 29.422187448999978 ], [ 68.099067461, 29.419155341000021 ], [ 68.119683224000028, 29.411443882000015 ], [ 68.152077368, 29.40300765 ], [ 68.177275918000021, 29.374452673 ], [ 68.168450150000012, 29.366008899 ], [ 68.122739857, 29.344228331000011 ], [ 68.101219341999979, 29.33885583 ], [ 68.086493524, 29.342070112999977 ], [ 68.044580113, 29.363454553 ], [ 68.024671619, 29.365175685 ], [ 68.000589262, 29.377729118 ], [ 67.995614435, 29.378257336 ], [ 67.976335378999977, 29.372009347000017 ], [ 67.941175691000012, 29.338762721000023 ], [ 67.927374783, 29.333160725000027 ], [ 67.915029678, 29.33030091 ], [ 67.875160992000019, 29.332109877 ], [ 67.872100338, 29.335101442 ], [ 67.872198767999976, 29.33854065700001 ], [ 67.883071270000016, 29.351770096 ], [ 67.886749248, 29.367208885000025 ], [ 67.876113829000019, 29.429799786999979 ], [ 67.870461639999974, 29.437488985000016 ], [ 67.858909934999986, 29.44532784 ], [ 67.825606721999975, 29.454899250999972 ], [ 67.811310542, 29.462404272000015 ], [ 67.808455095999989, 29.472405961 ], [ 67.812263003, 29.48421705200002 ], [ 67.803321991000018, 29.517011718999981 ], [ 67.801996046, 29.54644039599998 ], [ 67.799462316000017, 29.552461769 ], [ 67.786681077000026, 29.565090549999979 ], [ 67.786787474, 29.58256744 ], [ 67.779046869000013, 29.596660832 ], [ 67.760995099000013, 29.604643117000023 ], [ 67.728255246, 29.601865410000016 ], [ 67.718413928000018, 29.607265509 ], [ 67.715231816000028, 29.607341685 ], [ 67.701746150000019, 29.598129479000022 ], [ 67.698577699, 29.598602165999978 ], [ 67.691955415999985, 29.605115719000025 ], [ 67.684189117000017, 29.618806625 ], [ 67.683991750000018, 29.62715341 ], [ 67.680344672999979, 29.635989193 ], [ 67.671975407, 29.646858314999974 ], [ 67.65572303099998, 29.651212811999983 ], [ 67.634718309, 29.664018526 ], [ 67.616121075000024, 29.66643546 ], [ 67.581440900000018, 29.666461984000023 ], [ 67.570740758, 29.671447833 ], [ 67.551749226000027, 29.675850422999986 ], [ 67.541154045999974, 29.687212332 ], [ 67.537772261999976, 29.696028150000018 ], [ 67.521140722999974, 29.703551896000022 ], [ 67.508729394999989, 29.715348866999989 ], [ 67.499780382999973, 29.736602538 ], [ 67.493506200000013, 29.791101126 ], [ 67.486869851999984, 29.81389238700001 ], [ 67.474455652000017, 29.841975978999983 ], [ 67.439553472999989, 29.897960413000021 ], [ 67.416160239000021, 29.909984878999978 ], [ 67.369522366000012, 29.92368869500001 ], [ 67.365417181, 29.929767949999984 ], [ 67.366524438999988, 29.952209262 ], [ 67.362411254, 29.968585759 ], [ 67.353240683000024, 29.98387528 ], [ 67.351152265999986, 29.991070294 ], [ 67.351896604, 30.001386222 ], [ 67.358877802, 30.006007974 ], [ 67.385030837999977, 30.009828615 ], [ 67.408677147, 30.022041371 ], [ 67.412123201999975, 30.030709762000015 ], [ 67.41087396, 30.035106725999981 ], [ 67.392645979, 30.044699261 ], [ 67.404670488000022, 30.054819134000013 ], [ 67.419870243, 30.058865067 ], [ 67.429823989, 30.055076315 ], [ 67.437635419, 30.045131457000025 ], [ 67.445830407000017, 30.03923441 ], [ 67.472930526000027, 30.027917574000014 ], [ 67.519448667, 30.030998266999973 ], [ 67.532472543999972, 30.03865474700001 ], [ 67.537065182, 30.054843974 ], [ 67.556837374, 30.073871328999985 ], [ 67.561973914000021, 30.092828772000018 ], [ 67.565245802, 30.095138862999988 ], [ 67.598433101000012, 30.103524975000028 ], [ 67.63370763, 30.120197889999986 ], [ 67.645199761000015, 30.121918728000026 ], [ 67.658372242999974, 30.118830075 ], [ 67.673238907999973, 30.126033125999982 ], [ 67.686372560999985, 30.121750019 ] ] ] } },
{ "type": "Feature", "properties": { "adm2_name": "Sohbatpur", "adm2_pcode": "PK229", "adm1_name": "Balochistan" }, "geometry": { "type": "Polygon", "coordinates": [ [ [ 68.918951772000014, 28.465058253 ], [ 68.974855392, 28.466190563 ], [ 69.028694143999985, 28.461771339 ], [ 69.03601349500002, 28.459350676999975 ], [ 69.080285012, 28.493622226000014 ], [ 69.088004910999985, 28.495794171 ], [ 69.10041924, 28.490885289 ], [ 69.118482756999981, 28.472699707 ], [ 69.125663765000013, 28.457825129000014 ], [ 69.12750265699998, 28.440611061000027 ], [ 69.066154480000023, 28.434703827000021 ], [ 68.929489135999972, 28.429452895999987 ], [ 68.884460449000017, 28.432003021000014 ], [ 68.757148743000016, 28.429811477999976 ], [ 68.470687866, 28.431472778 ], [ 68.464630127000021, 28.430130005000024 ], [ 68.434210787999973, 28.409013451000021 ], [ 68.424612896999975, 28.416988541000023 ], [ 68.419511501999978, 28.430758060000016 ], [ 68.414705389, 28.433144912999978 ], [ 68.401583964999986, 28.452264695999986 ], [ 68.3967103, 28.504375476 ], [ 68.391461733000028, 28.532492807999972 ], [ 68.391461733000028, 28.549738105000017 ], [ 68.382586229000026, 28.562720882 ], [ 68.381301074000021, 28.638813406999986 ], [ 68.389326450999988, 28.649401002 ], [ 68.403732965000017, 28.660312789999978 ], [ 68.429795477000027, 28.670122597999978 ], [ 68.448178881999979, 28.674007623000023 ], [ 68.451721545, 28.665228085000024 ], [ 68.468482745000017, 28.646434537 ], [ 68.570694246000016, 28.591335609 ], [ 68.692749767, 28.518760798000017 ], [ 68.73205533700002, 28.500610384000026 ], [ 68.778351050000026, 28.483635187 ], [ 68.845885931999987, 28.472047675999988 ], [ 68.918951772000014, 28.465058253 ] ] ] } },
{ "type": "Feature", "properties": { "adm2_name": "Zhob", "adm2_pcode": "PK231", "adm1_name": "Balochistan" }, "geometry": { "type": "Polygon", "coordinates": [ [ [ 69.523117065, 31.975599289 ], [ 69.53589630099998, 31.959835052000017 ], [ 69.546152394999979, 31.956688469000028 ], [ 69.601844466999978, 31.881870036 ], [ 69.621709995, 31.840328256000021 ], [ 69.623627232999979, 31.824548382999978 ], [ 69.617967296000018, 31.800075161999985 ], [ 69.598649044000013, 31.756439693 ], [ 69.582311770999979, 31.709200904999989 ], [ 69.561980596000012, 31.586399541999981 ], [ 69.531310524999981, 31.521211594000022 ], [ 69.535750673, 31.471410379000019 ], [ 69.556008694000013, 31.393378652000024 ], [ 69.56939848899998, 31.35672094 ], [ 69.585351227999979, 31.346138685000028 ], [ 69.623351475, 31.334232 ], [ 69.722991918, 31.325513689 ], [ 69.74015917600002, 31.3210221 ], [ 69.745164038999974, 31.317562367999983 ], [ 69.734885212, 31.307518145000017 ], [ 69.723718001, 31.301187342999981 ], [ 69.719648455000026, 31.295011656999975 ], [ 69.718392653000024, 31.265773661000026 ], [ 69.696263357000021, 31.247028315000023 ], [ 69.694265646000019, 31.242721556 ], [ 69.698044794, 31.234894236 ], [ 69.716216153, 31.223877121999976 ], [ 69.713019674, 31.212244106000014 ], [ 69.700072567, 31.194917555000018 ], [ 69.69622689800002, 31.181443922000028 ], [ 69.704842561000021, 31.130518060999975 ], [ 69.697699633000013, 31.109060355999986 ], [ 69.704268967000019, 31.102512704 ], [ 69.716280224, 31.103387775999977 ], [ 69.723772166, 31.101422290000016 ], [ 69.72426428, 31.096870611999975 ], [ 69.716681042, 31.090009608 ], [ 69.703149587999974, 31.06901918 ], [ 69.704969415, 31.055671873 ], [ 69.73150012100001, 31.03810735899998 ], [ 69.73162811200001, 31.033851194000022 ], [ 69.722870634, 31.019053025 ], [ 69.718232108999985, 30.984874448000028 ], [ 69.692185165000012, 30.957519597999976 ], [ 69.674629053999979, 30.930351278999979 ], [ 69.672972448, 30.915101649 ], [ 69.656005063, 30.892202773 ], [ 69.635360678999973, 30.846791949000021 ], [ 69.625168996000014, 30.833780106 ], [ 69.575745948000019, 30.788824133 ], [ 69.569098157999974, 30.775890447999984 ], [ 69.564294147999988, 30.771518564000019 ], [ 69.549661435000019, 30.765697696000018 ], [ 69.531875564000018, 30.748239646 ], [ 69.535063168000022, 30.736753691 ], [ 69.526971526000011, 30.725000532000024 ], [ 69.526515039, 30.717231216000016 ], [ 69.529396411, 30.715322519999972 ], [ 69.530470219999984, 30.703786821999984 ], [ 69.528472150000027, 30.700088462999986 ], [ 69.529524885, 30.689161178 ], [ 69.52566385, 30.679441451 ], [ 69.530356503, 30.663016903000027 ], [ 69.511405729999979, 30.634002929000019 ], [ 69.473534504999975, 30.606927643 ], [ 69.464195947, 30.590881012000011 ], [ 69.460470687, 30.575578614999984 ], [ 69.462530217999984, 30.555549644999985 ], [ 69.468649356000014, 30.540487290999977 ], [ 69.484177460000012, 30.539037936999989 ], [ 69.492928244999973, 30.531948022999984 ], [ 69.497070472000019, 30.532047466999984 ], [ 69.516449116, 30.542247714999974 ], [ 69.527838276000011, 30.538259773999982 ], [ 69.527909271999988, 30.524876096000014 ], [ 69.535269793, 30.514708125000027 ], [ 69.533820588000026, 30.504938770000024 ], [ 69.552214107, 30.501724083 ], [ 69.558028219, 30.495776959000011 ], [ 69.556831623999983, 30.489055898 ], [ 69.547934374000022, 30.47904160500002 ], [ 69.547196851000024, 30.469947805 ], [ 69.561125883999978, 30.448366792 ], [ 69.549195988, 30.455604857000026 ], [ 69.526093023999977, 30.479406206000021 ], [ 69.460296948, 30.524012017000018 ], [ 69.409010304999981, 30.547971258000018 ], [ 69.363576903000023, 30.585506178 ], [ 69.347634630000016, 30.608667143 ], [ 69.340438431, 30.615264909000018 ], [ 69.326238468999975, 30.621048277999989 ], [ 69.224618201, 30.627063772999975 ], [ 69.211958926000023, 30.661179066999978 ], [ 69.208306745000016, 30.679979001 ], [ 69.186285655, 30.685582896000028 ], [ 69.141241912999988, 30.691128083000024 ], [ 69.133340467999972, 30.703779320000024 ], [ 69.129540505000023, 30.705057528999987 ], [ 69.090316266, 30.689714923999986 ], [ 69.081207268000014, 30.691604203999987 ], [ 69.079657892, 30.694860186000028 ], [ 69.081009467, 30.709907284 ], [ 69.070183849999978, 30.730085579 ], [ 69.070128644000022, 30.735315373 ], [ 69.067803595999976, 30.739872322999986 ], [ 69.054063328999973, 30.74891273999998 ], [ 69.057008112, 30.756782354999984 ], [ 69.087913389, 30.772722577000025 ], [ 69.101523247999978, 30.776099913999985 ], [ 69.117303355999979, 30.789298652000014 ], [ 69.152747499999975, 30.808526893000021 ], [ 69.20420988, 30.819360387000017 ], [ 69.251814849000027, 30.839298585999984 ], [ 69.256324576, 30.843904893 ], [ 69.25920178299998, 30.861576125999989 ], [ 69.271477816000015, 30.881838195 ], [ 69.287115326, 30.917243563999989 ], [ 69.28777932700001, 30.928361848 ], [ 69.281594983, 30.940744471000016 ], [ 69.281556158, 30.945320341000013 ], [ 69.289094272, 30.951906372999986 ], [ 69.304000562999988, 30.985997974999975 ], [ 69.350233501, 31.000660053 ], [ 69.380308223999975, 31.043329393000022 ], [ 69.381746202999977, 31.053798551 ], [ 69.374870343999987, 31.058336334999979 ], [ 69.36115308799998, 31.062181323 ], [ 69.312781906, 31.026588178 ], [ 69.289252659, 31.022518188 ], [ 69.274781519999976, 31.025694287000022 ], [ 69.264100251, 31.03020144300001 ], [ 69.247057343, 31.049151177999988 ], [ 69.228057318000026, 31.064613318999989 ], [ 69.214576697999973, 31.088527250000027 ], [ 69.209379959999978, 31.092295246999981 ], [ 69.181966790999979, 31.095370891000016 ], [ 69.155225961999975, 31.106944597999984 ], [ 69.119842141, 31.138099195 ], [ 69.111479305999978, 31.143226771 ], [ 69.096984067, 31.146383042000025 ], [ 69.085609477, 31.142369944 ], [ 69.073668473, 31.131920203999982 ], [ 69.034799081000017, 31.136831416 ], [ 69.027205718, 31.135459906999984 ], [ 69.001501562999977, 31.120855627000026 ], [ 68.993484309999985, 31.123074772999985 ], [ 68.992932261000021, 31.136456298999974 ], [ 68.989486729000021, 31.139386050999974 ], [ 68.958146390000024, 31.119165613 ], [ 68.939216192, 31.111801411999977 ], [ 68.929342915, 31.110403093 ], [ 68.924002062, 31.11166154 ], [ 68.916855747, 31.13513358 ], [ 68.914514143000019, 31.139688391 ], [ 68.91041648800001, 31.141688421000026 ], [ 68.892419771, 31.141441382999972 ], [ 68.865845555000021, 31.136608149999972 ], [ 68.857450958000015, 31.138487353000016 ], [ 68.844374066, 31.148820711999974 ], [ 68.838257306, 31.15072094300001 ], [ 68.814718748000018, 31.146561140000017 ], [ 68.798645019999981, 31.152935408000019 ], [ 68.767172877, 31.117953677 ], [ 68.75283913200002, 31.109301202999973 ], [ 68.733934130000023, 31.101251885000011 ], [ 68.712706266, 31.09644355 ], [ 68.704317694999986, 31.097659567999983 ], [ 68.69115293599998, 31.11320531299998 ], [ 68.687890182999979, 31.127554122999982 ], [ 68.689857809999978, 31.148500182000021 ], [ 68.672125393999977, 31.163339577999977 ], [ 68.664953578999985, 31.184182709000027 ], [ 68.665633646, 31.189420932000019 ], [ 68.681403975000023, 31.203984721999973 ], [ 68.682075753999982, 31.209876904999987 ], [ 68.670220713, 31.237859884999978 ], [ 68.667433168, 31.241489539999975 ], [ 68.655203303, 31.243965657999979 ], [ 68.653626497, 31.24721729800001 ], [ 68.660979994, 31.313997657000016 ], [ 68.656121120000023, 31.332251910000025 ], [ 68.628533592999986, 31.340434846999983 ], [ 68.595488574, 31.355739566000011 ], [ 68.579447328000015, 31.356855419 ], [ 68.546104351999986, 31.343372134 ], [ 68.502791125999977, 31.333677170999977 ], [ 68.48158414400001, 31.324905716999979 ], [ 68.448362579, 31.306165992 ], [ 68.403716963000022, 31.287264078000021 ], [ 68.381057264999981, 31.283446051999988 ], [ 68.266130506000025, 31.31763171 ], [ 68.237724978000017, 31.327022423000017 ], [ 68.222318846, 31.334640712 ], [ 68.175138823999987, 31.365972344 ], [ 68.084861946999979, 31.446958981000023 ], [ 68.020704538000018, 31.49614533099998 ], [ 67.977416624999989, 31.517659718 ], [ 67.941231082, 31.528816322000011 ], [ 67.860062516000028, 31.565985265 ], [ 67.835998021000023, 31.580597364000027 ], [ 67.817393641000024, 31.597376723000025 ], [ 67.843147424, 31.616515731999982 ], [ 67.868705681, 31.628797185 ], [ 67.886618726, 31.629438924999988 ], [ 67.894499680000024, 31.625729278 ], [ 67.904397529, 31.625958471 ], [ 67.924530468, 31.632375864999972 ], [ 67.949921742000015, 31.633413781 ], [ 67.969802569000024, 31.639588886000013 ], [ 67.987715612999978, 31.64892685 ], [ 68.03149468700002, 31.679216299000018 ], [ 68.057838748, 31.693308374000026 ], [ 68.06408602099998, 31.699398780000024 ], [ 68.067344183999978, 31.715501158 ], [ 68.08409113099998, 31.728692448 ], [ 68.101211824000018, 31.747610666000014 ], [ 68.116682329000014, 31.758706866000011 ], [ 68.140574943999979, 31.798247005 ], [ 68.168876058000023, 31.834235649 ], [ 68.171921037, 31.821708656999988 ], [ 68.17749041899998, 31.81449891 ], [ 68.241255094, 31.806441151 ], [ 68.259354184000017, 31.801549681999973 ], [ 68.250969589000022, 31.785348877 ], [ 68.278220598000019, 31.759803716000022 ], [ 68.286605775999988, 31.756997743 ], [ 68.421855103999974, 31.757217938 ], [ 68.445334796999987, 31.742509492000011 ], [ 68.500900923000017, 31.738298895000014 ], [ 68.510382951, 31.733901670000023 ], [ 68.537146107000012, 31.714020843000014 ], [ 68.555619036, 31.714364632000013 ], [ 68.563513087, 31.719773579 ], [ 68.574645302000022, 31.734861005000027 ], [ 68.582022006999978, 31.750338006 ], [ 68.538521263, 31.754574849 ], [ 68.498353609999981, 31.753821787999982 ], [ 68.463676759, 31.748124712999982 ], [ 68.447610353000016, 31.757894868999983 ], [ 68.433106566999982, 31.763247847 ], [ 68.465935944000023, 31.77404313 ], [ 68.570143303, 31.827965617000018 ], [ 68.582123532000026, 31.82085737 ], [ 68.63223205700001, 31.778263385 ], [ 68.639533020999977, 31.775647478 ], [ 68.682189052000012, 31.773653502 ], [ 68.701843960000019, 31.769878371 ], [ 68.709259980000013, 31.751002718 ], [ 68.715719939999985, 31.716083577 ], [ 68.713912794, 31.702086096000016 ], [ 68.71698707500002, 31.696644746 ], [ 68.742836706999981, 31.679455314 ], [ 68.751899639999976, 31.669537820000016 ], [ 68.773512950999987, 31.660975248999989 ], [ 68.777939052000022, 31.655095605999975 ], [ 68.782676940999977, 31.635253869999985 ], [ 68.80493809799998, 31.609980467000014 ], [ 68.812170763999973, 31.609643227 ], [ 68.821907673, 31.604997405 ], [ 68.831616243999974, 31.605780147000019 ], [ 68.848298076999981, 31.597417435000011 ], [ 68.872002676000022, 31.601699941999982 ], [ 68.900635861000012, 31.601244952 ], [ 68.916878872999973, 31.604712267000025 ], [ 68.928459851000014, 31.613369245 ], [ 68.944421483999974, 31.642244247 ], [ 68.949158816000022, 31.645753867 ], [ 68.968918906, 31.635528901999976 ], [ 68.978270646999988, 31.636133905 ], [ 68.985938099, 31.628011382000011 ], [ 69.000914202999979, 31.628237301000013 ], [ 69.010887358, 31.624730652999972 ], [ 69.021011126000019, 31.626714806 ], [ 69.024170610999988, 31.642106243 ], [ 69.031495054, 31.650229974000013 ], [ 69.046814946999973, 31.659849517999987 ], [ 69.066466580999986, 31.667242618999978 ], [ 69.096453750000023, 31.69340516699998 ], [ 69.117943255, 31.703261884000028 ], [ 69.121017710999979, 31.709944488000019 ], [ 69.120009262999986, 31.720231964999982 ], [ 69.12742528299998, 31.724462206 ], [ 69.135260398000014, 31.747928262000016 ], [ 69.148972668, 31.758883670999978 ], [ 69.156251162, 31.783944216 ], [ 69.17469136, 31.800000837000027 ], [ 69.180938497999989, 31.809476317000019 ], [ 69.185761366, 31.823276990000011 ], [ 69.192335921999984, 31.830008706 ], [ 69.197607353000024, 31.848396505999972 ], [ 69.20342229900001, 31.852597280999987 ], [ 69.231125143999975, 31.862593355 ], [ 69.26258035799998, 31.886599935999982 ], [ 69.271872326999983, 31.906182527 ], [ 69.277680724, 31.911522715999979 ], [ 69.317619212000011, 31.928073763999976 ], [ 69.323246644, 31.940626765 ], [ 69.320920657999977, 31.95189079 ], [ 69.330825806, 31.960212707999972 ], [ 69.337234497, 31.954124450999984 ], [ 69.346794128, 31.951955795 ], [ 69.372024536000026, 31.966579437 ], [ 69.393920897999976, 31.962368011000024 ], [ 69.432868957999972, 31.962915421 ], [ 69.447082519999981, 31.966585158999976 ], [ 69.4712677, 31.965230942 ], [ 69.497581481999987, 31.969518661 ], [ 69.51881408700001, 31.976106644000026 ], [ 69.523117065, 31.975599289 ] ] ] } },
{ "type": "Feature", "properties": { "adm2_name": "Ziarat", "adm2_pcode": "PK232", "adm1_name": "Balochistan" }, "geometry": { "type": "Polygon", "coordinates": [ [ [ 67.46534671, 30.555535495000015 ], [ 67.477157804, 30.543157936999989 ], [ 67.489115504999972, 30.53627763999998 ], [ 67.495474515000012, 30.521685293000019 ], [ 67.528002142999981, 30.516242133999981 ], [ 67.531109510000022, 30.518236546000026 ], [ 67.536737276, 30.538179813999989 ], [ 67.553565404999972, 30.548693115999981 ], [ 67.560120885, 30.573951819 ], [ 67.567549320000012, 30.580293415000028 ], [ 67.597183433999987, 30.588357986 ], [ 67.62502831, 30.590557043 ], [ 67.649552203999974, 30.588865100000021 ], [ 67.700950776000013, 30.59349232 ], [ 67.717735214000015, 30.56334499899998 ], [ 67.733537266999974, 30.548257689000025 ], [ 67.759911859999988, 30.530504510000014 ], [ 67.781148213999984, 30.520378193 ], [ 67.780006862, 30.50367845 ], [ 67.847886787, 30.504047373999981 ], [ 67.939722524, 30.489423237999972 ], [ 67.949957843, 30.487045353999974 ], [ 67.962604186000021, 30.480156383 ], [ 67.966475043, 30.483514413000023 ], [ 67.972701083, 30.502588224000021 ], [ 67.978677488000017, 30.50884238499998 ], [ 68.008469257, 30.523921948 ], [ 68.021216306999975, 30.536450818 ], [ 68.03421061, 30.542916837 ], [ 68.04517289, 30.54190210500002 ], [ 68.058632710999973, 30.536916453 ], [ 68.084287784000026, 30.539039577999972 ], [ 68.098623917, 30.542599697000014 ], [ 68.098074653000026, 30.544339063999985 ], [ 68.112922905, 30.544619078999972 ], [ 68.12717253400001, 30.540937101 ], [ 68.143970401, 30.528683105000027 ], [ 68.175984647, 30.527055304999976 ], [ 68.226617952000026, 30.529081626999982 ], [ 68.234749411999985, 30.520550725000021 ], [ 68.232568415, 30.475989196 ], [ 68.241077846999985, 30.457352581 ], [ 68.255188991000011, 30.455062390000023 ], [ 68.304178994999972, 30.454850771 ], [ 68.310631248, 30.448968418999982 ], [ 68.321585686, 30.427028539 ], [ 68.308746556000017, 30.395651325000017 ], [ 68.314445377000027, 30.389070773000014 ], [ 68.330229555000017, 30.383448094000016 ], [ 68.390365060000022, 30.378385230999982 ], [ 68.418289223999977, 30.381176395000011 ], [ 68.447577164999984, 30.389392761000011 ], [ 68.471809764999989, 30.38667862 ], [ 68.518957726999986, 30.386488441999973 ], [ 68.524067312999989, 30.384032311 ], [ 68.523458510000012, 30.379297651 ], [ 68.497597381, 30.36173764 ], [ 68.481179583000028, 30.342436132999978 ], [ 68.481324375999975, 30.338395744000024 ], [ 68.489556, 30.32580774600001 ], [ 68.492393376, 30.311727341999983 ], [ 68.496505012, 30.304490459000021 ], [ 68.509641906000013, 30.296897839999986 ], [ 68.566580180000017, 30.292338932 ], [ 68.570568716000025, 30.289410288 ], [ 68.571778745000017, 30.276970100000028 ], [ 68.59449741200001, 30.272170965999976 ], [ 68.599926392999976, 30.266056978 ], [ 68.549545965, 30.261436319999973 ], [ 68.539833975000022, 30.257676752 ], [ 68.536826797, 30.25343155600001 ], [ 68.541186718, 30.242104423 ], [ 68.536988785, 30.234418956000013 ], [ 68.509657291999986, 30.227372769 ], [ 68.501173156999982, 30.223089562999974 ], [ 68.477753287999974, 30.198390942 ], [ 68.46201469, 30.18930205700002 ], [ 68.370870884999988, 30.176473203 ], [ 68.343559140000025, 30.169917731 ], [ 68.333283927000025, 30.163496219000024 ], [ 68.314432528, 30.162813183000026 ], [ 68.261352159000012, 30.176092338999979 ], [ 68.238196295000023, 30.179056544 ], [ 68.208198311999979, 30.173775135000028 ], [ 68.205527329, 30.179588304 ], [ 68.183153125, 30.186199369 ], [ 68.165983556000015, 30.205278342999975 ], [ 68.140617694000014, 30.212093185000015 ], [ 68.128837047, 30.227861285000017 ], [ 68.105539217, 30.241609555000025 ], [ 68.102097163999986, 30.245538381000017 ], [ 68.098750774999985, 30.261091555 ], [ 68.093947601000025, 30.264175812000019 ], [ 68.010947137000016, 30.281221942 ], [ 67.982682391000026, 30.303425313999981 ], [ 67.957939896000028, 30.310220818 ], [ 67.924314521999975, 30.324517937999985 ], [ 67.894018609999989, 30.331899464 ], [ 67.87379938700002, 30.341104947000019 ], [ 67.868877807999979, 30.344549546 ], [ 67.873088112, 30.356146860000024 ], [ 67.871680743000013, 30.362852428 ], [ 67.834037643999977, 30.374199106 ], [ 67.738561885000024, 30.38399751999998 ], [ 67.736028507000015, 30.378753094999979 ], [ 67.737069286, 30.37488794 ], [ 67.75522726600002, 30.364667591999989 ], [ 67.757058723, 30.355923 ], [ 67.749365453, 30.339321281000025 ], [ 67.737534163000021, 30.32645562 ], [ 67.670301086, 30.298066956000014 ], [ 67.643042095, 30.300772317 ], [ 67.621315482, 30.296922830000028 ], [ 67.600218623999979, 30.288661562000016 ], [ 67.57848286, 30.275342992999981 ], [ 67.561530292999976, 30.279104137 ], [ 67.521664061000024, 30.29433394199998 ], [ 67.515303905999986, 30.305951269 ], [ 67.510819646000016, 30.30893619699998 ], [ 67.489935549999984, 30.315366456 ], [ 67.453521883, 30.318114254000022 ], [ 67.437590366999984, 30.31139072000002 ], [ 67.409220027, 30.309882438999978 ], [ 67.388144231000012, 30.319822677 ], [ 67.337172055999986, 30.324318208000022 ], [ 67.312696685999981, 30.338274336999973 ], [ 67.304762406, 30.340250340000011 ], [ 67.290647525999987, 30.337974855000027 ], [ 67.258905342999981, 30.323456446000023 ], [ 67.225271696, 30.33743635899998 ], [ 67.222375736, 30.343115071999989 ], [ 67.206206896000026, 30.353082286000017 ], [ 67.194909017999976, 30.364234792 ], [ 67.188650151, 30.390922295999985 ], [ 67.190786460000027, 30.406003366999983 ], [ 67.218054983, 30.438117735999981 ], [ 67.219827001999988, 30.448968464000018 ], [ 67.228084264000017, 30.461350595 ], [ 67.223784181999974, 30.469000920999974 ], [ 67.224152181000022, 30.473282297000026 ], [ 67.256262626000023, 30.500381131999973 ], [ 67.261434990999987, 30.507615730999987 ], [ 67.266722072, 30.524415503 ], [ 67.271980337, 30.529891695 ], [ 67.318850386, 30.555288169999983 ], [ 67.323490242999981, 30.554617597 ], [ 67.367219515999977, 30.58638222899998 ], [ 67.39691862799998, 30.598512347999986 ], [ 67.417021042999977, 30.598218668000015 ], [ 67.449593612, 30.584963195 ], [ 67.456398756999988, 30.576396804000012 ], [ 67.46534671, 30.555535495000015 ] ] ] } },
{ "type": "Feature", "properties": { "adm2_name": "Shaheed Sikandarabad", "adm2_pcode": "PK233", "adm1_name": "Balochistan" }, "geometry": { "type": "Polygon", "coordinates": [ [ [ 66.135671568000021, 28.71642175 ], [ 66.160622158000024, 28.716130906999979 ], [ 66.175727672999983, 28.713316546999977 ], [ 66.310000264, 28.682461989999979 ], [ 66.336814636999975, 28.667472939999982 ], [ 66.357819123000013, 28.636155755 ], [ 66.372473594999974, 28.622545517 ], [ 66.376059684999973, 28.596097869 ], [ 66.384591146, 28.582396050999989 ], [ 66.399941817000013, 28.570985539999981 ], [ 66.42507968000001, 28.560600414000021 ], [ 66.485038885, 28.55139914199998 ], [ 66.517705977, 28.550644061000014 ], [ 66.487189568000019, 28.531545274 ], [ 66.461050409, 28.498499047 ], [ 66.428991306, 28.428253169000016 ], [ 66.427216855999973, 28.418571633999989 ], [ 66.428511230000026, 28.405252936000011 ], [ 66.437858547000019, 28.380679751 ], [ 66.452096085, 28.356817018000015 ], [ 66.473084127999982, 28.335679901999981 ], [ 66.500151426, 28.315658869 ], [ 66.517007342, 28.291147263000028 ], [ 66.519326944999989, 28.285835588999987 ], [ 66.517263727, 28.268157872000018 ], [ 66.520989052, 28.237535316999981 ], [ 66.520002708, 28.214565220999987 ], [ 66.513833551, 28.193187879 ], [ 66.499443095, 28.167074376000016 ], [ 66.471778750999988, 28.150503042000025 ], [ 66.393523968000011, 28.117788056999984 ], [ 66.258711516, 28.052164248 ], [ 66.204345855999975, 28.017690856 ], [ 66.130776237000021, 27.961542462000011 ], [ 66.112167437999972, 27.950328377 ], [ 66.090163431, 27.940401113 ], [ 66.032842096000024, 27.932025893 ], [ 65.993768073000012, 27.933189160999973 ], [ 65.960587148, 27.938283651 ], [ 65.9783157, 27.973238015 ], [ 65.980437307999978, 27.985666474000027 ], [ 65.97968940200002, 28.009937165 ], [ 65.972040081999978, 28.027677793 ], [ 65.964255648, 28.041133835999972 ], [ 65.950531764, 28.05108869999998 ], [ 65.943160492, 28.053508734 ], [ 65.930738414000018, 28.053870727 ], [ 65.920447490000015, 28.04461666200001 ], [ 65.913712738000015, 28.04187226900001 ], [ 65.902121264000016, 28.042207542000028 ], [ 65.895683158, 28.047536729 ], [ 65.885641374999977, 28.067665416000011 ], [ 65.88449133, 28.081660966000015 ], [ 65.887460223, 28.117584013 ], [ 65.902769755, 28.172996532000013 ], [ 65.89921504199998, 28.189267809 ], [ 65.892900546000021, 28.19826856100002 ], [ 65.883162755, 28.204427539999983 ], [ 65.874091302000011, 28.206157222 ], [ 65.854073589, 28.203786980000018 ], [ 65.842567148, 28.207052703999977 ], [ 65.831215799, 28.214723484 ], [ 65.831771382999989, 28.230142066999974 ], [ 65.872254052000017, 28.316296083 ], [ 65.880654510999989, 28.341076324000028 ], [ 65.889853136, 28.357892533999973 ], [ 65.909286727, 28.382093424 ], [ 65.929681618000018, 28.422361814999988 ], [ 65.957579470999974, 28.441108836000012 ], [ 65.991240483000013, 28.474681431000022 ], [ 66.003021513000022, 28.494738079 ], [ 66.01409004300001, 28.520625866999978 ], [ 66.04942961, 28.560713100999976 ], [ 66.057554326, 28.577536049 ], [ 66.066450718, 28.606664509999973 ], [ 66.084168036, 28.635124137999981 ], [ 66.092454982999982, 28.700676052 ], [ 66.091147638, 28.723499286999981 ], [ 66.135671568000021, 28.71642175 ] ] ] } },
{ "type": "Feature", "properties": { "adm2_name": "Duki", "adm2_pcode": "PK234", "adm1_name": "Balochistan" }, "geometry": { "type": "Polygon", "coordinates": [ [ [ 69.64742135, 30.383809513000017 ], [ 69.655761535000011, 30.37997572 ], [ 69.658736678000025, 30.383002969000017 ], [ 69.665945427, 30.384054054999979 ], [ 69.686950605, 30.36982955000002 ], [ 69.704613242, 30.362524165000025 ], [ 69.709626502999981, 30.362389125999982 ], [ 69.719361006999975, 30.373928155999977 ], [ 69.734137060000023, 30.366075337999973 ], [ 69.739542460999985, 30.358383662 ], [ 69.723784702999978, 30.337843084999975 ], [ 69.729418396000028, 30.327565279 ], [ 69.706122242, 30.299205663 ], [ 69.699444874, 30.281406049999987 ], [ 69.689853271, 30.266119425999989 ], [ 69.664076018, 30.233747917000017 ], [ 69.645492396, 30.215164295000022 ], [ 69.641296020000027, 30.208570179 ], [ 69.645492396, 30.199578042999974 ], [ 69.644593136000026, 30.193283544 ], [ 69.615219022000019, 30.151320538 ], [ 69.607126145, 30.143827150999982 ], [ 69.594237518999989, 30.137832420999985 ], [ 69.581948265999984, 30.142328436000014 ], [ 69.579029979999973, 30.150906556 ], [ 69.559468142000014, 30.153718406 ], [ 69.557369890000018, 30.157315290999975 ], [ 69.565451602999985, 30.17860987 ], [ 69.562772296, 30.189299399999982 ], [ 69.588842268, 30.218161548000012 ], [ 69.590640646, 30.226554299999975 ], [ 69.587643263000018, 30.23164979400002 ], [ 69.578137594999987, 30.232558574999985 ], [ 69.566961516999982, 30.226854044999982 ], [ 69.538786266999978, 30.20077704800002 ], [ 69.437775276000025, 30.100964921000013 ], [ 69.403315535, 30.061382588000015 ], [ 69.404067237999982, 30.044804149000015 ], [ 69.370308970999986, 30.026338356999986 ], [ 69.353132173, 30.028108265000014 ], [ 69.350920829000017, 30.025829682 ], [ 69.353560703000028, 30.016248421 ], [ 69.341720297, 30.015019257 ], [ 69.334796741, 30.00864697999998 ], [ 69.325154388999977, 30.009584415 ], [ 69.321120386000018, 30.013747427999988 ], [ 69.311445699999979, 30.011080977 ], [ 69.266946791, 30.008810582000024 ], [ 69.179840053000021, 30.00785820599998 ], [ 69.161079710000024, 30.003239361 ], [ 69.145171065, 29.989397591999989 ], [ 69.132215695000014, 29.991135430999975 ], [ 69.113660639999978, 29.985273661 ], [ 69.089348931000018, 29.991101132999972 ], [ 69.074046642999974, 29.992150650999974 ], [ 69.040724511, 29.976144420000026 ], [ 69.01583388, 29.98107367199998 ], [ 69.008387206, 29.988553235999973 ], [ 68.981699502000026, 29.985767708000026 ], [ 68.972397805000014, 30.006700846 ], [ 68.967515649, 30.012495292999972 ], [ 68.944372736999981, 30.028266724 ], [ 68.907388269000023, 30.012300643 ], [ 68.884939740999982, 30.007995828999981 ], [ 68.85523850200002, 29.996793772999979 ], [ 68.820875797999975, 29.961687381 ], [ 68.804557661999979, 29.948944376999975 ], [ 68.759767258000011, 29.928676511999981 ], [ 68.722794857999986, 29.922160889999986 ], [ 68.655488225999989, 29.915996985999982 ], [ 68.597847437999974, 29.916192653 ], [ 68.572381795000013, 29.913924735000023 ], [ 68.555382329999986, 29.915401503 ], [ 68.534026309000012, 29.929521551 ], [ 68.479911737, 29.950980507 ], [ 68.392380829, 30.032348403000015 ], [ 68.387925941, 30.052888144 ], [ 68.383010501, 30.05762493200001 ], [ 68.346344394000027, 30.076875439 ], [ 68.318787316999988, 30.095662996999977 ], [ 68.289483755, 30.106507901999976 ], [ 68.21726389600002, 30.146009682 ], [ 68.212830495999981, 30.154037658 ], [ 68.208198311999979, 30.173775135000028 ], [ 68.238196295000023, 30.179056544 ], [ 68.261352159000012, 30.176092338999979 ], [ 68.299195234000024, 30.165326687 ], [ 68.329642191, 30.162938742999984 ], [ 68.343559140000025, 30.169917731 ], [ 68.370870884999988, 30.176473203 ], [ 68.46201469, 30.18930205700002 ], [ 68.477753287999974, 30.198390942 ], [ 68.501173156999982, 30.223089562999974 ], [ 68.509657291999986, 30.227372769 ], [ 68.536988785, 30.234418956000013 ], [ 68.541186718, 30.242104423 ], [ 68.536826797, 30.25343155600001 ], [ 68.539833975000022, 30.257676752 ], [ 68.549545965, 30.261436319999973 ], [ 68.627410639, 30.268315907999977 ], [ 68.645141188000025, 30.272815746999981 ], [ 68.658393817, 30.271806501000015 ], [ 68.68505780800001, 30.265068295999981 ], [ 68.716751117, 30.270584455 ], [ 68.76181091, 30.271704136999972 ], [ 68.793273156, 30.284610266000016 ], [ 68.870284963000017, 30.283769447999987 ], [ 68.913567740000019, 30.292205744 ], [ 68.995781481, 30.299496119000025 ], [ 69.004210407000016, 30.303732105 ], [ 69.01990536400001, 30.324983196 ], [ 69.088363832000027, 30.349039496999978 ], [ 69.15857117500002, 30.370111195 ], [ 69.204675325999972, 30.391311219999977 ], [ 69.225111971, 30.38432472300002 ], [ 69.238523767, 30.377863107 ], [ 69.248877121000021, 30.36931576500001 ], [ 69.289833292000026, 30.35128258200001 ], [ 69.313362444, 30.344345190000013 ], [ 69.3617175, 30.339918464 ], [ 69.38644374, 30.346471349000012 ], [ 69.417480550999983, 30.349769938 ], [ 69.449384232, 30.349708496 ], [ 69.477159432, 30.358995933000017 ], [ 69.526321151, 30.40661650200002 ], [ 69.561125883999978, 30.448366792 ], [ 69.583435536000025, 30.445221371 ], [ 69.590498887000024, 30.44193304700002 ], [ 69.61020505800002, 30.430862233000028 ], [ 69.632468124000013, 30.411024514000019 ], [ 69.65253313, 30.410495853999976 ], [ 69.655963332999988, 30.406057397999973 ], [ 69.647424522999984, 30.387649663 ], [ 69.64742135, 30.383809513000017 ] ] ] } },
{ "type": "Feature", "properties": { "adm2_name": "Chaman", "adm2_pcode": "PK235", "adm1_name": "Balochistan" }, "geometry": { "type": "Polygon", "coordinates": [ [ [ 66.731071842, 31.212507988000027 ], [ 66.768586103000018, 31.209745956 ], [ 66.782843856, 31.190667841999982 ], [ 66.817821932000015, 31.181387944 ], [ 66.823532639, 31.164969663000022 ], [ 66.824960315, 31.149979058999975 ], [ 66.821391124, 31.091444318000015 ], [ 66.823532639, 31.074312199000019 ], [ 66.82710183, 31.058607756000015 ], [ 66.847089303000018, 31.012208267 ], [ 66.849944656, 30.989365441000018 ], [ 66.84851697900001, 30.969377969 ], [ 66.843329948000019, 30.949142828 ], [ 66.828681797, 30.941917795 ], [ 66.812539766999976, 30.926222071999973 ], [ 66.791121174000011, 30.921897597999987 ], [ 66.784148153999979, 30.918437876999974 ], [ 66.772241103, 30.906833221999989 ], [ 66.759193845000027, 30.902704138 ], [ 66.747696968000014, 30.890428856000028 ], [ 66.659232426000017, 30.838353824000023 ], [ 66.625021014000026, 30.810926177999988 ], [ 66.623168478000025, 30.805849502 ], [ 66.623131343000011, 30.76384909 ], [ 66.611160207000012, 30.738091987000018 ], [ 66.598130019999985, 30.72645341499998 ], [ 66.596073736999983, 30.722046685 ], [ 66.598655840999982, 30.719730105 ], [ 66.602540477, 30.720461032 ], [ 66.616767759000027, 30.730770386000017 ], [ 66.626123840999981, 30.731078103000016 ], [ 66.624815522, 30.718437183 ], [ 66.613097061000019, 30.699752273 ], [ 66.598793833, 30.693479602000025 ], [ 66.578169522999985, 30.678068226999983 ], [ 66.529534389999981, 30.673280692999981 ], [ 66.510225202000015, 30.664564023000025 ], [ 66.471749429999988, 30.659240255999975 ], [ 66.442017808, 30.646305376999976 ], [ 66.41520771, 30.62499819300001 ], [ 66.401551778999988, 30.608280241999978 ], [ 66.399596079999981, 30.60000169 ], [ 66.402230396, 30.595174394000026 ], [ 66.423036878, 30.589226139 ], [ 66.426078440000026, 30.585422935999986 ], [ 66.425022550999984, 30.578445117 ], [ 66.419694568000011, 30.572628157 ], [ 66.411222818, 30.568449282000017 ], [ 66.391859178, 30.546251042 ], [ 66.387231682, 30.544153838 ], [ 66.372391073000017, 30.546260496 ], [ 66.365424616999974, 30.544459766999978 ], [ 66.325729723999984, 30.493381295 ], [ 66.305366100000015, 30.5024429 ], [ 66.297897654999986, 30.509295963 ], [ 66.292328312, 30.537781134999989 ], [ 66.282692397, 30.55694491700001 ], [ 66.281058581000025, 30.569275483000013 ], [ 66.333039477999989, 30.740590456 ], [ 66.386572338, 30.933917748 ], [ 66.391326449000019, 30.940498852000019 ], [ 66.400968912, 30.944725819999974 ], [ 66.446211544999983, 30.955880955 ], [ 66.48239124600002, 30.961905447999982 ], [ 66.484152755000025, 30.964027117 ], [ 66.53389083899998, 30.970257882999988 ], [ 66.562665689000028, 30.977685803999975 ], [ 66.579644244, 30.988495071999978 ], [ 66.618155161, 31.020467449000023 ], [ 66.666968753, 31.066711954000027 ], [ 66.68316729999998, 31.074592935999988 ], [ 66.684228134000023, 31.093200105999983 ], [ 66.688147329, 31.10111707599998 ], [ 66.686202465, 31.115268086000015 ], [ 66.696938505, 31.132117021999989 ], [ 66.709298537999985, 31.160703895999973 ], [ 66.718161746000021, 31.202701816 ], [ 66.731071842, 31.212507988000027 ] ] ] } },
{ "type": "Feature", "properties": { "adm2_name": "D. I. Khan", "adm2_pcode": "PK509", "adm1_name": "Khyber Pakhtunkhwa" }, "geometry": { "type": "Polygon", "coordinates": [ [ [ 71.32347869900002, 32.533954619999975 ], [ 71.338378906, 32.502052306999985 ], [ 71.353027344, 32.4985466 ], [ 71.341979980000019, 32.449256897 ], [ 71.334518433000028, 32.426490784 ], [ 71.344383240000013, 32.419692993000012 ], [ 71.345336913999972, 32.416477203 ], [ 71.34303283700001, 32.414691925 ], [ 71.333312987999989, 32.415763855000023 ], [ 71.327125549000016, 32.404701233000026 ], [ 71.328529358000026, 32.395515441999976 ], [ 71.338783264000028, 32.384494781 ], [ 71.33910369900002, 32.371555328 ], [ 71.32900238000002, 32.364406585999973 ], [ 71.290473938, 32.367446899000015 ], [ 71.285804749000022, 32.366115569999977 ], [ 71.276092528999982, 32.355484009 ], [ 71.218238831, 32.307392119999975 ], [ 71.206565856999987, 32.282527924000021 ], [ 71.184616088999974, 32.268222809 ], [ 71.170776366999974, 32.248043059999986 ], [ 71.166679381999984, 32.225559235 ], [ 71.168167114000028, 32.213638306 ], [ 71.176391602000024, 32.202095031999988 ], [ 71.172981262, 32.190937041999973 ], [ 71.146575928, 32.160209656 ], [ 71.130805969, 32.159900665 ], [ 71.116539000999978, 32.163749694999979 ], [ 71.112159728999984, 32.160915375 ], [ 71.102394103999984, 32.133205413999974 ], [ 71.103828430000021, 32.12497711200001 ], [ 71.112525940000012, 32.117584228999988 ], [ 71.113594055000021, 32.107975006 ], [ 71.102355956999986, 32.089866638 ], [ 71.088409424000019, 32.039474487 ], [ 71.080886841, 32.033821106 ], [ 71.069190978999984, 32.032901763999973 ], [ 71.063209534, 32.030029297 ], [ 71.063323975, 32.025905609 ], [ 71.068786621000015, 32.018104553 ], [ 71.072143555000025, 31.998908997 ], [ 71.066680908000023, 31.970586777 ], [ 71.071014403999982, 31.95022392300001 ], [ 71.064682006999988, 31.927282333 ], [ 71.068824768000013, 31.916383742999983 ], [ 71.059402466, 31.900762558 ], [ 71.062286377000021, 31.88302803 ], [ 71.041183472, 31.874126434 ], [ 71.035461425999983, 31.86792755099998 ], [ 71.020523071000014, 31.815740585000015 ], [ 71.000732422, 31.779909133999979 ], [ 70.996734619, 31.77696991 ], [ 70.982353209999985, 31.775148392 ], [ 70.976249694999979, 31.761426926000013 ], [ 70.961044312000013, 31.751592636 ], [ 70.954689025999983, 31.73262977600001 ], [ 70.942337036000026, 31.725603104000015 ], [ 70.938644409, 31.720689774 ], [ 70.931930541999975, 31.696624756 ], [ 70.933174133000023, 31.693305969 ], [ 70.941497803, 31.691305161 ], [ 70.942893981999987, 31.68624115 ], [ 70.92115783700001, 31.688873291 ], [ 70.907707214000027, 31.682092667 ], [ 70.894378662, 31.664228439 ], [ 70.884132384999987, 31.643217086999982 ], [ 70.882537841999977, 31.637849808 ], [ 70.889701843000012, 31.634199142 ], [ 70.89167022700002, 31.629579544000023 ], [ 70.884178162000012, 31.617710113999976 ], [ 70.883270263999975, 31.612384796000015 ], [ 70.891204834, 31.606849669999974 ], [ 70.899406433000024, 31.587926864999986 ], [ 70.897453308000024, 31.585111617999985 ], [ 70.892791747999979, 31.584411621000015 ], [ 70.889930725, 31.574748993000014 ], [ 70.880332947, 31.570930481 ], [ 70.880134582999972, 31.55957222 ], [ 70.872947693000015, 31.555610656999988 ], [ 70.869361877000017, 31.54724884 ], [ 70.879493712999988, 31.543901442999982 ], [ 70.886421203999987, 31.53420639 ], [ 70.901184081999986, 31.52394676199998 ], [ 70.902206421000017, 31.51839256300002 ], [ 70.900932312, 31.514097214 ], [ 70.896430969, 31.512411117999989 ], [ 70.872116088999974, 31.514463424999974 ], [ 70.869300841999973, 31.512496947999978 ], [ 70.876296997, 31.50907135 ], [ 70.877029419, 31.494247437000013 ], [ 70.879890441999976, 31.490386963 ], [ 70.892486572, 31.487836838000021 ], [ 70.897384644, 31.484104156 ], [ 70.890800475999981, 31.471633911000026 ], [ 70.884376525999983, 31.448474884 ], [ 70.892402649000019, 31.442537308 ], [ 70.892646790000015, 31.437343597 ], [ 70.875778197999978, 31.427682877 ], [ 70.84248352100002, 31.42483139 ], [ 70.842964172, 31.398696899000015 ], [ 70.839927672999977, 31.396690369 ], [ 70.830215453999983, 31.39689827 ], [ 70.827011108000022, 31.39283371 ], [ 70.836135864000028, 31.388374328999987 ], [ 70.83486175500002, 31.381795883 ], [ 70.829284668000014, 31.37786102299998 ], [ 70.813880919999974, 31.375543594000021 ], [ 70.812980652000022, 31.366466522 ], [ 70.808120728, 31.358552933 ], [ 70.802696228, 31.354421616000025 ], [ 70.786506653, 31.350130080999975 ], [ 70.784843444999979, 31.344606399999975 ], [ 70.787925719999976, 31.332866669 ], [ 70.785118103, 31.319032669000023 ], [ 70.781768799000019, 31.311443328999985 ], [ 70.774742127000025, 31.305744934000018 ], [ 70.745025635, 31.316875458000027 ], [ 70.740440369, 31.332973480000021 ], [ 70.725479125999982, 31.337705611999979 ], [ 70.704750061000027, 31.337978363 ], [ 70.691238403, 31.332574844000021 ], [ 70.680831909, 31.318765639999981 ], [ 70.67509460399998, 31.316049576000012 ], [ 70.634475708000025, 31.317611694 ], [ 70.61631011999998, 31.325159073 ], [ 70.607688903999986, 31.320035933999975 ], [ 70.601310730000023, 31.32778358500002 ], [ 70.582672119, 31.331497191999972 ], [ 70.565742493000016, 31.340415955000026 ], [ 70.558418274000019, 31.340154648 ], [ 70.550811768000017, 31.335531235000019 ], [ 70.544927759000018, 31.335665006 ], [ 70.541069031, 31.324310303 ], [ 70.531593322999981, 31.317350388000023 ], [ 70.524810791, 31.306089401 ], [ 70.450218200999984, 31.294050217 ], [ 70.44671630900001, 31.286109924000016 ], [ 70.430549622, 31.265779495 ], [ 70.427719116, 31.253810883000028 ], [ 70.423797606999983, 31.250019072999976 ], [ 70.424156188999973, 31.246549605999974 ], [ 70.413536072, 31.225387572999978 ], [ 70.404998778999982, 31.212610245 ], [ 70.404541016, 31.199834824 ], [ 70.309883118000016, 31.174806595 ], [ 70.287513733000026, 31.165496825999981 ], [ 70.267372131, 31.188756942999987 ], [ 70.262481689000026, 31.201124191000019 ], [ 70.268463135, 31.206596375 ], [ 70.270248413, 31.213401794 ], [ 70.257659912, 31.223737717 ], [ 70.257118225, 31.228103638 ], [ 70.258850097999982, 31.234886169 ], [ 70.270065308000028, 31.243236541999977 ], [ 70.271797180000021, 31.250017166000021 ], [ 70.267860413, 31.276861191000023 ], [ 70.266342163, 31.326622009 ], [ 70.278625487999989, 31.397527695 ], [ 70.27645874000001, 31.431774139000026 ], [ 70.267494202000023, 31.460018158000025 ], [ 70.260787963999974, 31.507455826000012 ], [ 70.245590209999989, 31.508546829000011 ], [ 70.223571777000018, 31.48561096200001 ], [ 70.203613281, 31.476902008000025 ], [ 70.192405700999984, 31.46916580200002 ], [ 70.174011230000019, 31.445489883 ], [ 70.154296875, 31.442358017 ], [ 70.149589538999976, 31.433799744 ], [ 70.136627197, 31.436054230000025 ], [ 70.131248474000017, 31.428758620999986 ], [ 70.124702453999987, 31.428333281999983 ], [ 70.118408203, 31.434114455999975 ], [ 70.113845825, 31.446680069000024 ], [ 70.095802306999985, 31.449081421000017 ], [ 70.097366333000025, 31.416099547999977 ], [ 70.095046997, 31.412441253999987 ], [ 70.081054687, 31.407262802 ], [ 70.077560425, 31.392452240000011 ], [ 70.069396972999982, 31.38772392300001 ], [ 70.057144165000011, 31.38957977299998 ], [ 70.053085327000019, 31.395511627000019 ], [ 70.04385376, 31.442285538000021 ], [ 70.018135071000017, 31.508098602000018 ], [ 70.015136719, 31.511587142999986 ], [ 70.009918213, 31.512836456 ], [ 69.965240478999988, 31.516433716 ], [ 69.947257996000019, 31.531948090000014 ], [ 69.939712524000015, 31.545602798 ], [ 69.940376281999988, 31.557392119999975 ], [ 69.943656921000013, 31.566328049 ], [ 69.9453125, 31.636384964 ], [ 69.949508666999975, 31.673992156999986 ], [ 69.95136261, 31.725936890000014 ], [ 69.946617125999978, 31.762861252 ], [ 69.948432922, 31.770196914999985 ], [ 69.955856322999978, 31.775650024000015 ], [ 69.957679749000022, 31.781393051 ], [ 69.95690155, 31.786167144999979 ], [ 69.949020385999972, 31.791858672999979 ], [ 69.945236206, 31.798847197999976 ], [ 69.938934325999981, 31.843406677000019 ], [ 69.939971924000019, 31.853563308999981 ], [ 69.95703125, 31.870855330999973 ], [ 69.954345703, 31.880079269000021 ], [ 69.956453128000021, 31.894505566000021 ], [ 69.964494286, 31.898584664 ], [ 69.974166794999974, 31.899976649 ], [ 69.986873116000027, 31.891303514000015 ], [ 70.000293275999979, 31.893873332 ], [ 70.019174298999985, 31.890375523999978 ], [ 70.030845554999985, 31.880703015 ], [ 70.04287373, 31.875063693000016 ], [ 70.04544354799998, 31.862571522999986 ], [ 70.050297648000026, 31.856789433000017 ], [ 70.096304525999983, 31.843119429000012 ], [ 70.118362129, 31.842512667 ], [ 70.135494247999986, 31.848651675999974 ], [ 70.153768507999985, 31.849222747 ], [ 70.158265689000018, 31.846974155999987 ], [ 70.163012714, 31.837837025999988 ], [ 70.167795431, 31.834803212999986 ], [ 70.186355225999989, 31.837908410000011 ], [ 70.198561860999973, 31.819384306000018 ], [ 70.204772253999977, 31.821704281 ], [ 70.205343325, 31.814548052000021 ], [ 70.211977011999977, 31.81543270200001 ], [ 70.220611572, 31.84634971600002 ], [ 70.206542969, 31.89496994000001 ], [ 70.2056427, 31.908800125000027 ], [ 70.189697266, 31.976860046000013 ], [ 70.188552856, 31.980709075999982 ], [ 70.179237366, 31.986520767 ], [ 70.188003540000011, 31.994340896999972 ], [ 70.18251800500002, 32.000579834 ], [ 70.182984803000011, 32.006410804999973 ], [ 70.218636393999986, 32.026190051000015 ], [ 70.229028766999988, 32.03680304400001 ], [ 70.236995392999972, 32.050806804999979 ], [ 70.257321261000016, 32.069433043 ], [ 70.24566826, 32.077209762999985 ], [ 70.239045015999977, 32.089476170000012 ], [ 70.245058715000027, 32.102343421 ], [ 70.251284473, 32.103545725 ], [ 70.261815397000021, 32.091130928999974 ], [ 70.268312514, 32.087571669 ], [ 70.301080765999984, 32.08245866599998 ], [ 70.308594903000028, 32.086131035999983 ], [ 70.310906881999983, 32.084325177999972 ], [ 70.322983136, 32.087597539 ], [ 70.338946521000025, 32.086999681 ], [ 70.361720390000016, 32.078012923000017 ], [ 70.371255132999977, 32.079923296 ], [ 70.384494258000018, 32.076783797000019 ], [ 70.389718453, 32.078710727999976 ], [ 70.395108766000021, 32.075853547 ], [ 70.402434271, 32.08023893 ], [ 70.41002552499998, 32.080953163 ], [ 70.417181641000013, 32.089891486999989 ], [ 70.432039632, 32.08679367000002 ], [ 70.438119277999988, 32.088520297 ], [ 70.440900984999985, 32.093182684999988 ], [ 70.457478010999978, 32.099654671 ], [ 70.460803138000017, 32.097308575 ], [ 70.471339890000024, 32.098902923000026 ], [ 70.47616439799998, 32.095648176 ], [ 70.490184635, 32.106965549999984 ], [ 70.523294643999975, 32.100984289 ], [ 70.531851696999979, 32.097339826 ], [ 70.550226517, 32.112207927999975 ], [ 70.571818889999975, 32.136858419000021 ], [ 70.573468516999981, 32.158154288 ], [ 70.570743893999975, 32.184176292000018 ], [ 70.572782772999972, 32.195611919999976 ], [ 70.570014512, 32.199766548000014 ], [ 70.574795758, 32.20579354900002 ], [ 70.576592762000018, 32.213282919 ], [ 70.586342522999985, 32.219279422999989 ], [ 70.591182027, 32.230031043999986 ], [ 70.606745016, 32.240472045 ], [ 70.645579644, 32.254901051 ], [ 70.653920396, 32.263221418 ], [ 70.672905603, 32.274520221999978 ], [ 70.675688450999985, 32.270700563 ], [ 70.705033356, 32.262709254000015 ], [ 70.719437772, 32.27437241299998 ], [ 70.742716321999978, 32.279722849999985 ], [ 70.752984011000024, 32.285050427999977 ], [ 70.765599867, 32.296319610000012 ], [ 70.767384076999974, 32.301562860999979 ], [ 70.777693770999974, 32.304660043000013 ], [ 70.802458277000028, 32.298804422999979 ], [ 70.816618387, 32.298825549000014 ], [ 70.827575138999975, 32.306418424000015 ], [ 70.833939768, 32.307260047 ], [ 70.833084956999983, 32.312309673000016 ], [ 70.837963764999984, 32.312835673999984 ], [ 70.838233366999987, 32.316340261 ], [ 70.843828898000027, 32.318227297000021 ], [ 70.848931015, 32.324986545 ], [ 70.856295132000014, 32.324592043999985 ], [ 70.873600765999981, 32.329352422 ], [ 70.876204515999973, 32.333297422999976 ], [ 70.892169028000012, 32.337847421999982 ], [ 70.895193385000027, 32.341134921 ], [ 70.91335176299998, 32.344373298 ], [ 70.919704274000026, 32.343062979000024 ], [ 70.920394515999988, 32.345706915 ], [ 70.934082396, 32.348023415 ], [ 70.946155772999987, 32.355370409999978 ], [ 70.96117738800001, 32.356563661 ], [ 70.972572137999975, 32.36695242899998 ], [ 70.981018896000023, 32.367864923000013 ], [ 70.985837521, 32.374006419000011 ], [ 70.992563642, 32.373002422000013 ], [ 70.99976676, 32.377595295999981 ], [ 71.008124258, 32.37483455 ], [ 71.017711529, 32.377921545 ], [ 71.025416528, 32.383995167000023 ], [ 71.040249265, 32.383568548000028 ], [ 71.042457892000016, 32.388839168 ], [ 71.047452394, 32.388236789000018 ], [ 71.052321398, 32.391750426999977 ], [ 71.057629514999974, 32.390721416000019 ], [ 71.063489902000015, 32.397196667 ], [ 71.070567391, 32.398351165 ], [ 71.071107015, 32.401764421999985 ], [ 71.081982200000027, 32.404151833000014 ], [ 71.091749891, 32.415568172 ], [ 71.096719134000011, 32.416898419 ], [ 71.100333141000021, 32.426748912999983 ], [ 71.111004402999981, 32.428823045 ], [ 71.118972391, 32.433257538000021 ], [ 71.11886851700001, 32.436358050000024 ], [ 71.124550015000011, 32.439181539 ], [ 71.132067768000013, 32.452969671 ], [ 71.141767949999974, 32.461370666999983 ], [ 71.148171946, 32.461758022000026 ], [ 71.174476535999986, 32.444939864 ], [ 71.179044395, 32.446006291 ], [ 71.206516766999982, 32.484322045 ], [ 71.222452767, 32.498907047999978 ], [ 71.231962564000014, 32.512040924000019 ], [ 71.256759644, 32.49187851 ], [ 71.265419006, 32.490261078 ], [ 71.269081116, 32.491004944 ], [ 71.272941589000027, 32.508800506999989 ], [ 71.276649475, 32.513420105000023 ], [ 71.2967453, 32.513641356999983 ], [ 71.299980163999976, 32.516716003 ], [ 71.298789978, 32.532226562 ], [ 71.32347869900002, 32.533954619999975 ] ] ] } },
{ "type": "Feature", "properties": { "adm2_name": "South Waziristan", "adm2_pcode": "PK530", "adm1_name": "Khyber Pakhtunkhwa" }, "geometry": { "type": "Polygon", "coordinates": [ [ [ 70.337705175999986, 32.769190112999979 ], [ 70.372065845, 32.768405600999984 ], [ 70.385699929999987, 32.765611417 ], [ 70.372558863, 32.70760180000002 ], [ 70.355811983000024, 32.708472597000025 ], [ 70.336181430000011, 32.699383055999988 ], [ 70.330780054, 32.692054316999986 ], [ 70.318335473, 32.684249685 ], [ 70.314909049, 32.671448184999974 ], [ 70.306461963, 32.658265971 ], [ 70.28687899900001, 32.641038674000015 ], [ 70.277956019999976, 32.638064347000011 ], [ 70.272316698, 32.631972927 ], [ 70.266034921000028, 32.630354894 ], [ 70.257968548, 32.623335484 ], [ 70.243487752000021, 32.621785908 ], [ 70.225855946000024, 32.609484095000028 ], [ 70.222536599000023, 32.612684469999976 ], [ 70.210460834, 32.616146586000013 ], [ 70.205202225, 32.623772757999973 ], [ 70.199158394, 32.625712019 ], [ 70.161943625, 32.586308144999975 ], [ 70.142598607000025, 32.561300011000014 ], [ 70.125775818000022, 32.545524183999987 ], [ 70.112022534, 32.524489749 ], [ 70.105693168000016, 32.498625009000023 ], [ 70.102338127999985, 32.470357013000012 ], [ 70.103456473999984, 32.456889263999983 ], [ 70.099387595999985, 32.446419634999984 ], [ 70.100149024000018, 32.438472236 ], [ 70.09539010200001, 32.428978186 ], [ 70.098150277, 32.409716450000019 ], [ 70.089500935999979, 32.409573681999973 ], [ 70.088751405999972, 32.405254961000026 ], [ 70.09094051, 32.400995726000019 ], [ 70.09020882599998, 32.394190466999987 ], [ 70.106288033, 32.390288151 ], [ 70.113616773, 32.382769054999983 ], [ 70.11411646, 32.376463483 ], [ 70.105169686000011, 32.366850461000013 ], [ 70.093010640999978, 32.361532366 ], [ 70.094271756000012, 32.359361107999973 ], [ 70.08908452999998, 32.355452843000023 ], [ 70.090190979999988, 32.351907445999984 ], [ 70.085206009, 32.344079019 ], [ 70.098626169, 32.342258732 ], [ 70.087704443, 32.332776579999972 ], [ 70.08737131800001, 32.326518597000018 ], [ 70.083266748000028, 32.32381791 ], [ 70.079923606000023, 32.324912461 ], [ 70.075117094, 32.314645086999974 ], [ 70.07326111499998, 32.307149786000025 ], [ 70.076354413999979, 32.304603762 ], [ 70.07435566700002, 32.271327000999975 ], [ 70.056176586, 32.267043971000021 ], [ 70.054177837999987, 32.26341529299998 ], [ 70.054534757, 32.257918738 ], [ 70.061768319, 32.24988805800001 ], [ 70.05853225200002, 32.243903713 ], [ 70.058841581000024, 32.238407157999973 ], [ 70.065456483, 32.237883677000013 ], [ 70.069311210000023, 32.231958819 ], [ 70.075069504999988, 32.231578104999983 ], [ 70.079209767, 32.228270654000028 ], [ 70.091440197, 32.226747799 ], [ 70.097317465, 32.220870531 ], [ 70.096254155999986, 32.216171885999984 ], [ 70.085350037000012, 32.211929321000014 ], [ 70.067016602000024, 32.176750183000024 ], [ 70.074272156, 32.148090363 ], [ 70.097667315000024, 32.139100133999989 ], [ 70.105651855000019, 32.123069763 ], [ 70.107299805000025, 32.118530272999976 ], [ 70.103187561000027, 32.100410461000024 ], [ 70.124366759999987, 32.024391174000016 ], [ 70.166351318000011, 31.998979567999982 ], [ 70.169403075999981, 31.998260497999979 ], [ 70.182984803000011, 32.006410804999973 ], [ 70.18251800500002, 32.000579834 ], [ 70.188003540000011, 31.994340896999972 ], [ 70.179237366, 31.986520767 ], [ 70.188552856, 31.980709075999982 ], [ 70.189697266, 31.976860046000013 ], [ 70.2056427, 31.908800125000027 ], [ 70.206542969, 31.89496994000001 ], [ 70.220611572, 31.84634971600002 ], [ 70.211977011999977, 31.81543270200001 ], [ 70.205343325, 31.814548052000021 ], [ 70.204772253999977, 31.821704281 ], [ 70.198561860999973, 31.819384306000018 ], [ 70.186355225999989, 31.837908410000011 ], [ 70.167795431, 31.834803212999986 ], [ 70.163012714, 31.837837025999988 ], [ 70.158265689000018, 31.846974155999987 ], [ 70.153768507999985, 31.849222747 ], [ 70.135494247999986, 31.848651675999974 ], [ 70.118362129, 31.842512667 ], [ 70.096304525999983, 31.843119429000012 ], [ 70.050297648000026, 31.856789433000017 ], [ 70.04544354799998, 31.862571522999986 ], [ 70.04287373, 31.875063693000016 ], [ 70.030845554999985, 31.880703015 ], [ 70.019174298999985, 31.890375523999978 ], [ 70.000293275999979, 31.893873332 ], [ 69.986873116000027, 31.891303514000015 ], [ 69.974166794999974, 31.899976649 ], [ 69.964494286, 31.898584664 ], [ 69.956453128000021, 31.894505566000021 ], [ 69.963401794, 31.920578003 ], [ 69.963287353999988, 31.93682289100002 ], [ 69.945716858000026, 31.936094283999978 ], [ 69.931938171000013, 31.929330826000012 ], [ 69.898986816, 31.888376236 ], [ 69.882575988999974, 31.884140015000014 ], [ 69.867195128999981, 31.89169311500001 ], [ 69.855827332, 31.892055511000024 ], [ 69.853134155000021, 31.901596069 ], [ 69.853317260999972, 31.924848557000018 ], [ 69.868499756, 31.942140579000011 ], [ 69.881362915000011, 31.969610214 ], [ 69.882797241, 31.978218078999987 ], [ 69.880523681999989, 31.981708527000023 ], [ 69.826469421000013, 32.003677368000012 ], [ 69.799980163999976, 32.024158478 ], [ 69.817459106, 32.03669357299998 ], [ 69.840660094999976, 32.082069397 ], [ 69.852546691999976, 32.093612671000017 ], [ 69.852485656999988, 32.100616455000022 ], [ 69.822570800999983, 32.09501647899998 ], [ 69.805709838999974, 32.095546722 ], [ 69.782577515000014, 32.085842133000028 ], [ 69.778831481999987, 32.085815430000025 ], [ 69.773170471000014, 32.090557097999977 ], [ 69.736961365000013, 32.07820510900001 ], [ 69.679548419000014, 32.072943775 ], [ 69.659049988, 32.052387238 ], [ 69.646759033000023, 32.046237946000019 ], [ 69.643539428999986, 32.03251647899998 ], [ 69.63173675500002, 32.016181946000017 ], [ 69.629219055000021, 32.007240294999974 ], [ 69.620292663999976, 32.001754760999972 ], [ 69.608734131, 31.998477935999972 ], [ 69.59072876, 31.981044769 ], [ 69.563453674000016, 31.966890335000016 ], [ 69.548759459999985, 31.956113814999981 ], [ 69.53589630099998, 31.959835052000017 ], [ 69.523117065, 31.975599289 ], [ 69.51881408700001, 31.976106644000026 ], [ 69.497581481999987, 31.969518661 ], [ 69.4712677, 31.965230942 ], [ 69.447082519999981, 31.966585158999976 ], [ 69.432868957999972, 31.962915421 ], [ 69.393920897999976, 31.962368011000024 ], [ 69.372024536000026, 31.966579437 ], [ 69.346794128, 31.951955795 ], [ 69.337234497, 31.954124450999984 ], [ 69.330825806, 31.960212707999972 ], [ 69.320920657999977, 31.95189079 ], [ 69.312721008999972, 31.976073195000026 ], [ 69.311996947000011, 31.986134986000025 ], [ 69.300347879000014, 31.991933328000016 ], [ 69.286108465999973, 32.071400975000017 ], [ 69.28945795300001, 32.092719167999974 ], [ 69.272841485000015, 32.151006138000014 ], [ 69.275765327999977, 32.193753846 ], [ 69.269979850000027, 32.272088627000016 ], [ 69.279592846000014, 32.29216263 ], [ 69.280837035, 32.356385691000014 ], [ 69.250243087, 32.413998180000021 ], [ 69.238776905, 32.444304 ], [ 69.24069885, 32.461388676000013 ], [ 69.270225413999981, 32.50555083 ], [ 69.285208066, 32.532981918000019 ], [ 69.300711313000022, 32.541114983999989 ], [ 69.32607312, 32.542539252999973 ], [ 69.385237571, 32.566552096 ], [ 69.410386281, 32.606323407 ], [ 69.424461072999975, 32.603399156000023 ], [ 69.430457315000012, 32.596974611 ], [ 69.446375908, 32.599187509999979 ], [ 69.460438523, 32.593905106000022 ], [ 69.470182415000011, 32.586731031999989 ], [ 69.472930693000023, 32.574917008 ], [ 69.48071153, 32.568242619999978 ], [ 69.488456676, 32.563031599999988 ], [ 69.491990175000012, 32.564066665999974 ], [ 69.502849719999972, 32.559844235000014 ], [ 69.510345022000024, 32.563449118 ], [ 69.514342516, 32.568303218999972 ], [ 69.523693798000011, 32.569695202999981 ], [ 69.540861609, 32.562449744999981 ], [ 69.546465238999986, 32.568017683 ], [ 69.563882894000017, 32.573335779 ], [ 69.582014386000026, 32.586470403000021 ], [ 69.61013961499998, 32.589968210999984 ], [ 69.614172801, 32.596428447 ], [ 69.604892903, 32.603959440999972 ], [ 69.603108308, 32.61895004500002 ], [ 69.61298337, 32.628170684 ], [ 69.601537862999976, 32.641507334999972 ], [ 69.603358151, 32.648467258999972 ], [ 69.612780816, 32.655498566 ], [ 69.614208492999978, 32.660316974000011 ], [ 69.62891356199998, 32.663100943000018 ], [ 69.641048813, 32.662244338 ], [ 69.640192206999984, 32.671774078999988 ], [ 69.645760145, 32.686086536 ], [ 69.650614245999975, 32.690333873999975 ], [ 69.657645553, 32.690583718000028 ], [ 69.67235062200001, 32.701291292 ], [ 69.682522817, 32.700506070000017 ], [ 69.707649925, 32.703968185 ], [ 69.717964887999983, 32.713783461999981 ], [ 69.725781417, 32.712248709999983 ], [ 69.735194623999973, 32.717144169 ], [ 69.737163736000014, 32.709394976 ], [ 69.748618557999976, 32.70355669700001 ], [ 69.749154573999988, 32.698153155 ], [ 69.757554742000025, 32.695698105000019 ], [ 69.769532293999987, 32.700460548000024 ], [ 69.777482245999977, 32.698073126999986 ], [ 69.791300907999982, 32.701354260000016 ], [ 69.800241625000012, 32.70006768899998 ], [ 69.814155089999986, 32.692343812999979 ], [ 69.820926368000016, 32.679275834 ], [ 69.830727738, 32.67383025800001 ], [ 69.840335585999981, 32.663013064999973 ], [ 69.841406181000025, 32.657407033000027 ], [ 69.849980623000022, 32.65828499700001 ], [ 69.853232228000024, 32.655729596000015 ], [ 69.872628754, 32.659814238000024 ], [ 69.874420360999977, 32.664344606999975 ], [ 69.872658381, 32.672682181000027 ], [ 69.87980023199998, 32.677485073000014 ], [ 69.879410878999977, 32.681090068 ], [ 69.8830557, 32.685092610000027 ], [ 69.89345516100002, 32.682973886000013 ], [ 69.899631436999982, 32.68582604 ], [ 69.913286756, 32.683917899 ], [ 69.925502854, 32.676271059999976 ], [ 69.936651179000023, 32.680027451 ], [ 69.943822183, 32.678935036999974 ], [ 69.948012242, 32.690126920000012 ], [ 69.957423552000023, 32.692337017 ], [ 69.964321703999985, 32.699887077000028 ], [ 69.978997156999981, 32.702079519 ], [ 69.978412322, 32.703658882000013 ], [ 70.000539329, 32.694668687999979 ], [ 70.00961356800002, 32.689340835 ], [ 70.011477625999987, 32.685771679000027 ], [ 70.019071705999977, 32.684512444 ], [ 70.01990472, 32.681654450999986 ], [ 70.039399686000024, 32.677801164000016 ], [ 70.05092119699998, 32.668511887000022 ], [ 70.062106652000011, 32.680465581000021 ], [ 70.065282253000021, 32.688567775000024 ], [ 70.077675408, 32.691208867 ], [ 70.096115901000019, 32.703103075 ], [ 70.109055204000015, 32.703393076999987 ], [ 70.109166075000019, 32.708131798000011 ], [ 70.111572712999987, 32.708723685999985 ], [ 70.111284824999984, 32.712394981999978 ], [ 70.116195103999985, 32.717811843 ], [ 70.125881424, 32.719482211000013 ], [ 70.129971801000011, 32.724849146999986 ], [ 70.142489813999987, 32.726154330999975 ], [ 70.146276406000027, 32.73127305700001 ], [ 70.170576529000016, 32.734270365999976 ], [ 70.180726371999981, 32.727268596999977 ], [ 70.18895914, 32.727505307 ], [ 70.199529105000011, 32.719420007 ], [ 70.221305918999974, 32.729215646 ], [ 70.233307213999979, 32.730710036 ], [ 70.249949338000022, 32.719961854000019 ], [ 70.253473728000017, 32.720049917999972 ], [ 70.257019125, 32.722429379 ], [ 70.259933696000019, 32.729912717 ], [ 70.275757194999983, 32.730219378000015 ], [ 70.29065867700001, 32.734463667 ], [ 70.304320951000022, 32.748714565 ], [ 70.313682079999978, 32.762500293000016 ], [ 70.327480316, 32.76260498 ], [ 70.337705175999986, 32.769190112999979 ] ] ] } },
{ "type": "Feature", "properties": { "adm2_name": "Tank", "adm2_pcode": "PK533", "adm1_name": "Khyber Pakhtunkhwa" }, "geometry": { "type": "Polygon", "coordinates": [ [ [ 70.283911865999983, 32.639261803000011 ], [ 70.306347893, 32.613588215 ], [ 70.311178198999983, 32.599715958 ], [ 70.320291533999978, 32.584416023000017 ], [ 70.326573311, 32.581917589 ], [ 70.344157527999982, 32.581513081000026 ], [ 70.357601482, 32.574707822999983 ], [ 70.365786828000012, 32.57665898099998 ], [ 70.370581442, 32.575350276999984 ], [ 70.374828779999973, 32.580037815000026 ], [ 70.387083003999976, 32.580466118 ], [ 70.389831281, 32.582464866 ], [ 70.396981561000018, 32.579347772 ], [ 70.4122577, 32.580299556 ], [ 70.427438661, 32.588151777 ], [ 70.436789943, 32.585344013 ], [ 70.443714173999979, 32.595599489999984 ], [ 70.45450503, 32.59498083 ], [ 70.458514422, 32.592173065999987 ], [ 70.471791814000028, 32.595551901000022 ], [ 70.481642782, 32.600489282000012 ], [ 70.483165637000013, 32.603880014000026 ], [ 70.495348477, 32.599287654000022 ], [ 70.499952120999978, 32.602199625000026 ], [ 70.53623199499998, 32.578769684 ], [ 70.545852661000026, 32.576820374000022 ], [ 70.549369812, 32.573638916 ], [ 70.548072815000012, 32.561389922999979 ], [ 70.569351196000014, 32.532798766999974 ], [ 70.58216095, 32.523040771000012 ], [ 70.59644317599998, 32.504489899000021 ], [ 70.604598941, 32.475122221999982 ], [ 70.615694759, 32.464538784000013 ], [ 70.597405150999975, 32.435042798999973 ], [ 70.626055389999976, 32.415167424 ], [ 70.62752476999998, 32.409626673999981 ], [ 70.641304271000024, 32.405650048999973 ], [ 70.657818506000012, 32.391392670000016 ], [ 70.674458394, 32.388587299999983 ], [ 70.681757652999977, 32.396546046000026 ], [ 70.706634130999987, 32.376137047999975 ], [ 70.705365008, 32.367760291000025 ], [ 70.698750469, 32.364077324999982 ], [ 70.698511274, 32.361617291000016 ], [ 70.71093139300001, 32.352623791999974 ], [ 70.71150789, 32.349635921000015 ], [ 70.699289344000022, 32.339925564 ], [ 70.692571267, 32.341157667 ], [ 70.685108389, 32.334760791 ], [ 70.683574403000023, 32.330106882 ], [ 70.669180923999988, 32.322170086000028 ], [ 70.670354389000011, 32.301970415000028 ], [ 70.662581204999981, 32.297069798 ], [ 70.660638457, 32.291389755000012 ], [ 70.663379513, 32.287952291000011 ], [ 70.662481610999976, 32.277249217000019 ], [ 70.672905603, 32.274520221999978 ], [ 70.653920396, 32.263221418 ], [ 70.645579644, 32.254901051 ], [ 70.621052150000025, 32.247188301999984 ], [ 70.60069202699998, 32.237015163000024 ], [ 70.590575397, 32.229311419999988 ], [ 70.586342522999985, 32.219279422999989 ], [ 70.576592762000018, 32.213282919 ], [ 70.574795758, 32.20579354900002 ], [ 70.570014512, 32.199766548000014 ], [ 70.572782772999972, 32.195611919999976 ], [ 70.570688395, 32.178393668000012 ], [ 70.573468516999981, 32.158154288 ], [ 70.572393520999981, 32.13824867400001 ], [ 70.552228135, 32.114246665999985 ], [ 70.53649514, 32.099687663 ], [ 70.52945151900002, 32.096935484000028 ], [ 70.523294643999975, 32.100984289 ], [ 70.490184635, 32.106965549999984 ], [ 70.47616439799998, 32.095648176 ], [ 70.471339890000024, 32.098902923000026 ], [ 70.460803138000017, 32.097308575 ], [ 70.457478010999978, 32.099654671 ], [ 70.440900984999985, 32.093182684999988 ], [ 70.438119277999988, 32.088520297 ], [ 70.432039632, 32.08679367000002 ], [ 70.417181641000013, 32.089891486999989 ], [ 70.41002552499998, 32.080953163 ], [ 70.402434271, 32.08023893 ], [ 70.395108766000021, 32.075853547 ], [ 70.389718453, 32.078710727999976 ], [ 70.384494258000018, 32.076783797000019 ], [ 70.371255132999977, 32.079923296 ], [ 70.361720390000016, 32.078012923000017 ], [ 70.338946521000025, 32.086999681 ], [ 70.322983136, 32.087597539 ], [ 70.310906881999983, 32.084325177999972 ], [ 70.308594903000028, 32.086131035999983 ], [ 70.301080765999984, 32.08245866599998 ], [ 70.268312514, 32.087571669 ], [ 70.261815397000021, 32.091130928999974 ], [ 70.249781454000015, 32.103885172 ], [ 70.243248419999986, 32.100867859 ], [ 70.238755640000022, 32.090488540000024 ], [ 70.24566826, 32.077209762999985 ], [ 70.257321261000016, 32.069433043 ], [ 70.236995392999972, 32.050806804999979 ], [ 70.229028766999988, 32.03680304400001 ], [ 70.218636393999986, 32.026190051000015 ], [ 70.169403075999981, 31.998260497999979 ], [ 70.124366759999987, 32.024391174000016 ], [ 70.103187561000027, 32.100410461000024 ], [ 70.107299805000025, 32.118530272999976 ], [ 70.105651855000019, 32.123069763 ], [ 70.097667315000024, 32.139100133999989 ], [ 70.074272156, 32.148090363 ], [ 70.067016602000024, 32.176750183000024 ], [ 70.085350037000012, 32.211929321000014 ], [ 70.096254155999986, 32.216171885999984 ], [ 70.097317465, 32.220870531 ], [ 70.091440197, 32.226747799 ], [ 70.079209767, 32.228270654000028 ], [ 70.075069504999988, 32.231578104999983 ], [ 70.069311210000023, 32.231958819 ], [ 70.065456483, 32.237883677000013 ], [ 70.058841581000024, 32.238407157999973 ], [ 70.05853225200002, 32.243903713 ], [ 70.061768319, 32.24988805800001 ], [ 70.054534757, 32.257918738 ], [ 70.054177837999987, 32.26341529299998 ], [ 70.056176586, 32.267043971000021 ], [ 70.07435566700002, 32.271327000999975 ], [ 70.076354413999979, 32.304603762 ], [ 70.07326111499998, 32.307149786000025 ], [ 70.075117094, 32.314645086999974 ], [ 70.079923606000023, 32.324912461 ], [ 70.083266748000028, 32.32381791 ], [ 70.08737131800001, 32.326518597000018 ], [ 70.087704443, 32.332776579999972 ], [ 70.098626169, 32.342258732 ], [ 70.085206009, 32.344079019 ], [ 70.090190979999988, 32.351907445999984 ], [ 70.08908452999998, 32.355452843000023 ], [ 70.094271756000012, 32.359361107999973 ], [ 70.093010640999978, 32.361532366 ], [ 70.105169686000011, 32.366850461000013 ], [ 70.11411646, 32.376463483 ], [ 70.113616773, 32.382769054999983 ], [ 70.106288033, 32.390288151 ], [ 70.09020882599998, 32.394190466999987 ], [ 70.09094051, 32.400995726000019 ], [ 70.088751405999972, 32.405254961000026 ], [ 70.089500935999979, 32.409573681999973 ], [ 70.098150277, 32.409716450000019 ], [ 70.09539010200001, 32.428978186 ], [ 70.100149024000018, 32.438472236 ], [ 70.099387595999985, 32.446419634999984 ], [ 70.103456473999984, 32.456889263999983 ], [ 70.102338127999985, 32.470357013000012 ], [ 70.105693168000016, 32.498625009000023 ], [ 70.111832177, 32.524061446000019 ], [ 70.115496547000021, 32.530414607000012 ], [ 70.125775818000022, 32.545524183999987 ], [ 70.142598607000025, 32.561300011000014 ], [ 70.161943625, 32.586308144999975 ], [ 70.199595793000015, 32.625982900999986 ], [ 70.205202225, 32.623772757999973 ], [ 70.210460834, 32.616146586000013 ], [ 70.222536599000023, 32.612684469999976 ], [ 70.225855946000024, 32.609484095000028 ], [ 70.243487752000021, 32.621785908 ], [ 70.257968548, 32.623335484 ], [ 70.279693027, 32.638873364 ], [ 70.283911865999983, 32.639261803000011 ] ] ] } },
{ "type": "Feature", "properties": { "adm2_name": "Dera Ghazi Khan", "adm2_pcode": "PK607", "adm1_name": "Punjab" }, "geometry": { "type": "Polygon", "coordinates": [ [ [ 70.562080383000023, 31.340459824 ], [ 70.582672119, 31.331497191999972 ], [ 70.601310730000023, 31.32778358500002 ], [ 70.607688903999986, 31.320035933999975 ], [ 70.61631011999998, 31.325159073 ], [ 70.634475708000025, 31.317611694 ], [ 70.67509460399998, 31.316049576000012 ], [ 70.680831909, 31.318765639999981 ], [ 70.691238403, 31.332574844000021 ], [ 70.704750061000027, 31.337978363 ], [ 70.733993530000021, 31.336196899000015 ], [ 70.740440369, 31.332973480000021 ], [ 70.745025635, 31.316875458000027 ], [ 70.774742127000025, 31.305744934000018 ], [ 70.762834775999977, 31.284664163 ], [ 70.793958885999984, 31.28197067100001 ], [ 70.788272767000024, 31.249499791 ], [ 70.777997144999972, 31.220864043 ], [ 70.775049272, 31.202439412 ], [ 70.777260270999989, 31.188436414000023 ], [ 70.790410512, 31.154222667 ], [ 70.795464472999981, 31.103862320000019 ], [ 70.779930071000024, 31.108903494 ], [ 70.781141599000023, 31.081777859 ], [ 70.776952333, 31.067960389 ], [ 70.775723169, 31.046290697000018 ], [ 70.776169416000016, 31.030361557999981 ], [ 70.780959903999985, 31.005869510000025 ], [ 70.777380957, 30.994598264 ], [ 70.760282221000011, 30.976531969 ], [ 70.76173201, 30.973611953999978 ], [ 70.791658258999973, 30.974428158000023 ], [ 70.793566924, 30.971510989000024 ], [ 70.793332551999981, 30.94691235800002 ], [ 70.789130592999982, 30.941909916999975 ], [ 70.77063877, 30.932731794 ], [ 70.759179709000023, 30.92018943 ], [ 70.756736006999972, 30.913253024000028 ], [ 70.764428603, 30.884989415 ], [ 70.767678600000011, 30.883287780999979 ], [ 70.783569673999978, 30.886563108000018 ], [ 70.787758942999972, 30.883699670999988 ], [ 70.788819186000012, 30.878268666 ], [ 70.769892457000026, 30.84442872 ], [ 70.76308850700002, 30.842042538999976 ], [ 70.745161492000022, 30.846198591000018 ], [ 70.737101724000013, 30.843974898 ], [ 70.733048814000028, 30.838661574000014 ], [ 70.734749365000027, 30.835158719 ], [ 70.745218197999975, 30.828098279000017 ], [ 70.741431106999983, 30.777882740999985 ], [ 70.782999686999972, 30.769963809999979 ], [ 70.79158393, 30.762593085 ], [ 70.794778468, 30.754200968000021 ], [ 70.794656428999986, 30.712001742999973 ], [ 70.791921770999977, 30.68392968500001 ], [ 70.792268435999972, 30.671342472999982 ], [ 70.795457977000012, 30.662950280000018 ], [ 70.795488236999972, 30.637801083999989 ], [ 70.799481725000021, 30.625098278999985 ], [ 70.813421652999978, 30.614952018999986 ], [ 70.8129358, 30.609868211999981 ], [ 70.801750102000028, 30.600549871 ], [ 70.800995809000028, 30.595159073 ], [ 70.806428442000026, 30.586730504 ], [ 70.813853021999989, 30.581571637000025 ], [ 70.814889005999987, 30.577069187 ], [ 70.812345826000012, 30.571363919000021 ], [ 70.799762871999974, 30.564168113999983 ], [ 70.79205162, 30.554960146999974 ], [ 70.79278783, 30.544742263999979 ], [ 70.797947562, 30.530880479000018 ], [ 70.803927225, 30.522250583000016 ], [ 70.804411432, 30.513911124 ], [ 70.792670730999987, 30.491052036999974 ], [ 70.794630524000013, 30.48897827899998 ], [ 70.793440891999978, 30.482598697000014 ], [ 70.798167196, 30.469041888999982 ], [ 70.797326068000018, 30.461243947000014 ], [ 70.799221036, 30.457194698000023 ], [ 70.80509093500001, 30.454358534999983 ], [ 70.818172080000011, 30.45344882 ], [ 70.820966168999973, 30.450892825999972 ], [ 70.823987617, 30.421841039000014 ], [ 70.833093661000021, 30.396616021999989 ], [ 70.830797650000022, 30.381017912 ], [ 70.822908257999984, 30.361320334000027 ], [ 70.823271363, 30.337126895999972 ], [ 70.819121167, 30.319860252000012 ], [ 70.826028400999974, 30.265201763 ], [ 70.820992637000018, 30.261122175000025 ], [ 70.803758368999979, 30.255808003000027 ], [ 70.800641970000015, 30.250567247 ], [ 70.804217247999986, 30.238871222 ], [ 70.839630074000013, 30.203351009000016 ], [ 70.849730734, 30.121761638 ], [ 70.861869937, 30.093061365999972 ], [ 70.879829713, 30.069419950999986 ], [ 70.885897393999983, 30.05495133 ], [ 70.883784790999982, 30.049032424000018 ], [ 70.863627291, 30.047211323 ], [ 70.865682264999975, 30.040239687999986 ], [ 70.873390018, 30.035450522000019 ], [ 70.866291172, 30.027546815999983 ], [ 70.864328248999982, 30.019977852000011 ], [ 70.873416615, 29.983217685 ], [ 70.878301775000011, 29.972319345000017 ], [ 70.87605143899998, 29.965217920999976 ], [ 70.871463380000023, 29.964889178000021 ], [ 70.865397304, 29.969239163 ], [ 70.861969854, 29.965877992 ], [ 70.866301250999982, 29.955609288 ], [ 70.879080876999978, 29.953040562000012 ], [ 70.885369148999985, 29.94022796500002 ], [ 70.877908344, 29.93584026100001 ], [ 70.854902095999989, 29.936557952999976 ], [ 70.830444242999988, 29.911784281999985 ], [ 70.832468313, 29.904691755999977 ], [ 70.848791522, 29.900789655999972 ], [ 70.855151391, 29.891808541999978 ], [ 70.839885955999989, 29.835911371 ], [ 70.834341484999982, 29.831091437 ], [ 70.827088709, 29.829532289999975 ], [ 70.81557233, 29.805770458999973 ], [ 70.798300859, 29.79577034 ], [ 70.792969699000025, 29.788318845999981 ], [ 70.792860976999975, 29.781458021 ], [ 70.784348777, 29.776290409000012 ], [ 70.742660270999977, 29.718309723 ], [ 70.740171073999988, 29.716810134000013 ], [ 70.733418044000018, 29.719149890999972 ], [ 70.724168442, 29.710840137 ], [ 70.724522611, 29.705198449000022 ], [ 70.729184858, 29.700046584 ], [ 70.73565844, 29.697450278000019 ], [ 70.735839853000016, 29.692519297 ], [ 70.730780786000025, 29.674037020000014 ], [ 70.721818889000019, 29.666316977 ], [ 70.708830901999988, 29.696901636 ], [ 70.698899168000025, 29.714011030999984 ], [ 70.702893070000016, 29.729641453999989 ], [ 70.699908545000028, 29.733360539999978 ], [ 70.69491222900001, 29.733518425999989 ], [ 70.693060924, 29.737989731000027 ], [ 70.685340422000024, 29.743608807999976 ], [ 70.691641389999972, 29.768449912999984 ], [ 70.690922809000028, 29.776810822000016 ], [ 70.686591060000012, 29.785057602999984 ], [ 70.660958675000018, 29.802847519000011 ], [ 70.648170245000017, 29.805330163 ], [ 70.610761783999976, 29.804129288000013 ], [ 70.603485472999978, 29.801175369000021 ], [ 70.59555033700002, 29.79158798200001 ], [ 70.585947573999988, 29.785349467 ], [ 70.577928327999985, 29.773738497000011 ], [ 70.576288105, 29.740979142000015 ], [ 70.573323067999979, 29.730289749 ], [ 70.563940983, 29.709481118999975 ], [ 70.535698978000028, 29.667909829999985 ], [ 70.521512458000018, 29.655998183 ], [ 70.4762713, 29.630661477999979 ], [ 70.459841729, 29.625238138999975 ], [ 70.448500806000027, 29.628251987999988 ], [ 70.434509645999981, 29.619740740999987 ], [ 70.426970967999978, 29.618679833999977 ], [ 70.424300581000011, 29.619720245 ], [ 70.423149567999985, 29.624261900000022 ], [ 70.427931377, 29.641389948999972 ], [ 70.420150391, 29.644771761000015 ], [ 70.417272309999987, 29.652420998000025 ], [ 70.406615653000017, 29.657679341 ], [ 70.395633017000023, 29.66705072100001 ], [ 70.39325283300002, 29.671157892 ], [ 70.395963581, 29.684476598 ], [ 70.392877906000024, 29.693941531 ], [ 70.375727401, 29.714437812000028 ], [ 70.353669111999977, 29.730739821999975 ], [ 70.332419997999978, 29.734360611999989 ], [ 70.250332854000021, 29.734849038999982 ], [ 70.198721431000024, 29.742077504 ], [ 70.170828990000018, 29.749093448 ], [ 70.156262575000028, 29.75601982 ], [ 70.128799726000011, 29.774969574000011 ], [ 70.116328759, 29.785631610999985 ], [ 70.107668600000011, 29.803671453 ], [ 70.087612992, 29.815479660999983 ], [ 70.061266968999973, 29.824498635 ], [ 70.027567572, 29.831639189999976 ], [ 70.00652657400002, 29.83334963599998 ], [ 69.908158682000021, 29.861638581000022 ], [ 69.891730579000011, 29.878057808 ], [ 69.877682628, 29.898789833000023 ], [ 69.892509459999985, 29.914806366 ], [ 69.911018372, 29.962451935 ], [ 69.922470093000015, 30.001712799000018 ], [ 69.940696716, 30.035957336000024 ], [ 69.94657135, 30.042890549 ], [ 69.962310791, 30.053001403999986 ], [ 69.979660034, 30.076745986999981 ], [ 69.985313416, 30.091632843000014 ], [ 69.98754119900002, 30.106067656999983 ], [ 69.984840393000013, 30.121322631999988 ], [ 69.985542297, 30.13950920100001 ], [ 69.991462707999972, 30.153129578 ], [ 69.999000549000016, 30.182481766000024 ], [ 70.015060425, 30.189910888999975 ], [ 70.017341613999974, 30.212905884 ], [ 70.020759582999972, 30.219312667999986 ], [ 70.024169922, 30.221973419 ], [ 70.047630309999988, 30.226694107000014 ], [ 70.076202393000017, 30.262418747000027 ], [ 70.072342735, 30.271277818999977 ], [ 70.059921265000014, 30.275060654000015 ], [ 70.012420653999982, 30.277389525999979 ], [ 70.003456116, 30.273410797 ], [ 69.987625122, 30.253408432000015 ], [ 69.978057861000025, 30.251033783000025 ], [ 69.972824097, 30.25345993000002 ], [ 69.971321106, 30.262559891000024 ], [ 69.981849669999974, 30.282804489 ], [ 69.984092712, 30.299917220999987 ], [ 69.983177184999988, 30.302328110000019 ], [ 69.977928162000012, 30.301277160999973 ], [ 69.966468811000027, 30.292488097999978 ], [ 69.96308136, 30.293035507000013 ], [ 69.959091187000013, 30.297863006999989 ], [ 69.959121703999983, 30.304552077999972 ], [ 69.96117024900002, 30.322636412 ], [ 69.96912384, 30.333406448 ], [ 69.99344635, 30.381175994999978 ], [ 69.996612549000019, 30.398284912 ], [ 69.996490478999988, 30.436538696000014 ], [ 70.001945496000019, 30.456573486000025 ], [ 70.038940430000025, 30.49548912 ], [ 70.085632324000017, 30.592920303000028 ], [ 70.09482574499998, 30.628730774000019 ], [ 70.092216491999977, 30.660558701000014 ], [ 70.087051391999978, 30.677436828999987 ], [ 70.088722228999984, 30.697496414 ], [ 70.098388672, 30.707620621 ], [ 70.10349327, 30.732211591 ], [ 70.108802794999974, 30.73780632 ], [ 70.115631103999988, 30.739379883000026 ], [ 70.141265869, 30.735740662000012 ], [ 70.156158447, 30.737272263000023 ], [ 70.159919738999974, 30.743406295999989 ], [ 70.16318511999998, 30.768274307000013 ], [ 70.168190002000017, 30.774669647 ], [ 70.201095581, 30.777709961000028 ], [ 70.20980835, 30.781408310000018 ], [ 70.215766906999988, 30.790206909 ], [ 70.222404480000023, 30.837247849 ], [ 70.226799011000026, 30.843111038000018 ], [ 70.26435852100002, 30.843700409 ], [ 70.267166138, 30.84528923 ], [ 70.269714355000019, 30.852766036999981 ], [ 70.269500731999983, 30.865343094000025 ], [ 70.255584716999977, 30.872381210000015 ], [ 70.252555847, 30.882833480999977 ], [ 70.263763428, 30.925287247000028 ], [ 70.264663696000014, 30.99993515 ], [ 70.268371581999986, 31.033845901 ], [ 70.269973755000024, 31.040258408 ], [ 70.287635803, 31.069587707999972 ], [ 70.294380188, 31.095235824999975 ], [ 70.292739868000012, 31.159461975 ], [ 70.287513733000026, 31.165496825999981 ], [ 70.309883118000016, 31.174806595 ], [ 70.404541016, 31.199834824 ], [ 70.404998778999982, 31.212610245 ], [ 70.413536072, 31.225387572999978 ], [ 70.424156188999973, 31.246549605999974 ], [ 70.423797606999983, 31.250019072999976 ], [ 70.427719116, 31.253810883000028 ], [ 70.430549622, 31.265779495 ], [ 70.44671630900001, 31.286109924000016 ], [ 70.450218200999984, 31.294050217 ], [ 70.524810791, 31.306089401 ], [ 70.531593322999981, 31.317350388000023 ], [ 70.541069031, 31.324310303 ], [ 70.544927759000018, 31.335665006 ], [ 70.550811768000017, 31.335531235000019 ], [ 70.562080383000023, 31.340459824 ] ] ] } },
{ "type": "Feature", "properties": { "adm2_name": "Muzaffargarh", "adm2_pcode": "PK623", "adm1_name": "Punjab" }, "geometry": { "type": "Polygon", "coordinates": [ [ [ 71.254992007999988, 30.763210264 ], [ 71.270560618, 30.756600693 ], [ 71.28019858, 30.748348185 ], [ 71.31279866, 30.744130014 ], [ 71.36076002599998, 30.704771414999982 ], [ 71.380509221000011, 30.680399430000023 ], [ 71.408093166000015, 30.659492160000013 ], [ 71.423802629000022, 30.641791106000028 ], [ 71.444791862999978, 30.626102204 ], [ 71.479811317999975, 30.60587253 ], [ 71.528577197, 30.583354085999986 ], [ 71.544168290000016, 30.587941021 ], [ 71.561400172, 30.585853456999985 ], [ 71.586635711999975, 30.592702635000023 ], [ 71.592601038, 30.600516590999973 ], [ 71.590023438, 30.614130029000023 ], [ 71.593875684000011, 30.62002583200001 ], [ 71.599561812, 30.62218049 ], [ 71.640208495000024, 30.60751 ], [ 71.649199539999984, 30.612469643 ], [ 71.655661308, 30.620228925999982 ], [ 71.677049720000014, 30.603448932 ], [ 71.687976521999985, 30.60137781100002 ], [ 71.701781127, 30.58296199 ], [ 71.720678298999985, 30.582818104000012 ], [ 71.726694697000028, 30.578204270000015 ], [ 71.702231254000026, 30.542591823 ], [ 71.68611073, 30.534588951999979 ], [ 71.67127839699998, 30.532244239000022 ], [ 71.663779987999987, 30.522150040999975 ], [ 71.658847152000021, 30.51929918899998 ], [ 71.60779755599998, 30.502218809999988 ], [ 71.604272793, 30.486899854 ], [ 71.59108862, 30.478639760000021 ], [ 71.590820163999979, 30.470601930999976 ], [ 71.578819583999973, 30.466060281000011 ], [ 71.56182050000001, 30.448288940999987 ], [ 71.553290666, 30.448630596999976 ], [ 71.538332458000014, 30.457997238000019 ], [ 71.531312158, 30.454391653000016 ], [ 71.525087669000015, 30.454560636 ], [ 71.525433210000017, 30.443529522 ], [ 71.530051096000022, 30.436991350000028 ], [ 71.528386457000011, 30.431938725 ], [ 71.523970784000028, 30.429107902999988 ], [ 71.51293088, 30.432824521999976 ], [ 71.504767198000025, 30.438511587 ], [ 71.494199343, 30.436733866 ], [ 71.488172226000017, 30.428609946 ], [ 71.489001905, 30.414640769000016 ], [ 71.482461753, 30.410217778 ], [ 71.472682672000019, 30.41167866 ], [ 71.467151462, 30.422864518999972 ], [ 71.462461761999975, 30.423499095000011 ], [ 71.460747434999973, 30.414326517 ], [ 71.46463889, 30.407487942999978 ], [ 71.469663430000026, 30.404940194 ], [ 71.486506084999974, 30.404335378999974 ], [ 71.489590115999988, 30.403149944 ], [ 71.4894531, 30.398850657000025 ], [ 71.483637481000017, 30.396819103999974 ], [ 71.48082861, 30.391827322999973 ], [ 71.470030753, 30.391477797999983 ], [ 71.46071043500001, 30.370718639000017 ], [ 71.454208618999985, 30.366998643999978 ], [ 71.446500598, 30.367550477 ], [ 71.441312294, 30.361307644000021 ], [ 71.432477609999978, 30.359078942 ], [ 71.408303191000016, 30.338710468999977 ], [ 71.404787649000014, 30.322372132 ], [ 71.409777335, 30.310749483999984 ], [ 71.401888002000021, 30.301901408 ], [ 71.402896062000025, 30.293892238000012 ], [ 71.395581623999988, 30.288686649999988 ], [ 71.394361709, 30.278267519 ], [ 71.38772286, 30.272508378999987 ], [ 71.371472004999987, 30.276787211 ], [ 71.366819115999988, 30.270965542999988 ], [ 71.383901698999978, 30.259619401 ], [ 71.385810495999976, 30.255827478000015 ], [ 71.380391595, 30.254515298 ], [ 71.375455798000019, 30.257506443000011 ], [ 71.374017848999983, 30.249147778 ], [ 71.364340815999981, 30.245019973000012 ], [ 71.356719933000022, 30.230507452999973 ], [ 71.343161275999989, 30.226118113999974 ], [ 71.332770599000014, 30.207339123999986 ], [ 71.319743511000013, 30.205206033000024 ], [ 71.316269751999982, 30.193868817 ], [ 71.307860674999972, 30.188480211000012 ], [ 71.305522371999984, 30.18201008 ], [ 71.295972313999982, 30.170330044000025 ], [ 71.299112435999973, 30.159868491999987 ], [ 71.292086881999978, 30.15225898 ], [ 71.28560223, 30.135196354000016 ], [ 71.288589636999973, 30.122197885 ], [ 71.284928633, 30.109619590000023 ], [ 71.289390535999985, 30.096476449000022 ], [ 71.288578315999985, 30.090636881000023 ], [ 71.284191035, 30.085006605999979 ], [ 71.275658831999976, 30.082599781 ], [ 71.275840202999973, 30.079269254999986 ], [ 71.282361889000015, 30.076701021000019 ], [ 71.281310462000022, 30.068091192999987 ], [ 71.276531912999985, 30.06207115 ], [ 71.267980797, 30.062900023999987 ], [ 71.265328677000014, 30.061010141 ], [ 71.26372541, 30.048823246999973 ], [ 71.266730441999982, 30.039700010999979 ], [ 71.258478137999987, 30.028991823000013 ], [ 71.261758396, 30.019549228000017 ], [ 71.273179325, 30.007835350999983 ], [ 71.275424964000024, 29.999516389 ], [ 71.272224832, 29.995110911999973 ], [ 71.253371105999975, 29.993231384000012 ], [ 71.239226436000024, 29.981524792000016 ], [ 71.232821494, 29.980988290000028 ], [ 71.220987804, 29.985806879 ], [ 71.21585410900002, 29.985505280999973 ], [ 71.210130581999977, 29.979741696000019 ], [ 71.189079596999989, 29.931322931000011 ], [ 71.185479570999973, 29.92090844400002 ], [ 71.187862527, 29.912889323 ], [ 71.186348926, 29.906020579000028 ], [ 71.179111200000023, 29.900096062999978 ], [ 71.169146787999978, 29.899820125000019 ], [ 71.168514394, 29.897844467000027 ], [ 71.172551779, 29.878509152999982 ], [ 71.190953063, 29.878909994000026 ], [ 71.194112290000021, 29.876928232000012 ], [ 71.19480067500001, 29.872551396 ], [ 71.190191592000019, 29.853220833000023 ], [ 71.193244538999977, 29.840752774 ], [ 71.180779196, 29.833508790999986 ], [ 71.175278864, 29.82315033499998 ], [ 71.179571539999984, 29.79792984 ], [ 71.166887695000014, 29.794880873000011 ], [ 71.165089459, 29.792451207999989 ], [ 71.166284570000016, 29.787971273999972 ], [ 71.163045849000014, 29.783113737 ], [ 71.175188086999981, 29.762248564 ], [ 71.175230506999981, 29.742870875 ], [ 71.16161674, 29.733810232999986 ], [ 71.157819518999986, 29.726400430000012 ], [ 71.160958990999973, 29.72092901100001 ], [ 71.178931104000014, 29.705310433000022 ], [ 71.181453708999982, 29.696947552999973 ], [ 71.178516038, 29.692173170999979 ], [ 71.173361828999987, 29.689758832999985 ], [ 71.153129577000016, 29.683930678000024 ], [ 71.143102285, 29.683160413999985 ], [ 71.128098771999987, 29.687468806000027 ], [ 71.122239025, 29.686607744000014 ], [ 71.122390123, 29.676260566 ], [ 71.117877087000011, 29.67035047600001 ], [ 71.112561992, 29.668761126 ], [ 71.090471372000025, 29.667905784000027 ], [ 71.074621498999988, 29.675220201 ], [ 71.066520288, 29.675131395999983 ], [ 71.063992686, 29.672371433000023 ], [ 71.067740394999987, 29.666818853999985 ], [ 71.066182382000022, 29.659338003000016 ], [ 71.050312874999975, 29.656030416000021 ], [ 71.049998868999978, 29.646978188 ], [ 71.042558392999979, 29.637571579 ], [ 71.041139102999978, 29.632028713000011 ], [ 71.057804243000021, 29.614481900999976 ], [ 71.061219431999973, 29.607990068 ], [ 71.038988112000027, 29.598237115000018 ], [ 71.028046954, 29.586511133999977 ], [ 71.021300855, 29.574772182 ], [ 71.027235479000012, 29.564625268999976 ], [ 71.023213137000027, 29.554041368000014 ], [ 71.018621685000028, 29.550657707000028 ], [ 71.008283123000012, 29.552773 ], [ 71.005815987, 29.547810158 ], [ 71.019059126, 29.514257784999984 ], [ 71.022949614000026, 29.498049412 ], [ 71.02278951, 29.488310903000013 ], [ 71.027687680999975, 29.47817189 ], [ 71.024806588, 29.464860480000027 ], [ 71.029316016999985, 29.457978609 ], [ 71.027900301999978, 29.445208756999989 ], [ 71.048257965, 29.434971400999984 ], [ 71.054368538, 29.441048852 ], [ 71.061051522000014, 29.44277186 ], [ 71.055653227, 29.428199907000021 ], [ 71.036080245999983, 29.415346248999981 ], [ 71.037425801999973, 29.386694862000013 ], [ 71.032037925999987, 29.380441807000011 ], [ 70.998979, 29.367419225 ], [ 70.98921102700001, 29.357721643 ], [ 70.971597953000014, 29.362361991 ], [ 70.959558465999976, 29.346405369000024 ], [ 70.95004137, 29.345371596 ], [ 70.935197972000026, 29.347630747999972 ], [ 70.928121745999988, 29.343000229999973 ], [ 70.920842531, 29.332601749 ], [ 70.914740817999984, 29.316698256 ], [ 70.927122019000024, 29.313451853 ], [ 70.950050245999989, 29.30022813 ], [ 70.958199447000027, 29.284211449999987 ], [ 70.958576201000028, 29.276051256000017 ], [ 70.953161578, 29.270479624000018 ], [ 70.945770143, 29.269688785000028 ], [ 70.917462613999987, 29.281828030999975 ], [ 70.910883511, 29.281760060000011 ], [ 70.911819735999984, 29.272888161000026 ], [ 70.918462342, 29.26790907100002 ], [ 70.920959735999986, 29.260681132 ], [ 70.920669823000026, 29.251378682 ], [ 70.914927498, 29.241290859 ], [ 70.855091992999974, 29.265909611999973 ], [ 70.848172329000022, 29.264900867999984 ], [ 70.844653957999981, 29.260198365 ], [ 70.844178753, 29.240198097000018 ], [ 70.840928577, 29.238101068 ], [ 70.818698516999973, 29.240847214999974 ], [ 70.795328122, 29.249067722 ], [ 70.784811470000022, 29.246532198000011 ], [ 70.770612324000012, 29.201260784999988 ], [ 70.750579930000015, 29.159419074000027 ], [ 70.747351305, 29.156452065 ], [ 70.741412707999984, 29.156041710000011 ], [ 70.734641024999974, 29.161987720000013 ], [ 70.730261386, 29.162898579 ], [ 70.718390719000013, 29.156548857000018 ], [ 70.705321143, 29.154867718999981 ], [ 70.691399316, 29.125708835000012 ], [ 70.684963321, 29.103788900999973 ], [ 70.679030692000026, 29.095919290999973 ], [ 70.669250192, 29.091720310000028 ], [ 70.618896428000028, 29.080945340000028 ], [ 70.615353229999982, 29.077418709000028 ], [ 70.612908710999989, 29.069387785 ], [ 70.610363420999988, 29.055250107 ], [ 70.612846013000024, 29.04846502800001 ], [ 70.575820474000011, 29.036158827 ], [ 70.558017666000012, 29.026792629 ], [ 70.546059298999978, 29.017031358999986 ], [ 70.539831540000023, 29.028221475 ], [ 70.553632330000028, 29.053609943000026 ], [ 70.552061504, 29.082400660000019 ], [ 70.558181065999975, 29.09363953899998 ], [ 70.562551774999974, 29.113230846000022 ], [ 70.575370400999986, 29.11627791799998 ], [ 70.57775940099998, 29.120869305999975 ], [ 70.572189611999988, 29.159938474 ], [ 70.573485882, 29.170709639 ], [ 70.579689459, 29.185929196000018 ], [ 70.578477981999981, 29.193117641000015 ], [ 70.568009249, 29.217318329000022 ], [ 70.55344196599998, 29.216090598 ], [ 70.552589716, 29.218001184 ], [ 70.560643036999977, 29.227949593 ], [ 70.579200378999985, 29.232748083999979 ], [ 70.583748942999989, 29.258949659 ], [ 70.587799545999985, 29.262841112 ], [ 70.602803053, 29.267350599 ], [ 70.603992591, 29.278650658 ], [ 70.621667987000023, 29.288080131000015 ], [ 70.623142963000021, 29.298661047 ], [ 70.628176864000011, 29.310011427 ], [ 70.618166771, 29.318538946 ], [ 70.61529271400002, 29.326667959000019 ], [ 70.617279532, 29.33989955200002 ], [ 70.614453095999977, 29.344908896999982 ], [ 70.616530695, 29.352378488999989 ], [ 70.614817383, 29.356439815999977 ], [ 70.609852833, 29.358059484000023 ], [ 70.62037477299998, 29.369258347000027 ], [ 70.624290239, 29.388461053000015 ], [ 70.622598724999989, 29.391080865 ], [ 70.607139389999986, 29.39644348500002 ], [ 70.609593648999976, 29.415299560999983 ], [ 70.615630561999978, 29.414777949999973 ], [ 70.620451450000019, 29.404988691000028 ], [ 70.625380678, 29.406008967 ], [ 70.627682429, 29.416600818 ], [ 70.631543019999981, 29.415689756 ], [ 70.633808449000014, 29.411392033000027 ], [ 70.636810159999982, 29.412389903000019 ], [ 70.638788165999983, 29.426341985000022 ], [ 70.634654415999989, 29.445650075 ], [ 70.637580446000015, 29.471418259000018 ], [ 70.648940589, 29.491070873000012 ], [ 70.676589993, 29.487860835999982 ], [ 70.697881812, 29.491370602000018 ], [ 70.693692538, 29.510690365000016 ], [ 70.704066721, 29.512980731000027 ], [ 70.705861986, 29.521719507 ], [ 70.709896577, 29.525589239999988 ], [ 70.691710788000023, 29.542568174 ], [ 70.682654388, 29.554914575999987 ], [ 70.682684157999972, 29.561583955 ], [ 70.685725366999975, 29.566874126000016 ], [ 70.693163432, 29.572208443000022 ], [ 70.701019648999988, 29.584838503000014 ], [ 70.707268887999987, 29.598471319 ], [ 70.706057353, 29.60748838 ], [ 70.718118389999972, 29.625030343 ], [ 70.716932107, 29.639130791000014 ], [ 70.712479326999983, 29.643328876999988 ], [ 70.70408815899998, 29.645019785999978 ], [ 70.701777307999976, 29.647560078000026 ], [ 70.716083683000022, 29.656407269999988 ], [ 70.724084157999982, 29.669758584000022 ], [ 70.730780786000025, 29.674037020000014 ], [ 70.73565844, 29.697450278000019 ], [ 70.729184858, 29.700046584 ], [ 70.724522611, 29.705198449000022 ], [ 70.724168442, 29.710840137 ], [ 70.733418044000018, 29.719149890999972 ], [ 70.740171073999988, 29.716810134000013 ], [ 70.742660270999977, 29.718309723 ], [ 70.784348777, 29.776290409000012 ], [ 70.792860976999975, 29.781458021 ], [ 70.792969699000025, 29.788318845999981 ], [ 70.798300859, 29.79577034 ], [ 70.81557233, 29.805770458999973 ], [ 70.827088709, 29.829532289999975 ], [ 70.834341484999982, 29.831091437 ], [ 70.839885955999989, 29.835911371 ], [ 70.855151391, 29.891808541999978 ], [ 70.848791522, 29.900789655999972 ], [ 70.832468313, 29.904691755999977 ], [ 70.830444242999988, 29.911784281999985 ], [ 70.854902095999989, 29.936557952999976 ], [ 70.877908344, 29.93584026100001 ], [ 70.885369148999985, 29.94022796500002 ], [ 70.879080876999978, 29.953040562000012 ], [ 70.866301250999982, 29.955609288 ], [ 70.861969854, 29.965877992 ], [ 70.865397304, 29.969239163 ], [ 70.871463380000023, 29.964889178000021 ], [ 70.87605143899998, 29.965217920999976 ], [ 70.878301775000011, 29.972319345000017 ], [ 70.873416615, 29.983217685 ], [ 70.864328248999982, 30.019977852000011 ], [ 70.866291172, 30.027546815999983 ], [ 70.873390018, 30.035450522000019 ], [ 70.865682264999975, 30.040239687999986 ], [ 70.863627291, 30.047211323 ], [ 70.883784790999982, 30.049032424000018 ], [ 70.885897393999983, 30.05495133 ], [ 70.879829713, 30.069419950999986 ], [ 70.861869937, 30.093061365999972 ], [ 70.849730734, 30.121761638 ], [ 70.839630074000013, 30.203351009000016 ], [ 70.804217247999986, 30.238871222 ], [ 70.800641970000015, 30.250567247 ], [ 70.803758368999979, 30.255808003000027 ], [ 70.820992637000018, 30.261122175000025 ], [ 70.826028400999974, 30.265201763 ], [ 70.819121167, 30.319860252000012 ], [ 70.823271363, 30.337126895999972 ], [ 70.822908257999984, 30.361320334000027 ], [ 70.830797650000022, 30.381017912 ], [ 70.833093661000021, 30.396616021999989 ], [ 70.823987617, 30.421841039000014 ], [ 70.820966168999973, 30.450892825999972 ], [ 70.818172080000011, 30.45344882 ], [ 70.80509093500001, 30.454358534999983 ], [ 70.799221036, 30.457194698000023 ], [ 70.797326068000018, 30.461243947000014 ], [ 70.798167196, 30.469041888999982 ], [ 70.793440891999978, 30.482598697000014 ], [ 70.794630524000013, 30.48897827899998 ], [ 70.792670730999987, 30.491052036999974 ], [ 70.804411432, 30.513911124 ], [ 70.803927225, 30.522250583000016 ], [ 70.797947562, 30.530880479000018 ], [ 70.79278783, 30.544742263999979 ], [ 70.79205162, 30.554960146999974 ], [ 70.799762871999974, 30.564168113999983 ], [ 70.812345826000012, 30.571363919000021 ], [ 70.814889005999987, 30.577069187 ], [ 70.813853021999989, 30.581571637000025 ], [ 70.80152066, 30.592281646 ], [ 70.801750102000028, 30.600549871 ], [ 70.813943838, 30.612222781000014 ], [ 70.812218869999981, 30.617290269000023 ], [ 70.797773388999985, 30.627552997 ], [ 70.79549205, 30.653509067000016 ], [ 70.804169358000024, 30.652072429999976 ], [ 70.839306345000011, 30.655472584999984 ], [ 70.861653171, 30.66854835700002 ], [ 70.908885398999985, 30.664264789000015 ], [ 70.954659262, 30.67232759 ], [ 70.962352146, 30.670231892 ], [ 70.95961001400002, 30.663788969 ], [ 70.961271606000025, 30.660010665000016 ], [ 70.976500741, 30.65718136800001 ], [ 71.004340637999974, 30.656610264 ], [ 71.01735477, 30.645671043999982 ], [ 71.024909997, 30.642291923000016 ], [ 71.039273073, 30.641479769 ], [ 71.059043772999985, 30.653142972000012 ], [ 71.068770692999976, 30.655368469 ], [ 71.087762301, 30.653552119999972 ], [ 71.09570858, 30.646940922 ], [ 71.100746800000024, 30.645782704 ], [ 71.110701267000024, 30.649581929000021 ], [ 71.152762032, 30.67703687 ], [ 71.136810159, 30.703648828999974 ], [ 71.162922143, 30.738540710999985 ], [ 71.158753639, 30.756638676000023 ], [ 71.161828386000025, 30.76247616500001 ], [ 71.172552022, 30.766012073000013 ], [ 71.198868913000013, 30.761737978999975 ], [ 71.218845375, 30.767853173999981 ], [ 71.254992007999988, 30.763210264 ] ] ] } },
{ "type": "Feature", "properties": { "adm2_name": "Rahim Yar Khan", "adm2_pcode": "PK628", "adm1_name": "Punjab" }, "geometry": { "type": "MultiPolygon", "coordinates": [ [ [ [ 70.916960843000027, 29.239300866 ], [ 70.91693058200002, 29.227421375 ], [ 70.911131386000022, 29.208189428000026 ], [ 70.887043416999973, 29.18019840300002 ], [ 70.886468498, 29.176709132999974 ], [ 70.897079741000027, 29.175468232000014 ], [ 70.910780937000027, 29.182397987 ], [ 70.917081105000022, 29.181649354 ], [ 70.919259008999973, 29.167828825000015 ], [ 70.931301534, 29.159688668 ], [ 70.933093926000026, 29.156211903999974 ], [ 70.932860539999979, 29.139118885000016 ], [ 70.946709349, 29.126637322000022 ], [ 70.950180036, 29.106711190999988 ], [ 70.984409759000016, 29.082221042000015 ], [ 70.994441364000011, 29.078867683999988 ], [ 70.99993949200001, 29.083601476000013 ], [ 71.021296829, 29.129480204 ], [ 71.035859087, 29.142208118999974 ], [ 71.064062019, 29.151119699999981 ], [ 71.077893029, 29.149943631999975 ], [ 71.082417222, 29.143340484000021 ], [ 71.081260348, 29.13607801 ], [ 71.07283021, 29.129550379000023 ], [ 71.082689551999977, 29.118128 ], [ 71.086730483999986, 29.094321125000022 ], [ 71.087427628, 29.067912504 ], [ 71.083290057999989, 29.062678772000027 ], [ 71.060492059000012, 29.047067352999989 ], [ 71.064040517000024, 29.024997923 ], [ 71.056467581999982, 29.019098209999981 ], [ 71.052870860999974, 29.010838803000013 ], [ 71.042649163000021, 29.006571378 ], [ 71.040957013000025, 29.000842980000016 ], [ 71.04225059800001, 28.993659472 ], [ 71.057432052000024, 28.991990543999975 ], [ 71.061222956999984, 28.982609482999976 ], [ 71.059600421000027, 28.973648105 ], [ 71.051901394000026, 28.964541274999988 ], [ 71.061409507, 28.940139902999988 ], [ 71.061589438999988, 28.934627415000023 ], [ 71.045279048999987, 28.922295136 ], [ 71.043627447, 28.918020207999973 ], [ 71.0455912, 28.911248562000026 ], [ 71.055064245999972, 28.901976456999989 ], [ 71.060180343000013, 28.890609894000022 ], [ 71.05690002, 28.861492054 ], [ 71.046518219, 28.818721856000025 ], [ 71.040254667999989, 28.803868008999984 ], [ 71.020313548, 28.759588189999988 ], [ 70.993677627000011, 28.715400370999987 ], [ 70.978759952000019, 28.680282212 ], [ 70.968200349000028, 28.626898869 ], [ 70.952577788999974, 28.577330795000023 ], [ 70.948098621999975, 28.544149721 ], [ 70.948466877999977, 28.51180045000001 ], [ 70.953430034, 28.465208094 ], [ 70.970541465999986, 28.377421189000017 ], [ 70.972090848, 28.330761457 ], [ 70.967638062, 28.279500500999973 ], [ 70.974630491000028, 28.234468752 ], [ 70.99188103, 28.177678053000022 ], [ 71.020044023000025, 28.137312920999989 ], [ 71.030306984999982, 28.118490066 ], [ 71.037776571, 28.081910569 ], [ 71.061322550999989, 28.01570067199998 ], [ 71.073470537999981, 27.947292138000023 ], [ 71.091668594999987, 27.898329413 ], [ 71.092646878999972, 27.865908854 ], [ 71.098532853999984, 27.822722069 ], [ 71.105800575999979, 27.793128533000015 ], [ 70.932494373999987, 27.720862416999978 ], [ 70.905769353999972, 27.710732324 ], [ 70.885346168000012, 27.705843749 ], [ 70.865494808, 27.705110332 ], [ 70.846144442000025, 27.708967309 ], [ 70.757666205000021, 27.717208431000017 ], [ 70.714843191, 27.77628775300002 ], [ 70.703118349000022, 27.800349709999978 ], [ 70.678414653, 27.839053803000013 ], [ 70.672845271000028, 27.869791814999985 ], [ 70.672105306999981, 27.914317402 ], [ 70.660698060000016, 27.930501678999974 ], [ 70.562629790000017, 28.019801691999987 ], [ 70.530333268, 28.03248914400001 ], [ 70.509833620999984, 28.035543954 ], [ 70.479089061000025, 28.033739880999974 ], [ 70.432356675999984, 28.021550105000017 ], [ 70.366165831999979, 28.008250382000028 ], [ 70.336462461999986, 27.983114494 ], [ 70.30290865500001, 27.946171908999986 ], [ 70.281335076, 27.930423099 ], [ 70.207597245999978, 27.885383465000018 ], [ 70.180508125000017, 27.854901706000021 ], [ 70.123573303, 27.882009505999974 ], [ 70.090522766, 27.888391495 ], [ 70.069160461000024, 27.895391464 ], [ 70.047843933000024, 27.913116455000022 ], [ 70.035148621000019, 27.927133560000016 ], [ 70.000823975, 27.937433242999987 ], [ 69.991661072, 27.944425583 ], [ 69.973907471000018, 27.96691703800002 ], [ 69.96786499000001, 27.980718611999976 ], [ 69.922729491999974, 28.025442123 ], [ 69.878792793, 28.080198506999977 ], [ 69.873222350999981, 28.094032288 ], [ 69.845115662000012, 28.133245467999984 ], [ 69.847671509, 28.152608870999984 ], [ 69.842941284, 28.16378212 ], [ 69.843864441, 28.169807434 ], [ 69.841293334999989, 28.170022964 ], [ 69.838615417000028, 28.166244506999988 ], [ 69.83769989000001, 28.169696808000026 ], [ 69.84236145, 28.179944992 ], [ 69.84691619900002, 28.182216644 ], [ 69.857635497999979, 28.197050095 ], [ 69.845062256, 28.213443756 ], [ 69.842086791999975, 28.227315902999976 ], [ 69.836143494, 28.232116699000017 ], [ 69.831649780000021, 28.241128920999984 ], [ 69.833061218000012, 28.249610900999983 ], [ 69.836517334, 28.253664017 ], [ 69.83114624000001, 28.260002136000026 ], [ 69.836715697999978, 28.268774033 ], [ 69.822311400999979, 28.270084381 ], [ 69.815475463999974, 28.277183533000027 ], [ 69.81018829300001, 28.30251503 ], [ 69.812713622999979, 28.312795639 ], [ 69.817970275999983, 28.320816040000011 ], [ 69.814971924000019, 28.324562072999981 ], [ 69.820762634, 28.337478638 ], [ 69.816024780000021, 28.347391129000016 ], [ 69.815933228, 28.358066559 ], [ 69.811904906999985, 28.362365722999982 ], [ 69.799072266, 28.363723755000024 ], [ 69.795341491999977, 28.371793747000027 ], [ 69.791900635, 28.367898941000021 ], [ 69.789924622, 28.372797011999978 ], [ 69.794303894, 28.379882813 ], [ 69.761901855000019, 28.384708405000026 ], [ 69.75138880999998, 28.402932465 ], [ 69.784279663, 28.399410101 ], [ 69.804768490000015, 28.39447199 ], [ 69.812757562, 28.396260585999983 ], [ 69.824370739000017, 28.404259321999973 ], [ 69.830139655999972, 28.411891943 ], [ 69.83199156400002, 28.418651764 ], [ 69.837409937000018, 28.422768715000018 ], [ 69.864543982999976, 28.426135466 ], [ 69.861329069000021, 28.438739969999972 ], [ 69.85351276, 28.45142089 ], [ 69.853497329999982, 28.45564975100001 ], [ 69.856832214, 28.457579287999977 ], [ 69.866859727000019, 28.456388302 ], [ 69.89747952099998, 28.427219217000015 ], [ 69.906440379, 28.426009136 ], [ 69.914909626999986, 28.427871827 ], [ 69.926433700000018, 28.432657690999974 ], [ 69.966170635000026, 28.457809742999984 ], [ 69.969628759999978, 28.469669692000025 ], [ 69.970105397999987, 28.503676469000027 ], [ 69.974310924, 28.507971377 ], [ 69.989951054000016, 28.513051968000013 ], [ 69.997127818000024, 28.518319537000025 ], [ 70.001398100000017, 28.525370800000019 ], [ 70.00214194, 28.536148997999987 ], [ 70.00576702799998, 28.53948890700002 ], [ 70.018567957000016, 28.543088425 ], [ 70.041537283000025, 28.527270655999985 ], [ 70.051625297999976, 28.52294678200002 ], [ 70.063248784, 28.527637804 ], [ 70.067230118999987, 28.542939139 ], [ 70.076406405, 28.551077355000018 ], [ 70.074129379, 28.557462160999989 ], [ 70.075460756999973, 28.563111177999986 ], [ 70.095736827999986, 28.584119918 ], [ 70.119007834, 28.598209909 ], [ 70.122472343000027, 28.603079442000023 ], [ 70.118201114999977, 28.609050395999986 ], [ 70.089019893, 28.616028934999974 ], [ 70.080269499, 28.621239375000016 ], [ 70.078728868999974, 28.633479098 ], [ 70.085151247, 28.642282299999977 ], [ 70.10035202, 28.655890530000022 ], [ 70.119729048000011, 28.665887984999983 ], [ 70.206502418000014, 28.670667894000019 ], [ 70.216590446, 28.675251482000021 ], [ 70.225536278999982, 28.686511019000022 ], [ 70.231568591999974, 28.699528320000013 ], [ 70.230910635999976, 28.713722094 ], [ 70.223465632999989, 28.724083679999978 ], [ 70.198210843000027, 28.744042709999974 ], [ 70.197310709000021, 28.751599199 ], [ 70.201231902000018, 28.755786039999975 ], [ 70.205671617, 28.755850961000021 ], [ 70.214411525, 28.748388588000012 ], [ 70.223558266999987, 28.749047233 ], [ 70.228466121999986, 28.754720360000022 ], [ 70.22660033, 28.766988449 ], [ 70.230789604999984, 28.770161308000013 ], [ 70.251501508, 28.753211009999973 ], [ 70.270928722, 28.757331899 ], [ 70.286348228, 28.750320237999972 ], [ 70.296093412, 28.748779667 ], [ 70.31392256700002, 28.756148145999987 ], [ 70.316909886000019, 28.764760985 ], [ 70.302628793999986, 28.787148778000017 ], [ 70.285659923000026, 28.8040102 ], [ 70.284441863999973, 28.809789385999977 ], [ 70.287350753, 28.81394756200001 ], [ 70.310530818000018, 28.820859023000025 ], [ 70.343620155999986, 28.825117619000025 ], [ 70.356707361000019, 28.812700157999984 ], [ 70.372710601999984, 28.788692210000022 ], [ 70.377159568000025, 28.786898845999985 ], [ 70.384870589, 28.790076054 ], [ 70.393609329000014, 28.803798296000025 ], [ 70.401580411999987, 28.832148820999976 ], [ 70.411179236, 28.850550828 ], [ 70.409962769, 28.866277853999975 ], [ 70.379675454999983, 28.889859426999976 ], [ 70.370806926, 28.900699829000018 ], [ 70.345121655000014, 28.915712154 ], [ 70.343100779999986, 28.919677646000025 ], [ 70.344607252, 28.924728260999984 ], [ 70.358879644000012, 28.938328300000023 ], [ 70.37782144800002, 28.944378973000028 ], [ 70.382261602000028, 28.94877909500002 ], [ 70.435126705000016, 28.935483165 ], [ 70.459787737, 28.937927692000017 ], [ 70.462488184999984, 28.939878389 ], [ 70.466149196, 28.950281548000021 ], [ 70.483751214, 28.953988079999988 ], [ 70.487700370000027, 28.958221155 ], [ 70.481269925999982, 28.982607574999975 ], [ 70.481551008, 28.99027812700001 ], [ 70.499299061999977, 28.996662040999979 ], [ 70.515410374999988, 28.994600126000023 ], [ 70.53103846099998, 29.003071173000023 ], [ 70.549677506000023, 29.020749093 ], [ 70.563681286000019, 29.02993883 ], [ 70.575820474000011, 29.036158827 ], [ 70.612846013000024, 29.04846502800001 ], [ 70.610363420999988, 29.055250107 ], [ 70.612908710999989, 29.069387785 ], [ 70.615353229999982, 29.077418709000028 ], [ 70.618896428000028, 29.080945340000028 ], [ 70.669250192, 29.091720310000028 ], [ 70.679030692000026, 29.095919290999973 ], [ 70.684963321, 29.103788900999973 ], [ 70.691399316, 29.125708835000012 ], [ 70.705321143, 29.154867718999981 ], [ 70.718390719000013, 29.156548857000018 ], [ 70.730261386, 29.162898579 ], [ 70.734641024999974, 29.161987720000013 ], [ 70.741412707999984, 29.156041710000011 ], [ 70.747351305, 29.156452065 ], [ 70.750579930000015, 29.159419074000027 ], [ 70.770612324000012, 29.201260784999988 ], [ 70.784811470000022, 29.246532198000011 ], [ 70.795328122, 29.249067722 ], [ 70.818698516999973, 29.240847214999974 ], [ 70.840928577, 29.238101068 ], [ 70.844178753, 29.240198097000018 ], [ 70.844653957999981, 29.260198365 ], [ 70.848172329000022, 29.264900867999984 ], [ 70.855091992999974, 29.265909611999973 ], [ 70.909560520000014, 29.244371622000017 ], [ 70.916960843000027, 29.239300866 ] ] ], [ [ [ 69.554191589000027, 28.123756409 ], [ 69.54277801500001, 28.122539519999975 ], [ 69.533226013, 28.127269744999978 ], [ 69.528190613, 28.138477325 ], [ 69.526092528999982, 28.168081283999982 ], [ 69.516128540000011, 28.173534393000011 ], [ 69.513114928999983, 28.182209015000012 ], [ 69.503921509, 28.190500258999975 ], [ 69.466705322, 28.211385727 ], [ 69.480300903, 28.242742539 ], [ 69.475135803, 28.264833450000026 ], [ 69.487960815, 28.258651733000022 ], [ 69.501983643000017, 28.247051238999973 ], [ 69.519073486000025, 28.237239838 ], [ 69.527786255000024, 28.225475311000025 ], [ 69.530998230000023, 28.214815139999985 ], [ 69.536270141999978, 28.209379195999986 ], [ 69.572532653999986, 28.20255279600002 ], [ 69.581771850999985, 28.198228836 ], [ 69.580307006999988, 28.192098617 ], [ 69.569839478, 28.178607941 ], [ 69.5623703, 28.154277802000024 ], [ 69.565155028999982, 28.142175673999986 ], [ 69.564300537, 28.134418488 ], [ 69.562377930000025, 28.130039215000011 ], [ 69.554191589000027, 28.123756409 ] ] ], [ [ [ 69.598037719999979, 28.347969055000021 ], [ 69.613563538, 28.348079681 ], [ 69.631561278999982, 28.353050231999987 ], [ 69.649902344, 28.346282959 ], [ 69.670021056999985, 28.330839157000014 ], [ 69.696296691999976, 28.299255371000015 ], [ 69.707885741999974, 28.29215431199998 ], [ 69.723625183000024, 28.295316695999986 ], [ 69.745788574000017, 28.31215858500002 ], [ 69.75151825, 28.313570023000011 ], [ 69.757834593999974, 28.311548405 ], [ 69.757987975999981, 28.305229187 ], [ 69.750244141, 28.278553009 ], [ 69.747353366000027, 28.249207254999988 ], [ 69.743217468000012, 28.241283416999977 ], [ 69.732765197999981, 28.234664916999975 ], [ 69.722442627000021, 28.23576355 ], [ 69.714523315, 28.240678786999979 ], [ 69.705627441, 28.253000258999975 ], [ 69.69404602100002, 28.259199142 ], [ 69.67256164600002, 28.250104904000011 ], [ 69.670082091999973, 28.245965958 ], [ 69.673645019999981, 28.229164122999975 ], [ 69.672187805000021, 28.224298477 ], [ 69.668914794999978, 28.222509383999977 ], [ 69.662582397999984, 28.220556258999977 ], [ 69.623046875, 28.226705551 ], [ 69.604454041, 28.220474243000012 ], [ 69.59729766800001, 28.244689941 ], [ 69.595275878999985, 28.273183823000011 ], [ 69.591690062999987, 28.288362502999973 ], [ 69.575691222999978, 28.310811995999984 ], [ 69.553413391, 28.352388382000015 ], [ 69.533538818000011, 28.380807877 ], [ 69.533576965, 28.388750076 ], [ 69.548530578999987, 28.395910263000019 ], [ 69.559150696000017, 28.395143508999979 ], [ 69.579223633000026, 28.367261886999984 ], [ 69.585060119, 28.35099029600002 ], [ 69.598037719999979, 28.347969055000021 ] ] ] ] } },
{ "type": "Feature", "properties": { "adm2_name": "Rajanpur", "adm2_pcode": "PK629", "adm1_name": "Punjab" }, "geometry": { "type": "Polygon", "coordinates": [ [ [ 70.00652657400002, 29.83334963599998 ], [ 70.061266968999973, 29.824498635 ], [ 70.087612992, 29.815479660999983 ], [ 70.107668600000011, 29.803671453 ], [ 70.116328759, 29.785631610999985 ], [ 70.128799726000011, 29.774969574000011 ], [ 70.156262575000028, 29.75601982 ], [ 70.176477775000023, 29.747161909999988 ], [ 70.250332854000021, 29.734849038999982 ], [ 70.332419997999978, 29.734360611999989 ], [ 70.353669111999977, 29.730739821999975 ], [ 70.375727401, 29.714437812000028 ], [ 70.392877906000024, 29.693941531 ], [ 70.395963581, 29.684476598 ], [ 70.39325283300002, 29.671157892 ], [ 70.395633017000023, 29.66705072100001 ], [ 70.406615653000017, 29.657679341 ], [ 70.417272309999987, 29.652420998000025 ], [ 70.420150391, 29.644771761000015 ], [ 70.427931377, 29.641389948999972 ], [ 70.423149567999985, 29.624261900000022 ], [ 70.424300581000011, 29.619720245 ], [ 70.426970967999978, 29.618679833999977 ], [ 70.434509645999981, 29.619740740999987 ], [ 70.448500806000027, 29.628251987999988 ], [ 70.459841729, 29.625238138999975 ], [ 70.4762713, 29.630661477999979 ], [ 70.521512458000018, 29.655998183 ], [ 70.535698978000028, 29.667909829999985 ], [ 70.563940983, 29.709481118999975 ], [ 70.573323067999979, 29.730289749 ], [ 70.576288105, 29.740979142000015 ], [ 70.577928327999985, 29.773738497000011 ], [ 70.585947573999988, 29.785349467 ], [ 70.593697293999981, 29.789981264 ], [ 70.606170114, 29.802868219 ], [ 70.638770537000028, 29.805551741999977 ], [ 70.660958675000018, 29.802847519000011 ], [ 70.680073306999986, 29.790990438 ], [ 70.68885902300002, 29.781940191 ], [ 70.691641389999972, 29.768449912999984 ], [ 70.685340422000024, 29.743608807999976 ], [ 70.693060924, 29.737989731000027 ], [ 70.69491222900001, 29.733518425999989 ], [ 70.699908545000028, 29.733360539999978 ], [ 70.702893070000016, 29.729641453999989 ], [ 70.698899168000025, 29.714011030999984 ], [ 70.708830901999988, 29.696901636 ], [ 70.721818889000019, 29.666316977 ], [ 70.716083683000022, 29.656407269999988 ], [ 70.701777307999976, 29.647560078000026 ], [ 70.70408815899998, 29.645019785999978 ], [ 70.712479326999983, 29.643328876999988 ], [ 70.716932107, 29.639130791000014 ], [ 70.718871047, 29.62834872000002 ], [ 70.710682873999986, 29.611908050000011 ], [ 70.706057353, 29.60748838 ], [ 70.707268887999987, 29.598471319 ], [ 70.701019648999988, 29.584838503000014 ], [ 70.693163432, 29.572208443000022 ], [ 70.683168261999981, 29.563791612999978 ], [ 70.682654388, 29.554914575999987 ], [ 70.691710788000023, 29.542568174 ], [ 70.709896577, 29.525589239999988 ], [ 70.705861986, 29.521719507 ], [ 70.704066721, 29.512980731000027 ], [ 70.693692538, 29.510690365000016 ], [ 70.697733769000024, 29.498209738000014 ], [ 70.697038379, 29.490520258 ], [ 70.676589993, 29.487860835999982 ], [ 70.651190865, 29.49187832299998 ], [ 70.643842311000014, 29.484907642 ], [ 70.637580446000015, 29.471418259000018 ], [ 70.636178541, 29.46231137 ], [ 70.634654415999989, 29.445650075 ], [ 70.639151271, 29.42058182 ], [ 70.636810159999982, 29.412389903000019 ], [ 70.633808449000014, 29.411392033000027 ], [ 70.631543019999981, 29.415689756 ], [ 70.627682429, 29.416600818 ], [ 70.625380678, 29.406008967 ], [ 70.620451450000019, 29.404988691000028 ], [ 70.615630561999978, 29.414777949999973 ], [ 70.609593648999976, 29.415299560999983 ], [ 70.607139389999986, 29.39644348500002 ], [ 70.622598724999989, 29.391080865 ], [ 70.624290239, 29.388461053000015 ], [ 70.62037477299998, 29.369258347000027 ], [ 70.609852833, 29.358059484000023 ], [ 70.614817383, 29.356439815999977 ], [ 70.616530695, 29.352378488999989 ], [ 70.614453095999977, 29.344908896999982 ], [ 70.617279532, 29.33989955200002 ], [ 70.61529271400002, 29.326667959000019 ], [ 70.618166771, 29.318538946 ], [ 70.628176864000011, 29.310011427 ], [ 70.623142963000021, 29.298661047 ], [ 70.621667987000023, 29.288080131000015 ], [ 70.603992591, 29.278650658 ], [ 70.602803053, 29.267350599 ], [ 70.587799545999985, 29.262841112 ], [ 70.583748942999989, 29.258949659 ], [ 70.579200378999985, 29.232748083999979 ], [ 70.560643036999977, 29.227949593 ], [ 70.552589716, 29.218001184 ], [ 70.55344196599998, 29.216090598 ], [ 70.568009249, 29.217318329000022 ], [ 70.578477981999981, 29.193117641000015 ], [ 70.579689459, 29.185929196000018 ], [ 70.573485882, 29.170709639 ], [ 70.572189611999988, 29.159938474 ], [ 70.57775940099998, 29.120869305999975 ], [ 70.575370400999986, 29.11627791799998 ], [ 70.562551774999974, 29.113230846000022 ], [ 70.558181065999975, 29.09363953899998 ], [ 70.552061504, 29.082400660000019 ], [ 70.553632330000028, 29.053609943000026 ], [ 70.539831540000023, 29.028221475 ], [ 70.546059298999978, 29.017031358999986 ], [ 70.53103846099998, 29.003071173000023 ], [ 70.515410374999988, 28.994600126000023 ], [ 70.499299061999977, 28.996662040999979 ], [ 70.481551008, 28.99027812700001 ], [ 70.481269925999982, 28.982607574999975 ], [ 70.487700370000027, 28.958221155 ], [ 70.483751214, 28.953988079999988 ], [ 70.466149196, 28.950281548000021 ], [ 70.462488184999984, 28.939878389 ], [ 70.459787737, 28.937927692000017 ], [ 70.435126705000016, 28.935483165 ], [ 70.382261602000028, 28.94877909500002 ], [ 70.37782144800002, 28.944378973000028 ], [ 70.358879644000012, 28.938328300000023 ], [ 70.349986612, 28.930549831 ], [ 70.343161271999975, 28.922119590000023 ], [ 70.345121655000014, 28.915712154 ], [ 70.370806926, 28.900699829000018 ], [ 70.379675454999983, 28.889859426999976 ], [ 70.409962769, 28.866277853999975 ], [ 70.411179236, 28.850550828 ], [ 70.402462916, 28.834489043000019 ], [ 70.393609329000014, 28.803798296000025 ], [ 70.387900600000023, 28.792930320999972 ], [ 70.380162143, 28.787330048 ], [ 70.372710601999984, 28.788692210000022 ], [ 70.346437779999974, 28.82417936600001 ], [ 70.33523780500002, 28.824770966000017 ], [ 70.310530818000018, 28.820859023000025 ], [ 70.290565969999989, 28.815528259000018 ], [ 70.284339956999986, 28.808598464 ], [ 70.285659923000026, 28.8040102 ], [ 70.308099119000019, 28.779789654000012 ], [ 70.316909886000019, 28.764760985 ], [ 70.315501131000019, 28.758810251 ], [ 70.31084178499998, 28.753950836 ], [ 70.296093412, 28.748779667 ], [ 70.286348228, 28.750320237999972 ], [ 70.270928722, 28.757331899 ], [ 70.251501508, 28.753211009999973 ], [ 70.230789604999984, 28.770161308000013 ], [ 70.22660033, 28.766988449 ], [ 70.228466121999986, 28.754720360000022 ], [ 70.223558266999987, 28.749047233 ], [ 70.214411525, 28.748388588000012 ], [ 70.205671617, 28.755850961000021 ], [ 70.201231902000018, 28.755786039999975 ], [ 70.197310709000021, 28.751599199 ], [ 70.198210843000027, 28.744042709999974 ], [ 70.223465632999989, 28.724083679999978 ], [ 70.230910635999976, 28.713722094 ], [ 70.231568591999974, 28.699528320000013 ], [ 70.221623148, 28.680470733 ], [ 70.216590446, 28.675251482000021 ], [ 70.206502418000014, 28.670667894000019 ], [ 70.119729048000011, 28.665887984999983 ], [ 70.107022648, 28.660409985 ], [ 70.094909842, 28.651748395000027 ], [ 70.079797929, 28.636109219 ], [ 70.080269499, 28.621239375000016 ], [ 70.089019893, 28.616028934999974 ], [ 70.118201114999977, 28.609050395999986 ], [ 70.122568122000018, 28.60427144099998 ], [ 70.121598748, 28.600738514999989 ], [ 70.095736827999986, 28.584119918 ], [ 70.075460756999973, 28.563111177999986 ], [ 70.074129379, 28.557462160999989 ], [ 70.076406405, 28.551077355000018 ], [ 70.067230118999987, 28.542939139 ], [ 70.064127539000026, 28.52881813099998 ], [ 70.060288744, 28.525488016999986 ], [ 70.053498666999985, 28.522777844000018 ], [ 70.048672776999979, 28.523632002 ], [ 70.018567957000016, 28.543088425 ], [ 70.009412344, 28.541718786999979 ], [ 70.003050885, 28.537189764 ], [ 70.001398100000017, 28.525370800000019 ], [ 69.997127818000024, 28.518319537000025 ], [ 69.989951054000016, 28.513051968000013 ], [ 69.974310924, 28.507971377 ], [ 69.970105397999987, 28.503676469000027 ], [ 69.969628759999978, 28.469669692000025 ], [ 69.966170635000026, 28.457809742999984 ], [ 69.926433700000018, 28.432657690999974 ], [ 69.910891436999975, 28.426694183999984 ], [ 69.89747952099998, 28.427219217000015 ], [ 69.866859727000019, 28.456388302 ], [ 69.85540880100001, 28.457311850999986 ], [ 69.85351276, 28.45142089 ], [ 69.861329069000021, 28.438739969999972 ], [ 69.864543982999976, 28.426135466 ], [ 69.837409937000018, 28.422768715000018 ], [ 69.83286143700002, 28.419838105999986 ], [ 69.829209197000011, 28.410261548999983 ], [ 69.82051925899998, 28.401060074999975 ], [ 69.809128907, 28.394851757000026 ], [ 69.80201409, 28.394794185000023 ], [ 69.784279663, 28.399410101 ], [ 69.75138880999998, 28.402932465 ], [ 69.732170105000023, 28.419073105 ], [ 69.711441040000011, 28.425394058 ], [ 69.687095641999974, 28.429906845 ], [ 69.647026062, 28.428382874000022 ], [ 69.627014159999987, 28.432147980000025 ], [ 69.605946195, 28.439543593 ], [ 69.605583191, 28.444112777999976 ], [ 69.625, 28.46301078800002 ], [ 69.624542236000025, 28.467544556 ], [ 69.511993408000023, 28.484928131 ], [ 69.475563049000016, 28.483764647999976 ], [ 69.437156677000019, 28.475261687999989 ], [ 69.428825378, 28.470109939999986 ], [ 69.42118835399998, 28.455028534 ], [ 69.413589478, 28.448146819999977 ], [ 69.363761902000022, 28.445636749000016 ], [ 69.353248596000014, 28.466457366999975 ], [ 69.338409424000019, 28.512151717999984 ], [ 69.321319580000022, 28.543546677 ], [ 69.321937561000027, 28.549612045 ], [ 69.324691772, 28.554906845 ], [ 69.357757568000011, 28.571100235000017 ], [ 69.411346435999974, 28.590288161999979 ], [ 69.420921325999984, 28.597682953 ], [ 69.469276428, 28.673599243000012 ], [ 69.484398509000016, 28.701897549000023 ], [ 69.532913208000025, 28.773094177000019 ], [ 69.53767395, 28.801134108999975 ], [ 69.525413513, 28.825729369999976 ], [ 69.511917114000028, 28.836570740000013 ], [ 69.490653991999977, 28.840036392 ], [ 69.484603881999988, 28.844446182000013 ], [ 69.483078003, 28.85660743699998 ], [ 69.487609862999989, 28.863952637000011 ], [ 69.489601134999987, 28.891567230000021 ], [ 69.500083922999977, 28.903022766 ], [ 69.541816711000024, 28.928546906 ], [ 69.552215575999981, 28.949333191 ], [ 69.555419922, 28.951795577999974 ], [ 69.574340819999975, 28.953979491999974 ], [ 69.581199646000016, 28.960124969 ], [ 69.593963622999979, 28.994235991999972 ], [ 69.608901391000018, 29.011509096999987 ], [ 69.613571166999975, 29.02036857600001 ], [ 69.634155272999976, 29.042446136000024 ], [ 69.650573730000019, 29.065708159999986 ], [ 69.664840697999978, 29.072715759 ], [ 69.685600281, 29.078550339 ], [ 69.706306457999972, 29.089658736999979 ], [ 69.712684631, 29.115642547999983 ], [ 69.750122069999975, 29.173946381 ], [ 69.751914978, 29.180454253999983 ], [ 69.752334594999979, 29.185733794999976 ], [ 69.743385315000012, 29.203128815000014 ], [ 69.744018555000025, 29.236421585000016 ], [ 69.767173766999974, 29.277490616000023 ], [ 69.768974303999983, 29.284404755000025 ], [ 69.766540527000018, 29.297784805 ], [ 69.758178711000028, 29.299354553 ], [ 69.745697021000012, 29.29520988500002 ], [ 69.736473083000021, 29.29027557400002 ], [ 69.698745728, 29.259565353000028 ], [ 69.686706543000014, 29.258666991999974 ], [ 69.682472228999984, 29.265130997000028 ], [ 69.682228087999988, 29.291110991999972 ], [ 69.671424866, 29.305242538000016 ], [ 69.662117003999981, 29.308826447 ], [ 69.644035339000027, 29.308691024999973 ], [ 69.640304565, 29.311098099 ], [ 69.638832091999973, 29.319206238 ], [ 69.642021178999983, 29.325321197999983 ], [ 69.666366577000019, 29.349456787 ], [ 69.669090271000016, 29.355567931999985 ], [ 69.659745096999984, 29.378871530000026 ], [ 69.652526855000019, 29.389142989999982 ], [ 69.627578734999986, 29.414867400999981 ], [ 69.614959716999977, 29.423295974999974 ], [ 69.605667114000028, 29.424034119 ], [ 69.584030150999979, 29.407215118000011 ], [ 69.576629638999975, 29.404312134 ], [ 69.571533203, 29.403865814000028 ], [ 69.564514159999987, 29.409086226999989 ], [ 69.562492371000019, 29.42449760400001 ], [ 69.563514709, 29.458612442 ], [ 69.565750122, 29.467157364 ], [ 69.574394225999981, 29.483877182000015 ], [ 69.591835022, 29.503913878999981 ], [ 69.598052978999988, 29.531063080000024 ], [ 69.597709656, 29.564357758000028 ], [ 69.603332519999981, 29.596775055000023 ], [ 69.600059509, 29.608680725 ], [ 69.592597961000024, 29.618715286 ], [ 69.591468811000027, 29.626049041999977 ], [ 69.596626281999988, 29.635267258 ], [ 69.618659972999978, 29.640029906999985 ], [ 69.625862122, 29.655687332000014 ], [ 69.628898751, 29.668724683999983 ], [ 69.64600486400002, 29.685261105999984 ], [ 69.666481018000013, 29.697294235000015 ], [ 69.690620422, 29.703893661 ], [ 69.696876525999983, 29.710363388000019 ], [ 69.722099303999983, 29.714210509999987 ], [ 69.732582091999973, 29.718872069999975 ], [ 69.753395081, 29.745628356999987 ], [ 69.775360106999983, 29.762292861999981 ], [ 69.789001465000013, 29.768806457999972 ], [ 69.811828612999989, 29.810251236 ], [ 69.835800171000017, 29.861467361 ], [ 69.855957031, 29.876155853 ], [ 69.877682628, 29.898789833000023 ], [ 69.891730579000011, 29.878057808 ], [ 69.908158682000021, 29.861638581000022 ], [ 70.00652657400002, 29.83334963599998 ] ] ] } },
{ "type": "Feature", "properties": { "adm2_name": "Dadu", "adm2_pcode": "PK703", "adm1_name": "Sindh" }, "geometry": { "type": "Polygon", "coordinates": [ [ [ 67.262784977000024, 27.394198293999978 ], [ 67.298409381999988, 27.387054931000023 ], [ 67.306951719999972, 27.379730193 ], [ 67.314248162000013, 27.367135729999973 ], [ 67.341672874999972, 27.375446889999978 ], [ 67.346066776999976, 27.371943787000021 ], [ 67.348918593, 27.357161674 ], [ 67.35236448400002, 27.356587032 ], [ 67.36151788799998, 27.357963282000014 ], [ 67.366551578999974, 27.375431135999975 ], [ 67.375772728000015, 27.383053211 ], [ 67.388107595, 27.382915524999987 ], [ 67.405015843, 27.378814491000014 ], [ 67.434472305999975, 27.365107497 ], [ 67.438186136000013, 27.357244684000023 ], [ 67.456191580999985, 27.354856895000012 ], [ 67.464464255, 27.343245782 ], [ 67.483750326, 27.33588627 ], [ 67.500459893000027, 27.319235284 ], [ 67.522582699, 27.314765798999986 ], [ 67.561609058999977, 27.317711022000026 ], [ 67.575761643000021, 27.31289518 ], [ 67.606650848000015, 27.312278955000011 ], [ 67.63240034, 27.324402460999977 ], [ 67.640890958999989, 27.321254635 ], [ 67.657925771, 27.30233647 ], [ 67.732002947000012, 27.29911187099998 ], [ 67.793616005999979, 27.30002366399998 ], [ 67.825551696, 27.303083128000026 ], [ 67.849924245000011, 27.309122602 ], [ 67.861870726, 27.316547029999981 ], [ 67.868200646999981, 27.317667997 ], [ 67.887459848999981, 27.312437423 ], [ 67.915939232000028, 27.297315566 ], [ 67.930511680999984, 27.293377292 ], [ 67.995427956000015, 27.292389018999984 ], [ 67.980715921000012, 27.271497458999988 ], [ 67.953559946999974, 27.249372212000026 ], [ 67.955931313, 27.229468718000021 ], [ 67.952940958999989, 27.225909156 ], [ 67.939683920999983, 27.221128779000026 ], [ 67.941089767, 27.202223541000023 ], [ 67.990339541000026, 27.172018482 ], [ 68.012876901000027, 27.150377099000025 ], [ 68.035614224000028, 27.134632206 ], [ 68.048249317999989, 27.129023620999988 ], [ 68.038620568, 27.114940213000011 ], [ 68.036567640999976, 27.098901287 ], [ 68.019980635000024, 27.08981352 ], [ 68.007389737999972, 27.070778830999984 ], [ 67.976235351000014, 27.068308211999977 ], [ 67.947159512999974, 27.071540159 ], [ 67.933724907999988, 27.061608759000023 ], [ 67.911136917000022, 27.056521804999988 ], [ 67.90976751, 27.050648847 ], [ 67.911678310000013, 27.040150344999972 ], [ 67.94031607300002, 27.028325909999978 ], [ 67.955279899, 27.026125966999984 ], [ 67.962319217000015, 27.018328876 ], [ 67.971381071999986, 27.018277236000017 ], [ 67.979821510000022, 26.986486300000024 ], [ 67.977821700999982, 26.982265784999981 ], [ 67.969521604000022, 26.977811741999972 ], [ 67.933250472999987, 26.973783581000021 ], [ 67.917046742000025, 26.966112531000022 ], [ 67.916401, 26.956826778 ], [ 67.921273914999972, 26.946950136 ], [ 67.931370909, 26.936410247000026 ], [ 67.927474889, 26.924855160999982 ], [ 67.921095724, 26.921891792 ], [ 67.910647040000015, 26.921425707000026 ], [ 67.899137543, 26.913045689 ], [ 67.884368392999988, 26.911809171000016 ], [ 67.868110092, 26.899198725000019 ], [ 67.83528851, 26.860031085 ], [ 67.83408341400002, 26.855805947000022 ], [ 67.837884194000026, 26.838918491000015 ], [ 67.846008779999977, 26.815610650999986 ], [ 67.851662826, 26.807473566 ], [ 67.851370141000018, 26.790906471000028 ], [ 67.861517746, 26.77851836100001 ], [ 67.864579129, 26.765106371 ], [ 67.852087636000022, 26.728445921 ], [ 67.835731613, 26.723019368 ], [ 67.836244217, 26.709974226999975 ], [ 67.844382563000011, 26.690548184000022 ], [ 67.866701119000027, 26.679513739000015 ], [ 67.870530213, 26.667039147000025 ], [ 67.869338309999989, 26.660818512999981 ], [ 67.853529888000025, 26.643625026999985 ], [ 67.847894802999974, 26.632243925000012 ], [ 67.835359093000022, 26.62467772399998 ], [ 67.818365949999986, 26.603608813999983 ], [ 67.807594763999987, 26.59723706699998 ], [ 67.799888914, 26.59806417599998 ], [ 67.799431947000016, 26.601925132000019 ], [ 67.79195847699998, 26.604589460999989 ], [ 67.757272414999989, 26.598751240000013 ], [ 67.752129247000028, 26.589960572 ], [ 67.759343473, 26.581121333999988 ], [ 67.758772962000023, 26.577753443 ], [ 67.755160535000016, 26.575482694000016 ], [ 67.743437793999988, 26.577307223 ], [ 67.739532431999976, 26.581199532000028 ], [ 67.734025342999985, 26.578401300999985 ], [ 67.716772752, 26.580228121 ], [ 67.708106074, 26.572153142 ], [ 67.693018747, 26.575906939 ], [ 67.688898142000028, 26.57433583400001 ], [ 67.682975896000016, 26.566602249000027 ], [ 67.673143251, 26.56064384299998 ], [ 67.657497130000024, 26.559691440999984 ], [ 67.647156605000021, 26.565157294000016 ], [ 67.63332434, 26.558225961 ], [ 67.627433763, 26.539982913000017 ], [ 67.631324016, 26.531189319000021 ], [ 67.630226826000012, 26.513044074 ], [ 67.645682344000022, 26.476070530000015 ], [ 67.646346473, 26.468969567999977 ], [ 67.634826084999986, 26.454975521999984 ], [ 67.62770997299998, 26.440765774999988 ], [ 67.621873672, 26.401397869999983 ], [ 67.60530158, 26.382688159 ], [ 67.599525617999973, 26.372217509 ], [ 67.59117189, 26.367826751 ], [ 67.577162666999982, 26.336419988999978 ], [ 67.57132823, 26.331079488 ], [ 67.53784972, 26.34295068 ], [ 67.518882575000021, 26.33923152 ], [ 67.499358568, 26.33851273 ], [ 67.496793319, 26.336437664000016 ], [ 67.493217182000024, 26.321606108000026 ], [ 67.491285498000025, 26.290323087 ], [ 67.493072387999973, 26.27700798799998 ], [ 67.503227634999973, 26.249897251 ], [ 67.489136377000023, 26.210060011999985 ], [ 67.481881975000022, 26.16281482 ], [ 67.467208189000019, 26.137722339 ], [ 67.452056946000027, 26.123233728 ], [ 67.422957137000026, 26.102394259 ], [ 67.413147379, 26.087194368999974 ], [ 67.387680053999986, 26.136064529 ], [ 67.3723526, 26.145664215000011 ], [ 67.3595047, 26.149969101000011 ], [ 67.345672606999983, 26.178730011000027 ], [ 67.33786773700001, 26.20803642300001 ], [ 67.328437805000021, 26.221616745 ], [ 67.307983397999976, 26.266309738000018 ], [ 67.287322997999979, 26.30166626 ], [ 67.265556334999985, 26.346961975 ], [ 67.225158691, 26.41470909100002 ], [ 67.213745116999974, 26.428316116000019 ], [ 67.203704834, 26.445985794000023 ], [ 67.18964386, 26.457298278999986 ], [ 67.177581787, 26.471496581999986 ], [ 67.15107727100002, 26.546045303000028 ], [ 67.123787516, 26.653095716 ], [ 67.133079528999986, 26.66324806199998 ], [ 67.126495361000025, 26.719667435000019 ], [ 67.126472472999978, 26.738306046 ], [ 67.144599915000015, 26.762552261 ], [ 67.146553040000015, 26.768428802000017 ], [ 67.133766174000016, 26.878032684 ], [ 67.133381714999985, 26.940352421 ], [ 67.137268066, 26.938493729000015 ], [ 67.139282227000024, 26.946203232000016 ], [ 67.145965575999981, 26.95636272500002 ], [ 67.138908386000026, 26.984376907000012 ], [ 67.138893127000017, 26.996227264000026 ], [ 67.160606384, 27.065963744999976 ], [ 67.151885986000025, 27.155887603999986 ], [ 67.126861572, 27.270029067999985 ], [ 67.126037597999982, 27.29582977299998 ], [ 67.129913330000022, 27.313966751 ], [ 67.136924744, 27.327226639 ], [ 67.161117553999986, 27.354455948 ], [ 67.175163155, 27.447196911 ], [ 67.205337268999983, 27.425512244 ], [ 67.218466052, 27.42416563 ], [ 67.233445680999978, 27.41731655000001 ], [ 67.241780429000016, 27.402651682999988 ], [ 67.262784977000024, 27.394198293999978 ] ] ] } },
{ "type": "Feature", "properties": { "adm2_name": "Ghotki", "adm2_pcode": "PK705", "adm1_name": "Sindh" }, "geometry": { "type": "Polygon", "coordinates": [ [ [ 69.761901855000019, 28.384708405000026 ], [ 69.794303894, 28.379882813 ], [ 69.789924622, 28.372797011999978 ], [ 69.791900635, 28.367898941000021 ], [ 69.795341491999977, 28.371793747000027 ], [ 69.799072266, 28.363723755000024 ], [ 69.811904906999985, 28.362365722999982 ], [ 69.815933228, 28.358066559 ], [ 69.816024780000021, 28.347391129000016 ], [ 69.820762634, 28.337478638 ], [ 69.814971924000019, 28.324562072999981 ], [ 69.817970275999983, 28.320816040000011 ], [ 69.812713622999979, 28.312795639 ], [ 69.81018829300001, 28.30251503 ], [ 69.815475463999974, 28.277183533000027 ], [ 69.822311400999979, 28.270084381 ], [ 69.836715697999978, 28.268774033 ], [ 69.83114624000001, 28.260002136000026 ], [ 69.836517334, 28.253664017 ], [ 69.833061218000012, 28.249610900999983 ], [ 69.831649780000021, 28.241128920999984 ], [ 69.836143494, 28.232116699000017 ], [ 69.842086791999975, 28.227315902999976 ], [ 69.845062256, 28.213443756 ], [ 69.857635497999979, 28.197050095 ], [ 69.84691619900002, 28.182216644 ], [ 69.84236145, 28.179944992 ], [ 69.83769989000001, 28.169696808000026 ], [ 69.838615417000028, 28.166244506999988 ], [ 69.841293334999989, 28.170022964 ], [ 69.843864441, 28.169807434 ], [ 69.842941284, 28.16378212 ], [ 69.847671509, 28.152608870999984 ], [ 69.844642639000028, 28.134313583 ], [ 69.873222350999981, 28.094032288 ], [ 69.878792793, 28.080198506999977 ], [ 69.922729491999974, 28.025442123 ], [ 69.96786499000001, 27.980718611999976 ], [ 69.973907471000018, 27.96691703800002 ], [ 69.991661072, 27.944425583 ], [ 70.000823975, 27.937433242999987 ], [ 70.035148621000019, 27.927133560000016 ], [ 70.047843933000024, 27.913116455000022 ], [ 70.069160461000024, 27.895391464 ], [ 70.090522766, 27.888391495 ], [ 70.123573303, 27.882009505999974 ], [ 70.180508125000017, 27.854901706000021 ], [ 70.156952214, 27.834050854999987 ], [ 70.107810030999985, 27.766871208999987 ], [ 70.024567252999987, 27.569690204999972 ], [ 70.016267203999973, 27.555994306 ], [ 69.936249493999981, 27.502107835 ], [ 69.907623328999989, 27.459576223 ], [ 69.861968149, 27.402779005000014 ], [ 69.812544387, 27.359612202999983 ], [ 69.770383720999973, 27.328914707000024 ], [ 69.722059521, 27.363180417000024 ], [ 69.661527961, 27.388548092 ], [ 69.635313359, 27.394073575 ], [ 69.618347777999986, 27.40042921700001 ], [ 69.575109571999974, 27.432759955 ], [ 69.528332137, 27.460486048 ], [ 69.553445086000011, 27.497669383000016 ], [ 69.557934349, 27.51601649700001 ], [ 69.553186386999982, 27.52177655700001 ], [ 69.541991981000024, 27.521913161999976 ], [ 69.535287545000017, 27.515827358000024 ], [ 69.530096582, 27.51462346400001 ], [ 69.446815819, 27.512478084 ], [ 69.422944941000026, 27.530285209 ], [ 69.365089404, 27.534584419999987 ], [ 69.339247028999978, 27.53965365800002 ], [ 69.329558362, 27.543726193999987 ], [ 69.315633852000019, 27.553086888999985 ], [ 69.289488001999985, 27.579935182999975 ], [ 69.240908365, 27.646136913000021 ], [ 69.248556899999983, 27.665115291 ], [ 69.270222515, 27.702076912999985 ], [ 69.270173381, 27.71178954200002 ], [ 69.274972511999977, 27.709818786000028 ], [ 69.280620887999987, 27.712468041000022 ], [ 69.293908923, 27.726983309 ], [ 69.314372024000022, 27.731786166 ], [ 69.292781844999979, 27.755542581999975 ], [ 69.273105524000016, 27.75093067 ], [ 69.255088279, 27.766930278000018 ], [ 69.253807531, 27.77600658 ], [ 69.26231629, 27.787774371000012 ], [ 69.262871514999972, 27.791959291000012 ], [ 69.243545526999981, 27.804733719000012 ], [ 69.233558273000028, 27.824292774000014 ], [ 69.213920554000026, 27.845807971 ], [ 69.211203581, 27.861475139 ], [ 69.202367302000027, 27.876922447000027 ], [ 69.201712351000026, 27.883791063999979 ], [ 69.191696219, 27.90096846900002 ], [ 69.189544222, 27.909636891 ], [ 69.183700355999974, 27.913863268 ], [ 69.178077848999976, 27.936957549 ], [ 69.183501023000019, 27.946644747999983 ], [ 69.180586646, 27.96089321300002 ], [ 69.173882080999988, 27.969629661 ], [ 69.16437966, 27.972530205999988 ], [ 69.165196021999975, 27.975531448000027 ], [ 69.182734674000017, 27.984592701999986 ], [ 69.188416895999978, 27.990892663000011 ], [ 69.186454525999977, 27.993323353999983 ], [ 69.198617714000022, 27.999019959 ], [ 69.200226795999981, 28.007173540999986 ], [ 69.194199554000022, 28.028158513999983 ], [ 69.203487828, 28.049957043 ], [ 69.199850756999979, 28.06622889099998 ], [ 69.223350768999978, 28.090990058999978 ], [ 69.237913279, 28.095989632 ], [ 69.270295730999976, 28.101490340999987 ], [ 69.282422700999973, 28.109826743999974 ], [ 69.303190948, 28.111780418000023 ], [ 69.316614182000023, 28.12426194699998 ], [ 69.334023490999982, 28.123360900000023 ], [ 69.356620213999975, 28.146169413999985 ], [ 69.367873955, 28.161454844 ], [ 69.385021509000012, 28.166884267 ], [ 69.400214093999978, 28.157135583000013 ], [ 69.440006015, 28.148388888999989 ], [ 69.45927396899998, 28.183052368 ], [ 69.472238765999975, 28.194728295 ], [ 69.474464684, 28.202090062000025 ], [ 69.479244199999982, 28.203708560999985 ], [ 69.503921509, 28.190500258999975 ], [ 69.513114928999983, 28.182209015000012 ], [ 69.516128540000011, 28.173534393000011 ], [ 69.526092528999982, 28.168081283999982 ], [ 69.528190613, 28.138477325 ], [ 69.533226013, 28.127269744999978 ], [ 69.54277801500001, 28.122539519999975 ], [ 69.554191589000027, 28.123756409 ], [ 69.559265137000011, 28.126775742 ], [ 69.56513977100002, 28.138204574999975 ], [ 69.5623703, 28.154277802000024 ], [ 69.566696166999975, 28.163642883000023 ], [ 69.567977905000021, 28.173563004000016 ], [ 69.580307006999988, 28.192098617 ], [ 69.581771850999985, 28.198228836 ], [ 69.577621459999989, 28.201267241999972 ], [ 69.53993988000002, 28.208282471000018 ], [ 69.533027649000019, 28.212099075000026 ], [ 69.525360106999983, 28.229816437000011 ], [ 69.514613211999972, 28.240780083 ], [ 69.521369221999976, 28.255510189 ], [ 69.521952517999978, 28.265579840999976 ], [ 69.524284379, 28.267591449 ], [ 69.542328146999978, 28.264450709000016 ], [ 69.547699491, 28.257932730999983 ], [ 69.563333581, 28.247827176999976 ], [ 69.585378530000014, 28.249717814 ], [ 69.597252469000011, 28.245205660000011 ], [ 69.605674743, 28.22028732299998 ], [ 69.61631011999998, 28.225833893000015 ], [ 69.623046875, 28.226705551 ], [ 69.662582397999984, 28.220556258999977 ], [ 69.668914794999978, 28.222509383999977 ], [ 69.672187805000021, 28.224298477 ], [ 69.673645019999981, 28.229164122999975 ], [ 69.670082091999973, 28.245965958 ], [ 69.67256164600002, 28.250104904000011 ], [ 69.69404602100002, 28.259199142 ], [ 69.705627441, 28.253000258999975 ], [ 69.71837616, 28.237770080000018 ], [ 69.728759766, 28.234464645 ], [ 69.738082885999972, 28.236619948999987 ], [ 69.747353366000027, 28.249207254999988 ], [ 69.750244141, 28.278553009 ], [ 69.757987975999981, 28.305229187 ], [ 69.757834593999974, 28.311548405 ], [ 69.75151825, 28.313570023000011 ], [ 69.745788574000017, 28.31215858500002 ], [ 69.718910216999973, 28.292995453 ], [ 69.702590941999972, 28.29380607600001 ], [ 69.670021056999985, 28.330839157000014 ], [ 69.650773295000022, 28.34561353700002 ], [ 69.665543593, 28.348201992999975 ], [ 69.673395815, 28.352485022 ], [ 69.694810964, 28.383536988 ], [ 69.711586163999982, 28.392459966999979 ], [ 69.728361364000023, 28.393173806 ], [ 69.749675089, 28.404224848000013 ], [ 69.761901855000019, 28.384708405000026 ] ] ] } },
{ "type": "Feature", "properties": { "adm2_name": "Jacobabad", "adm2_pcode": "PK707", "adm1_name": "Sindh" }, "geometry": { "type": "Polygon", "coordinates": [ [ [ 68.479187012000011, 28.431659697999976 ], [ 68.920074887999988, 28.430220067999983 ], [ 68.924240562000023, 28.39936665 ], [ 68.92895473599998, 28.313613461999978 ], [ 68.926705276, 28.28552105 ], [ 68.922443109000028, 28.276777824000021 ], [ 68.887604887, 28.295009798000024 ], [ 68.857197838, 28.240677973 ], [ 68.850658024999973, 28.220457308999983 ], [ 68.81987304, 28.21359868899998 ], [ 68.817557554000018, 28.207677855999975 ], [ 68.834612897, 28.183576793999976 ], [ 68.850140435000014, 28.183952480000016 ], [ 68.866796661000024, 28.191685727999982 ], [ 68.903409899, 28.188444746000016 ], [ 68.903358175999983, 28.180061438 ], [ 68.908935279, 28.160423660999982 ], [ 68.910529051000026, 28.138383578 ], [ 68.907054851, 28.116040960000021 ], [ 68.910020653, 28.110197052999979 ], [ 68.925550633, 28.097379483 ], [ 68.9290992, 28.088205072999983 ], [ 68.91714508299998, 28.094912056999988 ], [ 68.899376465999978, 28.090440703000013 ], [ 68.882706219999989, 28.082719716999975 ], [ 68.855185929000015, 28.095966063 ], [ 68.841753364999988, 28.09768212 ], [ 68.815787769999986, 28.106315955000014 ], [ 68.787511935, 28.110820527999977 ], [ 68.758499522000022, 28.125026494999986 ], [ 68.738366342, 28.128904816999977 ], [ 68.720895625000026, 28.127557334000016 ], [ 68.704605742000012, 28.129753390000019 ], [ 68.666949378000027, 28.14654443 ], [ 68.636953947999984, 28.154446099999973 ], [ 68.617994676000023, 28.155023875999973 ], [ 68.594194146, 28.152111013000024 ], [ 68.519066932999976, 28.160203926 ], [ 68.487059093000028, 28.153032356999972 ], [ 68.469862449, 28.144862961 ], [ 68.443610044000025, 28.126933484 ], [ 68.400955235000026, 28.113573370999973 ], [ 68.379705428000022, 28.111912217999986 ], [ 68.323539847, 28.120234685000014 ], [ 68.320870916, 28.114007618000016 ], [ 68.320906241999978, 28.095854111 ], [ 68.309271766999984, 27.999893612 ], [ 68.312447678000012, 27.943710372999988 ], [ 68.311244921000025, 27.930352551 ], [ 68.288482757, 27.936945779999974 ], [ 68.291097212000011, 27.926276670999982 ], [ 68.28874457400002, 27.924589271 ], [ 68.263808422000011, 27.923216079999975 ], [ 68.244868715, 27.924167891000025 ], [ 68.234489144, 27.93189443 ], [ 68.221803132, 27.933039576 ], [ 68.219106005000015, 27.931982286 ], [ 68.215545526000028, 27.924466336000023 ], [ 68.209859282000025, 27.925112796 ], [ 68.203655895999987, 27.921729597000024 ], [ 68.198937365, 27.924148555999977 ], [ 68.193368701, 27.934003329 ], [ 68.147937932, 27.937871654 ], [ 68.141861663999975, 27.937198751999972 ], [ 68.136894996000024, 27.929401472 ], [ 68.128747397999973, 27.928636612999981 ], [ 68.122810688000015, 27.930229489999988 ], [ 68.094742728000028, 27.973724269 ], [ 68.086052102999986, 27.980796366999982 ], [ 68.057774267000013, 27.979870141 ], [ 68.054237208000018, 27.980603447000021 ], [ 68.047355157000027, 27.990569156999982 ], [ 68.035301049, 27.990884532999985 ], [ 68.023866254999973, 27.989742474000025 ], [ 68.004637155000012, 27.978775328999973 ], [ 67.985588238, 27.982402983999975 ], [ 67.964361489, 27.982968912999979 ], [ 67.939984761, 27.977870247999988 ], [ 67.912963581999975, 27.994295018 ], [ 67.942863464000027, 28.043773650999981 ], [ 67.964424133000023, 28.069597244000022 ], [ 68.017784119, 28.092046738000022 ], [ 68.208999634, 28.242517470999985 ], [ 68.353439331, 28.284820556999989 ], [ 68.359123230000023, 28.291027069 ], [ 68.405227661000026, 28.387615203999985 ], [ 68.464630127000021, 28.430130005000024 ], [ 68.479187012000011, 28.431659697999976 ] ] ] } },
{ "type": "Feature", "properties": { "adm2_name": "Jamshoro", "adm2_pcode": "PK708", "adm1_name": "Sindh" }, "geometry": { "type": "Polygon", "coordinates": [ [ [ 67.80162042500001, 26.58995195 ], [ 67.807050549999985, 26.57113396 ], [ 67.836519048000014, 26.560062222 ], [ 67.862029985, 26.540635212999973 ], [ 67.878074141000013, 26.541977361000022 ], [ 67.902477719, 26.54957457 ], [ 67.911361075, 26.549148087 ], [ 67.909042312, 26.542608713 ], [ 67.920945618000019, 26.509565701999975 ], [ 67.92084596, 26.484750957000017 ], [ 67.912421225, 26.467975637 ], [ 67.880712588999984, 26.432239474000028 ], [ 67.874507516999984, 26.42124959 ], [ 67.877755107999974, 26.414522294 ], [ 67.904750542999977, 26.410826461999989 ], [ 67.905601005, 26.406812477000017 ], [ 67.89611002800001, 26.378843295000024 ], [ 67.890394570000012, 26.352336584 ], [ 67.872940912, 26.338378472999977 ], [ 67.877424892000022, 26.304405067 ], [ 67.872677284000019, 26.296976046999987 ], [ 67.880362801999979, 26.286407753999981 ], [ 67.881552605000024, 26.273005480999984 ], [ 67.885567261, 26.271169769999972 ], [ 67.89032807000001, 26.273746938999977 ], [ 67.89231924500001, 26.283083249000015 ], [ 67.898789862, 26.294758119999983 ], [ 67.905442769999979, 26.294423417000019 ], [ 67.907456417, 26.26185978 ], [ 67.911477134999984, 26.251848442999972 ], [ 67.91755747000002, 26.245004153000025 ], [ 67.929909324, 26.237707398999987 ], [ 67.942464941000026, 26.235843666 ], [ 67.983535206, 26.204425550999986 ], [ 67.991095009999981, 26.201225846 ], [ 68.012428091, 26.199577690000012 ], [ 68.016151014, 26.196495552999977 ], [ 68.02078161999998, 26.188440556999979 ], [ 68.022386329000028, 26.173062970999979 ], [ 68.020348307, 26.162742639999976 ], [ 68.024201846999972, 26.148778790999984 ], [ 68.133407872000021, 26.045124419999979 ], [ 68.173446141999989, 26.001184109 ], [ 68.188488846999974, 25.997867787000018 ], [ 68.211909204999984, 25.99716773900002 ], [ 68.240366789, 25.999046436000015 ], [ 68.259487256, 26.004143546000023 ], [ 68.267799766, 25.994731425 ], [ 68.277465404999987, 25.992664047 ], [ 68.273084204999975, 25.972179993999987 ], [ 68.235339951000014, 25.926269892 ], [ 68.23474325, 25.921514984 ], [ 68.235550908999983, 25.915538597000022 ], [ 68.244987122999987, 25.905342071 ], [ 68.27143737199998, 25.88321278799998 ], [ 68.318419215, 25.85544600999998 ], [ 68.325007014999983, 25.840657903000022 ], [ 68.330689555, 25.818555495 ], [ 68.330522325, 25.801264236 ], [ 68.326904343000024, 25.792985914999974 ], [ 68.32074006900001, 25.789240215 ], [ 68.30750414900001, 25.786226682 ], [ 68.300607875000026, 25.778680076 ], [ 68.300513990000013, 25.762250946999984 ], [ 68.308554307, 25.745178192000026 ], [ 68.316285720999986, 25.734047174000011 ], [ 68.386375531, 25.699548629999981 ], [ 68.410508236999988, 25.689330857000016 ], [ 68.461523388999979, 25.674156325000013 ], [ 68.45851043, 25.662960354 ], [ 68.452789038, 25.656736895 ], [ 68.417275684, 25.642654608999976 ], [ 68.379196031999982, 25.632108550999988 ], [ 68.36584618400002, 25.625200654000025 ], [ 68.353775830000018, 25.610298221999983 ], [ 68.353299081999978, 25.598439067000015 ], [ 68.367187944000023, 25.578719821999982 ], [ 68.391677750999975, 25.525520772999982 ], [ 68.39046545399998, 25.522598844000015 ], [ 68.34818396999998, 25.514660333999984 ], [ 68.318864276, 25.503801130999989 ], [ 68.312134903000015, 25.499088727000014 ], [ 68.302262869, 25.484111412 ], [ 68.302023868999981, 25.464858777000018 ], [ 68.307226806000017, 25.435152298999981 ], [ 68.305273672999988, 25.427316978000022 ], [ 68.293370736999975, 25.413503038999977 ], [ 68.293557679, 25.393638699 ], [ 68.306076292, 25.366524384 ], [ 68.315522041, 25.354188335 ], [ 68.322618213999988, 25.336063239 ], [ 68.337280960999976, 25.314597939 ], [ 68.342682546, 25.294117965 ], [ 68.320710243, 25.286953008000012 ], [ 68.267401579000023, 25.285783588000015 ], [ 68.259863166, 25.287515902999985 ], [ 68.25195897499998, 25.293703257 ], [ 68.238288884999974, 25.291688975 ], [ 68.21797822000002, 25.300259029000017 ], [ 68.200652983999987, 25.296586951 ], [ 68.17040971, 25.301525199000025 ], [ 68.157243048, 25.312320559999989 ], [ 68.139709618999973, 25.336585833000015 ], [ 68.105055513000025, 25.396453698000016 ], [ 68.090277695, 25.408281557 ], [ 68.033303596, 25.441190628000015 ], [ 68.018737715999976, 25.444608930000015 ], [ 67.996549174999984, 25.443834994999975 ], [ 67.984565498999984, 25.433326756999975 ], [ 67.967916772000024, 25.410140765 ], [ 67.939285268999981, 25.407267934 ], [ 67.938851146, 25.395658202999982 ], [ 67.930092691000027, 25.375571746999981 ], [ 67.906572034000021, 25.360181989000012 ], [ 67.904358087999981, 25.353570612999988 ], [ 67.913833878999981, 25.3287391 ], [ 67.90669189, 25.31581538 ], [ 67.908494089999976, 25.305462208 ], [ 67.905953733, 25.301456558999973 ], [ 67.885992924999982, 25.29050645 ], [ 67.874296930000014, 25.270909905 ], [ 67.861372586000016, 25.266595338 ], [ 67.856354819999979, 25.262172744 ], [ 67.844314307, 25.237622806 ], [ 67.834671453999988, 25.225536383000019 ], [ 67.820320445999982, 25.21417233 ], [ 67.82054477600002, 25.205603275999977 ], [ 67.827561528999979, 25.18997816000001 ], [ 67.815077691, 25.117908816000011 ], [ 67.806433012000014, 25.094320036 ], [ 67.795722427999976, 25.087137698 ], [ 67.766638173999979, 25.083221614000024 ], [ 67.736204289999989, 25.061824613 ], [ 67.710344088999989, 25.000869648 ], [ 67.700202854, 25.00132355400001 ], [ 67.657629782000015, 25.015363369 ], [ 67.63842093300002, 25.015918509000016 ], [ 67.587065021, 24.971300520999989 ], [ 67.579039826999974, 24.967431783 ], [ 67.569983040000011, 24.967531622000024 ], [ 67.558770497000012, 24.969305163 ], [ 67.517967715, 24.984754979 ], [ 67.515184067, 24.99892043 ], [ 67.514410533999978, 25.033407249999982 ], [ 67.51067101000001, 25.052018039000018 ], [ 67.503714264, 25.065031906 ], [ 67.491899882999974, 25.078165660000025 ], [ 67.469230634999974, 25.091899292 ], [ 67.46119438300002, 25.099815410000019 ], [ 67.357535639999981, 25.147928298000011 ], [ 67.315563521, 25.150961790999986 ], [ 67.311833761, 25.153398788 ], [ 67.31228138900002, 25.159266785999989 ], [ 67.309048884, 25.164985656 ], [ 67.282741766000015, 25.178910045 ], [ 67.274088774, 25.186469041 ], [ 67.284134134999988, 25.199398791000021 ], [ 67.282493139, 25.205565289999981 ], [ 67.284482390999983, 25.222573033 ], [ 67.290748260999976, 25.232469289999983 ], [ 67.304934017999983, 25.24652615399998 ], [ 67.30387398, 25.255596783999977 ], [ 67.321358248000024, 25.269210489999978 ], [ 67.329804427, 25.283864753999978 ], [ 67.332739401000026, 25.300276044999976 ], [ 67.34694228, 25.306001515 ], [ 67.350750069000014, 25.30003331 ], [ 67.353735568, 25.300698891000025 ], [ 67.359208458000012, 25.30868157499998 ], [ 67.379331628999978, 25.359657228 ], [ 67.376624847000016, 25.375049688 ], [ 67.384048550999978, 25.389360857999975 ], [ 67.390198882999982, 25.411290765999979 ], [ 67.401627867, 25.436050040999987 ], [ 67.412957813999981, 25.451113264000014 ], [ 67.397834272000011, 25.497445923999976 ], [ 67.393041830000016, 25.544309707000025 ], [ 67.39348014, 25.595825494999985 ], [ 67.384537942, 25.618598861 ], [ 67.381040723000012, 25.639117081999984 ], [ 67.377118059, 25.643120044999989 ], [ 67.357115183000019, 25.639299403 ], [ 67.320968815000015, 25.640453574 ], [ 67.321151733000022, 25.649194717 ], [ 67.333732605000023, 25.697366714 ], [ 67.346679687, 25.72389221200001 ], [ 67.379829406999988, 25.768215178999981 ], [ 67.402908325, 25.792299271 ], [ 67.410987853999984, 25.808485030999975 ], [ 67.414642334, 25.82824516300002 ], [ 67.401306152000018, 25.868133544999978 ], [ 67.399040222, 25.882753372000025 ], [ 67.402442931999985, 25.890857697 ], [ 67.40410614000001, 25.908325194999975 ], [ 67.405288696000014, 25.962501525999983 ], [ 67.417182922, 26.034620285000017 ], [ 67.427558899000019, 26.065938949999975 ], [ 67.422042847, 26.080036162999988 ], [ 67.413147379, 26.087194368999974 ], [ 67.422957137000026, 26.102394259 ], [ 67.452056946000027, 26.123233728 ], [ 67.467208189000019, 26.137722339 ], [ 67.481881975000022, 26.16281482 ], [ 67.489136377000023, 26.210060011999985 ], [ 67.503227634999973, 26.249897251 ], [ 67.491918931999976, 26.28235463599998 ], [ 67.491850097999986, 26.306171729000027 ], [ 67.495024667999985, 26.333442835000028 ], [ 67.499358568, 26.33851273 ], [ 67.518882575000021, 26.33923152 ], [ 67.53784972, 26.34295068 ], [ 67.57132823, 26.331079488 ], [ 67.577162666999982, 26.336419988999978 ], [ 67.59117189, 26.367826751 ], [ 67.599525617999973, 26.372217509 ], [ 67.60530158, 26.382688159 ], [ 67.620230572000025, 26.398500679 ], [ 67.625000009000019, 26.414100465999979 ], [ 67.62770997299998, 26.440765774999988 ], [ 67.634826084999986, 26.454975521999984 ], [ 67.646346473, 26.468969567999977 ], [ 67.645682344000022, 26.476070530000015 ], [ 67.630226826000012, 26.513044074 ], [ 67.631324016, 26.531189319000021 ], [ 67.627433763, 26.539982913000017 ], [ 67.631697305999978, 26.555658435999987 ], [ 67.63566733, 26.560428392 ], [ 67.647156605000021, 26.565157294000016 ], [ 67.657497130000024, 26.559691440999984 ], [ 67.673143251, 26.56064384299998 ], [ 67.682975896000016, 26.566602249000027 ], [ 67.688898142000028, 26.57433583400001 ], [ 67.693018747, 26.575906939 ], [ 67.708106074, 26.572153142 ], [ 67.716772752, 26.580228121 ], [ 67.734025342999985, 26.578401300999985 ], [ 67.739532431999976, 26.581199532000028 ], [ 67.743437793999988, 26.577307223 ], [ 67.755160535000016, 26.575482694000016 ], [ 67.758772962000023, 26.577753443 ], [ 67.759343473, 26.581121333999988 ], [ 67.752129247000028, 26.589960572 ], [ 67.757272414999989, 26.598751240000013 ], [ 67.783592181000017, 26.603929778 ], [ 67.796305292999989, 26.604230019 ], [ 67.799431947000016, 26.601925132000019 ], [ 67.799888914, 26.59806417599998 ], [ 67.807594763999987, 26.59723706699998 ], [ 67.80162042500001, 26.58995195 ] ] ] } },
{ "type": "Feature", "properties": { "adm2_name": "Kambar Shahdad Kot", "adm2_pcode": "PK709", "adm1_name": "Sindh" }, "geometry": { "type": "Polygon", "coordinates": [ [ [ 67.938788849, 27.978491666000025 ], [ 67.973549454000022, 27.983062393000012 ], [ 68.004637155000012, 27.978775328999973 ], [ 68.023866254999973, 27.989742474000025 ], [ 68.035301049, 27.990884532999985 ], [ 68.047355157000027, 27.990569156999982 ], [ 68.054237208000018, 27.980603447000021 ], [ 68.08103743700002, 27.981701085999987 ], [ 68.089393312000027, 27.978849847 ], [ 68.116778602000011, 27.941600752 ], [ 68.120066356999985, 27.934659558000021 ], [ 68.117604031999974, 27.932262381999976 ], [ 68.117738233000011, 27.92710316 ], [ 68.122406631, 27.916799664 ], [ 68.139961132999986, 27.897575585000027 ], [ 68.144117892, 27.887893985 ], [ 68.161545035000017, 27.873850143000027 ], [ 68.171502522000026, 27.861513401000025 ], [ 68.185596987, 27.829922884999974 ], [ 68.189537855000026, 27.810381576 ], [ 68.189177637, 27.798887834000027 ], [ 68.17712489500002, 27.783736858999987 ], [ 68.171632376, 27.75522639899998 ], [ 68.172920194000028, 27.747444372000018 ], [ 68.193922107999981, 27.722940433000019 ], [ 68.195568036999987, 27.709225772000025 ], [ 68.182830224999975, 27.70646639 ], [ 68.164288025000019, 27.687738177000028 ], [ 68.156009392999977, 27.684455798999977 ], [ 68.128994901, 27.683816792000016 ], [ 68.13015677300001, 27.691833913999972 ], [ 68.109881272, 27.700925915000028 ], [ 68.108039706, 27.688699331 ], [ 68.115342262000013, 27.671189922 ], [ 68.123939639000014, 27.607762039000022 ], [ 68.122025520000022, 27.604822538 ], [ 68.110429515000021, 27.606019676000017 ], [ 68.097693645, 27.581413291999979 ], [ 68.091843144, 27.580719913999985 ], [ 68.080315638, 27.572962540999981 ], [ 68.077368762999981, 27.566115288999981 ], [ 68.079318898, 27.562475036000023 ], [ 68.073381757, 27.56130492 ], [ 68.082451257, 27.55605829000001 ], [ 68.077336022999987, 27.554411411 ], [ 68.074887013000023, 27.538800041 ], [ 68.060266393, 27.539533791999986 ], [ 68.061564768999972, 27.536654909999982 ], [ 68.058629402, 27.533380798 ], [ 68.061000326, 27.530925229 ], [ 68.050049017, 27.522260040999981 ], [ 68.05185272, 27.490748935999989 ], [ 68.041570793, 27.472007893000011 ], [ 68.033164452999983, 27.464666892000025 ], [ 68.029981953, 27.458043856000018 ], [ 68.030873531, 27.447871556999985 ], [ 68.035255138000025, 27.443221291999976 ], [ 68.02140112, 27.437880532 ], [ 68.001800601000014, 27.408550832 ], [ 68.004233381, 27.40254203500001 ], [ 68.020403553, 27.394977938000011 ], [ 68.032931764000011, 27.385254547999978 ], [ 68.042992734999984, 27.383260301 ], [ 68.054891833999989, 27.388695821999988 ], [ 68.058019845, 27.380464297 ], [ 68.051884385999983, 27.366698419999977 ], [ 68.021563512, 27.373324041999979 ], [ 68.016645825000012, 27.369428342999981 ], [ 68.012925794000012, 27.353759468000021 ], [ 68.001455986, 27.335805149 ], [ 67.995427956000015, 27.292389018999984 ], [ 67.930511680999984, 27.293377292 ], [ 67.915939232000028, 27.297315566 ], [ 67.887459848999981, 27.312437423 ], [ 67.868200646999981, 27.317667997 ], [ 67.861870726, 27.316547029999981 ], [ 67.849924245000011, 27.309122602 ], [ 67.825551696, 27.303083128000026 ], [ 67.793616005999979, 27.30002366399998 ], [ 67.715989028000024, 27.299001928999985 ], [ 67.657925771, 27.30233647 ], [ 67.640890958999989, 27.321254635 ], [ 67.63240034, 27.324402460999977 ], [ 67.606650848000015, 27.312278955000011 ], [ 67.596260417999986, 27.311434109 ], [ 67.575761643000021, 27.31289518 ], [ 67.561609058999977, 27.317711022000026 ], [ 67.529636520999986, 27.314497663 ], [ 67.510574414000018, 27.316902299 ], [ 67.500459893000027, 27.319235284 ], [ 67.49109097500002, 27.330406875999984 ], [ 67.478864859, 27.338682608999989 ], [ 67.464464255, 27.343245782 ], [ 67.456191580999985, 27.354856895000012 ], [ 67.438186136000013, 27.357244684000023 ], [ 67.434472305999975, 27.365107497 ], [ 67.397094805, 27.380996743000026 ], [ 67.38238783700001, 27.383352444000025 ], [ 67.372050331000025, 27.381045009 ], [ 67.366551578999974, 27.375431135999975 ], [ 67.362967684000012, 27.359815657000013 ], [ 67.357612872, 27.35692644300002 ], [ 67.348918593, 27.357161674 ], [ 67.346066776999976, 27.371943787000021 ], [ 67.341672874999972, 27.375446889999978 ], [ 67.314248162000013, 27.367135729999973 ], [ 67.306951719999972, 27.379730193 ], [ 67.298409381999988, 27.387054931000023 ], [ 67.276533772999983, 27.392947656999979 ], [ 67.264305427000011, 27.392920667 ], [ 67.256354460000011, 27.398346241000013 ], [ 67.241780429000016, 27.402651682999988 ], [ 67.233445680999978, 27.41731655000001 ], [ 67.218466052, 27.42416563 ], [ 67.205337268999983, 27.425512244 ], [ 67.175163155, 27.447196911 ], [ 67.182884216, 27.532304764 ], [ 67.186790466, 27.539981841999975 ], [ 67.220466613999974, 27.563030243000014 ], [ 67.2290802, 27.57489585899998 ], [ 67.236114502000021, 27.594432831 ], [ 67.248725891, 27.647994994999976 ], [ 67.254211425999983, 27.658462524000015 ], [ 67.269897461000028, 27.67172431900002 ], [ 67.309921265000014, 27.69893837 ], [ 67.337394714000027, 27.725448608000022 ], [ 67.35153961200001, 27.749166489 ], [ 67.357048035, 27.768003464 ], [ 67.354705810999974, 27.795917511000027 ], [ 67.36045074499998, 27.815334319999977 ], [ 67.384857178, 27.864868163999972 ], [ 67.392745972, 27.889986038000018 ], [ 67.394241333000025, 27.909675597999978 ], [ 67.409141541, 27.908033370999988 ], [ 67.416183472, 27.895126343000015 ], [ 67.419967650999979, 27.892740249999974 ], [ 67.533203125, 27.906774520999988 ], [ 67.5493927, 27.901523590000011 ], [ 67.568260193000015, 27.914457320999986 ], [ 67.594688416, 27.922128676999989 ], [ 67.656730652000022, 27.932664870999986 ], [ 67.76083374000001, 27.945739746000015 ], [ 67.772590637, 27.942716599 ], [ 67.788574219, 27.951616286999979 ], [ 67.790435791, 27.968154906999985 ], [ 67.794372400999976, 27.976157949000026 ], [ 67.800735474000021, 27.980146408 ], [ 67.817985535, 27.98674202 ], [ 67.854759216, 27.991214752000019 ], [ 67.868888855000023, 27.999156952000021 ], [ 67.889823913999976, 27.999557494999976 ], [ 67.912963581999975, 27.994295018 ], [ 67.938788849, 27.978491666000025 ] ] ] } },
{ "type": "Feature", "properties": { "adm2_name": "Kashmore", "adm2_pcode": "PK710", "adm1_name": "Sindh" }, "geometry": { "type": "Polygon", "coordinates": [ [ [ 69.610008240000013, 28.448839188000022 ], [ 69.604827881, 28.440448761000027 ], [ 69.613113403, 28.436527252000019 ], [ 69.647026062, 28.428382874000022 ], [ 69.687095641999974, 28.429906845 ], [ 69.711441040000011, 28.425394058 ], [ 69.732170105000023, 28.419073105 ], [ 69.749675089, 28.404224848000013 ], [ 69.728361364000023, 28.393173806 ], [ 69.711586163999982, 28.392459966999979 ], [ 69.703733941999985, 28.389604614 ], [ 69.694810964, 28.383536988 ], [ 69.673395815, 28.352485022 ], [ 69.665543593, 28.348201992999975 ], [ 69.650773295000022, 28.34561353700002 ], [ 69.635444641, 28.352849960000015 ], [ 69.613563538, 28.348079681 ], [ 69.588043213, 28.349277496000013 ], [ 69.58343505900001, 28.353162766000025 ], [ 69.579223633000026, 28.367261886999984 ], [ 69.559150696000017, 28.395143508999979 ], [ 69.548530578999987, 28.395910263000019 ], [ 69.535018921000017, 28.390548706 ], [ 69.532729276999987, 28.38548980600001 ], [ 69.533538818000011, 28.380807877 ], [ 69.553413391, 28.352388382000015 ], [ 69.575691222999978, 28.310811995999984 ], [ 69.591690062999987, 28.288362502999973 ], [ 69.595275878999985, 28.273183823000011 ], [ 69.597252469000011, 28.245205660000011 ], [ 69.585378530000014, 28.249717814 ], [ 69.563333581, 28.247827176999976 ], [ 69.547699491, 28.257932730999983 ], [ 69.542328146999978, 28.264450709000016 ], [ 69.524284379, 28.267591449 ], [ 69.521952517999978, 28.265579840999976 ], [ 69.521369221999976, 28.255510189 ], [ 69.514613211999972, 28.240780083 ], [ 69.475135803, 28.264833450000026 ], [ 69.480300903, 28.242742539 ], [ 69.466705322, 28.211385727 ], [ 69.479244199999982, 28.203708560999985 ], [ 69.474464684, 28.202090062000025 ], [ 69.472238765999975, 28.194728295 ], [ 69.45927396899998, 28.183052368 ], [ 69.451918787000011, 28.172076796999988 ], [ 69.442817451, 28.150968076000026 ], [ 69.440006015, 28.148388888999989 ], [ 69.400214093999978, 28.157135583000013 ], [ 69.382467341999984, 28.167106772000011 ], [ 69.365431752, 28.159303727 ], [ 69.356620213999975, 28.146169413999985 ], [ 69.334023490999982, 28.123360900000023 ], [ 69.316614182000023, 28.12426194699998 ], [ 69.303190948, 28.111780418000023 ], [ 69.282422700999973, 28.109826743999974 ], [ 69.270295730999976, 28.101490340999987 ], [ 69.237913279, 28.095989632 ], [ 69.223350768999978, 28.090990058999978 ], [ 69.199850756999979, 28.06622889099998 ], [ 69.203487828, 28.049957043 ], [ 69.194199554000022, 28.028158513999983 ], [ 69.200148275, 28.002529278 ], [ 69.195646414, 27.996645261000026 ], [ 69.186454525999977, 27.993323353999983 ], [ 69.163336924000021, 27.989838093 ], [ 69.152677602999972, 27.991281521000019 ], [ 69.115836638000019, 28.012389902999985 ], [ 69.10897164, 28.009134416999984 ], [ 69.091085011000018, 27.991712991999975 ], [ 69.083713331000013, 27.98936360099998 ], [ 69.063783506999982, 28.013798216 ], [ 69.065151891000028, 28.02938867 ], [ 69.062624003999986, 28.032949992 ], [ 69.033607124000014, 28.065572327999973 ], [ 69.010604439000019, 28.083133432000011 ], [ 68.993248814000026, 28.086501678 ], [ 68.968612222, 28.079732901999989 ], [ 68.954348321999987, 28.079528459000016 ], [ 68.948681545999989, 28.086283131000016 ], [ 68.944950893, 28.096360663999974 ], [ 68.937506448000022, 28.089199426999983 ], [ 68.9290992, 28.088205072999983 ], [ 68.925550633, 28.097379483 ], [ 68.910020653, 28.110197052999979 ], [ 68.907054851, 28.116040960000021 ], [ 68.910529051000026, 28.138383578 ], [ 68.908935279, 28.160423660999982 ], [ 68.903358175999983, 28.180061438 ], [ 68.903409899, 28.188444746000016 ], [ 68.866796661000024, 28.191685727999982 ], [ 68.850140435000014, 28.183952480000016 ], [ 68.834612897, 28.183576793999976 ], [ 68.817557554000018, 28.207677855999975 ], [ 68.81987304, 28.21359868899998 ], [ 68.850658024999973, 28.220457308999983 ], [ 68.857197838, 28.240677973 ], [ 68.887604887, 28.295009798000024 ], [ 68.922443109000028, 28.276777824000021 ], [ 68.926705276, 28.28552105 ], [ 68.92895473599998, 28.313613461999978 ], [ 68.924240562000023, 28.39936665 ], [ 68.920074887999988, 28.430220067999983 ], [ 69.001289368000016, 28.431215286 ], [ 69.215110778999986, 28.444622040000013 ], [ 69.377685547, 28.44560051000002 ], [ 69.413589478, 28.448146819999977 ], [ 69.42118835399998, 28.455028534 ], [ 69.428825378, 28.470109939999986 ], [ 69.437156677000019, 28.475261687999989 ], [ 69.475563049000016, 28.483764647999976 ], [ 69.504417419, 28.484956741000019 ], [ 69.521278381, 28.484462738 ], [ 69.624542236000025, 28.467544556 ], [ 69.625, 28.46301078800002 ], [ 69.610008240000013, 28.448839188000022 ] ] ] } },
{ "type": "Feature", "properties": { "adm2_name": "Khairpur", "adm2_pcode": "PK711", "adm1_name": "Sindh" }, "geometry": { "type": "Polygon", "coordinates": [ [ [ 68.656630555, 27.778833600999974 ], [ 68.67744201, 27.780972793999979 ], [ 68.689745157, 27.776427690999981 ], [ 68.696936517999973, 27.769660412 ], [ 68.699499390000028, 27.763822923000021 ], [ 68.701777384000025, 27.745313540999973 ], [ 68.716006392, 27.738199037000015 ], [ 68.719638998, 27.728660326000011 ], [ 68.735948386000018, 27.727943531 ], [ 68.746680643, 27.730074665000018 ], [ 68.757130639000025, 27.724556673 ], [ 68.763802506, 27.728462299 ], [ 68.772806891000016, 27.726835043 ], [ 68.777905885, 27.733344172999978 ], [ 68.788862882999979, 27.73573091999998 ], [ 68.782462259999988, 27.727811420000023 ], [ 68.778773754999975, 27.715769420000015 ], [ 68.781431511999983, 27.707687158999988 ], [ 68.809864769, 27.675222125 ], [ 68.815659152000023, 27.6723748 ], [ 68.842943386, 27.668360796 ], [ 68.845981142000028, 27.659790417000011 ], [ 68.851785151, 27.659193662 ], [ 68.853737893000016, 27.642649541000026 ], [ 68.869251395999981, 27.633807917000013 ], [ 68.867407148999973, 27.623827167 ], [ 68.852978388999986, 27.621657410000012 ], [ 68.840719515999979, 27.623393162000013 ], [ 68.836868262, 27.614388788999975 ], [ 68.830413267999973, 27.61699242200001 ], [ 68.828297765, 27.595457907000025 ], [ 68.818642512999986, 27.588840281999978 ], [ 68.814642390000017, 27.565576416999988 ], [ 68.80581250900002, 27.555306160999976 ], [ 68.810008262, 27.552112291000014 ], [ 68.803370144999974, 27.545787413000028 ], [ 68.802757643, 27.526275419 ], [ 68.796420857999976, 27.525283154000022 ], [ 68.795326687999989, 27.519275978999985 ], [ 68.798974483999984, 27.509277817999987 ], [ 68.807241928, 27.503379157999973 ], [ 68.832351257000028, 27.499929591000011 ], [ 68.832899941999983, 27.482320417999972 ], [ 68.836555557999986, 27.475124702000016 ], [ 68.844665774000021, 27.474735087 ], [ 68.882712729, 27.481574836 ], [ 68.890639637999982, 27.478871547999972 ], [ 68.891014416000019, 27.475634147 ], [ 68.884614903, 27.46529188400001 ], [ 68.875161113, 27.455415318 ], [ 68.867024979, 27.442017392000025 ], [ 68.869591201, 27.433509432999983 ], [ 68.891849074, 27.413495442 ], [ 68.863448682000012, 27.373426299000016 ], [ 68.83922757800002, 27.35860618800001 ], [ 68.830520885999988, 27.304744444 ], [ 68.837478203999979, 27.292770656000016 ], [ 68.890304478000019, 27.254919298 ], [ 68.932167838999987, 27.229411782999989 ], [ 68.971023976000026, 27.213102252999988 ], [ 69.008162918999972, 27.201560759000017 ], [ 69.025887200999989, 27.198968834000027 ], [ 69.056105788000025, 27.200187734999986 ], [ 69.078429907999976, 27.20784422700001 ], [ 69.12371032599998, 27.206478082999979 ], [ 69.143171418, 27.201466190000019 ], [ 69.176637315999983, 27.184366566 ], [ 69.199751597999978, 27.185644035 ], [ 69.250250392, 27.178605784000013 ], [ 69.328001084999983, 27.156872400999987 ], [ 69.380393001000016, 27.124643059999983 ], [ 69.401520585000014, 27.115598299 ], [ 69.466848465999988, 27.097929334000014 ], [ 69.496545261, 27.074455152999974 ], [ 69.535582471, 27.065614200000027 ], [ 69.513205660999972, 27.01686766 ], [ 69.503592665999975, 26.943293537999978 ], [ 69.500937304999979, 26.900329735000014 ], [ 69.483734758000026, 26.806233046999978 ], [ 69.507652650000011, 26.748453574 ], [ 69.515448475000028, 26.740058573999988 ], [ 69.580535919999988, 26.711920261999978 ], [ 69.601844289999974, 26.705054304999976 ], [ 69.608307523, 26.700310017 ], [ 69.698982692000016, 26.665070006 ], [ 69.721869218, 26.653842839999982 ], [ 69.771941603000016, 26.613747018000026 ], [ 69.794837616, 26.59998256199998 ], [ 69.815360182, 26.592160542999977 ], [ 69.855554029000018, 26.582917529999975 ], [ 69.879311486, 26.581087262999972 ], [ 69.918342998000014, 26.582606483 ], [ 70.024848831999975, 26.59871218 ], [ 70.06619191599998, 26.599291709999989 ], [ 70.088439976000018, 26.595572240000024 ], [ 70.106880163000028, 26.589521553999987 ], [ 70.150223772, 26.568288489999986 ], [ 70.160514523000018, 26.558953799999983 ], [ 70.167740639999977, 26.550745428000027 ], [ 70.183898710999983, 26.486830227999974 ], [ 70.175994878999973, 26.433296870999982 ], [ 70.179337788999987, 26.375255874 ], [ 70.178306422, 26.349772922999989 ], [ 70.166742015000011, 26.30699574800002 ], [ 70.164603974999977, 26.290916245 ], [ 70.16524571399998, 26.277151587999981 ], [ 70.172668283, 26.245077711000022 ], [ 70.159417672000018, 26.194488340000021 ], [ 70.14519463, 26.166153576999989 ], [ 70.127146106999987, 26.140463340999986 ], [ 70.112013643000012, 26.149589414 ], [ 70.07433948, 26.152657938 ], [ 70.048155877999989, 26.160383444999979 ], [ 70.008253511000021, 26.176853111000014 ], [ 69.944146106, 26.182245706 ], [ 69.930436597999972, 26.187156798 ], [ 69.894516692000025, 26.190456528000027 ], [ 69.837068016999979, 26.205551405 ], [ 69.80591618, 26.206748811000011 ], [ 69.758834807000028, 26.202913347999981 ], [ 69.710487881, 26.203851309000015 ], [ 69.688514802999975, 26.20567911400002 ], [ 69.659346524999989, 26.211942482999973 ], [ 69.626504316000023, 26.210138434999976 ], [ 69.6021488, 26.21245016 ], [ 69.570052938, 26.200212195 ], [ 69.540565561999983, 26.207242690999976 ], [ 69.500145797000016, 26.211956281000028 ], [ 69.394257993999986, 26.214537039999982 ], [ 69.333861101000025, 26.223937701000011 ], [ 69.254980316, 26.230723996999984 ], [ 69.235159236000015, 26.237741880999977 ], [ 69.160705227, 26.223317883 ], [ 69.116730437, 26.222360262 ], [ 69.089414882000028, 26.227912784000011 ], [ 69.074011133, 26.234359331 ], [ 69.072923119, 26.236647754999979 ], [ 69.080608051000013, 26.254839618 ], [ 69.068769337, 26.258234748 ], [ 69.065758759, 26.25705162700001 ], [ 69.063497236999979, 26.249265544000025 ], [ 69.053164047, 26.254525586999989 ], [ 69.062026748999983, 26.289224336000018 ], [ 69.061276869999972, 26.292949153 ], [ 69.017651170000022, 26.29838837 ], [ 68.983139702000017, 26.361657201000014 ], [ 68.97542475, 26.365721220000012 ], [ 68.95246175699998, 26.371475384 ], [ 68.950956635000011, 26.376216714 ], [ 68.952455064999981, 26.389425599 ], [ 68.943444823999982, 26.427216198999986 ], [ 68.924017188999983, 26.455650118 ], [ 68.91910722, 26.469196483000019 ], [ 68.870908704999977, 26.445449747 ], [ 68.847156095, 26.436826231999987 ], [ 68.852239764999979, 26.465041041 ], [ 68.849212142999988, 26.482189294000023 ], [ 68.835061379000024, 26.502283069999976 ], [ 68.820883488, 26.542852719 ], [ 68.804107402, 26.562345274 ], [ 68.782119761, 26.576034732999972 ], [ 68.761031060999983, 26.586286418999975 ], [ 68.75175314400002, 26.583914164000021 ], [ 68.738328943, 26.591012723 ], [ 68.672460863000026, 26.592898995999974 ], [ 68.613165644999981, 26.598244431000012 ], [ 68.568824769, 26.603195051 ], [ 68.512657467, 26.614497836999988 ], [ 68.49038561499998, 26.615247884999974 ], [ 68.476459752999972, 26.612051760999975 ], [ 68.436745253000026, 26.621228256 ], [ 68.420416879000015, 26.620050467999988 ], [ 68.400672338999982, 26.627042463 ], [ 68.372674464, 26.627220532000024 ], [ 68.356757855000012, 26.63005848 ], [ 68.356735148999974, 26.638119415 ], [ 68.327164545000016, 26.641725160000021 ], [ 68.288497947999986, 26.655704250999975 ], [ 68.286919506, 26.679260844999988 ], [ 68.29648292600001, 26.692692308 ], [ 68.314759184000025, 26.754303682 ], [ 68.317470467000021, 26.771143707000022 ], [ 68.326682908, 26.783525753999982 ], [ 68.328003736000028, 26.788827643 ], [ 68.317022248, 26.816976528999987 ], [ 68.322470628000019, 26.836265240999978 ], [ 68.327354231000015, 26.87357497 ], [ 68.33776501, 26.89160367 ], [ 68.327827023, 26.893653643 ], [ 68.325184283999988, 26.896513012000014 ], [ 68.339527630000021, 26.901915957000028 ], [ 68.353667425000026, 26.918910698 ], [ 68.370086405, 26.944267403000026 ], [ 68.383734831000027, 26.978197919000024 ], [ 68.387194899, 26.981838360999973 ], [ 68.411781163, 26.991218867999976 ], [ 68.432549326000014, 27.012411203 ], [ 68.446011197000018, 27.036334286999988 ], [ 68.448546567999983, 27.055162669000026 ], [ 68.446723787999986, 27.068107823999981 ], [ 68.43937817, 27.086034781000023 ], [ 68.422462618999987, 27.104206130000023 ], [ 68.416949515, 27.120169794999981 ], [ 68.409590779999974, 27.129213807999975 ], [ 68.402144452000016, 27.134822500999974 ], [ 68.364434749, 27.152642721 ], [ 68.360319048, 27.166384423000011 ], [ 68.348254511, 27.167960672 ], [ 68.354871855, 27.186648391 ], [ 68.345671583000012, 27.195579001 ], [ 68.340479734999974, 27.204829577999988 ], [ 68.308890598, 27.207574688000022 ], [ 68.291245865, 27.215709555999979 ], [ 68.282852901000012, 27.208807450999984 ], [ 68.259537629000022, 27.212738286999979 ], [ 68.242012948000024, 27.22064610000001 ], [ 68.227759467999988, 27.220898023000018 ], [ 68.220722758000022, 27.228638413999988 ], [ 68.202165940999976, 27.235354672000028 ], [ 68.187712506000025, 27.228784683000015 ], [ 68.180954731999975, 27.237708882999982 ], [ 68.18150946999998, 27.254900072999988 ], [ 68.189050325999972, 27.267345768999974 ], [ 68.213187657, 27.291844995000019 ], [ 68.217490461000011, 27.321751087999985 ], [ 68.223639102999982, 27.333753879000028 ], [ 68.264638687, 27.356047881 ], [ 68.277869728999974, 27.358680731999982 ], [ 68.298028215999977, 27.354706951000026 ], [ 68.314055579000012, 27.354278298 ], [ 68.332015096000021, 27.35934791 ], [ 68.347166973000014, 27.375193238 ], [ 68.344945982000013, 27.384918378 ], [ 68.321114239999986, 27.399635304000014 ], [ 68.300133007, 27.425790661 ], [ 68.292474619000018, 27.448460022 ], [ 68.279844290000028, 27.46605150900001 ], [ 68.27781801499998, 27.479764616000011 ], [ 68.272225053, 27.492602283999986 ], [ 68.282159799999988, 27.499756545000025 ], [ 68.30669315199998, 27.503616996 ], [ 68.317534142, 27.514422095999976 ], [ 68.336510170999986, 27.524372138 ], [ 68.343985449, 27.531699963999984 ], [ 68.34758139600001, 27.552154995000024 ], [ 68.343409829, 27.56586575 ], [ 68.334171652, 27.579962239 ], [ 68.332355322000012, 27.586986384999989 ], [ 68.334537453999985, 27.596075331 ], [ 68.339265167, 27.601951649 ], [ 68.351721289000011, 27.609083984 ], [ 68.356858521999982, 27.605218654999987 ], [ 68.368751084999985, 27.603452987000026 ], [ 68.408834506, 27.602796795000017 ], [ 68.434127472, 27.604845295000018 ], [ 68.444029579000016, 27.607816863999972 ], [ 68.453059167, 27.616731913000024 ], [ 68.476600211, 27.618249595 ], [ 68.486442419000014, 27.621705771999984 ], [ 68.495536503999972, 27.627925593999976 ], [ 68.497162189999983, 27.641416739000022 ], [ 68.462309031000018, 27.684954017999985 ], [ 68.486937375000025, 27.701189037 ], [ 68.501985521, 27.714601902000027 ], [ 68.510576053000023, 27.718515347999983 ], [ 68.531548281000028, 27.717527091000022 ], [ 68.561254136, 27.709238087000017 ], [ 68.598741464999989, 27.724848915999985 ], [ 68.611223012999972, 27.746525792 ], [ 68.626382764000027, 27.762123916 ], [ 68.637587261000021, 27.780001291000019 ], [ 68.640438394, 27.781359039999984 ], [ 68.656630555, 27.778833600999974 ] ] ] } },
{ "type": "Feature", "properties": { "adm2_name": "Larkana", "adm2_pcode": "PK713", "adm1_name": "Sindh" }, "geometry": { "type": "Polygon", "coordinates": [ [ [ 68.193368701, 27.934003329 ], [ 68.200976068999978, 27.92197353 ], [ 68.203655895999987, 27.921729597000024 ], [ 68.209859282000025, 27.925112796 ], [ 68.215545526000028, 27.924466336000023 ], [ 68.219106005000015, 27.931982286 ], [ 68.221803132, 27.933039576 ], [ 68.22956274, 27.932996498000023 ], [ 68.240454261000025, 27.928924554999981 ], [ 68.244868715, 27.924167891000025 ], [ 68.251962134, 27.899297811999986 ], [ 68.26106169000002, 27.882169130000023 ], [ 68.272777798999982, 27.867788285000017 ], [ 68.275910619, 27.866572206 ], [ 68.283881427999972, 27.869713248999972 ], [ 68.292660166000019, 27.86283880000002 ], [ 68.294044617999987, 27.857082074 ], [ 68.289818605999983, 27.850098571999979 ], [ 68.289970047, 27.844511733 ], [ 68.33703694899998, 27.790876278999974 ], [ 68.341900517999989, 27.780463254999972 ], [ 68.344794555000021, 27.765667130999987 ], [ 68.343919013, 27.74998029 ], [ 68.37756368700002, 27.73453342900001 ], [ 68.393957969999974, 27.736310751000019 ], [ 68.398894086999974, 27.728402811000024 ], [ 68.394388387, 27.717589288 ], [ 68.41624638899998, 27.71780198 ], [ 68.433373158, 27.710320331999981 ], [ 68.439303294000013, 27.694520297999986 ], [ 68.462309031000018, 27.684954017999985 ], [ 68.476852469999983, 27.668062376000023 ], [ 68.497162189999983, 27.641416739000022 ], [ 68.496990955, 27.632342086999984 ], [ 68.495536503999972, 27.627925593999976 ], [ 68.482268674000011, 27.619558101 ], [ 68.453059167, 27.616731913000024 ], [ 68.440648742, 27.605994792 ], [ 68.387741111000025, 27.602649862000021 ], [ 68.356858521999982, 27.605218654999987 ], [ 68.351721289000011, 27.609083984 ], [ 68.33695923, 27.599361021999982 ], [ 68.333139077, 27.592094912999983 ], [ 68.332534566999982, 27.584850248 ], [ 68.343409829, 27.56586575 ], [ 68.34758139600001, 27.552154995000024 ], [ 68.343985449, 27.531699963999984 ], [ 68.336510170999986, 27.524372138 ], [ 68.317534142, 27.514422095999976 ], [ 68.30669315199998, 27.503616996 ], [ 68.282159799999988, 27.499756545000025 ], [ 68.272225053, 27.492602283999986 ], [ 68.27781801499998, 27.479764616000011 ], [ 68.279844290000028, 27.46605150900001 ], [ 68.292474619000018, 27.448460022 ], [ 68.300133007, 27.425790661 ], [ 68.321114239999986, 27.399635304000014 ], [ 68.344945982000013, 27.384918378 ], [ 68.347166973000014, 27.375193238 ], [ 68.332015096000021, 27.35934791 ], [ 68.314055579000012, 27.354278298 ], [ 68.298028215999977, 27.354706951000026 ], [ 68.277869728999974, 27.358680731999982 ], [ 68.264638687, 27.356047881 ], [ 68.223639102999982, 27.333753879000028 ], [ 68.217490461000011, 27.321751087999985 ], [ 68.213187657, 27.291844995000019 ], [ 68.189050325999972, 27.267345768999974 ], [ 68.18150946999998, 27.254900072999988 ], [ 68.180954731999975, 27.237708882999982 ], [ 68.187712506000025, 27.228784683000015 ], [ 68.167793272999972, 27.229497149 ], [ 68.14583006700002, 27.215871988 ], [ 68.125820267999984, 27.198768659999985 ], [ 68.122478565999984, 27.199049206999973 ], [ 68.11881626600001, 27.20370241 ], [ 68.106882762, 27.200105666000013 ], [ 68.101121592000027, 27.206810798 ], [ 68.088493749, 27.201792211 ], [ 68.088265894000017, 27.199302300999989 ], [ 68.100346388, 27.190910676999977 ], [ 68.087709206999989, 27.176632328999972 ], [ 68.080547648999982, 27.160847037 ], [ 68.091943582, 27.150976449999973 ], [ 68.093287815, 27.141809500000022 ], [ 68.084990886000014, 27.137301536999985 ], [ 68.065361021, 27.138505486999975 ], [ 68.059144646999982, 27.135015297 ], [ 68.061015671, 27.130833466000013 ], [ 68.083750009000028, 27.127035036999985 ], [ 68.084234305, 27.124849336000011 ], [ 68.074234015, 27.123945575999983 ], [ 68.048249317999989, 27.129023620999988 ], [ 68.035614224000028, 27.134632206 ], [ 68.004478988000017, 27.156833904999985 ], [ 67.990339541000026, 27.172018482 ], [ 67.941089767, 27.202223541000023 ], [ 67.939683920999983, 27.221128779000026 ], [ 67.954819371999974, 27.227528889999974 ], [ 67.956328851000023, 27.235569112 ], [ 67.952801808, 27.243874149000021 ], [ 67.953559946999974, 27.249372212000026 ], [ 67.980715921000012, 27.271497458999988 ], [ 67.995427956000015, 27.292389018999984 ], [ 68.001455986, 27.335805149 ], [ 68.012925794000012, 27.353759468000021 ], [ 68.018448702, 27.371810709999977 ], [ 68.021563512, 27.373324041999979 ], [ 68.049226314, 27.366250634999972 ], [ 68.054732520000016, 27.369966163000015 ], [ 68.057439929, 27.375806488000023 ], [ 68.05758240900002, 27.384360862999984 ], [ 68.054891833999989, 27.388695821999988 ], [ 68.043613391, 27.383386619000021 ], [ 68.037465989, 27.383505512999989 ], [ 68.004233381, 27.40254203500001 ], [ 68.001800601000014, 27.408550832 ], [ 68.02140112, 27.437880532 ], [ 68.035255138000025, 27.443221291999976 ], [ 68.030873531, 27.447871556999985 ], [ 68.029981953, 27.458043856000018 ], [ 68.033164452999983, 27.464666892000025 ], [ 68.041570793, 27.472007893000011 ], [ 68.05185272, 27.490748935999989 ], [ 68.050049017, 27.522260040999981 ], [ 68.061000326, 27.530925229 ], [ 68.058629402, 27.533380798 ], [ 68.061564768999972, 27.536654909999982 ], [ 68.060266393, 27.539533791999986 ], [ 68.074887013000023, 27.538800041 ], [ 68.077336022999987, 27.554411411 ], [ 68.082451257, 27.55605829000001 ], [ 68.073381757, 27.56130492 ], [ 68.079318898, 27.562475036000023 ], [ 68.077368762999981, 27.566115288999981 ], [ 68.080315638, 27.572962540999981 ], [ 68.091843144, 27.580719913999985 ], [ 68.097693645, 27.581413291999979 ], [ 68.110429515000021, 27.606019676000017 ], [ 68.12318776799998, 27.60571117 ], [ 68.12277751900001, 27.625604911999972 ], [ 68.120043020000026, 27.632851292 ], [ 68.119769390999977, 27.643857669999989 ], [ 68.117308509, 27.647412538000026 ], [ 68.115342262000013, 27.671189922 ], [ 68.108039706, 27.688699331 ], [ 68.109881272, 27.700925915000028 ], [ 68.13015677300001, 27.691833913999972 ], [ 68.128994901, 27.683816792000016 ], [ 68.156009392999977, 27.684455798999977 ], [ 68.164288025000019, 27.687738177000028 ], [ 68.182830224999975, 27.70646639 ], [ 68.195568036999987, 27.709225772000025 ], [ 68.193922107999981, 27.722940433000019 ], [ 68.172920194000028, 27.747444372000018 ], [ 68.171632376, 27.75522639899998 ], [ 68.17712489500002, 27.783736858999987 ], [ 68.189177637, 27.798887834000027 ], [ 68.189537855000026, 27.810381576 ], [ 68.185596987, 27.829922884999974 ], [ 68.167687242999989, 27.867306154 ], [ 68.144117892, 27.887893985 ], [ 68.139961132999986, 27.897575585000027 ], [ 68.118957082, 27.92188794499998 ], [ 68.117604031999974, 27.932262381999976 ], [ 68.120066356999985, 27.934659558000021 ], [ 68.122810688000015, 27.930229489999988 ], [ 68.13396527499998, 27.928638811999974 ], [ 68.136894996000024, 27.929401472 ], [ 68.141861663999975, 27.937198751999972 ], [ 68.147937932, 27.937871654 ], [ 68.193368701, 27.934003329 ] ] ] } },
{ "type": "Feature", "properties": { "adm2_name": "Naushahro Feroze", "adm2_pcode": "PK717", "adm1_name": "Sindh" }, "geometry": { "type": "Polygon", "coordinates": [ [ [ 68.220722758000022, 27.228638413999988 ], [ 68.227759467999988, 27.220898023000018 ], [ 68.242012948000024, 27.22064610000001 ], [ 68.252177664999977, 27.214797861000022 ], [ 68.27054717599998, 27.210464382999987 ], [ 68.282852901000012, 27.208807450999984 ], [ 68.291245865, 27.215709555999979 ], [ 68.308890598, 27.207574688000022 ], [ 68.340479734999974, 27.204829577999988 ], [ 68.345671583000012, 27.195579001 ], [ 68.354871855, 27.186648391 ], [ 68.348254511, 27.167960672 ], [ 68.360319048, 27.166384423000011 ], [ 68.364434749, 27.152642721 ], [ 68.402144452000016, 27.134822500999974 ], [ 68.409590779999974, 27.129213807999975 ], [ 68.416949515, 27.120169794999981 ], [ 68.422462618999987, 27.104206130000023 ], [ 68.43937817, 27.086034781000023 ], [ 68.446723787999986, 27.068107823999981 ], [ 68.448546567999983, 27.055162669000026 ], [ 68.446011197000018, 27.036334286999988 ], [ 68.432549326000014, 27.012411203 ], [ 68.411781163, 26.991218867999976 ], [ 68.387194899, 26.981838360999973 ], [ 68.383734831000027, 26.978197919000024 ], [ 68.370086405, 26.944267403000026 ], [ 68.353667425000026, 26.918910698 ], [ 68.339527630000021, 26.901915957000028 ], [ 68.325184283999988, 26.896513012000014 ], [ 68.327827023, 26.893653643 ], [ 68.33776501, 26.89160367 ], [ 68.327354231000015, 26.87357497 ], [ 68.322470628000019, 26.836265240999978 ], [ 68.317022248, 26.816976528999987 ], [ 68.328003736000028, 26.788827643 ], [ 68.326682908, 26.783525753999982 ], [ 68.317470467000021, 26.771143707000022 ], [ 68.314759184000025, 26.754303682 ], [ 68.29648292600001, 26.692692308 ], [ 68.286919506, 26.679260844999988 ], [ 68.287488895000024, 26.660726166000018 ], [ 68.290711406000014, 26.654336488000013 ], [ 68.327164545000016, 26.641725160000021 ], [ 68.356735148999974, 26.638119415 ], [ 68.356757855000012, 26.63005848 ], [ 68.330389094999987, 26.630205471000011 ], [ 68.258270064999977, 26.618177318999983 ], [ 68.240159039, 26.610657475999972 ], [ 68.233510556999988, 26.604959165000025 ], [ 68.230523908, 26.597736772000019 ], [ 68.226760249999984, 26.596469963 ], [ 68.193082897000011, 26.594415686 ], [ 68.183251930999973, 26.596765256000026 ], [ 68.147964632000026, 26.59718682099998 ], [ 68.133440760999974, 26.59076454 ], [ 68.121975384, 26.576568115999976 ], [ 68.105142515000011, 26.569042551999985 ], [ 68.092725007000013, 26.57165132199998 ], [ 68.0820425, 26.570765505 ], [ 68.072237772, 26.576279444000022 ], [ 68.060853139000017, 26.577860902999987 ], [ 68.047593085000017, 26.584177215000011 ], [ 68.027691854000011, 26.60436719 ], [ 68.0135189, 26.587351129000012 ], [ 68.004942577, 26.582341140999972 ], [ 67.996865488000026, 26.571299265999983 ], [ 67.968970985, 26.579908913999986 ], [ 67.952524347, 26.576066459 ], [ 67.942114838, 26.565508094 ], [ 67.938783316000013, 26.55227639200001 ], [ 67.92858856700002, 26.545100790999982 ], [ 67.916490593999981, 26.545916028000022 ], [ 67.907074131, 26.550290995000012 ], [ 67.878074141000013, 26.541977361000022 ], [ 67.862029985, 26.540635212999973 ], [ 67.836519048000014, 26.560062222 ], [ 67.807050549999985, 26.57113396 ], [ 67.801498589, 26.587546920000023 ], [ 67.803500687, 26.592940688999988 ], [ 67.818365949999986, 26.603608813999983 ], [ 67.835359093000022, 26.62467772399998 ], [ 67.847894802999974, 26.632243925000012 ], [ 67.853529888000025, 26.643625026999985 ], [ 67.869338309999989, 26.660818512999981 ], [ 67.870530213, 26.667039147000025 ], [ 67.866701119000027, 26.679513739000015 ], [ 67.844382563000011, 26.690548184000022 ], [ 67.836244217, 26.709974226999975 ], [ 67.835731613, 26.723019368 ], [ 67.852087636000022, 26.728445921 ], [ 67.864579129, 26.765106371 ], [ 67.861517746, 26.77851836100001 ], [ 67.851370141000018, 26.790906471000028 ], [ 67.851662826, 26.807473566 ], [ 67.846008779999977, 26.815610650999986 ], [ 67.837884194000026, 26.838918491000015 ], [ 67.83408341400002, 26.855805947000022 ], [ 67.83528851, 26.860031085 ], [ 67.868110092, 26.899198725000019 ], [ 67.884368392999988, 26.911809171000016 ], [ 67.899137543, 26.913045689 ], [ 67.910647040000015, 26.921425707000026 ], [ 67.921095724, 26.921891792 ], [ 67.927474889, 26.924855160999982 ], [ 67.931370909, 26.936410247000026 ], [ 67.921273914999972, 26.946950136 ], [ 67.916401, 26.956826778 ], [ 67.917046742000025, 26.966112531000022 ], [ 67.933250472999987, 26.973783581000021 ], [ 67.969521604000022, 26.977811741999972 ], [ 67.977821700999982, 26.982265784999981 ], [ 67.979821510000022, 26.986486300000024 ], [ 67.971381071999986, 27.018277236000017 ], [ 67.962319217000015, 27.018328876 ], [ 67.955279899, 27.026125966999984 ], [ 67.94031607300002, 27.028325909999978 ], [ 67.911678310000013, 27.040150344999972 ], [ 67.90976751, 27.050648847 ], [ 67.911136917000022, 27.056521804999988 ], [ 67.933724907999988, 27.061608759000023 ], [ 67.947159512999974, 27.071540159 ], [ 67.976235351000014, 27.068308211999977 ], [ 68.007389737999972, 27.070778830999984 ], [ 68.019980635000024, 27.08981352 ], [ 68.036567640999976, 27.098901287 ], [ 68.038620568, 27.114940213000011 ], [ 68.048249317999989, 27.129023620999988 ], [ 68.074234015, 27.123945575999983 ], [ 68.084234305, 27.124849336000011 ], [ 68.083750009000028, 27.127035036999985 ], [ 68.061015671, 27.130833466000013 ], [ 68.059144646999982, 27.135015297 ], [ 68.065361021, 27.138505486999975 ], [ 68.084990886000014, 27.137301536999985 ], [ 68.093287815, 27.141809500000022 ], [ 68.091943582, 27.150976449999973 ], [ 68.080547648999982, 27.160847037 ], [ 68.087709206999989, 27.176632328999972 ], [ 68.100346388, 27.190910676999977 ], [ 68.088265894000017, 27.199302300999989 ], [ 68.093200412999977, 27.205216103 ], [ 68.101121592000027, 27.206810798 ], [ 68.106882762, 27.200105666000013 ], [ 68.11881626600001, 27.20370241 ], [ 68.122478565999984, 27.199049206999973 ], [ 68.125820267999984, 27.198768659999985 ], [ 68.14583006700002, 27.215871988 ], [ 68.167793272999972, 27.229497149 ], [ 68.190377289000025, 27.228676529999973 ], [ 68.202165940999976, 27.235354672000028 ], [ 68.220722758000022, 27.228638413999988 ] ] ] } },
{ "type": "Feature", "properties": { "adm2_name": "Sanghar", "adm2_pcode": "PK718", "adm1_name": "Sindh" }, "geometry": { "type": "Polygon", "coordinates": [ [ [ 68.983139702000017, 26.361657201000014 ], [ 69.017651170000022, 26.29838837 ], [ 69.061276869999972, 26.292949153 ], [ 69.062026748999983, 26.289224336000018 ], [ 69.053164047, 26.254525586999989 ], [ 69.063497236999979, 26.249265544000025 ], [ 69.065758759, 26.25705162700001 ], [ 69.068769337, 26.258234748 ], [ 69.080608051000013, 26.254839618 ], [ 69.072923119, 26.236647754999979 ], [ 69.074011133, 26.234359331 ], [ 69.089414882000028, 26.227912784000011 ], [ 69.116730437, 26.222360262 ], [ 69.172735634, 26.224653326 ], [ 69.235159236000015, 26.237741880999977 ], [ 69.254980316, 26.230723996999984 ], [ 69.333861101000025, 26.223937701000011 ], [ 69.394257993999986, 26.214537039999982 ], [ 69.500145797000016, 26.211956281000028 ], [ 69.540565561999983, 26.207242690999976 ], [ 69.570052938, 26.200212195 ], [ 69.6021488, 26.21245016 ], [ 69.626504316000023, 26.210138434999976 ], [ 69.659346524999989, 26.211942482999973 ], [ 69.688514802999975, 26.20567911400002 ], [ 69.710487881, 26.203851309000015 ], [ 69.758834807000028, 26.202913347999981 ], [ 69.80591618, 26.206748811000011 ], [ 69.837068016999979, 26.205551405 ], [ 69.894516692000025, 26.190456528000027 ], [ 69.930436597999972, 26.187156798 ], [ 69.944146106, 26.182245706 ], [ 70.008253511000021, 26.176853111000014 ], [ 70.061845446, 26.155994035999981 ], [ 70.11676332899998, 26.147635090999984 ], [ 70.127146106999987, 26.140463340999986 ], [ 70.094277841, 26.097363034000011 ], [ 70.082572643999981, 26.073857687999975 ], [ 70.080450973999973, 26.058236571 ], [ 70.08656387000002, 26.03120820700002 ], [ 70.09098074000002, 25.996822758 ], [ 70.091301610000016, 25.965158153 ], [ 70.09607536599998, 25.944317991 ], [ 70.106680438000012, 25.924207970999987 ], [ 70.145021097999972, 25.868523974000027 ], [ 70.20767255200002, 25.810482568 ], [ 70.232639502999973, 25.782670196000026 ], [ 70.208366647999981, 25.776048227999979 ], [ 70.191459651, 25.782821782999974 ], [ 70.184112615, 25.780078507999974 ], [ 70.171850190999976, 25.769277488 ], [ 70.133161988999973, 25.771015482 ], [ 70.119088993, 25.763393284000017 ], [ 70.113572796000028, 25.762815206000028 ], [ 70.092164739, 25.768445566000025 ], [ 70.052551079000011, 25.755636062 ], [ 70.045524117000014, 25.751552995 ], [ 70.039434869, 25.743743842000015 ], [ 70.019132957000011, 25.739509619999978 ], [ 69.995272845999978, 25.7240832 ], [ 69.987799994999989, 25.722597337000025 ], [ 69.977767229, 25.722747363999986 ], [ 69.974493105000022, 25.724844013999984 ], [ 69.948410205000016, 25.753097347999983 ], [ 69.938309928000024, 25.757513352999979 ], [ 69.929185738, 25.755801722 ], [ 69.862807592000024, 25.686486417000026 ], [ 69.853798966, 25.687572981000017 ], [ 69.841918479000014, 25.683549903000028 ], [ 69.814498147, 25.664775314999986 ], [ 69.798981115, 25.657897491000028 ], [ 69.789992338, 25.648702456000024 ], [ 69.771170798000014, 25.602063901 ], [ 69.751648745000011, 25.579914148 ], [ 69.739790445999972, 25.558134118 ], [ 69.731828211999982, 25.55113193699998 ], [ 69.719291413, 25.543752290999976 ], [ 69.702066980999973, 25.538186530000019 ], [ 69.690963510000017, 25.530010006999987 ], [ 69.681507990999989, 25.529183231 ], [ 69.657721181999989, 25.511653720000027 ], [ 69.649474683999983, 25.511800589000018 ], [ 69.641874396999981, 25.517026412 ], [ 69.638511580999989, 25.515910271999985 ], [ 69.630983172000015, 25.508594403000018 ], [ 69.625573961999976, 25.49023594099998 ], [ 69.590063384000018, 25.500095016999978 ], [ 69.560952648000011, 25.49831780400001 ], [ 69.559834519, 25.500435278 ], [ 69.562904187000015, 25.504218674000015 ], [ 69.574547165000013, 25.511333932000014 ], [ 69.570832945, 25.521150700000021 ], [ 69.566173011999979, 25.518410921 ], [ 69.564955936, 25.520525836 ], [ 69.560278177999976, 25.518854401 ], [ 69.554936107, 25.505297327999983 ], [ 69.547546201999978, 25.506917687999987 ], [ 69.536962800000026, 25.517744509000011 ], [ 69.53456115900002, 25.524194756999975 ], [ 69.536426600000027, 25.526759029 ], [ 69.545788909, 25.522100281 ], [ 69.549612231000026, 25.522426575 ], [ 69.562704067000027, 25.530900622 ], [ 69.563396172000012, 25.533179229999973 ], [ 69.556657383000015, 25.544506531000025 ], [ 69.559791398000016, 25.550158665000026 ], [ 69.553008352, 25.553301703999978 ], [ 69.552522322000016, 25.555562695999981 ], [ 69.56648188600002, 25.565250204 ], [ 69.567450818999987, 25.568601256000022 ], [ 69.564028486999973, 25.570417028 ], [ 69.548379667, 25.560877732999984 ], [ 69.545776139999987, 25.561996790000023 ], [ 69.55048746, 25.569942292 ], [ 69.547936664000019, 25.572438353 ], [ 69.542814873, 25.571160008999982 ], [ 69.537596523, 25.566273137 ], [ 69.531999262999989, 25.56618672899998 ], [ 69.525331042, 25.567984097000021 ], [ 69.523143606000019, 25.574989027000015 ], [ 69.517897398, 25.576422922 ], [ 69.509405631, 25.566014900000027 ], [ 69.500260720000028, 25.563910513 ], [ 69.494329559999983, 25.553633014000013 ], [ 69.490705638, 25.552081038999972 ], [ 69.488964260999978, 25.55683940900002 ], [ 69.482973245999972, 25.554385668 ], [ 69.48081564, 25.559289412 ], [ 69.474471215999984, 25.559988028000021 ], [ 69.442152292, 25.541050321 ], [ 69.418411885000012, 25.550000902000022 ], [ 69.39517754000002, 25.562957894000021 ], [ 69.391053132000025, 25.562889010999982 ], [ 69.384589397000013, 25.554907567999976 ], [ 69.381500564000021, 25.554721936000021 ], [ 69.344002642000021, 25.563417671000025 ], [ 69.331071377, 25.569066814999985 ], [ 69.326301984, 25.564714171 ], [ 69.322358599999973, 25.556104972000014 ], [ 69.294305044, 25.546569604000013 ], [ 69.29614453, 25.559556908 ], [ 69.292623026, 25.568192285 ], [ 69.275554703000012, 25.587102529 ], [ 69.271191357000021, 25.597615291000011 ], [ 69.270318558999975, 25.608011745 ], [ 69.307989884999984, 25.607872668000027 ], [ 69.323564886999975, 25.615408541000022 ], [ 69.31400389800001, 25.645613781 ], [ 69.304255522, 25.654106162 ], [ 69.304430519999983, 25.657876165 ], [ 69.31182051899998, 25.665566532000014 ], [ 69.319105392999973, 25.696282413 ], [ 69.324829019999981, 25.70308866900001 ], [ 69.324425394, 25.707579281999983 ], [ 69.333208265999986, 25.708569422999972 ], [ 69.338960523000026, 25.70671216400001 ], [ 69.347767515999976, 25.699038413999972 ], [ 69.362605267999982, 25.700096041999984 ], [ 69.365358637999975, 25.702582795000012 ], [ 69.36517777, 25.716615784999988 ], [ 69.359978394999985, 25.725028287999976 ], [ 69.36024439, 25.729829298000027 ], [ 69.349281637999979, 25.73088392 ], [ 69.346272887999987, 25.738938033000011 ], [ 69.341242016000024, 25.744387409000012 ], [ 69.315442758000017, 25.750070662999974 ], [ 69.304518511000026, 25.760161165 ], [ 69.295858894999981, 25.756252908000022 ], [ 69.288258398999972, 25.743363918 ], [ 69.280742266, 25.750675919 ], [ 69.266223143, 25.757685168000023 ], [ 69.250828517, 25.755174153999974 ], [ 69.244487139, 25.769594165 ], [ 69.245330759000012, 25.787497656000028 ], [ 69.23885926600002, 25.79775766 ], [ 69.230084014999989, 25.803189538000026 ], [ 69.218675268000027, 25.801864422999984 ], [ 69.199370518000023, 25.794244045000028 ], [ 69.182931393, 25.796736294000027 ], [ 69.165101580999988, 25.806425462 ], [ 69.158521564000011, 25.800144736 ], [ 69.100538121999989, 25.813074084 ], [ 69.097168144000022, 25.811893399999974 ], [ 69.094918033, 25.808342448000019 ], [ 69.096856404999983, 25.784618258000023 ], [ 69.108726065999974, 25.778216671999985 ], [ 69.096352694000018, 25.75556161999998 ], [ 69.087010266, 25.751513210999974 ], [ 69.053138486000023, 25.756578545000025 ], [ 69.063884142, 25.743251794 ], [ 69.064695890999985, 25.73493104 ], [ 69.072306509999976, 25.729958791 ], [ 69.070289376, 25.726408739000021 ], [ 69.063379512999973, 25.7337708 ], [ 69.058021135, 25.722738540000023 ], [ 69.044152151, 25.734401162999973 ], [ 69.030755888999977, 25.740862791999973 ], [ 69.032174257, 25.724157048 ], [ 69.021014143, 25.724238042000025 ], [ 69.020058967000011, 25.716986846 ], [ 69.004233955000018, 25.71616261600002 ], [ 69.004593895000028, 25.709027161 ], [ 68.996909714000026, 25.708666977 ], [ 68.995921845999987, 25.700184619000026 ], [ 68.993439115, 25.699156938999977 ], [ 68.986786763, 25.701200829000015 ], [ 68.923324050000019, 25.750751203 ], [ 68.918859828999985, 25.752214292000019 ], [ 68.913808580000023, 25.750144009999985 ], [ 68.914776140000015, 25.736401160000014 ], [ 68.888298959999986, 25.736770456999977 ], [ 68.87894881, 25.731949628 ], [ 68.880254181999987, 25.702713872 ], [ 68.875290452, 25.696890755000027 ], [ 68.868190722, 25.694350862000022 ], [ 68.854187511000021, 25.708624150999981 ], [ 68.827915162000011, 25.727713882999979 ], [ 68.80256201200001, 25.737448912 ], [ 68.769079687999977, 25.742275204 ], [ 68.738549743000021, 25.754632576 ], [ 68.734741615000019, 25.748437772999978 ], [ 68.728529827999978, 25.723756915000024 ], [ 68.723528005999981, 25.715856605 ], [ 68.716844636000019, 25.715461435 ], [ 68.689053550999972, 25.729727516000025 ], [ 68.691572555, 25.722350932999973 ], [ 68.690590961, 25.712196506999987 ], [ 68.679514015999985, 25.701579290999973 ], [ 68.681738955000014, 25.69689568299998 ], [ 68.672759391, 25.679873513000018 ], [ 68.671131742, 25.67096267 ], [ 68.667815329, 25.669912633000024 ], [ 68.649007859999983, 25.689273499000024 ], [ 68.642143385, 25.691026298 ], [ 68.629645507000021, 25.689060405000021 ], [ 68.624057644, 25.696910533 ], [ 68.618771809, 25.691216661 ], [ 68.599664147999988, 25.710398003000023 ], [ 68.598202018, 25.71667342 ], [ 68.592784413, 25.71806912400001 ], [ 68.590248162000023, 25.722904114000016 ], [ 68.576775680000026, 25.727315719999979 ], [ 68.563711609999984, 25.738607786999978 ], [ 68.55575282, 25.737788643999977 ], [ 68.550047466000024, 25.731080784000028 ], [ 68.53501386, 25.73230593400001 ], [ 68.535799295, 25.737269643 ], [ 68.541471703000013, 25.739998889 ], [ 68.546132488000012, 25.738537356999984 ], [ 68.551779357999976, 25.741985746000012 ], [ 68.55829509, 25.752842451999982 ], [ 68.555657225, 25.762348356000018 ], [ 68.54125413700001, 25.772057483000026 ], [ 68.544090832, 25.789779982000027 ], [ 68.536047388999975, 25.809563110999989 ], [ 68.53464472600001, 25.818914726 ], [ 68.496703622999974, 25.831686150999985 ], [ 68.490950778000013, 25.837698062000015 ], [ 68.491227298000013, 25.848085654999977 ], [ 68.520058676000019, 25.855265003 ], [ 68.524573126, 25.861271486000021 ], [ 68.51885156100002, 25.86456642600001 ], [ 68.49807870799998, 25.86805777 ], [ 68.490892374999987, 25.881558155 ], [ 68.483319162999976, 25.886424669 ], [ 68.478713312000025, 25.903033815000015 ], [ 68.476509514999975, 25.903987347999987 ], [ 68.469707845000016, 25.897001389000025 ], [ 68.462342959000011, 25.896691020999981 ], [ 68.452978773999973, 25.900293257999977 ], [ 68.442488632999982, 25.911569693 ], [ 68.448236453, 25.920862664000026 ], [ 68.464572503, 25.922736045000022 ], [ 68.477985234000016, 25.93467324400001 ], [ 68.479637118000028, 25.963531739000018 ], [ 68.484807769999975, 25.967910414000016 ], [ 68.483254014000011, 25.97179179 ], [ 68.491042987000014, 25.978567576999978 ], [ 68.494399081999973, 25.985763738 ], [ 68.494909510000014, 25.999580171 ], [ 68.502514411999982, 25.999756014000013 ], [ 68.505268775, 26.006081615000028 ], [ 68.504168494999988, 26.009570876 ], [ 68.49604989300002, 26.012967414 ], [ 68.503592895, 26.020717925999975 ], [ 68.502958772999989, 26.03088778 ], [ 68.528699257000028, 26.044012163 ], [ 68.544391163, 26.046751968000024 ], [ 68.548907140999972, 26.052569284000015 ], [ 68.533261644999982, 26.058080405999988 ], [ 68.525620382999989, 26.063353479 ], [ 68.519715247000022, 26.054267964000019 ], [ 68.495962658999986, 26.045345172999987 ], [ 68.464904021999985, 26.041421904 ], [ 68.445706654, 26.041755175999981 ], [ 68.443879397999979, 26.055917541999975 ], [ 68.432751902, 26.071323646999986 ], [ 68.448526448999985, 26.067593438000017 ], [ 68.469694898, 26.076468915000021 ], [ 68.472206018, 26.080988909999974 ], [ 68.455004759000019, 26.127696043000014 ], [ 68.440145024, 26.160079411000027 ], [ 68.447182011, 26.164939419 ], [ 68.446491767999987, 26.172017155 ], [ 68.443209883, 26.175843161999978 ], [ 68.444984139999974, 26.181589664 ], [ 68.457823879999978, 26.180059664999987 ], [ 68.462656267, 26.176770664 ], [ 68.465547139000023, 26.167679777999979 ], [ 68.474621137999975, 26.16006078700002 ], [ 68.479681014999983, 26.160569291 ], [ 68.500571649, 26.172681421 ], [ 68.509409139000013, 26.170367915999975 ], [ 68.51860201400001, 26.164553162 ], [ 68.526178647999984, 26.165632421 ], [ 68.545962144999976, 26.179951663 ], [ 68.551089145999981, 26.180270667 ], [ 68.565603888999988, 26.175181538 ], [ 68.568898258, 26.184871913999984 ], [ 68.597144187000026, 26.172247331 ], [ 68.605771982000022, 26.171328728 ], [ 68.609708738999984, 26.180969716999982 ], [ 68.615334808, 26.184424209999975 ], [ 68.621121403000018, 26.195301 ], [ 68.630306521000023, 26.188715159000026 ], [ 68.647060764, 26.168686406 ], [ 68.652220716999977, 26.174925321999979 ], [ 68.657159232000026, 26.187165273 ], [ 68.656239335, 26.199534491 ], [ 68.666062846999978, 26.204494509000028 ], [ 68.666173599999979, 26.211718211 ], [ 68.663852715000019, 26.219634758999973 ], [ 68.65753164, 26.221108534 ], [ 68.655219755000019, 26.256026415 ], [ 68.631426943, 26.257950823999977 ], [ 68.630662495000024, 26.276032793000013 ], [ 68.638500497, 26.286869664 ], [ 68.639517639000019, 26.29829371400001 ], [ 68.653602138999986, 26.300030048999986 ], [ 68.657648936999976, 26.29903561499998 ], [ 68.661190439, 26.293953202000012 ], [ 68.68302939199998, 26.294342663 ], [ 68.683302272, 26.301507225000023 ], [ 68.687061009999979, 26.302408905999982 ], [ 68.690098391, 26.29314079300002 ], [ 68.692002286, 26.294871130999979 ], [ 68.692530256, 26.315070924 ], [ 68.696480679999979, 26.316085226999974 ], [ 68.696792295000023, 26.336413661999984 ], [ 68.699468115, 26.33701223700001 ], [ 68.70424664, 26.336922916 ], [ 68.705697525, 26.332138663000023 ], [ 68.709990919, 26.331444095999984 ], [ 68.71265370499998, 26.33244234 ], [ 68.713514648, 26.338860297999986 ], [ 68.718238516999975, 26.33869303900002 ], [ 68.719079427, 26.334152363999976 ], [ 68.721876597, 26.333633604 ], [ 68.741891634000012, 26.33422091 ], [ 68.74133844, 26.315809651999984 ], [ 68.74275301, 26.313011787999983 ], [ 68.747931413, 26.314957392 ], [ 68.799719456999981, 26.351571725999975 ], [ 68.818060676000016, 26.369435962000011 ], [ 68.837311714, 26.396631512999988 ], [ 68.84606073499998, 26.413694334000013 ], [ 68.853944004000027, 26.422061983999981 ], [ 68.854454706000013, 26.435055953000017 ], [ 68.847156095, 26.436826231999987 ], [ 68.884085875999972, 26.451558803000012 ], [ 68.914774449999982, 26.468685302999972 ], [ 68.91910722, 26.469196483000019 ], [ 68.929838303999986, 26.44564396200002 ], [ 68.94227513300001, 26.430406300000016 ], [ 68.952455064999981, 26.389425599 ], [ 68.950956635000011, 26.376216714 ], [ 68.95246175699998, 26.371475384 ], [ 68.97542475, 26.365721220000012 ], [ 68.983139702000017, 26.361657201000014 ] ] ] } },
{ "type": "Feature", "properties": { "adm2_name": "Shaheed Benazir Abad", "adm2_pcode": "PK719", "adm1_name": "Sindh" }, "geometry": { "type": "Polygon", "coordinates": [ [ [ 68.371309958999973, 26.627463764000026 ], [ 68.400672338999982, 26.627042463 ], [ 68.420416879000015, 26.620050467999988 ], [ 68.436745253000026, 26.621228256 ], [ 68.476459752999972, 26.612051760999975 ], [ 68.49038561499998, 26.615247884999974 ], [ 68.512657467, 26.614497836999988 ], [ 68.575850450000019, 26.602083489999984 ], [ 68.672460863000026, 26.592898995999974 ], [ 68.738328943, 26.591012723 ], [ 68.75175314400002, 26.583914164000021 ], [ 68.761031060999983, 26.586286418999975 ], [ 68.804107402, 26.562345274 ], [ 68.820883488, 26.542852719 ], [ 68.835061379000024, 26.502283069999976 ], [ 68.849212142999988, 26.482189294000023 ], [ 68.852239764999979, 26.465041041 ], [ 68.847156095, 26.436826231999987 ], [ 68.854454706000013, 26.435055953000017 ], [ 68.853944004000027, 26.422061983999981 ], [ 68.84606073499998, 26.413694334000013 ], [ 68.837311714, 26.396631512999988 ], [ 68.813994246, 26.364721734999989 ], [ 68.790480914999989, 26.344606465000027 ], [ 68.747931413, 26.314957392 ], [ 68.74275301, 26.313011787999983 ], [ 68.74133844, 26.315809651999984 ], [ 68.741891634000012, 26.33422091 ], [ 68.721876597, 26.333633604 ], [ 68.719079427, 26.334152363999976 ], [ 68.718238516999975, 26.33869303900002 ], [ 68.713514648, 26.338860297999986 ], [ 68.71265370499998, 26.33244234 ], [ 68.709990919, 26.331444095999984 ], [ 68.705697525, 26.332138663000023 ], [ 68.70424664, 26.336922916 ], [ 68.699468115, 26.33701223700001 ], [ 68.696792295000023, 26.336413661999984 ], [ 68.696480679999979, 26.316085226999974 ], [ 68.692530256, 26.315070924 ], [ 68.692002286, 26.294871130999979 ], [ 68.690098391, 26.29314079300002 ], [ 68.687061009999979, 26.302408905999982 ], [ 68.683302272, 26.301507225000023 ], [ 68.68302939199998, 26.294342663 ], [ 68.661190439, 26.293953202000012 ], [ 68.657648936999976, 26.29903561499998 ], [ 68.653602138999986, 26.300030048999986 ], [ 68.639517639000019, 26.29829371400001 ], [ 68.638500497, 26.286869664 ], [ 68.630662495000024, 26.276032793000013 ], [ 68.631426943, 26.257950823999977 ], [ 68.655219755000019, 26.256026415 ], [ 68.65753164, 26.221108534 ], [ 68.663852715000019, 26.219634758999973 ], [ 68.666173599999979, 26.211718211 ], [ 68.666062846999978, 26.204494509000028 ], [ 68.656239335, 26.199534491 ], [ 68.657159232000026, 26.187165273 ], [ 68.652220716999977, 26.174925321999979 ], [ 68.647060764, 26.168686406 ], [ 68.630306521000023, 26.188715159000026 ], [ 68.621121403000018, 26.195301 ], [ 68.615334808, 26.184424209999975 ], [ 68.609708738999984, 26.180969716999982 ], [ 68.605771982000022, 26.171328728 ], [ 68.597144187000026, 26.172247331 ], [ 68.568898258, 26.184871913999984 ], [ 68.565603888999988, 26.175181538 ], [ 68.551089145999981, 26.180270667 ], [ 68.545962144999976, 26.179951663 ], [ 68.526178647999984, 26.165632421 ], [ 68.51860201400001, 26.164553162 ], [ 68.509409139000013, 26.170367915999975 ], [ 68.500571649, 26.172681421 ], [ 68.479681014999983, 26.160569291 ], [ 68.474621137999975, 26.16006078700002 ], [ 68.465547139000023, 26.167679777999979 ], [ 68.462656267, 26.176770664 ], [ 68.447298257, 26.182774295 ], [ 68.443209883, 26.175843161999978 ], [ 68.446491767999987, 26.172017155 ], [ 68.447182011, 26.164939419 ], [ 68.440145024, 26.160079411000027 ], [ 68.470699259000014, 26.088522281999985 ], [ 68.472206018, 26.080988909999974 ], [ 68.469694898, 26.076468915000021 ], [ 68.447220258000016, 26.067303155 ], [ 68.432751902, 26.071323646999986 ], [ 68.420476646, 26.085132289 ], [ 68.404405387999986, 26.097060156999987 ], [ 68.384567380000021, 26.106225787000028 ], [ 68.368621761999975, 26.096055549000027 ], [ 68.349913766999975, 26.074836667999989 ], [ 68.345017015, 26.072074408 ], [ 68.329196884999988, 26.039178542 ], [ 68.324049146, 26.018336160999979 ], [ 68.315511271, 26.018336160999979 ], [ 68.306094512000016, 26.014695039 ], [ 68.302578761, 26.003143787999988 ], [ 68.298812269, 26.008919414 ], [ 68.296300256, 26.009031537999988 ], [ 68.275960895000026, 25.992220293 ], [ 68.267799766, 25.994731425 ], [ 68.259487256, 26.004143546000023 ], [ 68.240366789, 25.999046436000015 ], [ 68.211909204999984, 25.99716773900002 ], [ 68.188488846999974, 25.997867787000018 ], [ 68.173446141999989, 26.001184109 ], [ 68.133407872000021, 26.045124419999979 ], [ 68.024201846999972, 26.148778790999984 ], [ 68.020348307, 26.162742639999976 ], [ 68.022386329000028, 26.173062970999979 ], [ 68.02078161999998, 26.188440556999979 ], [ 68.016151014, 26.196495552999977 ], [ 68.012428091, 26.199577690000012 ], [ 67.991095009999981, 26.201225846 ], [ 67.983535206, 26.204425550999986 ], [ 67.942464941000026, 26.235843666 ], [ 67.929909324, 26.237707398999987 ], [ 67.91755747000002, 26.245004153000025 ], [ 67.911477134999984, 26.251848442999972 ], [ 67.907456417, 26.26185978 ], [ 67.905442769999979, 26.294423417000019 ], [ 67.898789862, 26.294758119999983 ], [ 67.89231924500001, 26.283083249000015 ], [ 67.89032807000001, 26.273746938999977 ], [ 67.885567261, 26.271169769999972 ], [ 67.881552605000024, 26.273005480999984 ], [ 67.880362801999979, 26.286407753999981 ], [ 67.872677284000019, 26.296976046999987 ], [ 67.877424892000022, 26.304405067 ], [ 67.872940912, 26.338378472999977 ], [ 67.890394570000012, 26.352336584 ], [ 67.89611002800001, 26.378843295000024 ], [ 67.905601005, 26.406812477000017 ], [ 67.904750542999977, 26.410826461999989 ], [ 67.877755107999974, 26.414522294 ], [ 67.874507516999984, 26.42124959 ], [ 67.880712588999984, 26.432239474000028 ], [ 67.912421225, 26.467975637 ], [ 67.92084596, 26.484750957000017 ], [ 67.920945618000019, 26.509565701999975 ], [ 67.909067504, 26.545916236999972 ], [ 67.911361075, 26.549148087 ], [ 67.921651799000017, 26.545147182 ], [ 67.92858856700002, 26.545100790999982 ], [ 67.934579101999987, 26.548108929000023 ], [ 67.938783316000013, 26.55227639200001 ], [ 67.940759383999989, 26.562609010000017 ], [ 67.945288876, 26.570277856000018 ], [ 67.957161545000019, 26.578616814999975 ], [ 67.968970985, 26.579908913999986 ], [ 67.996865488000026, 26.571299265999983 ], [ 68.004942577, 26.582341140999972 ], [ 68.0135189, 26.587351129000012 ], [ 68.027691854000011, 26.60436719 ], [ 68.047593085000017, 26.584177215000011 ], [ 68.060853139000017, 26.577860902999987 ], [ 68.072237772, 26.576279444000022 ], [ 68.0820425, 26.570765505 ], [ 68.092725007000013, 26.57165132199998 ], [ 68.105142515000011, 26.569042551999985 ], [ 68.121975384, 26.576568115999976 ], [ 68.136614593, 26.593052745000023 ], [ 68.150003016000028, 26.597674993999988 ], [ 68.183251930999973, 26.596765256000026 ], [ 68.193082897000011, 26.594415686 ], [ 68.226760249999984, 26.596469963 ], [ 68.230523908, 26.597736772000019 ], [ 68.233510556999988, 26.604959165000025 ], [ 68.240159039, 26.610657475999972 ], [ 68.258270064999977, 26.618177318999983 ], [ 68.330389094999987, 26.630205471000011 ], [ 68.356757855000012, 26.63005848 ], [ 68.371309958999973, 26.627463764000026 ] ] ] } },
{ "type": "Feature", "properties": { "adm2_name": "Shikarpur", "adm2_pcode": "PK720", "adm1_name": "Sindh" }, "geometry": { "type": "Polygon", "coordinates": [ [ [ 68.526926263, 28.160663617000012 ], [ 68.594194146, 28.152111013000024 ], [ 68.623079591000021, 28.155275216 ], [ 68.641306099000019, 28.153545544 ], [ 68.666949378000027, 28.14654443 ], [ 68.704605742000012, 28.129753390000019 ], [ 68.720895625000026, 28.127557334000016 ], [ 68.738366342, 28.128904816999977 ], [ 68.758499522000022, 28.125026494999986 ], [ 68.787511935, 28.110820527999977 ], [ 68.815787769999986, 28.106315955000014 ], [ 68.841753364999988, 28.09768212 ], [ 68.855185929000015, 28.095966063 ], [ 68.882706219999989, 28.082719716999975 ], [ 68.899376465999978, 28.090440703000013 ], [ 68.91714508299998, 28.094912056999988 ], [ 68.933183794, 28.087669908 ], [ 68.944950893, 28.096360663999974 ], [ 68.948681545999989, 28.086283131000016 ], [ 68.954348321999987, 28.079528459000016 ], [ 68.968612222, 28.079732901999989 ], [ 68.993248814000026, 28.086501678 ], [ 69.006278242, 28.085208288999979 ], [ 69.033607124000014, 28.065572327999973 ], [ 69.062624003999986, 28.032949992 ], [ 69.065151891000028, 28.02938867 ], [ 69.064693407, 28.025353089000021 ], [ 69.052201938, 28.024633608999977 ], [ 69.043268924000017, 28.021194491000017 ], [ 69.03078525, 27.999512191 ], [ 69.013793105, 27.978631628000016 ], [ 69.010336282000026, 27.976947455000015 ], [ 68.979453524, 27.977314391 ], [ 68.925873347999982, 27.940109021000012 ], [ 68.913774359, 27.937408055999981 ], [ 68.903451198000027, 27.93819584 ], [ 68.898830523000015, 27.935898642999973 ], [ 68.899664615, 27.913999739000019 ], [ 68.897567568999989, 27.909187495000026 ], [ 68.883512489999987, 27.895330202000025 ], [ 68.874677647, 27.900150337000014 ], [ 68.857980239000028, 27.88213418700002 ], [ 68.859241424, 27.875316207000026 ], [ 68.867975135, 27.863603733 ], [ 68.86791965499998, 27.857650588000013 ], [ 68.851691134000021, 27.83631642 ], [ 68.823927613000023, 27.812371875 ], [ 68.815116000999978, 27.797110800999974 ], [ 68.791452142000026, 27.796121412 ], [ 68.779610538999975, 27.79217681199998 ], [ 68.765680391999979, 27.783907732999978 ], [ 68.720952888, 27.813877290999983 ], [ 68.71829339300001, 27.810808168999984 ], [ 68.704104136000012, 27.816949537000028 ], [ 68.704197894, 27.80653679 ], [ 68.698580273, 27.779750913999976 ], [ 68.689745157, 27.776427690999981 ], [ 68.67744201, 27.780972793999979 ], [ 68.658013897999979, 27.778690536999989 ], [ 68.640438394, 27.781359039999984 ], [ 68.637587261000021, 27.780001291000019 ], [ 68.626382764000027, 27.762123916 ], [ 68.611223012999972, 27.746525792 ], [ 68.598741464999989, 27.724848915999985 ], [ 68.561254136, 27.709238087000017 ], [ 68.531548281000028, 27.717527091000022 ], [ 68.510576053000023, 27.718515347999983 ], [ 68.501985521, 27.714601902000027 ], [ 68.486937375000025, 27.701189037 ], [ 68.462309031000018, 27.684954017999985 ], [ 68.439303294000013, 27.694520297999986 ], [ 68.433373158, 27.710320331999981 ], [ 68.428422104999981, 27.71411717 ], [ 68.41624638899998, 27.71780198 ], [ 68.394388387, 27.717589288 ], [ 68.398894086999974, 27.728402811000024 ], [ 68.393957969999974, 27.736310751000019 ], [ 68.37756368700002, 27.73453342900001 ], [ 68.343919013, 27.74998029 ], [ 68.344794555000021, 27.765667130999987 ], [ 68.341900517999989, 27.780463254999972 ], [ 68.33703694899998, 27.790876278999974 ], [ 68.289970047, 27.844511733 ], [ 68.289818605999983, 27.850098571999979 ], [ 68.294044617999987, 27.857082074 ], [ 68.292660166000019, 27.86283880000002 ], [ 68.283881427999972, 27.869713248999972 ], [ 68.275910619, 27.866572206 ], [ 68.272777798999982, 27.867788285000017 ], [ 68.26106169000002, 27.882169130000023 ], [ 68.251962134, 27.899297811999986 ], [ 68.244868715, 27.924167891000025 ], [ 68.28874457400002, 27.924589271 ], [ 68.291097212000011, 27.926276670999982 ], [ 68.288482757, 27.936945779999974 ], [ 68.311605504, 27.931053416 ], [ 68.309271766999984, 27.999893612 ], [ 68.320906241999978, 28.095854111 ], [ 68.320870916, 28.114007618000016 ], [ 68.323539847, 28.120234685000014 ], [ 68.379705428000022, 28.111912217999986 ], [ 68.400955235000026, 28.113573370999973 ], [ 68.443610044000025, 28.126933484 ], [ 68.477378427000019, 28.149145144999977 ], [ 68.496900867000022, 28.156101004999982 ], [ 68.526926263, 28.160663617000012 ] ] ] } },
{ "type": "Feature", "properties": { "adm2_name": "Sukkur", "adm2_pcode": "PK723", "adm1_name": "Sindh" }, "geometry": { "type": "Polygon", "coordinates": [ [ [ 69.083713331000013, 27.98936360099998 ], [ 69.091085011000018, 27.991712991999975 ], [ 69.10897164, 28.009134416999984 ], [ 69.115836638000019, 28.012389902999985 ], [ 69.152677602999972, 27.991281521000019 ], [ 69.163336924000021, 27.989838093 ], [ 69.186454525999977, 27.993323353999983 ], [ 69.188416895999978, 27.990892663000011 ], [ 69.177354547999983, 27.980359157 ], [ 69.165196021999975, 27.975531448000027 ], [ 69.16437966, 27.972530205999988 ], [ 69.173882080999988, 27.969629661 ], [ 69.180586646, 27.96089321300002 ], [ 69.183501023000019, 27.946644747999983 ], [ 69.178077848999976, 27.936957549 ], [ 69.183700355999974, 27.913863268 ], [ 69.189544222, 27.909636891 ], [ 69.191696219, 27.90096846900002 ], [ 69.201712351000026, 27.883791063999979 ], [ 69.202367302000027, 27.876922447000027 ], [ 69.211203581, 27.861475139 ], [ 69.213920554000026, 27.845807971 ], [ 69.233558273000028, 27.824292774000014 ], [ 69.243545526999981, 27.804733719000012 ], [ 69.262871514999972, 27.791959291000012 ], [ 69.26231629, 27.787774371000012 ], [ 69.253807531, 27.77600658 ], [ 69.255088279, 27.766930278000018 ], [ 69.273105524000016, 27.75093067 ], [ 69.292781844999979, 27.755542581999975 ], [ 69.314372024000022, 27.731786166 ], [ 69.293908923, 27.726983309 ], [ 69.280620887999987, 27.712468041000022 ], [ 69.274972511999977, 27.709818786000028 ], [ 69.270173381, 27.71178954200002 ], [ 69.270222515, 27.702076912999985 ], [ 69.248556899999983, 27.665115291 ], [ 69.240908365, 27.646136913000021 ], [ 69.289488001999985, 27.579935182999975 ], [ 69.315633852000019, 27.553086888999985 ], [ 69.339247028999978, 27.53965365800002 ], [ 69.365089404, 27.534584419999987 ], [ 69.422944941000026, 27.530285209 ], [ 69.446815819, 27.512478084 ], [ 69.530096582, 27.51462346400001 ], [ 69.535287545000017, 27.515827358000024 ], [ 69.541991981000024, 27.521913161999976 ], [ 69.553186386999982, 27.52177655700001 ], [ 69.557934349, 27.51601649700001 ], [ 69.553445086000011, 27.497669383000016 ], [ 69.528332137, 27.460486048 ], [ 69.575109571999974, 27.432759955 ], [ 69.618347777999986, 27.40042921700001 ], [ 69.635313359, 27.394073575 ], [ 69.661527961, 27.388548092 ], [ 69.722059521, 27.363180417000024 ], [ 69.770383720999973, 27.328914707000024 ], [ 69.698707661000014, 27.277738032 ], [ 69.665946206, 27.251436536000028 ], [ 69.586661913, 27.177983558999983 ], [ 69.578126123, 27.165489284999978 ], [ 69.565186558999983, 27.138474017000021 ], [ 69.535582471, 27.065614200000027 ], [ 69.496545261, 27.074455152999974 ], [ 69.466848465999988, 27.097929334000014 ], [ 69.401520585000014, 27.115598299 ], [ 69.380393001000016, 27.124643059999983 ], [ 69.328001084999983, 27.156872400999987 ], [ 69.250250392, 27.178605784000013 ], [ 69.199751597999978, 27.185644035 ], [ 69.176637315999983, 27.184366566 ], [ 69.143171418, 27.201466190000019 ], [ 69.12371032599998, 27.206478082999979 ], [ 69.078429907999976, 27.20784422700001 ], [ 69.056105788000025, 27.200187734999986 ], [ 69.025887200999989, 27.198968834000027 ], [ 69.008162918999972, 27.201560759000017 ], [ 68.971023976000026, 27.213102252999988 ], [ 68.932167838999987, 27.229411782999989 ], [ 68.890304478000019, 27.254919298 ], [ 68.837478203999979, 27.292770656000016 ], [ 68.832228252, 27.299173015 ], [ 68.830520885999988, 27.304744444 ], [ 68.83922757800002, 27.35860618800001 ], [ 68.863448682000012, 27.373426299000016 ], [ 68.891849074, 27.413495442 ], [ 68.869591201, 27.433509432999983 ], [ 68.867024979, 27.442017392000025 ], [ 68.875161113, 27.455415318 ], [ 68.884614903, 27.46529188400001 ], [ 68.891014416000019, 27.475634147 ], [ 68.890639637999982, 27.478871547999972 ], [ 68.882712729, 27.481574836 ], [ 68.844665774000021, 27.474735087 ], [ 68.836555557999986, 27.475124702000016 ], [ 68.832899941999983, 27.482320417999972 ], [ 68.832351257000028, 27.499929591000011 ], [ 68.807241928, 27.503379157999973 ], [ 68.798974483999984, 27.509277817999987 ], [ 68.795326687999989, 27.519275978999985 ], [ 68.796420857999976, 27.525283154000022 ], [ 68.802757643, 27.526275419 ], [ 68.803370144999974, 27.545787413000028 ], [ 68.810008262, 27.552112291000014 ], [ 68.80581250900002, 27.555306160999976 ], [ 68.814642390000017, 27.565576416999988 ], [ 68.818642512999986, 27.588840281999978 ], [ 68.828297765, 27.595457907000025 ], [ 68.830413267999973, 27.61699242200001 ], [ 68.836868262, 27.614388788999975 ], [ 68.840719515999979, 27.623393162000013 ], [ 68.852978388999986, 27.621657410000012 ], [ 68.867407148999973, 27.623827167 ], [ 68.869251395999981, 27.633807917000013 ], [ 68.853737893000016, 27.642649541000026 ], [ 68.851785151, 27.659193662 ], [ 68.845981142000028, 27.659790417000011 ], [ 68.842943386, 27.668360796 ], [ 68.815659152000023, 27.6723748 ], [ 68.809864769, 27.675222125 ], [ 68.781431511999983, 27.707687158999988 ], [ 68.778773754999975, 27.715769420000015 ], [ 68.782462259999988, 27.727811420000023 ], [ 68.788862882999979, 27.73573091999998 ], [ 68.777905885, 27.733344172999978 ], [ 68.772806891000016, 27.726835043 ], [ 68.763802506, 27.728462299 ], [ 68.757130639000025, 27.724556673 ], [ 68.746680643, 27.730074665000018 ], [ 68.735948386000018, 27.727943531 ], [ 68.719638998, 27.728660326000011 ], [ 68.716006392, 27.738199037000015 ], [ 68.701777384000025, 27.745313540999973 ], [ 68.699499390000028, 27.763822923000021 ], [ 68.689692826999988, 27.777648544999977 ], [ 68.698580273, 27.779750913999976 ], [ 68.704197894, 27.80653679 ], [ 68.704104136000012, 27.816949537000028 ], [ 68.71829339300001, 27.810808168999984 ], [ 68.720952888, 27.813877290999983 ], [ 68.765680391999979, 27.783907732999978 ], [ 68.779610538999975, 27.79217681199998 ], [ 68.791452142000026, 27.796121412 ], [ 68.815116000999978, 27.797110800999974 ], [ 68.823927613000023, 27.812371875 ], [ 68.851691134000021, 27.83631642 ], [ 68.86791965499998, 27.857650588000013 ], [ 68.867975135, 27.863603733 ], [ 68.859241424, 27.875316207000026 ], [ 68.857980239000028, 27.88213418700002 ], [ 68.874677647, 27.900150337000014 ], [ 68.883512489999987, 27.895330202000025 ], [ 68.897567568999989, 27.909187495000026 ], [ 68.899664615, 27.913999739000019 ], [ 68.898830523000015, 27.935898642999973 ], [ 68.903451198000027, 27.93819584 ], [ 68.913774359, 27.937408055999981 ], [ 68.925873347999982, 27.940109021000012 ], [ 68.979453524, 27.977314391 ], [ 69.010336282000026, 27.976947455000015 ], [ 69.013793105, 27.978631628000016 ], [ 69.03078525, 27.999512191 ], [ 69.043268924000017, 28.021194491000017 ], [ 69.052201938, 28.024633608999977 ], [ 69.064693407, 28.025353089000021 ], [ 69.063783506999982, 28.013798216 ], [ 69.083713331000013, 27.98936360099998 ] ] ] } }
]
}
