{
"type": "FeatureCollection",
"name": "all_water_bodies",
"crs": { "type": "name", "properties": { "name": "urn:ogc:def:crs:OGC:1.3:CRS84" } },
"features": [
{ "type": "Feature", "properties": { "NAME": "INDUS", "HYC_DESCRI": "Perennial/Permanent" }, "geometry": { "type": "Polygon", "coordinates": [ [ [ 68.077415451512479, 27.179694999792446 ], [ 68.073364451508496, 27.168305999781978 ], [ 68.07397445150923, 27.164138999778061 ], [ 68.078391451513198, 27.158000999772412 ], [ 68.098335451531966, 27.141387999756944 ], [ 68.101692451534973, 27.1314449997476 ], [ 68.11116845154379, 27.120610999737437 ], [ 68.115638451547966, 27.112805999730199 ], [ 68.117752451549904, 27.105332999723259 ], [ 68.115806451548224, 27.086888999706161 ], [ 68.111083451543664, 27.081332999700862 ], [ 68.110305451542899, 27.076722999696585 ], [ 68.10363745153677, 27.066722999687272 ], [ 68.10094445153436, 27.070416999690678 ], [ 68.105163451538147, 27.076360999696362 ], [ 68.103858451537008, 27.080722999700356 ], [ 68.111083451543664, 27.095332999713946 ], [ 68.112915451545405, 27.103110999721139 ], [ 68.110053451542854, 27.112222999729738 ], [ 68.105613451538602, 27.119637999736597 ], [ 68.097641451531217, 27.127166999743622 ], [ 68.084610451518984, 27.146443999761686 ], [ 68.068748451504234, 27.159833999774037 ], [ 68.066169451501992, 27.166860999780511 ], [ 68.068138451503728, 27.177998999791043 ], [ 68.071502451506831, 27.182056999794668 ], [ 68.075225451510278, 27.182555999795113 ], [ 68.077415451512479, 27.179694999792446 ] ] ] } },
{ "type": "Feature", "properties": { "NAME": "INDUS", "HYC_DESCRI": "Perennial/Permanent" }, "geometry": { "type": "Polygon", "coordinates": [ [ [ 68.402359451815073, 25.534860998260683 ], [ 68.397552451810498, 25.533889998259838 ], [ 68.392692451805942, 25.534833998260638 ], [ 68.38791645180163, 25.533444998259256 ], [ 68.37836445179255, 25.52213899824892 ], [ 68.374778451789325, 25.519332998246227 ], [ 68.367027451782178, 25.517055998244132 ], [ 68.349502451765829, 25.51785999824483 ], [ 68.345413451761942, 25.516499998243489 ], [ 68.321334451739631, 25.491471998220277 ], [ 68.316803451735268, 25.482165998211713 ], [ 68.314613451733294, 25.463916998194691 ], [ 68.318138451736559, 25.453999998185282 ], [ 68.32360845174162, 25.447860998179749 ], [ 68.324447451742344, 25.43619499816873 ], [ 68.320968451739191, 25.421916998155439 ], [ 68.308280451727342, 25.394027998129559 ], [ 68.306694451725889, 25.386249998122366 ], [ 68.308441451727504, 25.381499998117761 ], [ 68.328971451746611, 25.357165998095297 ], [ 68.34483345176136, 25.319138998059771 ], [ 68.349945451766189, 25.302138998044029 ], [ 68.349304451765647, 25.293166998035531 ], [ 68.342308451758981, 25.274609998018377 ], [ 68.331222451748772, 25.254693997999766 ], [ 68.323944451741909, 25.244916997990686 ], [ 68.30813645172725, 25.229888997976559 ], [ 68.297721451717507, 25.217721997965327 ], [ 68.291664451711995, 25.206082997954582 ], [ 68.290222451710633, 25.201026997949839 ], [ 68.292526451712774, 25.193360997942591 ], [ 68.297470451717345, 25.188472997938106 ], [ 68.301696451721227, 25.186499997936153 ], [ 68.32483645174284, 25.17955599792981 ], [ 68.349746451765895, 25.152221997904235 ], [ 68.356720451772389, 25.142165997895063 ], [ 68.36019145177579, 25.132859997886271 ], [ 68.361030451776514, 25.121194997875364 ], [ 68.359832451775446, 25.114888997869457 ], [ 68.357391451773083, 25.11233299786727 ], [ 68.351943451767966, 25.110944997865772 ], [ 68.349388451765662, 25.111693997866496 ], [ 68.332725451750093, 25.116916997871385 ], [ 68.320053451738431, 25.126611997880445 ], [ 68.313331451731983, 25.128943997882743 ], [ 68.305748451725094, 25.129804997883411 ], [ 68.296363451716388, 25.128722997882505 ], [ 68.288948451709302, 25.12394499787797 ], [ 68.278946451699994, 25.107610997862821 ], [ 68.278419451699619, 25.101527997857147 ], [ 68.282058451703051, 25.080749997837756 ], [ 68.27857945169967, 25.067304997825204 ], [ 68.270721451692452, 25.048110997807271 ], [ 68.26836345169022, 25.035916997795994 ], [ 68.278778451699964, 25.010304997772209 ], [ 68.279556451700728, 24.999999997762643 ], [ 68.275718451697003, 24.990388997753598 ], [ 68.270614451692381, 24.986083997749574 ], [ 68.255889451678513, 24.980693997744538 ], [ 68.232475451656683, 24.968583997733276 ], [ 68.22372445164865, 24.962722997727724 ], [ 68.222030451647015, 24.95872299772418 ], [ 68.219055451644181, 24.958220997723629 ], [ 68.21044145163637, 24.96322299772828 ], [ 68.205024451631289, 24.967860997732714 ], [ 68.20205645162855, 24.974471997738874 ], [ 68.198585451625149, 24.990054997753305 ], [ 68.191223451618271, 24.998193997760836 ], [ 68.18714145161448, 24.997054997759733 ], [ 68.1698304515985, 24.973193997737553 ], [ 68.142440451572838, 24.941777997708414 ], [ 68.132194451563464, 24.933360997700447 ], [ 68.120918451552825, 24.928248997695619 ], [ 68.116279451548507, 24.92374999769163 ], [ 68.114807451547222, 24.919721997687702 ], [ 68.114830451547277, 24.911805997680403 ], [ 68.116584451548761, 24.90747299767645 ], [ 68.125724451557289, 24.901027997670326 ], [ 68.130249451561667, 24.894889997664677 ], [ 68.143417451573896, 24.870194997641647 ], [ 68.144081451574493, 24.863526997635518 ], [ 68.142669451573056, 24.858277997630466 ], [ 68.138664451569412, 24.854610997627105 ], [ 68.134361451565383, 24.853444997625957 ], [ 68.106918451539741, 24.853332997626012 ], [ 68.081886451516539, 24.856193997628679 ], [ 68.066947451502529, 24.859137997631478 ], [ 68.05952445149569, 24.86163899763369 ], [ 68.055885451492259, 24.861110997633205 ], [ 68.050804451487693, 24.85597199762833 ], [ 68.046943451483912, 24.84794399762086 ], [ 68.046524451483492, 24.839776997613399 ], [ 68.048332451485294, 24.833554997607507 ], [ 68.056526451493028, 24.821055997595977 ], [ 68.057250451493701, 24.813359997588805 ], [ 68.050025451486817, 24.783082997560541 ], [ 68.033775451471683, 24.756139997535456 ], [ 67.984779451425993, 24.692138997475922 ], [ 67.974891451416852, 24.67433299745926 ], [ 67.965141451407817, 24.665694997451283 ], [ 67.960418451403484, 24.656165997442258 ], [ 67.960136451403059, 24.651582997438027 ], [ 67.963913451406597, 24.640832997428106 ], [ 67.968498451410824, 24.633222997420944 ], [ 67.987220451428357, 24.613526997402687 ], [ 68.014724451453958, 24.589860997380583 ], [ 68.017639451456716, 24.584527997375517 ], [ 68.016830451455917, 24.57405499736592 ], [ 68.012497451451964, 24.567887997360231 ], [ 67.991417451432199, 24.55019399734374 ], [ 67.981330451422991, 24.538415997332777 ], [ 67.95919745140236, 24.52505499732024 ], [ 67.953697451397147, 24.519055997314581 ], [ 67.950531451394227, 24.512277997308274 ], [ 67.954277451397729, 24.502387997299138 ], [ 67.967552451410029, 24.48752799728527 ], [ 67.971916451414018, 24.479499997277799 ], [ 67.974998451416923, 24.469165997268192 ], [ 67.97419745141633, 24.459332997259025 ], [ 67.967414451409923, 24.438054997239306 ], [ 67.964363451407053, 24.433583997235019 ], [ 67.961441451404426, 24.432248997233728 ], [ 67.950942451394667, 24.432776997234214 ], [ 67.938056451382636, 24.436582997237792 ], [ 67.922058451367775, 24.444888997245471 ], [ 67.896224451343642, 24.447499997248087 ], [ 67.891525451339248, 24.44463899724542 ], [ 67.885391451333589, 24.437583997238789 ], [ 67.879135451327784, 24.434054997235535 ], [ 67.849830451300477, 24.425082997227037 ], [ 67.84610745129703, 24.421193997223554 ], [ 67.84627545129706, 24.416194997218781 ], [ 67.854751451304992, 24.388471997192937 ], [ 67.866111451315646, 24.36313799716936 ], [ 67.866333451315768, 24.357305997164076 ], [ 67.864082451313607, 24.349721997156848 ], [ 67.853614451303883, 24.337109997145262 ], [ 67.835830451287393, 24.330943997139457 ], [ 67.830139451282093, 24.330777997139194 ], [ 67.819389451272173, 24.339026997146902 ], [ 67.808303451261736, 24.342889997150678 ], [ 67.788444451243322, 24.357528997164309 ], [ 67.78405745123905, 24.359471997166111 ], [ 67.780197451235608, 24.358748997165321 ], [ 67.77899945123454, 24.354304997161307 ], [ 67.780304451235679, 24.330138997138647 ], [ 67.782196451237496, 24.322055997131201 ], [ 67.78744545124232, 24.315139997124788 ], [ 67.812080451265274, 24.294360997105287 ], [ 67.82016745127271, 24.284389997096014 ], [ 67.826309451278576, 24.272248997084716 ], [ 67.82592045127808, 24.263888997076947 ], [ 67.822746451275179, 24.256915997070564 ], [ 67.818359451271135, 24.251555997065452 ], [ 67.809669451263062, 24.24733399706156 ], [ 67.804390451258087, 24.248221997062501 ], [ 67.787696451242482, 24.263165997076385 ], [ 67.776474451232161, 24.27244399708502 ], [ 67.769859451226012, 24.27244399708502 ], [ 67.76186345121846, 24.267415997080207 ], [ 67.75219745120944, 24.257304997070833 ], [ 67.74725345120487, 24.217526997033929 ], [ 67.734886451193461, 24.188777997007037 ], [ 67.72200045118143, 24.16794399698756 ], [ 67.713996451173898, 24.160777996980869 ], [ 67.709335451169636, 24.160027996980261 ], [ 67.699912451160799, 24.162665996982696 ], [ 67.680664451142775, 24.172944996992328 ], [ 67.674919451137612, 24.174416996993614 ], [ 67.656913451120772, 24.169915996989403 ], [ 67.651832451115979, 24.165776996985642 ], [ 67.650138451114344, 24.162389996982483 ], [ 67.650253451114622, 24.159471996979846 ], [ 67.654808451118697, 24.152526996973393 ], [ 67.65413645111812, 24.146443996967719 ], [ 67.636108451101336, 24.11124999693493 ], [ 67.634498451099944, 24.10558299692957 ], [ 67.634330451099686, 24.098054996922656 ], [ 67.637031451102303, 24.092526996917513 ], [ 67.641944451106838, 24.088277996913348 ], [ 67.646308451110826, 24.087165996912518 ], [ 67.643379451108103, 24.07901199690491 ], [ 67.641471451106327, 24.082833996908448 ], [ 67.627197451093025, 24.094083996918926 ], [ 67.623527451089558, 24.101472996925622 ], [ 67.622833451089036, 24.107499996931438 ], [ 67.625419451091375, 24.129916996952261 ], [ 67.627304451093096, 24.133943996956077 ], [ 67.630416451096153, 24.136138996957925 ], [ 67.633392451098871, 24.135583996957394 ], [ 67.634223451099615, 24.131860996953947 ], [ 67.629081451094862, 24.122722996945413 ], [ 67.631248451096781, 24.120082996942983 ], [ 67.634613451099995, 24.120805996943773 ], [ 67.642417451107349, 24.143582996965051 ], [ 67.642829451107673, 24.168860996988542 ], [ 67.648803451113281, 24.174054996993391 ], [ 67.661529451125034, 24.180055996998817 ], [ 67.674552451137288, 24.184222997002735 ], [ 67.682502451144501, 24.184888997003327 ], [ 67.691330451152908, 24.179944996998756 ], [ 67.698219451159275, 24.1713889969908 ], [ 67.705970451166422, 24.164722996984665 ], [ 67.713195451173078, 24.165776996985642 ], [ 67.727333451186269, 24.183944997002527 ], [ 67.734085451192641, 24.19833399701588 ], [ 67.738418451196594, 24.210776997027551 ], [ 67.743919451201691, 24.253304997067062 ], [ 67.74719245120491, 24.263833997076972 ], [ 67.755752451212857, 24.272248997084716 ], [ 67.7658304512222, 24.277139997089307 ], [ 67.774635451230324, 24.278638997090638 ], [ 67.782943451238225, 24.275748997087931 ], [ 67.806419451259899, 24.255387997069192 ], [ 67.8134464512666, 24.256221997069815 ], [ 67.819809451272477, 24.262250997075398 ], [ 67.820831451273307, 24.266026997079052 ], [ 67.818084451270806, 24.272832997085288 ], [ 67.802169451256077, 24.291360997102629 ], [ 67.783607451238822, 24.308139997118133 ], [ 67.778579451234009, 24.315276997124784 ], [ 67.774864451230542, 24.330194997138733 ], [ 67.770446451226462, 24.339250997147246 ], [ 67.769248451225394, 24.346944997154424 ], [ 67.771667451227586, 24.355777997162477 ], [ 67.775497451231104, 24.362555997168784 ], [ 67.784194451239273, 24.368249997174189 ], [ 67.79422045124852, 24.367720997173592 ], [ 67.797248451251335, 24.365916997172008 ], [ 67.796836451251011, 24.36466599717096 ], [ 67.790474451245245, 24.36466599717096 ], [ 67.790138451244729, 24.360915997167467 ], [ 67.796028451250322, 24.355861997162719 ], [ 67.820831451273307, 24.343249997150906 ], [ 67.8531414513036, 24.343360997150967 ], [ 67.856445451306627, 24.34658199715409 ], [ 67.857833451307897, 24.358943997165625 ], [ 67.85111245130156, 24.368972997174751 ], [ 67.837753451289245, 24.412194997215011 ], [ 67.837196451288719, 24.421555997223777 ], [ 67.83875245129002, 24.429555997231319 ], [ 67.846527451297334, 24.441249997242267 ], [ 67.85013545130073, 24.442388997243143 ], [ 67.850692451301256, 24.439694997240622 ], [ 67.847915451298604, 24.434415997235874 ], [ 67.849830451300477, 24.431332997232857 ], [ 67.856666451306864, 24.431943997233475 ], [ 67.866500451315915, 24.43683199723796 ], [ 67.876052451324767, 24.444194997244949 ], [ 67.888885451336819, 24.448110997248477 ], [ 67.888832451336839, 24.450416997250613 ], [ 67.899025451346233, 24.452167997252445 ], [ 67.913864451360041, 24.451138997251292 ], [ 67.946029451389904, 24.443305997244124 ], [ 67.956222451399526, 24.438998997240105 ], [ 67.958442451401652, 24.440305997241239 ], [ 67.964836451407564, 24.453221997253422 ], [ 67.966613451409103, 24.461194997260691 ], [ 67.967414451409923, 24.47166599727052 ], [ 67.965553451408141, 24.47911099727753 ], [ 67.959808451402751, 24.487304997285037 ], [ 67.944305451388345, 24.500832997297721 ], [ 67.938247451382722, 24.511304997307434 ], [ 67.939086451383446, 24.513638997309499 ], [ 67.956054451399268, 24.530389997325301 ], [ 67.964996451407615, 24.535861997330358 ], [ 68.010917451450496, 24.573693997365581 ], [ 68.012641451452055, 24.57727799736881 ], [ 68.012916451452384, 24.582305997373624 ], [ 68.010246451449802, 24.58680499737784 ], [ 67.987999451429005, 24.60372199739345 ], [ 67.975440451417398, 24.617555997406271 ], [ 67.961807451404638, 24.635972997423551 ], [ 67.953720451397203, 24.652221997438573 ], [ 67.953613451397132, 24.655555997441752 ], [ 67.967140451409705, 24.680165997464655 ], [ 67.988914451429991, 24.711249997493724 ], [ 68.001052451441183, 24.723693997505279 ], [ 68.028274451466586, 24.757222997536473 ], [ 68.041389451478835, 24.781609997559144 ], [ 68.047302451484256, 24.796388997572876 ], [ 68.049858451486671, 24.808776997584573 ], [ 68.049079451486023, 24.818137997593112 ], [ 68.045112451482282, 24.828055997602405 ], [ 68.04227445147967, 24.844249997617453 ], [ 68.044830451482085, 24.856221997628609 ], [ 68.048690451485527, 24.864470997636317 ], [ 68.058219451494551, 24.87308299764436 ], [ 68.075584451510622, 24.873776997645109 ], [ 68.093582451527482, 24.869248997640852 ], [ 68.117919451550051, 24.859887997632086 ], [ 68.125526451557107, 24.858027997630415 ], [ 68.133026451564092, 24.858638997630806 ], [ 68.137306451568065, 24.860833997632881 ], [ 68.139251451569862, 24.865054997636889 ], [ 68.1381914515689, 24.868999997640458 ], [ 68.133003451564036, 24.873666997644932 ], [ 68.117996451550198, 24.899138997668615 ], [ 68.110969451543724, 24.910443997679067 ], [ 68.109802451542464, 24.918137997686244 ], [ 68.111580451544114, 24.927165997694829 ], [ 68.115501451547743, 24.930972997698291 ], [ 68.132942451564077, 24.938167997705023 ], [ 68.144721451575151, 24.949555997715606 ], [ 68.167053451595848, 24.980637997744452 ], [ 68.175918451604048, 24.991277997754423 ], [ 68.184028451611766, 24.999999997762643 ], [ 68.191528451618751, 25.002999997765301 ], [ 68.194526451621414, 25.002471997764815 ], [ 68.198753451625407, 24.999221997761879 ], [ 68.206085451632134, 24.985026997748719 ], [ 68.209556451635535, 24.969443997734061 ], [ 68.213775451639322, 24.965804997730629 ], [ 68.219024451644145, 24.966167997730963 ], [ 68.246391451669751, 24.983998997747676 ], [ 68.262558451684754, 24.987556997750971 ], [ 68.267692451689527, 24.991221997754337 ], [ 68.26977545169143, 24.997971997760715 ], [ 68.266670451688697, 25.016250997777661 ], [ 68.261581451683924, 25.03241699779278 ], [ 68.262031451684379, 25.03994399779981 ], [ 68.264968451687082, 25.048583997807782 ], [ 68.276886451698147, 25.077693997835013 ], [ 68.273918451695408, 25.092221997848355 ], [ 68.273780451695302, 25.110610997865479 ], [ 68.277862451699093, 25.119277997873724 ], [ 68.290107451710355, 25.131082997884732 ], [ 68.297111451717001, 25.134387997887643 ], [ 68.312446451731375, 25.135610997888762 ], [ 68.324279451742314, 25.130471997884115 ], [ 68.345558451762145, 25.117026997871562 ], [ 68.353752451769651, 25.119332997873698 ], [ 68.355804451771746, 25.12733299788124 ], [ 68.353385451769327, 25.138749997891864 ], [ 68.344024451760561, 25.152081997904133 ], [ 68.333191451750508, 25.160998997912429 ], [ 68.324333451742405, 25.166194997917273 ], [ 68.285308451705987, 25.182305997932417 ], [ 68.276359451697545, 25.188971997938552 ], [ 68.27416945169557, 25.193305997942616 ], [ 68.272163451693814, 25.199082997947926 ], [ 68.27191945169352, 25.206611997954951 ], [ 68.274635451695985, 25.215220997962888 ], [ 68.278640451699857, 25.218665997966127 ], [ 68.300918451720463, 25.232610997979236 ], [ 68.322914451741099, 25.255721998000809 ], [ 68.332557451750063, 25.270804998014682 ], [ 68.338836451755924, 25.283500998026511 ], [ 68.34166745175844, 25.295472998037667 ], [ 68.339225451756192, 25.307305998048832 ], [ 68.33403045175146, 25.319694998060186 ], [ 68.329864451747426, 25.336081998075542 ], [ 68.321525451739717, 25.352387998090762 ], [ 68.3103864517293, 25.363360998100916 ], [ 68.300193451719906, 25.380860998117214 ], [ 68.299469451719233, 25.389415998125287 ], [ 68.304252451723642, 25.427943998161027 ], [ 68.308586451727706, 25.443721998175761 ], [ 68.309333451728435, 25.463805998194402 ], [ 68.305831451724998, 25.487082998216238 ], [ 68.311775451730682, 25.499860998228087 ], [ 68.335220451752548, 25.518332998245342 ], [ 68.354667451770638, 25.529471998255758 ], [ 68.368667451783722, 25.545499998270543 ], [ 68.372108451786744, 25.5531119982777 ], [ 68.373748451788288, 25.560248998284351 ], [ 68.372528451787275, 25.570027998293426 ], [ 68.3660584517811, 25.600778998322085 ], [ 68.366973451782087, 25.616055998336378 ], [ 68.375335451789852, 25.628999998348263 ], [ 68.383697451797616, 25.634221998353269 ], [ 68.392807451805993, 25.637166998355951 ], [ 68.410385451822549, 25.641971998360532 ], [ 68.418693451830222, 25.641776998360228 ], [ 68.420440451831837, 25.644944998363144 ], [ 68.419387451830971, 25.64888999836694 ], [ 68.411224451823273, 25.660165998377352 ], [ 68.403640451816273, 25.66708399838376 ], [ 68.404274451816718, 25.668777998385394 ], [ 68.407280451819588, 25.668637998385293 ], [ 68.411468451823566, 25.666665998383451 ], [ 68.412498451824376, 25.671277998387723 ], [ 68.406753451818986, 25.678666998394647 ], [ 68.400886451813676, 25.681861998397608 ], [ 68.391052451804399, 25.683555998399243 ], [ 68.378029451792372, 25.683360998398939 ], [ 68.360641451776246, 25.687110998402432 ], [ 68.334114451751475, 25.69541699841011 ], [ 68.320526451738715, 25.702806998417145 ], [ 68.3152234517338, 25.710193998424074 ], [ 68.313163451731953, 25.716832998430164 ], [ 68.317558451735977, 25.738860998450718 ], [ 68.332496451749876, 25.746972998458205 ], [ 68.3468624517634, 25.759665998470155 ], [ 68.375137451789669, 25.799861998507595 ], [ 68.384719451798674, 25.803861998511138 ], [ 68.394752451808017, 25.814750998521276 ], [ 68.397888451810786, 25.81063799851745 ], [ 68.396415451809389, 25.806027998513173 ], [ 68.374107451788632, 25.788138998496606 ], [ 68.370613451785403, 25.78280599849154 ], [ 68.368499451783464, 25.775861998485198 ], [ 68.358863451774596, 25.766639998476649 ], [ 68.35230245176831, 25.755610998466182 ], [ 68.325553451743417, 25.733222998445399 ], [ 68.322250451740501, 25.728526998441112 ], [ 68.321334451739631, 25.720777998433732 ], [ 68.322250451740501, 25.713916998427521 ], [ 68.326362451744217, 25.707555998421412 ], [ 68.33719645175438, 25.699887998414397 ], [ 68.346778451763157, 25.695527998410398 ], [ 68.357719451773391, 25.692248998407194 ], [ 68.388191451801731, 25.690305998405393 ], [ 68.422302451833502, 25.690110998405316 ], [ 68.435470451845731, 25.688138998403474 ], [ 68.444335451854158, 25.685222998400604 ], [ 68.451141451860394, 25.681222998397061 ], [ 68.457969451866802, 25.675332998391468 ], [ 68.463081451871631, 25.66708399838376 ], [ 68.463668451872081, 25.662305998379452 ], [ 68.462387451870882, 25.658915998376187 ], [ 68.449859451859311, 25.646722998364794 ], [ 68.447807451857216, 25.638526998357293 ], [ 68.443306451853232, 25.634665998353739 ], [ 68.437362451847548, 25.634082998353051 ], [ 68.422058451833436, 25.637055998355891 ], [ 68.414718451826502, 25.636249998355197 ], [ 68.391471451804819, 25.627944998347402 ], [ 68.385803451799575, 25.624888998344431 ], [ 68.380218451794462, 25.61930499833943 ], [ 68.374359451788905, 25.599721998321002 ], [ 68.373802451788379, 25.588443998310595 ], [ 68.375968451790413, 25.577832998300664 ], [ 68.37963845179388, 25.570638998294044 ], [ 68.401611451814233, 25.544860998269996 ], [ 68.403358451815848, 25.539693998265193 ], [ 68.402359451815073, 25.534860998260683 ] ], [ [ 68.44374845185348, 25.643027998361504 ], [ 68.448448451857985, 25.655860998373328 ], [ 68.455803451864767, 25.663583998380545 ], [ 68.455413451864388, 25.668777998385394 ], [ 68.443801451853687, 25.67977699839571 ], [ 68.437690451847857, 25.683166998398747 ], [ 68.427749451838736, 25.684804998400296 ], [ 68.416252451827859, 25.684749998400321 ], [ 68.413498451825262, 25.683221998398949 ], [ 68.41316945182507, 25.679860998395725 ], [ 68.424080451835152, 25.646304998364485 ], [ 68.430946451841692, 25.640611998359191 ], [ 68.439972451850053, 25.638944998357601 ], [ 68.44374845185348, 25.643027998361504 ] ], [ [ 68.381614451795713, 25.536832998262526 ], [ 68.384696451798618, 25.541081998266463 ], [ 68.385055451798962, 25.544249998269379 ], [ 68.380531451794695, 25.549333998274051 ], [ 68.376892451791264, 25.547999998272871 ], [ 68.371307451786151, 25.542638998267876 ], [ 68.359580451775173, 25.52711099825342 ], [ 68.358947451774611, 25.52519399825178 ], [ 68.363082451778382, 25.525109998251537 ], [ 68.381614451795713, 25.536832998262526 ] ], [ [ 68.310585451729594, 25.408694998143119 ], [ 68.315307451733815, 25.419665998153505 ], [ 68.319419451737758, 25.435027998167698 ], [ 68.318107451736523, 25.440415998172739 ], [ 68.315139451733785, 25.43972199817199 ], [ 68.312751451731629, 25.435054998167743 ], [ 68.307502451726577, 25.411944998146282 ], [ 68.308082451727159, 25.408221998142835 ], [ 68.310585451729594, 25.408694998143119 ] ], [ [ 68.283531451704221, 25.19458399794371 ], [ 68.290946451711307, 25.214415997962305 ], [ 68.291946451712192, 25.219027997966577 ], [ 68.290725451711069, 25.221082997968551 ], [ 68.28422545170497, 25.216943997964563 ], [ 68.279136451700197, 25.210750997958939 ], [ 68.277053451698293, 25.203193997951757 ], [ 68.281723451702646, 25.194110997943426 ], [ 68.283531451704221, 25.19458399794371 ] ] ] } },
{ "type": "Feature", "properties": { "NAME": "INDUS", "HYC_DESCRI": "Perennial/Permanent" }, "geometry": { "type": "Polygon", "coordinates": [ [ [ 70.849723454094374, 29.872833002300695 ], [ 70.833000454078729, 29.869806002297992 ], [ 70.829193454075266, 29.867083002295431 ], [ 70.828445454074426, 29.861639002290303 ], [ 70.835586454081067, 29.848944002278586 ], [ 70.836830454082246, 29.84186200227191 ], [ 70.831192454076927, 29.829111002260106 ], [ 70.829223454075191, 29.808416002240847 ], [ 70.827110454073136, 29.802973002235603 ], [ 70.819274454065862, 29.798334002231286 ], [ 70.816635454063544, 29.798529002231589 ], [ 70.814475454061494, 29.795917002229089 ], [ 70.814056454061074, 29.792028002225379 ], [ 70.803611454051406, 29.78361100221764 ], [ 70.785057454034131, 29.774305002209076 ], [ 70.780304454029647, 29.769472002204566 ], [ 70.778915454028265, 29.764028002199439 ], [ 70.778419454027926, 29.740028002177041 ], [ 70.77561245402535, 29.733110002170633 ], [ 70.769920454019939, 29.72786100216581 ], [ 70.762802454013354, 29.724251002162418 ], [ 70.753112454004395, 29.711472002150458 ], [ 70.737472453989767, 29.697361002137313 ], [ 70.731582453984174, 29.687916002128532 ], [ 70.726692453979695, 29.676834002118085 ], [ 70.725082453978303, 29.668667002110624 ], [ 70.726112453979113, 29.6622220021045 ], [ 70.733863453986487, 29.651417002094604 ], [ 70.735832453988223, 29.644527002088125 ], [ 70.733528453986082, 29.635750002079931 ], [ 70.728111453981001, 29.629249002073948 ], [ 70.714752453968686, 29.625805002070592 ], [ 70.712608453966595, 29.624111002069185 ], [ 70.715553453969278, 29.593445002040426 ], [ 70.712944453966884, 29.59113900203829 ], [ 70.710082453964333, 29.591528002038785 ], [ 70.710998453964976, 29.595306002042207 ], [ 70.706474453960936, 29.618221002063592 ], [ 70.700920453955632, 29.624027002068942 ], [ 70.693252453948617, 29.626472002071296 ], [ 70.682998453939035, 29.624722002069575 ], [ 70.675224453931833, 29.616306002061719 ], [ 70.668640453925718, 29.604166002050533 ], [ 70.665946453923198, 29.587862002035308 ], [ 70.671752453928548, 29.582251002030034 ], [ 70.683975453939865, 29.576500002024659 ], [ 70.691635453947129, 29.574888002023272 ], [ 70.705139453959646, 29.561640002011018 ], [ 70.719864453973287, 29.545250001995555 ], [ 70.719886453973459, 29.541082001991754 ], [ 70.70591745396041, 29.506945001960048 ], [ 70.712608453966595, 29.481527001936229 ], [ 70.710556453964728, 29.471695001927174 ], [ 70.706749453961038, 29.471056001926627 ], [ 70.703697453958284, 29.466833001922623 ], [ 70.707725453961984, 29.44619400190345 ], [ 70.712608453966595, 29.43205600189026 ], [ 70.715248453969025, 29.430195001888478 ], [ 70.721946453975306, 29.42980600188821 ], [ 70.728080453980965, 29.408777001868657 ], [ 70.728363453981274, 29.390249001851316 ], [ 70.727836453980672, 29.387695001848897 ], [ 70.72311445397645, 29.383278001844701 ], [ 70.715972453969698, 29.380501001842276 ], [ 70.710082453964333, 29.375223001837185 ], [ 70.708030453962238, 29.364779001827628 ], [ 70.704025453958593, 29.361416001824409 ], [ 70.702636453957211, 29.357639001820871 ], [ 70.710861453964981, 29.34433400180842 ], [ 70.712364453966302, 29.338499001803029 ], [ 70.710975453965148, 29.331806001796849 ], [ 70.705802453960359, 29.324888001790441 ], [ 70.698280453953203, 29.31772200178375 ], [ 70.695724453950788, 29.309973001776598 ], [ 70.697944453952914, 29.302279001769421 ], [ 70.70413945395876, 29.299389001766713 ], [ 70.718223453971859, 29.29741700176487 ], [ 70.725166453978318, 29.293083001760806 ], [ 70.721191453974598, 29.287195001755208 ], [ 70.701530453956366, 29.278278001746912 ], [ 70.699668453954473, 29.27366600174264 ], [ 70.704750453959377, 29.264749001734344 ], [ 70.706001453960425, 29.258888001729019 ], [ 70.700386453955161, 29.24758300171834 ], [ 70.696830453951861, 29.244833001715961 ], [ 70.688003453943566, 29.248112001718937 ], [ 70.683250453939308, 29.247028001717808 ], [ 70.67330945392996, 29.242584001713794 ], [ 70.656997453914755, 29.230749001702634 ], [ 70.654472453912376, 29.223000001695482 ], [ 70.655723453913652, 29.218222001691174 ], [ 70.669357453926295, 29.209333001682808 ], [ 70.66652645392378, 29.207027001680672 ], [ 70.658226453915859, 29.206972001680697 ], [ 70.65466345391269, 29.20338800167724 ], [ 70.652748453910817, 29.182501001657783 ], [ 70.646636453905103, 29.17555600165133 ], [ 70.641998453900896, 29.164444001640959 ], [ 70.612358453873185, 29.135805001614244 ], [ 70.598968453860834, 29.120027001599738 ], [ 70.59244545385468, 29.109112001589438 ], [ 70.591552453853865, 29.103277001584047 ], [ 70.593971453856057, 29.098278001579274 ], [ 70.600441453862231, 29.093721001575204 ], [ 70.607612453868796, 29.091499001573084 ], [ 70.617195453877684, 29.082582001564788 ], [ 70.6215594538819, 29.074917001557651 ], [ 70.621002453881374, 29.06194500154561 ], [ 70.605392453866671, 29.031973001517599 ], [ 70.59744245385923, 29.021444001507916 ], [ 70.598335453860273, 29.019876001506418 ], [ 70.598098453859848, 29.01960600150619 ], [ 70.608970453870143, 29.008806001495941 ], [ 70.602836453864256, 29.004999001492479 ], [ 70.585083453847801, 29.000055001487908 ], [ 70.564331453828572, 28.98755600147615 ], [ 70.536697453802844, 28.975834001465273 ], [ 70.514892453782522, 28.970612001460495 ], [ 70.499000453767621, 28.970472001460394 ], [ 70.487052453756633, 28.975584001464995 ], [ 70.477974453748175, 28.981777001470846 ], [ 70.467636453738351, 28.973944001463678 ], [ 70.452942453724745, 28.970278001460201 ], [ 70.438415453711286, 28.954889001445736 ], [ 70.434753453707799, 28.946278001437804 ], [ 70.430274453703532, 28.94102900143298 ], [ 70.430335453703719, 28.937277001429493 ], [ 70.434417453707511, 28.9331400014255 ], [ 70.43399845370709, 28.929167001421774 ], [ 70.435447453708548, 28.926666001419562 ], [ 70.439002453711737, 28.926916001419841 ], [ 70.451057453723024, 28.932667001425216 ], [ 70.450363453722275, 28.929945001422539 ], [ 70.43624845370914, 28.919584001412886 ], [ 70.434585453707768, 28.901388001396072 ], [ 70.429252453702702, 28.891945001387285 ], [ 70.413475453688079, 28.881971001377906 ], [ 70.380638453657411, 28.871416001368061 ], [ 70.370918453648301, 28.872168001368891 ], [ 70.351387453630196, 28.87844500137453 ], [ 70.346885453625873, 28.877972001374246 ], [ 70.334747453614682, 28.861555001358965 ], [ 70.329246453609585, 28.848333001346646 ], [ 70.320663453601583, 28.833639001332813 ], [ 70.29753145357995, 28.810833001311721 ], [ 70.293807453576619, 28.803917001305308 ], [ 70.292503453575364, 28.796806001298592 ], [ 70.285331453568688, 28.783556001286343 ], [ 70.281585453565185, 28.781445001284283 ], [ 70.273498453557522, 28.781139001283918 ], [ 70.261718453546564, 28.777250001280436 ], [ 70.253723453539124, 28.773001001276498 ], [ 70.241691453528119, 28.769112001272788 ], [ 70.238197453524663, 28.76447300126847 ], [ 70.231414453518482, 28.759583001263991 ], [ 70.219169453506993, 28.754444001259117 ], [ 70.20258345349157, 28.75383400125861 ], [ 70.184974453475206, 28.759277001263627 ], [ 70.179557453470125, 28.757973001262371 ], [ 70.161583453453432, 28.739389001245172 ], [ 70.152694453445065, 28.732166001238511 ], [ 70.143058453436197, 28.727057001233561 ], [ 70.139053453432325, 28.72597300123266 ], [ 70.117447453412296, 28.728222001234826 ], [ 70.112274453407508, 28.725861001232488 ], [ 70.108306453403884, 28.721834001228672 ], [ 70.102836453398595, 28.709028001216893 ], [ 70.098419453394627, 28.704195001212383 ], [ 70.080780453378111, 28.695194001204072 ], [ 70.069946453368175, 28.692778001201759 ], [ 70.049636453349194, 28.673944001184282 ], [ 70.041420453341516, 28.669445001180065 ], [ 70.029274453330117, 28.659056001170256 ], [ 70.017440453319068, 28.644083001156332 ], [ 69.99578145329906, 28.623333001137098 ], [ 69.981002453285328, 28.616249001130427 ], [ 69.972358453277138, 28.609249001123999 ], [ 69.960304453265962, 28.594694001110383 ], [ 69.960113453265876, 28.590918001106957 ], [ 69.96794145327317, 28.590611001106481 ], [ 69.9821934532863, 28.586416001102634 ], [ 69.99238545329581, 28.585501001101875 ], [ 70.000640453303504, 28.586639001102867 ], [ 70.004165453306769, 28.588362001104542 ], [ 70.014808453316618, 28.603111001118123 ], [ 70.024887453326073, 28.608667001123422 ], [ 70.040969453341177, 28.608444001123189 ], [ 70.054336453353471, 28.602333001117586 ], [ 70.064025453362547, 28.602249001117343 ], [ 70.071777453369805, 28.606306001121084 ], [ 70.074081453371946, 28.609472001124232 ], [ 70.075584453373267, 28.61911200113309 ], [ 70.073997453371931, 28.630362001143567 ], [ 70.077919453375443, 28.637527001150374 ], [ 70.079025453376516, 28.6108050011253 ], [ 70.0767514533743, 28.605333001120243 ], [ 70.072303453370296, 28.601723001116852 ], [ 70.059608453358351, 28.597610001113026 ], [ 70.054862453353962, 28.59797300111336 ], [ 70.03961145333983, 28.605305001120314 ], [ 70.032501453333225, 28.605417001120259 ], [ 70.023551453324899, 28.60364000111872 ], [ 70.016525453318309, 28.598749001114129 ], [ 70.011718453313733, 28.589501001105646 ], [ 70.005195453307806, 28.583139001099653 ], [ 69.998359453301418, 28.580749001097274 ], [ 69.992248453295588, 28.579416001096206 ], [ 69.970886453275853, 28.584389001100817 ], [ 69.963279453268797, 28.587000001103206 ], [ 69.960197453265891, 28.586750001102928 ], [ 69.947860453254407, 28.57405500109121 ], [ 69.931526453239258, 28.561722001079715 ], [ 69.903831453213343, 28.54841600106738 ], [ 69.899002453208823, 28.542499001061742 ], [ 69.886917453197611, 28.528973001049053 ], [ 69.878280453189518, 28.524027001044487 ], [ 69.860168453172719, 28.51836200103935 ], [ 69.85108145316417, 28.511139001032461 ], [ 69.833969453148256, 28.501917001023912 ], [ 69.814720453130349, 28.494749001017226 ], [ 69.795524453112421, 28.484472001007816 ], [ 69.780639453098729, 28.472139000996322 ], [ 69.772445453090995, 28.467833000992186 ], [ 69.768280453087073, 28.463388000988061 ], [ 69.769081453087892, 28.458195000983324 ], [ 69.77688645309513, 28.458084000983035 ], [ 69.806503453122787, 28.466639000991108 ], [ 69.81077545312678, 28.465666000990268 ], [ 69.78563645310328, 28.456333000981431 ], [ 69.770805453089451, 28.453833000979103 ], [ 69.760307453079577, 28.434860000961407 ], [ 69.755165453074824, 28.43061100095747 ], [ 69.751663453071615, 28.429945000956877 ], [ 69.74996945306998, 28.431389000958234 ], [ 69.751113453071184, 28.43369500096037 ], [ 69.753913453073665, 28.434778000961387 ], [ 69.752136453072126, 28.441639000967825 ], [ 69.747886453068077, 28.440945000967076 ], [ 69.740501453061142, 28.432083000958983 ], [ 69.731857453053181, 28.426722000953987 ], [ 69.731475453052781, 28.423166000950687 ], [ 69.738082453058951, 28.42347100095094 ], [ 69.743858453064377, 28.429001000956077 ], [ 69.745552453066011, 28.428389000955576 ], [ 69.740249453061097, 28.420999000948541 ], [ 69.725028453046889, 28.413889000941936 ], [ 69.717803453040005, 28.408333000936864 ], [ 69.706474453029614, 28.39563900092503 ], [ 69.703971453027179, 28.39080600092052 ], [ 69.701637453025114, 28.390139000919817 ], [ 69.700164453023717, 28.392834000922448 ], [ 69.709083453032008, 28.408417000936879 ], [ 69.707862453030884, 28.410917000939207 ], [ 69.702888453026162, 28.410223000938458 ], [ 69.697586453021358, 28.403667000932501 ], [ 69.683944453008507, 28.377138000907735 ], [ 69.684448453009054, 28.363361000894884 ], [ 69.68630245301074, 28.351473000883743 ], [ 69.686553453010902, 28.339582000872724 ], [ 69.682662453007424, 28.320500000854963 ], [ 69.671363452996957, 28.308222000843671 ], [ 69.664833452990706, 28.303722000839343 ], [ 69.640945452968481, 28.293333000829762 ], [ 69.624496452953281, 28.291416000827894 ], [ 69.609085452938871, 28.284082000821172 ], [ 69.601219452931446, 28.286472000823323 ], [ 69.598663452929031, 28.28580500082262 ], [ 69.566474452899229, 28.255417000794296 ], [ 69.566001452898718, 28.232639000773133 ], [ 69.56394145289687, 28.218389000759998 ], [ 69.560333452893474, 28.210417000752386 ], [ 69.556167452889667, 28.206167000748565 ], [ 69.546607452880608, 28.200777000743528 ], [ 69.537696452872297, 28.198973000741717 ], [ 69.529525452864846, 28.194250000737384 ], [ 69.524139452859799, 28.19311100073628 ], [ 69.513053452849363, 28.193138000736326 ], [ 69.502418452839493, 28.195473000738502 ], [ 69.487915452825973, 28.200472000743275 ], [ 69.476692452815541, 28.208000000750189 ], [ 69.464775452804361, 28.213667000755549 ], [ 69.458663452798646, 28.212723000754522 ], [ 69.434806452776456, 28.204584000746991 ], [ 69.429946452772128, 28.200750000743483 ], [ 69.425720452768019, 28.188360000732018 ], [ 69.426170452768474, 28.178972000723206 ], [ 69.437446452779113, 28.181028000725064 ], [ 69.437500452778977, 28.178305000722503 ], [ 69.426834452769072, 28.170195000715012 ], [ 69.423805452766373, 28.157806000703431 ], [ 69.420585452763362, 28.153805000699776 ], [ 69.404663452748537, 28.14933400069549 ], [ 69.402694452746573, 28.142416000689082 ], [ 69.403503452747373, 28.137638000684774 ], [ 69.400085452744179, 28.131916000679439 ], [ 69.376220452722009, 28.13591600068321 ], [ 69.331443452680332, 28.136167000683372 ], [ 69.300498452651482, 28.139584000686455 ], [ 69.296943452648065, 28.141417000688307 ], [ 69.293777452645145, 28.14575000069226 ], [ 69.290001452641718, 28.156528000702338 ], [ 69.280777452633174, 28.157417000703163 ], [ 69.257637452611561, 28.139444000686353 ], [ 69.25141945260566, 28.122639000670688 ], [ 69.252944452607153, 28.108250000657335 ], [ 69.260192452613865, 28.099583000649318 ], [ 69.270248452623264, 28.092890000643138 ], [ 69.275138452627743, 28.085251000635935 ], [ 69.268997452622216, 28.075722000627138 ], [ 69.262275452615768, 28.071222000622811 ], [ 69.252693452606991, 28.068527000620406 ], [ 69.232170452587752, 28.070250000621854 ], [ 69.212890452569809, 28.069056000620776 ], [ 69.204139452561776, 28.070168000621834 ], [ 69.196998452555135, 28.074194000625539 ], [ 69.190414452549021, 28.073029000624501 ], [ 69.183693452542684, 28.069139000620908 ], [ 69.168747452528805, 28.054445000607302 ], [ 69.162193452522615, 28.042833000596374 ], [ 69.153526452514598, 28.030556000584966 ], [ 69.148696452510194, 28.027334000581959 ], [ 69.13744345249961, 28.025249000580061 ], [ 69.117668452481212, 28.025278000580101 ], [ 69.1096114524737, 28.027222000581787 ], [ 69.096778452461649, 28.041805000595559 ], [ 69.092025452457392, 28.043583000597209 ], [ 69.055557452423272, 28.042667000596339 ], [ 69.048111452416379, 28.040028000593793 ], [ 69.040496452409343, 28.024000000578781 ], [ 69.044502452413099, 28.014862000570474 ], [ 69.048835452417052, 28.010361000566263 ], [ 69.04680645241524, 27.998194000554804 ], [ 69.04905645241729, 27.992390000549449 ], [ 69.054580452422442, 27.987694000545162 ], [ 69.056335452424037, 27.983555000541173 ], [ 69.041999452410664, 27.964666000523721 ], [ 69.03277545240212, 27.947584000507732 ], [ 69.020301452390413, 27.929361000490644 ], [ 68.996025452367803, 27.903999000467138 ], [ 68.979530452352492, 27.888222000452515 ], [ 68.973419452346889, 27.878471000443369 ], [ 68.97313645234658, 27.87116600043646 ], [ 68.97497545234819, 27.863667000429587 ], [ 68.981613452354395, 27.852751000419403 ], [ 68.984641452357209, 27.843805000411066 ], [ 68.992446452364675, 27.833305000401197 ], [ 68.994499452366426, 27.826250000394793 ], [ 68.989944452362124, 27.774750000346785 ], [ 68.990501452362651, 27.752417000325977 ], [ 68.988441452360803, 27.74130600031549 ], [ 68.983474452356177, 27.734306000309061 ], [ 68.974693452347992, 27.728890000304091 ], [ 68.949447452324421, 27.724222000299733 ], [ 68.942749452318367, 27.720722000296519 ], [ 68.93746945231328, 27.715611000291574 ], [ 68.932807452308907, 27.705473000282154 ], [ 68.927749452304397, 27.701195000278176 ], [ 68.916168452293505, 27.696583000273904 ], [ 68.901390452279657, 27.695639000273104 ], [ 68.900024452278558, 27.694139000271662 ], [ 68.899276452277718, 27.695389000272826 ], [ 68.886833452266274, 27.696388000273828 ], [ 68.854194452235788, 27.679806000258395 ], [ 68.84155245222405, 27.678722000257267 ], [ 68.82313545220677, 27.665167000244764 ], [ 68.800750452186094, 27.652140000232521 ], [ 68.78094445216766, 27.646917000227631 ], [ 68.768943452156464, 27.645639000226538 ], [ 68.756530452144943, 27.648472000229049 ], [ 68.749832452138662, 27.652500000232976 ], [ 68.735862452125502, 27.665556000245033 ], [ 68.735191452125036, 27.667278000246597 ], [ 68.742668452131966, 27.665306000244755 ], [ 68.76208445215002, 27.650473000230932 ], [ 68.764274452151994, 27.650528000231134 ], [ 68.771720452158888, 27.648611000229266 ], [ 68.779136452165858, 27.652721000232987 ], [ 68.796165452181867, 27.656639000236737 ], [ 68.813530452197938, 27.665361000244957 ], [ 68.835166452218118, 27.68066600025918 ], [ 68.861137452242247, 27.691667000269263 ], [ 68.870552452251104, 27.699806000277022 ], [ 68.877250452257385, 27.703083000280003 ], [ 68.884941452264457, 27.705334000282164 ], [ 68.892913452271841, 27.705694000282392 ], [ 68.899108452277687, 27.701860000278884 ], [ 68.908027452285978, 27.701639000278647 ], [ 68.930610452307064, 27.708778000285292 ], [ 68.930252452306604, 27.731333000306222 ], [ 68.928169452304701, 27.739861000314249 ], [ 68.923835452300636, 27.74352800031761 ], [ 68.917251452294522, 27.744028000318167 ], [ 68.914802452292179, 27.747723000321457 ], [ 68.908111452285993, 27.752611000326169 ], [ 68.879303452259137, 27.758278000331302 ], [ 68.847442452229416, 27.773083000345196 ], [ 68.840721452223306, 27.778778000350485 ], [ 68.834251452217131, 27.792028000362734 ], [ 68.834503452217405, 27.817722000386766 ], [ 68.838165452220892, 27.821777000390512 ], [ 68.853225452234938, 27.829416000397714 ], [ 68.874191452254536, 27.844473000411654 ], [ 68.880752452260595, 27.845861000412924 ], [ 68.900917452279373, 27.846916000414012 ], [ 68.913749452291313, 27.850529000417282 ], [ 68.927329452303866, 27.861444000427582 ], [ 68.94047545231615, 27.87988800044468 ], [ 68.947525452322679, 27.888611000452784 ], [ 68.949974452325023, 27.894306000458073 ], [ 68.948219452323428, 27.90722300047014 ], [ 68.943611452319146, 27.912556000474979 ], [ 68.915832452293216, 27.932249000493357 ], [ 68.903579452281747, 27.94224900050267 ], [ 68.895416452274276, 27.957527000517075 ], [ 68.893806452272656, 27.964195000523205 ], [ 68.895080452273987, 27.969223000527791 ], [ 68.897857452276412, 27.97180600053025 ], [ 68.908386452286322, 27.973055000531531 ], [ 68.950447452325534, 27.975166000533363 ], [ 68.972641452346124, 27.981277000539194 ], [ 68.981445452354365, 27.986445000543881 ], [ 68.988746452361056, 27.986389000543795 ], [ 68.989051452361309, 27.983694000541391 ], [ 68.98630545235892, 27.98049900053843 ], [ 68.962364452336487, 27.970194000528863 ], [ 68.946166452321449, 27.967972000526743 ], [ 68.920997452298025, 27.96766700052649 ], [ 68.901390452279657, 27.962667000521833 ], [ 68.899139452277723, 27.958860000518143 ], [ 68.901863452280168, 27.95327800051291 ], [ 68.907913452285811, 27.946501000506714 ], [ 68.912750452290311, 27.942028000502432 ], [ 68.931358452307677, 27.93152800049279 ], [ 68.93966645231535, 27.928557000489945 ], [ 68.946640452321844, 27.922861000484772 ], [ 68.953003452327721, 27.913166000475712 ], [ 68.956054452330591, 27.904861000467918 ], [ 68.954193452329037, 27.89480600045863 ], [ 68.947113452322355, 27.878166000443116 ], [ 68.943885452319364, 27.865972000431611 ], [ 68.940307452315892, 27.859222000425461 ], [ 68.929947452306351, 27.851473000418082 ], [ 68.922195452299093, 27.842333000409781 ], [ 68.915885452293196, 27.840944000408399 ], [ 68.892135452271077, 27.8410840004085 ], [ 68.88400245226353, 27.838612000406329 ], [ 68.855079452236623, 27.820889000389798 ], [ 68.84822045223018, 27.814667000383906 ], [ 68.84510845222735, 27.807306000377139 ], [ 68.846359452228398, 27.796249000366743 ], [ 68.845336452227457, 27.790777000361686 ], [ 68.847084452229183, 27.787056000358234 ], [ 68.87905845225896, 27.768305000340661 ], [ 68.906806452284854, 27.760084000333109 ], [ 68.91258245229028, 27.760445000333448 ], [ 68.917694452294882, 27.763056000335837 ], [ 68.928970452305521, 27.753471000326954 ], [ 68.932663452308816, 27.74705500032087 ], [ 68.936607452312501, 27.730223000305159 ], [ 68.939720452315441, 27.728390000303534 ], [ 68.946525452321794, 27.728111000303215 ], [ 68.968612452342313, 27.736500000311025 ], [ 68.976249452349521, 27.741056000315439 ], [ 68.98152945235438, 27.745750000319731 ], [ 68.984001452356779, 27.750195000323856 ], [ 68.979057452351981, 27.759916000332851 ], [ 68.979057452351981, 27.769112000341465 ], [ 68.984474452357063, 27.823528000392116 ], [ 68.982086452354906, 27.833944000401971 ], [ 68.968109452341878, 27.855806000422263 ], [ 68.965057452339124, 27.86536000043111 ], [ 68.964614452338537, 27.873917000439178 ], [ 68.966278452340248, 27.881889000446563 ], [ 68.977691452350882, 27.903862000466916 ], [ 69.019195452389567, 27.945639000505935 ], [ 69.023719452393607, 27.961390000520623 ], [ 69.030891452400283, 27.966972000525857 ], [ 69.046608452415057, 27.987333000544822 ], [ 69.0420304524107, 27.991222000548305 ], [ 69.036582452405582, 27.992584000549641 ], [ 69.033691452402991, 27.994806000551762 ], [ 69.035331452404535, 28.005083000561172 ], [ 69.031166452400612, 28.021084000576138 ], [ 69.03283645240208, 28.029055000583639 ], [ 69.039306452408255, 28.04361200059725 ], [ 69.045639452414207, 28.053749000606558 ], [ 69.052086452420099, 28.060167000612637 ], [ 69.063835452431022, 28.070000000621803 ], [ 69.085502452451237, 28.079389000630499 ], [ 69.095192452460196, 28.077917000628986 ], [ 69.109024452473022, 28.070028000621733 ], [ 69.114219452477982, 28.069916000621561 ], [ 69.119781452483039, 28.072945000624486 ], [ 69.133804452496179, 28.087223000637778 ], [ 69.148139452509668, 28.098362000648194 ], [ 69.15152745251271, 28.104279000653605 ], [ 69.153251452514269, 28.111610000660448 ], [ 69.152885452514056, 28.126223000674145 ], [ 69.158363452519097, 28.133028000680497 ], [ 69.163719452523992, 28.1360550006832 ], [ 69.181083452540179, 28.138472000685397 ], [ 69.182220452541287, 28.140167000687143 ], [ 69.190940452549512, 28.139694000686632 ], [ 69.187774452546364, 28.134832000682081 ], [ 69.189697452548216, 28.133389000680836 ], [ 69.199836452557747, 28.13252800067994 ], [ 69.228775452584614, 28.143944000690681 ], [ 69.23980745259496, 28.156666000702444 ], [ 69.249275452603797, 28.165001000710163 ], [ 69.255531452609603, 28.169083000713954 ], [ 69.26280245261637, 28.171083000715953 ], [ 69.270301452623244, 28.172056000716793 ], [ 69.27600045262875, 28.170694000715457 ], [ 69.288719452640407, 28.171362000716044 ], [ 69.306503452657125, 28.175972000720321 ], [ 69.299079452650176, 28.171112000715993 ], [ 69.292999452644381, 28.169138000714156 ], [ 69.294944452646178, 28.166445000711519 ], [ 69.303443452654165, 28.165750000710887 ], [ 69.322692452672072, 28.158777000704504 ], [ 69.329971452678819, 28.159555000705041 ], [ 69.36386145271058, 28.183332000727205 ], [ 69.374832452720739, 28.18811000073174 ], [ 69.378440452724135, 28.19486000073789 ], [ 69.367332452713754, 28.207416000749618 ], [ 69.36575345271217, 28.215334000757139 ], [ 69.371750452717833, 28.230888000771529 ], [ 69.381469452726833, 28.239195000779318 ], [ 69.386192452731166, 28.238861000779025 ], [ 69.373275452719326, 28.225277000766255 ], [ 69.37149845271756, 28.22086100076217 ], [ 69.371223452717231, 28.212500000754517 ], [ 69.3727184527188, 28.20897300075103 ], [ 69.38519245273028, 28.199167000741909 ], [ 69.392250452737017, 28.199055000741964 ], [ 69.394638452739173, 28.197639000740537 ], [ 69.392417452737163, 28.192388000735718 ], [ 69.384636452729865, 28.192028000735263 ], [ 69.379974452725492, 28.189861000733345 ], [ 69.378944452724454, 28.183390000727286 ], [ 69.382026452727359, 28.178778000723014 ], [ 69.395385452739902, 28.164028000709322 ], [ 69.39653045274099, 28.155695000701598 ], [ 69.399169452743308, 28.152166000698344 ], [ 69.402252452746325, 28.152222000698202 ], [ 69.420471452763195, 28.159222000704858 ], [ 69.423332452765862, 28.168249000713104 ], [ 69.417305452760274, 28.18591700072966 ], [ 69.417640452760452, 28.191360000734676 ], [ 69.419357452762142, 28.198889000741701 ], [ 69.427108452769289, 28.211779000753722 ], [ 69.43338745277515, 28.216055000757706 ], [ 69.459053452799026, 28.217527000759219 ], [ 69.476753452815501, 28.216583000758192 ], [ 69.494720452832325, 28.214138000756066 ], [ 69.497581452834993, 28.212528000754446 ], [ 69.5100554528467, 28.202084000744662 ], [ 69.517166452853189, 28.200306000743012 ], [ 69.539001452873663, 28.204834000747269 ], [ 69.548805452882789, 28.209168000751333 ], [ 69.5524974528862, 28.213194000755038 ], [ 69.55611445288946, 28.232056000772673 ], [ 69.560363452893398, 28.242777000782553 ], [ 69.56099645289396, 28.258055000796958 ], [ 69.56475045289767, 28.270445000808422 ], [ 69.571029452903304, 28.275972000813454 ], [ 69.577140452909134, 28.27730600081486 ], [ 69.583641452915117, 28.282000000819153 ], [ 69.594055452924749, 28.291779000828228 ], [ 69.600364452930762, 28.295444000831594 ], [ 69.610221452939868, 28.297251000833285 ], [ 69.618164452947212, 28.301556000837309 ], [ 69.624137452952937, 28.309166000844471 ], [ 69.63197345296021, 28.331028000864762 ], [ 69.641502452969007, 28.350584000882918 ], [ 69.64180745296926, 28.358528000890374 ], [ 69.645225452972454, 28.352945000885256 ], [ 69.641441452969048, 28.341194000874339 ], [ 69.637527452965287, 28.335695000869237 ], [ 69.626975452955548, 28.309639000844982 ], [ 69.628219452956728, 28.305056000840523 ], [ 69.632057452960225, 28.302195000837855 ], [ 69.637725452965469, 28.301861000837562 ], [ 69.658302452984799, 28.311167000846353 ], [ 69.672470452997914, 28.322640000857064 ], [ 69.676612453001781, 28.328777000862829 ], [ 69.681579453006407, 28.352861000885241 ], [ 69.677307453002413, 28.36658300089789 ], [ 69.678276453003264, 28.377056000907714 ], [ 69.687141453011463, 28.394112000923542 ], [ 69.684974453009545, 28.396360000925597 ], [ 69.669914452995499, 28.394472000923997 ], [ 69.662887452989025, 28.392305000921851 ], [ 69.656112452982597, 28.387167000917088 ], [ 69.643386452970844, 28.385500000915499 ], [ 69.643775452971113, 28.389473000919224 ], [ 69.657470452983944, 28.390944000920626 ], [ 69.666053452991946, 28.397333000926665 ], [ 69.677635453002722, 28.397943000927171 ], [ 69.685363453009813, 28.400972000929869 ], [ 69.702613453026061, 28.412500000940781 ], [ 69.711196453034063, 28.421417000949077 ], [ 69.72708145304864, 28.439611000965897 ], [ 69.738723453059492, 28.440195000966469 ], [ 69.752777453072667, 28.446251000972097 ], [ 69.762527453081702, 28.467277000991771 ], [ 69.763832453083069, 28.47336200099744 ], [ 69.76457945308357, 28.483805001007113 ], [ 69.76258045308191, 28.502806001024737 ], [ 69.765052453084081, 28.509083001030604 ], [ 69.778083453096315, 28.520971001041744 ], [ 69.783752453101442, 28.521473001042068 ], [ 69.787719453105183, 28.523417001043981 ], [ 69.79799645311482, 28.531084001051113 ], [ 69.796524453113307, 28.533556001053512 ], [ 69.79983545311643, 28.5355550010554 ], [ 69.810997453126902, 28.543583001062871 ], [ 69.8183064531338, 28.545361001064521 ], [ 69.792945453110178, 28.522667001043374 ], [ 69.77327745309185, 28.512972001034314 ], [ 69.766777453085751, 28.505777001027582 ], [ 69.767890453086693, 28.484278001007624 ], [ 69.772697453091268, 28.480389001003914 ], [ 69.778579453096654, 28.480888001004359 ], [ 69.7855834531033, 28.485584001008647 ], [ 69.801582453118044, 28.502306001024408 ], [ 69.80955545312554, 28.506390001028194 ], [ 69.81561245313128, 28.511473001032755 ], [ 69.823112453138265, 28.514944001036156 ], [ 69.843834453157569, 28.519611001040403 ], [ 69.865417453177542, 28.52908300104923 ], [ 69.871971453183733, 28.532305001052237 ], [ 69.883163453194129, 28.541861001061079 ], [ 69.888168453198659, 28.553417001071921 ], [ 69.887641453198285, 28.555721001074062 ], [ 69.884780453195617, 28.557333001075676 ], [ 69.877914453189305, 28.557472001075666 ], [ 69.864135453176459, 28.554890001073318 ], [ 69.855140453167905, 28.555111001073556 ], [ 69.842781453156476, 28.552166001070873 ], [ 69.841331453155135, 28.553833001072235 ], [ 69.847641453161032, 28.557472001075666 ], [ 69.866165453178382, 28.557333001075676 ], [ 69.882774453193633, 28.562944001080723 ], [ 69.893447453203635, 28.562695001080556 ], [ 69.897636453207497, 28.5656660010834 ], [ 69.905334453214664, 28.586250001102599 ], [ 69.918334453226862, 28.600834001116027 ], [ 69.934974453242376, 28.608973001123559 ], [ 69.945388453252008, 28.609112001123776 ], [ 69.948944453255308, 28.607916001122703 ], [ 69.953414453259484, 28.609833001124571 ], [ 69.961807453267284, 28.632084001145131 ], [ 69.967582453272826, 28.640528001153143 ], [ 69.975753453280277, 28.646055001158174 ], [ 70.000000453302846, 28.689917001199092 ], [ 70.010109453312225, 28.696472001205166 ], [ 70.027168453328159, 28.710833001218589 ], [ 70.033920453334531, 28.711111001218796 ], [ 70.040191453340412, 28.709110001216914 ], [ 70.050308453349771, 28.711250001219014 ], [ 70.064025453362547, 28.718944001226191 ], [ 70.071830453369785, 28.718306001225528 ], [ 70.077804453375393, 28.720861001227831 ], [ 70.084968453382089, 28.732861001239144 ], [ 70.094779453391084, 28.740723001246351 ], [ 70.102531453398342, 28.749277001254313 ], [ 70.104553453400285, 28.753889001258585 ], [ 70.102890453398686, 28.765112001269017 ], [ 70.10488845340069, 28.77202800127543 ], [ 70.112136453407402, 28.7785000012816 ], [ 70.138084453431475, 28.788111001290417 ], [ 70.144584453437574, 28.788139001290574 ], [ 70.187141453477125, 28.776501001279712 ], [ 70.18538645347553, 28.771223001274848 ], [ 70.187690453477671, 28.76702700127089 ], [ 70.195030453484605, 28.768389001272226 ], [ 70.199943453489141, 28.772194001275693 ], [ 70.202392453491484, 28.783083001285831 ], [ 70.206970453495614, 28.793362001295463 ], [ 70.218223453506198, 28.803305001304579 ], [ 70.233802453520639, 28.807667001308801 ], [ 70.241638453527912, 28.807112001308269 ], [ 70.253555453539093, 28.802221001303678 ], [ 70.263641453548416, 28.793777001295894 ], [ 70.265998453550537, 28.793583001295701 ], [ 70.274414453558393, 28.801834001303178 ], [ 70.287864453571046, 28.805721001306893 ], [ 70.289718453572732, 28.826834001326461 ], [ 70.291557453574342, 28.830833001330348 ], [ 70.311195453592745, 28.850666001348827 ], [ 70.325859453606427, 28.87086100136753 ], [ 70.334304453614322, 28.878250001374454 ], [ 70.342308453621627, 28.882528001378432 ], [ 70.36597445364373, 28.886723001382279 ], [ 70.380668453657336, 28.887722001383281 ], [ 70.386413453662726, 28.882528001378432 ], [ 70.39380645366964, 28.8813610013774 ], [ 70.403747453678989, 28.881889001377886 ], [ 70.408447453683266, 28.885889001381656 ], [ 70.410530453685169, 28.890499001385933 ], [ 70.412529453687057, 28.919361001412653 ], [ 70.418335453692634, 28.929222001421977 ], [ 70.42544545369924, 28.949556001440897 ], [ 70.430831453704059, 28.95480500144572 ], [ 70.437553453710507, 28.966778001456987 ], [ 70.444137453716621, 28.972279001462084 ], [ 70.475303453745482, 28.986334001475143 ], [ 70.491859453760981, 28.991501001479946 ], [ 70.49669645376548, 28.985083001473868 ], [ 70.502197453770577, 28.98116700147034 ], [ 70.512413453780027, 28.979361001468533 ], [ 70.521919453788996, 28.980083001469211 ], [ 70.530197453796745, 28.982445001471433 ], [ 70.541969453807724, 28.990694001479142 ], [ 70.54435745380988, 28.994499001482609 ], [ 70.56019545382469, 28.995861001483945 ], [ 70.571083453834717, 28.999722001487498 ], [ 70.577446453840821, 29.004360001491932 ], [ 70.584915453847771, 29.014444001501261 ], [ 70.594001453856208, 29.030611001516263 ], [ 70.603386453864914, 29.041140001526173 ], [ 70.609443453870426, 29.052250001536549 ], [ 70.61280845387364, 29.070250001553177 ], [ 70.611053453872046, 29.080444001562682 ], [ 70.607414453868614, 29.086277001568305 ], [ 70.603332453864823, 29.089582001571216 ], [ 70.585502453848221, 29.092361001573863 ], [ 70.580001453843124, 29.095638001576845 ], [ 70.577804453841054, 29.100027001581111 ], [ 70.579330453842431, 29.111111001591325 ], [ 70.594863453856988, 29.127722001606799 ], [ 70.600471453862156, 29.135916001614532 ], [ 70.608253453869338, 29.141834001619827 ], [ 70.612441453873316, 29.150223001627637 ], [ 70.611579453872537, 29.16313900163982 ], [ 70.600807453862444, 29.169527001645747 ], [ 70.596252453858142, 29.173889001649741 ], [ 70.591392453853587, 29.183861001659125 ], [ 70.593719453855783, 29.208750001682347 ], [ 70.61189245387277, 29.223499001695927 ], [ 70.616722453877173, 29.237333001708976 ], [ 70.623359453883495, 29.240723001712013 ], [ 70.634498453893912, 29.243305001714361 ], [ 70.647468453905958, 29.254889001725132 ], [ 70.647697453906176, 29.258444001728549 ], [ 70.645248453903832, 29.264084001733863 ], [ 70.629524453889189, 29.285667001753836 ], [ 70.622024453882204, 29.300556001767745 ], [ 70.620781453881136, 29.304583001771562 ], [ 70.611610453872572, 29.31369400178005 ], [ 70.612274453873169, 29.317888001784013 ], [ 70.61463945387527, 29.321028001786772 ], [ 70.619140453879481, 29.322750001788336 ], [ 70.622917453883019, 29.326529001791869 ], [ 70.625892453885854, 29.338028001802741 ], [ 70.628944453888607, 29.342028001806284 ], [ 70.653083453911222, 29.356417001819864 ], [ 70.666778453923826, 29.367805001830448 ], [ 70.674751453931322, 29.381445001843076 ], [ 70.681892453937962, 29.38316700184464 ], [ 70.690002453945453, 29.382610001844114 ], [ 70.692108453947412, 29.384500001845936 ], [ 70.699531453954478, 29.40605500186598 ], [ 70.706337453960714, 29.415916001875303 ], [ 70.706558453960952, 29.419666001878795 ], [ 70.703140453957758, 29.427389001885786 ], [ 70.69705245395221, 29.437973001895671 ], [ 70.688140453943788, 29.449194001906108 ], [ 70.662139453919508, 29.471527001926916 ], [ 70.653221453911328, 29.481695001936487 ], [ 70.650749453908929, 29.488138001942389 ], [ 70.645919453904526, 29.49522200194906 ], [ 70.643196453901965, 29.503555001956784 ], [ 70.642913453901656, 29.508751001961627 ], [ 70.647109453905614, 29.518194001970414 ], [ 70.645500453904106, 29.527695001979282 ], [ 70.641166453900041, 29.539444001990205 ], [ 70.64583545390451, 29.548666001998754 ], [ 70.669639453926493, 29.555111002004878 ], [ 70.671974453928669, 29.5588890020083 ], [ 70.662498453919852, 29.576334002024623 ], [ 70.66046945391804, 29.58177800202975 ], [ 70.658554453916167, 29.586971002034488 ], [ 70.657249453915028, 29.598639002045275 ], [ 70.658332453916046, 29.607834002054005 ], [ 70.665863453923066, 29.620001002065237 ], [ 70.668167453925207, 29.62816600207293 ], [ 70.667388453924559, 29.634222002078559 ], [ 70.656280453914178, 29.644362002087973 ], [ 70.655250453913141, 29.651861002094847 ], [ 70.671447453928295, 29.680389002121501 ], [ 70.675720453932172, 29.682695002123637 ], [ 70.680641453936914, 29.692556002132733 ], [ 70.680610453936879, 29.696306002136225 ], [ 70.682502453938469, 29.69883400213871 ], [ 70.683998453939921, 29.715334002154123 ], [ 70.691558453946982, 29.725195002163218 ], [ 70.699386453954276, 29.730278002168006 ], [ 70.695640453950773, 29.722111002160318 ], [ 70.689971453945418, 29.716000002154715 ], [ 70.687385453943079, 29.710556002149588 ], [ 70.688468453944097, 29.698055002138062 ], [ 70.694419453949649, 29.699362002139196 ], [ 70.714996453968752, 29.721001002159255 ], [ 70.733085453985723, 29.732416002169884 ], [ 70.734970453987444, 29.732000002169571 ], [ 70.742584453994596, 29.736639002173888 ], [ 70.755218454006354, 29.740500002177441 ], [ 70.758224454008996, 29.751583002187772 ], [ 70.761329454011957, 29.752222002188319 ], [ 70.767807454017884, 29.749556002185955 ], [ 70.771804454021776, 29.7566950021926 ], [ 70.770057454020161, 29.766472002201681 ], [ 70.773971454023695, 29.781334002215544 ], [ 70.777473454026904, 29.790333002223861 ], [ 70.785026454034096, 29.80250000223532 ], [ 70.802780454050662, 29.823055002254478 ], [ 70.803474454051184, 29.827250002258324 ], [ 70.801246454049078, 29.831612002262318 ], [ 70.792526454041081, 29.845528002275387 ], [ 70.775169454024763, 29.860251002289033 ], [ 70.771751454021569, 29.865223002293533 ], [ 70.773613454023462, 29.870251002298346 ], [ 70.779831454029136, 29.872999002300958 ], [ 70.79027545403892, 29.881001002308267 ], [ 70.801498454049351, 29.884640002311698 ], [ 70.800247454048304, 29.889834002316547 ], [ 70.779609454029014, 29.921833002346375 ], [ 70.782058454031358, 29.942722002365826 ], [ 70.787971454036779, 29.95091600237356 ], [ 70.793693454042113, 29.952833002375201 ], [ 70.794860454043146, 29.955555002377878 ], [ 70.794082454042382, 29.961584002383461 ], [ 70.785110454034111, 29.974472002395487 ], [ 70.783638454032825, 29.979055002399718 ], [ 70.783584454032734, 30.000000002419256 ], [ 70.795135454043475, 30.000000002419256 ], [ 70.794525454042969, 29.992083002411846 ], [ 70.795280454043677, 29.988945002408855 ], [ 70.797691454045889, 29.987499002407503 ], [ 70.80269645405042, 29.99108300241096 ], [ 70.806694454054195, 29.998611002417874 ], [ 70.808891454056266, 30.000000002419256 ], [ 70.814361454061327, 30.000000002419256 ], [ 70.806777454054327, 29.988806002408637 ], [ 70.802719454050475, 29.960194002382195 ], [ 70.789276454037918, 29.936722002360284 ], [ 70.789108454037887, 29.930889002354888 ], [ 70.785553454034471, 29.924999002349296 ], [ 70.789001454037816, 29.918139002342969 ], [ 70.79644745404471, 29.914862002339987 ], [ 70.805778454053325, 29.914305002339461 ], [ 70.81108145405824, 29.909527002334926 ], [ 70.814582454061565, 29.893694002320217 ], [ 70.818000454064759, 29.886417002313465 ], [ 70.820556454067173, 29.868055002296387 ], [ 70.822052454068626, 29.863277002291852 ], [ 70.823249454069582, 29.861805002290566 ], [ 70.825416454071728, 29.862000002290642 ], [ 70.827247454073358, 29.869972002298027 ], [ 70.831527454077332, 29.874390002302107 ], [ 70.845863454090704, 29.877001002304723 ], [ 70.853195454097431, 29.886862002313819 ], [ 70.858802454102715, 29.902334002328189 ], [ 70.872276454115308, 29.95272200237514 ], [ 70.871696454114726, 29.965445002387014 ], [ 70.867027454110485, 29.977945002398656 ], [ 70.869552454112863, 30.000000002419256 ], [ 70.874496454117434, 30.000000002419256 ], [ 70.870109454113162, 29.982973002403241 ], [ 70.871833454114949, 29.976305002397112 ], [ 70.87694545411955, 29.967972002389388 ], [ 70.877082454119773, 29.950861002373358 ], [ 70.860359454104128, 29.888779002315687 ], [ 70.855888454100068, 29.879360002306839 ], [ 70.849723454094374, 29.872833002300695 ] ], [ [ 70.814003454061094, 29.853611002282832 ], [ 70.817474454064268, 29.86700100229541 ], [ 70.815002454061869, 29.876167002303873 ], [ 70.811607454058731, 29.879055002306586 ], [ 70.807281454054646, 29.880278002307705 ], [ 70.79419745404266, 29.873112002301013 ], [ 70.789665454038413, 29.869112002297243 ], [ 70.788780454037578, 29.863890002292464 ], [ 70.790748454039431, 29.8574160022863 ], [ 70.797248454045302, 29.85161000228095 ], [ 70.804725454052459, 29.846666002276379 ], [ 70.808555454055977, 29.846277002276111 ], [ 70.814003454061094, 29.853611002282832 ] ], [ [ 70.81369745406073, 29.832527002263305 ], [ 70.818443454065118, 29.836527002266848 ], [ 70.822441454068894, 29.843445002273256 ], [ 70.823608454069927, 29.8488880022785 ], [ 70.82213545406853, 29.853251002282605 ], [ 70.819252454065918, 29.853861002283111 ], [ 70.811027454058149, 29.836889002267299 ], [ 70.809860454057116, 29.832500002263259 ], [ 70.81369745406073, 29.832527002263305 ] ], [ [ 70.813972454061059, 29.799473002232389 ], [ 70.823280454069618, 29.803583002236337 ], [ 70.82611045407225, 29.807972002240376 ], [ 70.827552454073611, 29.83533300226577 ], [ 70.826332454072599, 29.837195002267435 ], [ 70.819694454066394, 29.831722002262495 ], [ 70.807250454054838, 29.805555002238179 ], [ 70.797531454045611, 29.79505500222831 ], [ 70.806861454054342, 29.794500002227778 ], [ 70.813972454061059, 29.799473002232389 ] ], [ [ 70.716163453969784, 29.701584002141317 ], [ 70.724723453977958, 29.718750002157321 ], [ 70.736305453988734, 29.723473002161654 ], [ 70.733718453986285, 29.724833002162995 ], [ 70.715774453969516, 29.716833002155454 ], [ 70.71177645396574, 29.710527002149547 ], [ 70.71258545396654, 29.700945002140543 ], [ 70.716163453969784, 29.701584002141317 ] ], [ [ 70.722030453975322, 29.687861002128557 ], [ 70.734054453986573, 29.705278002144723 ], [ 70.74830645399993, 29.714972002153672 ], [ 70.75019045400154, 29.717916002156471 ], [ 70.748725454000123, 29.721251002159534 ], [ 70.741775453993796, 29.720362002158708 ], [ 70.726806453979862, 29.713972002152786 ], [ 70.723724453976956, 29.710833002149911 ], [ 70.718612453972128, 29.696806002136782 ], [ 70.72010845397358, 29.689722002130111 ], [ 70.722030453975322, 29.687861002128557 ] ], [ [ 70.702392453957145, 29.643444002087108 ], [ 70.709503453963634, 29.651861002094847 ], [ 70.716163453969784, 29.677805002119158 ], [ 70.714447453968205, 29.682583002123465 ], [ 70.700447453955348, 29.696472002136488 ], [ 70.695419453950535, 29.695583002135663 ], [ 70.692581453947923, 29.693056002133289 ], [ 70.689781453945216, 29.687000002127661 ], [ 70.688224453943803, 29.675278002116784 ], [ 70.678390453934753, 29.656639002099382 ], [ 70.673751453930436, 29.643250002086916 ], [ 70.677108453933442, 29.639084002083109 ], [ 70.680946453937167, 29.638695002082613 ], [ 70.702392453957145, 29.643444002087108 ] ], [ [ 70.673584453930289, 29.658890002101543 ], [ 70.681579453937729, 29.670639002112466 ], [ 70.683670453939612, 29.677334002118641 ], [ 70.684059453940108, 29.685278002126097 ], [ 70.683334453939324, 29.686722002127453 ], [ 70.680000453936145, 29.685028002125819 ], [ 70.668220453925187, 29.668444002110391 ], [ 70.665252453922449, 29.65591600209882 ], [ 70.661972453919361, 29.650444002093536 ], [ 70.663444453920874, 29.645445002088991 ], [ 70.667526453924665, 29.642361002086091 ], [ 70.673584453930289, 29.658890002101543 ] ], [ [ 70.726829453979917, 29.635500002079652 ], [ 70.72799645398095, 29.639250002083145 ], [ 70.721885453975119, 29.653000002095951 ], [ 70.719001453972623, 29.654862002097843 ], [ 70.717140453970842, 29.650028002093222 ], [ 70.718170453971879, 29.64483300208849 ], [ 70.712974453967036, 29.637278002081302 ], [ 70.713974453967921, 29.634556002078853 ], [ 70.721611453974901, 29.633778002078088 ], [ 70.726829453979917, 29.635500002079652 ] ], [ [ 70.701530453956366, 29.515055001967539 ], [ 70.713470453967375, 29.537056001988049 ], [ 70.714614453968352, 29.542917001993374 ], [ 70.713607453967597, 29.547083001997407 ], [ 70.705223453959661, 29.55308300200295 ], [ 70.700141453954984, 29.560556002009889 ], [ 70.689056453944659, 29.569666002018494 ], [ 70.675636453932157, 29.574778002023095 ], [ 70.675918453932354, 29.571222002019795 ], [ 70.683166453939066, 29.56147200201076 ], [ 70.688308453944046, 29.550249002000328 ], [ 70.688392453944061, 29.540638001991283 ], [ 70.691864453947346, 29.527721001979216 ], [ 70.692192453947655, 29.519167001971255 ], [ 70.694610453949736, 29.514805001967261 ], [ 70.698219453953243, 29.512527001965282 ], [ 70.701530453956366, 29.515055001967539 ] ], [ [ 70.675972453932445, 29.517584001969908 ], [ 70.671302453928092, 29.531111001982481 ], [ 70.669502453926498, 29.543611001994122 ], [ 70.667579453924645, 29.545500001995833 ], [ 70.654220453912103, 29.543501001993945 ], [ 70.649475453907826, 29.544306001994755 ], [ 70.646858453905452, 29.542833001993358 ], [ 70.646385453904941, 29.539888001990676 ], [ 70.650528453908692, 29.532833001984045 ], [ 70.651359453909436, 29.521778001973871 ], [ 70.650497453908656, 29.514029001966492 ], [ 70.647697453906176, 29.508806001961602 ], [ 70.651359453909436, 29.497972001951666 ], [ 70.655670453913672, 29.497999001951712 ], [ 70.663696453921148, 29.505777001958904 ], [ 70.674362453931053, 29.512972001965636 ], [ 70.675972453932445, 29.517584001969908 ] ], [ [ 70.681419453937451, 29.476694001931719 ], [ 70.697860453952899, 29.477667001932787 ], [ 70.700920453955632, 29.480389001935237 ], [ 70.701614453956381, 29.483944001938653 ], [ 70.693107453948414, 29.498083001951727 ], [ 70.68297545393898, 29.509277001962118 ], [ 70.679664453935857, 29.508223001961142 ], [ 70.674469453931124, 29.502527001955968 ], [ 70.666168453923319, 29.498722001952274 ], [ 70.659721453917427, 29.497833001951449 ], [ 70.655944453913889, 29.494249001948219 ], [ 70.655746453913707, 29.48944500194375 ], [ 70.657974453915813, 29.483000001937626 ], [ 70.665443453922762, 29.476166001931233 ], [ 70.676445453932956, 29.471445001926895 ], [ 70.681419453937451, 29.476694001931719 ] ], [ [ 70.698829453953749, 29.452833001909539 ], [ 70.695999453951117, 29.473055001928515 ], [ 70.680831453936889, 29.463972001919956 ], [ 70.681808453937947, 29.46166600191782 ], [ 70.690223453945691, 29.45505500191166 ], [ 70.696441453951593, 29.452583001909261 ], [ 70.698829453953749, 29.452833001909539 ] ], [ [ 70.64847545390694, 29.319639001785617 ], [ 70.639190453898209, 29.317888001784013 ], [ 70.630363453889913, 29.320110001785906 ], [ 70.623222453883272, 29.320278001786164 ], [ 70.620163453880423, 29.317528001783558 ], [ 70.624336453884325, 29.305779001772635 ], [ 70.635803453895051, 29.301167001768363 ], [ 70.642997453901671, 29.295584001763018 ], [ 70.644531453903255, 29.287666001755724 ], [ 70.650085453908332, 29.278723001747494 ], [ 70.654113453912032, 29.257473001727703 ], [ 70.651580453909673, 29.248472001719165 ], [ 70.645942453904581, 29.241722001713015 ], [ 70.630142453889675, 29.228251001700528 ], [ 70.624473453884548, 29.225472001697881 ], [ 70.607749453869019, 29.209889001683223 ], [ 70.600669453862338, 29.205444001679098 ], [ 70.599281453861067, 29.200445001674552 ], [ 70.600334453861933, 29.190611001665275 ], [ 70.599670453861336, 29.186222001661235 ], [ 70.601669453863224, 29.179138001654792 ], [ 70.618385453878773, 29.171778001647908 ], [ 70.623664453883748, 29.166389001642756 ], [ 70.627609453887317, 29.154945001632086 ], [ 70.633026453892398, 29.159361001636171 ], [ 70.637969453897085, 29.164417001640913 ], [ 70.645553453904085, 29.189527001664374 ], [ 70.64450045390322, 29.198723001672988 ], [ 70.648223453906667, 29.206249001679907 ], [ 70.647918453906414, 29.213556001686811 ], [ 70.650390453908585, 29.228195001700442 ], [ 70.65530345391312, 29.235556001707209 ], [ 70.664474453921684, 29.243750001714943 ], [ 70.681777453937912, 29.253277001723745 ], [ 70.686996453942811, 29.252916001723406 ], [ 70.694442453949705, 29.248167001718912 ], [ 70.698448453953461, 29.251751001722369 ], [ 70.700752453955602, 29.258862001728858 ], [ 70.699249453954053, 29.26552800173522 ], [ 70.693946453949138, 29.274694001743683 ], [ 70.696029453951041, 29.279694001748339 ], [ 70.708335453962718, 29.285639001753907 ], [ 70.716140453969956, 29.29175000175951 ], [ 70.712997453966864, 29.294861001762456 ], [ 70.697975453952949, 29.298305001765584 ], [ 70.694389453949725, 29.300583001767791 ], [ 70.691169453946713, 29.312027001778461 ], [ 70.693252453948617, 29.319140001785172 ], [ 70.699386453954276, 29.324638001790163 ], [ 70.706192453960512, 29.334499001799259 ], [ 70.706359453960658, 29.340555001805114 ], [ 70.698387453953274, 29.352167001815815 ], [ 70.696167453951375, 29.360306001823346 ], [ 70.697807453952692, 29.364695001827386 ], [ 70.704414453958861, 29.368917001831505 ], [ 70.706253453960699, 29.377916001839822 ], [ 70.709304453963568, 29.380861001842504 ], [ 70.717857453971419, 29.384695001846012 ], [ 70.723030453976207, 29.389750001850871 ], [ 70.725830453978915, 29.395805001856388 ], [ 70.724830453978029, 29.400612001860964 ], [ 70.720275453973727, 29.405582001865469 ], [ 70.717666453971333, 29.403694001863869 ], [ 70.712501453966524, 29.396555001857223 ], [ 70.705863453960319, 29.392334001853214 ], [ 70.690780453946218, 29.374889001836891 ], [ 70.662918453920383, 29.351500001815111 ], [ 70.670608453927571, 29.344668001808941 ], [ 70.666420453923593, 29.335443001800286 ], [ 70.65391545391185, 29.322195001787804 ], [ 70.64847545390694, 29.319639001785617 ] ], [ [ 70.656776453914517, 29.34474900180885 ], [ 70.645614453904273, 29.342167001806502 ], [ 70.63703145389627, 29.342527001806957 ], [ 70.63349945389291, 29.339556001804112 ], [ 70.629524453889189, 29.331612001796657 ], [ 70.632888453892292, 29.32933400179445 ], [ 70.638610453897627, 29.328972001794227 ], [ 70.643165453901929, 29.32691600179237 ], [ 70.653861453911986, 29.327833001793124 ], [ 70.655975453913925, 29.332445001797396 ], [ 70.656776453914517, 29.34474900180885 ] ], [ [ 70.429390453702808, 28.91888800141237 ], [ 70.426528453700257, 28.920111001413488 ], [ 70.426719453700343, 28.923861001416981 ], [ 70.423614453697382, 28.923834001416935 ], [ 70.416862453691238, 28.915832001409399 ], [ 70.418998453693121, 28.913973001407612 ], [ 70.429390453702808, 28.91888800141237 ] ], [ [ 70.313056453594527, 28.835444001334508 ], [ 70.315360453596668, 28.840473001339205 ], [ 70.314636453595995, 28.84605600134455 ], [ 70.309860453591455, 28.84397300134242 ], [ 70.299110453581534, 28.833000001332266 ], [ 70.299942453582162, 28.823389001323449 ], [ 70.313056453594527, 28.835444001334508 ] ], [ [ 70.241531453527841, 28.796667001298374 ], [ 70.235809453522506, 28.800778001302206 ], [ 70.230079453517192, 28.801361001302894 ], [ 70.212692453500949, 28.791555001293773 ], [ 70.206275453494982, 28.777277001280481 ], [ 70.207496453496105, 28.775000001278386 ], [ 70.214584453502766, 28.776527001279646 ], [ 70.216247453504366, 28.775723001278948 ], [ 70.214386453502584, 28.772778001276265 ], [ 70.197975453487288, 28.762556001266603 ], [ 70.198219453487582, 28.760889001265241 ], [ 70.201057453490193, 28.760723001264978 ], [ 70.20880845349734, 28.766027001270004 ], [ 70.230697453517678, 28.775250001278437 ], [ 70.23921945352572, 28.775333001278568 ], [ 70.248916453534775, 28.778360001281499 ], [ 70.260635453545547, 28.785805001288281 ], [ 70.26205445354708, 28.787500001290027 ], [ 70.260612453545718, 28.789972001292199 ], [ 70.253860453539346, 28.796583001298359 ], [ 70.241531453527841, 28.796667001298374 ] ], [ [ 70.138031453431495, 28.745167001250593 ], [ 70.14213545343523, 28.745861001251114 ], [ 70.141830453434977, 28.749584001254561 ], [ 70.144142453437098, 28.753250001258039 ], [ 70.15139045344381, 28.757444001262002 ], [ 70.154472453446715, 28.762056001266274 ], [ 70.150527453443146, 28.766611001270576 ], [ 70.142669453435701, 28.771389001274883 ], [ 70.137168453430604, 28.773167001276533 ], [ 70.133804453427501, 28.772222001275622 ], [ 70.130500453424474, 28.762556001266603 ], [ 70.130111453424206, 28.749500001254546 ], [ 70.131805453425613, 28.742945001248472 ], [ 70.138031453431495, 28.745167001250593 ] ], [ [ 70.010192453312357, 28.66738900117798 ], [ 70.029113453329956, 28.669083001179615 ], [ 70.033363453334005, 28.671028001181412 ], [ 70.044113453343925, 28.678667001188614 ], [ 70.065582453363959, 28.69772200120633 ], [ 70.080642453378005, 28.704584001212652 ], [ 70.0854414533826, 28.709944001217764 ], [ 70.074806453372503, 28.707527001215567 ], [ 70.06911445336732, 28.705194001213385 ], [ 70.060859453359626, 28.698723001207327 ], [ 70.026107453327313, 28.68580600119526 ], [ 70.014747453316659, 28.67791700118778 ], [ 70.010109453312225, 28.673973001184095 ], [ 70.00421945330686, 28.66547200117634 ], [ 70.010192453312357, 28.66738900117798 ] ], [ [ 70.009140453311375, 28.660278001171491 ], [ 69.981056453285191, 28.641333001153725 ], [ 69.976219453280692, 28.632278001145323 ], [ 69.970413453275341, 28.625528001139173 ], [ 69.969085453274147, 28.62133400113521 ], [ 69.972389453277174, 28.621166001134952 ], [ 69.984085453288117, 28.630083001143248 ], [ 70.004501453307057, 28.63952800115203 ], [ 70.012642453314584, 28.649250001161136 ], [ 70.012474453314553, 28.659889001170995 ], [ 70.009140453311375, 28.660278001171491 ] ], [ [ 69.942947453249872, 28.600111001115465 ], [ 69.936225453243424, 28.604610001119681 ], [ 69.931274453238984, 28.603500001118618 ], [ 69.913749453222636, 28.5913620011072 ], [ 69.910308453219386, 28.584833001101288 ], [ 69.912025453221077, 28.580889001097603 ], [ 69.924278453232318, 28.584806001101242 ], [ 69.937469453244603, 28.587084001103221 ], [ 69.944610453251244, 28.584444001100792 ], [ 69.948166453254544, 28.585138001101541 ], [ 69.952667453258755, 28.598333001113815 ], [ 69.950721453257074, 28.601250001116568 ], [ 69.942947453249872, 28.600111001115465 ] ], [ [ 69.917968453226422, 28.565083001082712 ], [ 69.924080453232136, 28.568111001085526 ], [ 69.940887453247797, 28.581472001098064 ], [ 69.936080453243449, 28.584972001101278 ], [ 69.932556453240068, 28.58388900110026 ], [ 69.916725453225354, 28.569666001087171 ], [ 69.907524453216865, 28.567667001085283 ], [ 69.907837453217098, 28.563305001081062 ], [ 69.917968453226422, 28.565083001082712 ] ], [ [ 69.821441453136686, 28.502777001024697 ], [ 69.831443453145994, 28.511278001032679 ], [ 69.829780453144394, 28.512722001034035 ], [ 69.821556453136736, 28.509056001030558 ], [ 69.81622345313167, 28.504194001026008 ], [ 69.816970453132399, 28.501888001023872 ], [ 69.821441453136686, 28.502777001024697 ] ], [ [ 69.385833452730822, 28.159471000705025 ], [ 69.381919452727288, 28.169805000714632 ], [ 69.377387452723042, 28.178749000722974 ], [ 69.373832452719853, 28.179527000723738 ], [ 69.36891945271509, 28.177778000722128 ], [ 69.363197452709755, 28.17058400071528 ], [ 69.348640452696372, 28.158194000703816 ], [ 69.341163452689216, 28.154306000700217 ], [ 69.330612452679588, 28.152861000698977 ], [ 69.309135452659575, 28.154167000699999 ], [ 69.300086452651158, 28.15816700070377 ], [ 69.295860452647048, 28.157055000702712 ], [ 69.296501452647817, 28.149973000696264 ], [ 69.308441452658826, 28.143278000689861 ], [ 69.319114452668828, 28.139917000686864 ], [ 69.384887452730027, 28.137945000685022 ], [ 69.396163452740439, 28.138971000685842 ], [ 69.395362452739846, 28.14397200069061 ], [ 69.385833452730822, 28.159471000705025 ] ], [ [ 69.25044245260483, 28.144138000690873 ], [ 69.27483345262749, 28.159611000705127 ], [ 69.281608452633918, 28.16202700070744 ], [ 69.278030452630446, 28.164055000709368 ], [ 69.260559452614189, 28.166195000711241 ], [ 69.247833452602436, 28.155777000701619 ], [ 69.245582452600274, 28.150944000697109 ], [ 69.246635452601367, 28.14655500069307 ], [ 69.25044245260483, 28.144138000690873 ] ], [ [ 69.161415452521851, 28.104250000653565 ], [ 69.148719452510022, 28.084167000634807 ], [ 69.145805452507375, 28.068445000620159 ], [ 69.141418452503331, 28.064388000616418 ], [ 69.136970452499099, 28.063250000615426 ], [ 69.115059452478818, 28.064306000616398 ], [ 69.088996452454467, 28.071112000622861 ], [ 69.079109452445209, 28.071138000622796 ], [ 69.064697452431801, 28.063749000615871 ], [ 69.057777452425398, 28.05755600061002 ], [ 69.050224452418433, 28.047666000600884 ], [ 69.09285745245802, 28.048611000601795 ], [ 69.100441452465247, 28.046249000599573 ], [ 69.107528452471797, 28.035110000589157 ], [ 69.110641452474738, 28.032862000587102 ], [ 69.11799645248152, 28.030722000585229 ], [ 69.12767045249052, 28.030056000584409 ], [ 69.13610845249832, 28.031694000585958 ], [ 69.140586452502475, 28.030945000585234 ], [ 69.147529452508934, 28.035667000589683 ], [ 69.162307452522782, 28.057888000610546 ], [ 69.173835452533467, 28.068333000620214 ], [ 69.184974452543884, 28.075222000626582 ], [ 69.19752545255551, 28.080694000631638 ], [ 69.2013324525592, 28.080139000631107 ], [ 69.210670452567911, 28.073416000625002 ], [ 69.245780452600457, 28.071972000623646 ], [ 69.262413452615874, 28.074972000626303 ], [ 69.269531452622687, 28.083666000634366 ], [ 69.265357452618673, 28.090084000640445 ], [ 69.252113452606409, 28.103001000652512 ], [ 69.247413452601904, 28.112305000661081 ], [ 69.246391452601074, 28.12672200067459 ], [ 69.247413452601904, 28.133194000680533 ], [ 69.244720452599495, 28.137556000684526 ], [ 69.241386452596316, 28.138945000685908 ], [ 69.228668452584543, 28.1391390006861 ], [ 69.205802452563375, 28.129723000677359 ], [ 69.197586452555697, 28.128334000675977 ], [ 69.186248452544987, 28.129360000677025 ], [ 69.183136452542158, 28.131195000678645 ], [ 69.181663452540761, 28.134500000681783 ], [ 69.161277452521745, 28.130138000677789 ], [ 69.158584452519335, 28.126917000674666 ], [ 69.157218452518009, 28.120861000669038 ], [ 69.156723452517554, 28.12011100066843 ], [ 69.161415452521851, 28.104250000653565 ] ], [ [ 69.132110452494544, 28.069639000621464 ], [ 69.139526452501514, 28.075222000626582 ], [ 69.145194452506757, 28.083666000634366 ], [ 69.145553452507102, 28.087862000638324 ], [ 69.142608452504419, 28.087917000638299 ], [ 69.138191452500223, 28.081667000632478 ], [ 69.130554452493243, 28.076084000627361 ], [ 69.126663452489538, 28.07077800062234 ], [ 69.127891452490758, 28.068945000620715 ], [ 69.132110452494544, 28.069639000621464 ] ] ] } },
{ "type": "Feature", "properties": { "NAME": null, "HYC_DESCRI": "Non-Perennial/Intermittent/Fluctuating" }, "geometry": { "type": "Polygon", "coordinates": [ [ [ 70.449386453721445, 29.118250001597971 ], [ 70.446586453718737, 29.127277001606444 ], [ 70.449142453721151, 29.13324900161183 ], [ 70.453308453725185, 29.137638001616097 ], [ 70.472335453742744, 29.149805001627328 ], [ 70.469886453740628, 29.14061200161882 ], [ 70.449386453721445, 29.118250001597971 ] ] ] } },
{ "type": "Feature", "properties": { "NAME": null, "HYC_DESCRI": "Non-Perennial/Intermittent/Fluctuating" }, "geometry": { "type": "Polygon", "coordinates": [ [ [ 70.639053453897986, 29.038500001523744 ], [ 70.632888453892292, 29.038029001523228 ], [ 70.622253453882422, 29.03336100151887 ], [ 70.606719453867981, 29.019443001506033 ], [ 70.598388453860252, 29.019777001506327 ], [ 70.59744245385923, 29.021444001507916 ], [ 70.605392453866671, 29.031973001517599 ], [ 70.613388453874222, 29.047306001531979 ], [ 70.620498453880828, 29.040611001525576 ], [ 70.627807453887499, 29.04177900152672 ], [ 70.633529453892834, 29.045694001530364 ], [ 70.635086453894473, 29.049360001533842 ], [ 70.632415453892008, 29.061056001544785 ], [ 70.632530453892059, 29.062416001545898 ], [ 70.636779453895997, 29.051834001536008 ], [ 70.639053453897986, 29.038500001523744 ] ] ] } },
{ "type": "Feature", "properties": { "NAME": null, "HYC_DESCRI": "Non-Perennial/Intermittent/Fluctuating" }, "geometry": { "type": "Polygon", "coordinates": [ [ [ 70.516670453784172, 28.979694001468943 ], [ 70.512413453780027, 28.979361001468533 ], [ 70.505889453773989, 28.980528001469793 ], [ 70.499641453768163, 28.997667001485752 ], [ 70.496475453765242, 29.000389001488202 ], [ 70.489418453758617, 29.001055001488794 ], [ 70.486305453755904, 28.99966600148764 ], [ 70.481361453751333, 28.995722001483955 ], [ 70.480079453750022, 28.992527001480994 ], [ 70.484054453753743, 28.98908400147775 ], [ 70.475303453745482, 28.986334001475143 ], [ 70.474052453744434, 28.991556001479921 ], [ 70.475441453745816, 28.995527001483651 ], [ 70.489753453759022, 29.011110001498082 ], [ 70.503639453771939, 29.020027001506605 ], [ 70.518112453785534, 29.021389001507714 ], [ 70.528053453794655, 29.025084001511232 ], [ 70.54161045380738, 29.03816600152345 ], [ 70.53780345380369, 29.027639001513535 ], [ 70.533416453799646, 29.020971001507405 ], [ 70.529525453796168, 29.017973001504515 ], [ 70.524559453791426, 29.017723001504237 ], [ 70.519081453786384, 29.015417001502101 ], [ 70.516555453783894, 29.003695001491224 ], [ 70.516357453783712, 28.993361001481617 ], [ 70.516670453784172, 28.979694001468943 ] ] ] } },
{ "type": "Feature", "properties": { "NAME": null, "HYC_DESCRI": "Non-Perennial/Intermittent/Fluctuating" }, "geometry": { "type": "Polygon", "coordinates": [ [ [ 70.686447453942264, 29.014444001501261 ], [ 70.684860453940701, 29.010529001497616 ], [ 70.664253453921447, 29.005417001492788 ], [ 70.646247453904834, 29.005362001492813 ], [ 70.638694453897642, 29.003500001491147 ], [ 70.630363453889913, 28.999111001487108 ], [ 70.620750453881101, 28.987833001476474 ], [ 70.60919145387038, 28.955668001446611 ], [ 70.602943453864555, 28.950138001441474 ], [ 70.601058453862606, 28.951111001442314 ], [ 70.593559453855732, 28.962110001452629 ], [ 70.564331453828572, 28.98755600147615 ], [ 70.585083453847801, 29.000055001487908 ], [ 70.602836453864256, 29.004999001492479 ], [ 70.608970453870143, 29.008806001495941 ], [ 70.617195453877684, 29.016388001503174 ], [ 70.623497453883601, 29.026890001512811 ], [ 70.629387453889194, 29.030472001516273 ], [ 70.636024453895288, 29.031166001516794 ], [ 70.641998453900896, 29.028500001514431 ], [ 70.65472445391265, 29.015444001502146 ], [ 70.664779453921938, 29.009472001496761 ], [ 70.674499453931048, 29.010166001497282 ], [ 70.686447453942264, 29.014444001501261 ] ] ] } },
{ "type": "Feature", "properties": { "NAME": null, "HYC_DESCRI": "Non-Perennial/Intermittent/Fluctuating" }, "geometry": { "type": "Polygon", "coordinates": [ [ [ 70.602943453864555, 28.950138001441474 ], [ 70.599304453861123, 28.946917001438351 ], [ 70.589691453852083, 28.942722001434504 ], [ 70.581085453844025, 28.942472001434226 ], [ 70.562858453827175, 28.936890001428992 ], [ 70.532974453799397, 28.917723001411105 ], [ 70.517860453785261, 28.916500001409986 ], [ 70.499107453767692, 28.912750001406494 ], [ 70.480110453750058, 28.906250001400622 ], [ 70.472053453742546, 28.902056001396659 ], [ 70.459861453731264, 28.891916001387244 ], [ 70.449531453721647, 28.877861001374185 ], [ 70.435775453708857, 28.867695001364609 ], [ 70.420692453694755, 28.861666001359026 ], [ 70.401947453677167, 28.860195001357624 ], [ 70.398803453674418, 28.862473001359831 ], [ 70.408752453683519, 28.880444001376418 ], [ 70.413475453688079, 28.881971001377906 ], [ 70.427558453701067, 28.890888001386202 ], [ 70.435081453708108, 28.890638001385923 ], [ 70.440025453712678, 28.893667001388849 ], [ 70.444419453716819, 28.900110001394751 ], [ 70.442054453714718, 28.904667001399048 ], [ 70.439941453712663, 28.905583001399918 ], [ 70.434890453708022, 28.904778001399109 ], [ 70.43624845370914, 28.919584001412886 ], [ 70.450363453722275, 28.929945001422539 ], [ 70.451057453723024, 28.932667001425216 ], [ 70.444999453717401, 28.929777001422508 ], [ 70.455642453727251, 28.94100000143294 ], [ 70.464141453735238, 28.954584001445482 ], [ 70.469581453740147, 28.958750001449516 ], [ 70.474029453744379, 28.958528001449167 ], [ 70.475364453745669, 28.956917001447664 ], [ 70.474861453745234, 28.953472001444425 ], [ 70.469169453739823, 28.943582001435288 ], [ 70.4590834537305, 28.930916001423611 ], [ 70.463836453734984, 28.921305001414567 ], [ 70.468528453739282, 28.920416001413741 ], [ 70.476059453746302, 28.92777800142062 ], [ 70.479972453749951, 28.928499001421187 ], [ 70.490364453759639, 28.934278001426719 ], [ 70.494781453763608, 28.938444001430526 ], [ 70.496055453764939, 28.941889001433765 ], [ 70.495475453764357, 28.949223001440487 ], [ 70.503891453772212, 28.97052800146048 ], [ 70.514892453782522, 28.970612001460495 ], [ 70.536697453802844, 28.975834001465273 ], [ 70.564331453828572, 28.98755600147615 ], [ 70.593559453855732, 28.962110001452629 ], [ 70.601058453862606, 28.951111001442314 ], [ 70.602943453864555, 28.950138001441474 ] ] ] } },
{ "type": "Feature", "properties": { "NAME": null, "HYC_DESCRI": "Non-Perennial/Intermittent/Fluctuating" }, "geometry": { "type": "Polygon", "coordinates": [ [ [ 70.434417453707511, 28.9331400014255 ], [ 70.430335453703719, 28.937277001429493 ], [ 70.430274453703532, 28.94102900143298 ], [ 70.434753453707799, 28.946278001437804 ], [ 70.437889453710795, 28.953638001444688 ], [ 70.44403045371655, 28.959305001450048 ], [ 70.45211045372389, 28.960945001451364 ], [ 70.452918453724806, 28.95658300144737 ], [ 70.44930245372143, 28.949472001440881 ], [ 70.434776453707855, 28.936083001428415 ], [ 70.434417453707511, 28.9331400014255 ] ] ] } },
{ "type": "Feature", "properties": { "NAME": null, "HYC_DESCRI": "Non-Perennial/Intermittent/Fluctuating" }, "geometry": { "type": "Polygon", "coordinates": [ [ [ 70.429390453702808, 28.91888800141237 ], [ 70.418998453693121, 28.913973001407612 ], [ 70.416862453691238, 28.915832001409399 ], [ 70.423614453697382, 28.923834001416935 ], [ 70.426719453700343, 28.923861001416981 ], [ 70.426528453700257, 28.920111001413488 ], [ 70.429390453702808, 28.91888800141237 ] ] ] } },
{ "type": "Feature", "properties": { "NAME": null, "HYC_DESCRI": "Non-Perennial/Intermittent/Fluctuating" }, "geometry": { "type": "Polygon", "coordinates": [ [ [ 70.188331453478213, 28.703278001211402 ], [ 70.190002453479792, 28.707111001215026 ], [ 70.192169453481938, 28.721777001228702 ], [ 70.2003864534895, 28.725195001231896 ], [ 70.209503453497973, 28.733667001239837 ], [ 70.214416453502508, 28.754194001258838 ], [ 70.219169453506993, 28.754444001259117 ], [ 70.231414453518482, 28.759583001263991 ], [ 70.238197453524663, 28.76447300126847 ], [ 70.241691453528119, 28.769112001272788 ], [ 70.253723453539124, 28.773001001276498 ], [ 70.261718453546564, 28.777250001280436 ], [ 70.273498453557522, 28.781139001283918 ], [ 70.281585453565185, 28.781445001284283 ], [ 70.285331453568688, 28.783556001286343 ], [ 70.292503453575364, 28.796806001298592 ], [ 70.293807453576619, 28.803917001305308 ], [ 70.29753145357995, 28.810833001311721 ], [ 70.320663453601583, 28.833639001332813 ], [ 70.329246453609585, 28.848333001346646 ], [ 70.332557453612708, 28.856306001353914 ], [ 70.344947453624172, 28.851166001349156 ], [ 70.366058453643745, 28.848972001347192 ], [ 70.33496845361492, 28.824472001324466 ], [ 70.331642453611721, 28.815971001316484 ], [ 70.326225453606639, 28.810667001311458 ], [ 70.324447453604989, 28.806055001307186 ], [ 70.331306453611433, 28.792555001294659 ], [ 70.283081453566638, 28.765194001269265 ], [ 70.269859453554318, 28.756861001261314 ], [ 70.241416453527791, 28.734861001240915 ], [ 70.232330453519353, 28.730223001236482 ], [ 70.215553453503617, 28.716333001223575 ], [ 70.204223453493114, 28.702499001210754 ], [ 70.195747453485183, 28.687305001196592 ], [ 70.181114453471537, 28.668612001179326 ], [ 70.181747453472099, 28.682611001192299 ], [ 70.189697453479539, 28.694834001203617 ], [ 70.190193453480106, 28.69805500120674 ], [ 70.188331453478213, 28.703278001211402 ] ] ] } },
{ "type": "Feature", "properties": { "NAME": null, "HYC_DESCRI": "Non-Perennial/Intermittent/Fluctuating" }, "geometry": { "type": "Polygon", "coordinates": [ [ [ 70.312667453594031, 28.852694001350756 ], [ 70.311195453592745, 28.850666001348827 ], [ 70.291557453574342, 28.830833001330348 ], [ 70.289718453572732, 28.826834001326461 ], [ 70.289642453572696, 28.826111001325899 ], [ 70.277885453561794, 28.827583001327184 ], [ 70.273170453557441, 28.831444001330965 ], [ 70.277557453561485, 28.83813900133714 ], [ 70.298805453581281, 28.852249001350174 ], [ 70.307388453589283, 28.853472001351292 ], [ 70.312667453594031, 28.852694001350756 ] ] ] } },
{ "type": "Feature", "properties": { "NAME": null, "HYC_DESCRI": "Non-Perennial/Intermittent/Fluctuating" }, "geometry": { "type": "Polygon", "coordinates": [ [ [ 70.313056453594527, 28.835444001334508 ], [ 70.299942453582162, 28.823389001323449 ], [ 70.299110453581534, 28.833000001332266 ], [ 70.309860453591455, 28.84397300134242 ], [ 70.314636453595995, 28.84605600134455 ], [ 70.315360453596668, 28.840473001339205 ], [ 70.313056453594527, 28.835444001334508 ] ] ] } },
{ "type": "Feature", "properties": { "NAME": null, "HYC_DESCRI": "Non-Perennial/Intermittent/Fluctuating" }, "geometry": { "type": "Polygon", "coordinates": [ [ [ 70.240524453526859, 28.797388001299169 ], [ 70.239608453525989, 28.795221001297023 ], [ 70.241752453528079, 28.789028001291399 ], [ 70.247474453533414, 28.787472001289871 ], [ 70.255531453540925, 28.790501001292796 ], [ 70.260612453545718, 28.789972001292199 ], [ 70.26205445354708, 28.787500001290027 ], [ 70.260635453545547, 28.785805001288281 ], [ 70.248916453534775, 28.778360001281499 ], [ 70.23921945352572, 28.775333001278568 ], [ 70.230697453517678, 28.775250001278437 ], [ 70.20880845349734, 28.766027001270004 ], [ 70.201057453490193, 28.760723001264978 ], [ 70.198219453487582, 28.760889001265241 ], [ 70.197975453487288, 28.762556001266603 ], [ 70.214386453502584, 28.772778001276265 ], [ 70.216247453504366, 28.775723001278948 ], [ 70.214584453502766, 28.776527001279646 ], [ 70.207496453496105, 28.775000001278386 ], [ 70.206275453494982, 28.777277001280481 ], [ 70.212692453500949, 28.791555001293773 ], [ 70.230079453517192, 28.801361001302894 ], [ 70.235809453522506, 28.800778001302206 ], [ 70.240524453526859, 28.797388001299169 ] ] ] } },
{ "type": "Feature", "properties": { "NAME": null, "HYC_DESCRI": "Non-Perennial/Intermittent/Fluctuating" }, "geometry": { "type": "Polygon", "coordinates": [ [ [ 70.167305453458766, 28.694666001203586 ], [ 70.157218453449332, 28.697971001206497 ], [ 70.149414453441977, 28.697889001206477 ], [ 70.143081453436253, 28.69322200120223 ], [ 70.140083453433363, 28.688168001197482 ], [ 70.12171945341629, 28.681694001191318 ], [ 70.112808453407979, 28.675945001185937 ], [ 70.093780453390309, 28.652334001164036 ], [ 70.077919453375443, 28.637527001150374 ], [ 70.073997453371931, 28.630362001143567 ], [ 70.075584453373267, 28.61911200113309 ], [ 70.074081453371946, 28.609472001124232 ], [ 70.071777453369805, 28.606306001121084 ], [ 70.064025453362547, 28.602249001117343 ], [ 70.054336453353471, 28.602333001117586 ], [ 70.040969453341177, 28.608444001123189 ], [ 70.024887453326073, 28.608667001123422 ], [ 70.014808453316618, 28.603111001118123 ], [ 70.004165453306769, 28.588362001104542 ], [ 70.000640453303504, 28.586639001102867 ], [ 69.99238545329581, 28.585501001101875 ], [ 69.9821934532863, 28.586416001102634 ], [ 69.96794145327317, 28.590611001106481 ], [ 69.960113453265876, 28.590918001106957 ], [ 69.960304453265962, 28.594694001110383 ], [ 69.972358453277138, 28.609249001123999 ], [ 69.974998453279568, 28.611416001125917 ], [ 69.9769744532814, 28.611973001126444 ], [ 69.984054453288081, 28.606083001121078 ], [ 69.990524453294029, 28.6077210011224 ], [ 69.997718453300877, 28.615139001129364 ], [ 70.004890453307553, 28.625973001139528 ], [ 70.009941453312194, 28.636889001149711 ], [ 70.017440453319068, 28.644083001156332 ], [ 70.029274453330117, 28.659056001170256 ], [ 70.041420453341516, 28.669445001180065 ], [ 70.049636453349194, 28.673944001184282 ], [ 70.059585453358522, 28.683167001192714 ], [ 70.065391453363873, 28.686361001195792 ], [ 70.081497453378915, 28.688305001197477 ], [ 70.090057453386862, 28.693417001202306 ], [ 70.094947453391342, 28.698278001206745 ], [ 70.095169453391463, 28.702528001210794 ], [ 70.098419453394627, 28.704195001212383 ], [ 70.102836453398595, 28.709028001216893 ], [ 70.108306453403884, 28.721834001228672 ], [ 70.112274453407508, 28.725861001232488 ], [ 70.117447453412296, 28.728222001234826 ], [ 70.139053453432325, 28.72597300123266 ], [ 70.143058453436197, 28.727057001233561 ], [ 70.149109453441724, 28.730278001236684 ], [ 70.158386453450476, 28.732250001238526 ], [ 70.1527254534451, 28.726000001232705 ], [ 70.133529453427172, 28.718082001225184 ], [ 70.127861453421929, 28.713667001221211 ], [ 70.125030453419413, 28.70974900121746 ], [ 70.126419453420567, 28.700582001208886 ], [ 70.130081453424054, 28.697861001206547 ], [ 70.137886453431292, 28.698833001207277 ], [ 70.159835453451706, 28.715723001223068 ], [ 70.163780453455502, 28.714611001222011 ], [ 70.168586453459966, 28.69902800120758 ], [ 70.167305453458766, 28.694666001203586 ] ] ] } },
{ "type": "Feature", "properties": { "NAME": null, "HYC_DESCRI": "Non-Perennial/Intermittent/Fluctuating" }, "geometry": { "type": "Polygon", "coordinates": [ [ [ 69.98830445329213, 28.632029001145156 ], [ 69.984085453288117, 28.630083001143248 ], [ 69.972389453277174, 28.621166001134952 ], [ 69.969085453274147, 28.62133400113521 ], [ 69.970413453275341, 28.625528001139173 ], [ 69.976219453280692, 28.632278001145323 ], [ 69.981056453285191, 28.641333001153725 ], [ 69.998107453301145, 28.652834001164592 ], [ 69.994331453297718, 28.641027001153589 ], [ 69.98830445329213, 28.632029001145156 ] ] ] } },
{ "type": "Feature", "properties": { "NAME": null, "HYC_DESCRI": "Non-Perennial/Intermittent/Fluctuating" }, "geometry": { "type": "Polygon", "coordinates": [ [ [ 69.970886453275853, 28.584389001100817 ], [ 69.970497453275357, 28.579361001096004 ], [ 69.976471453280965, 28.56083300107889 ], [ 69.973587453278242, 28.54891600106771 ], [ 69.959274453264925, 28.542667001062 ], [ 69.94511445325179, 28.541027001060456 ], [ 69.939247453246253, 28.53844500105788 ], [ 69.93274645324027, 28.530611001050602 ], [ 69.919281453227768, 28.530445001050566 ], [ 69.911918453220778, 28.533472001053269 ], [ 69.899002453208823, 28.542499001061742 ], [ 69.903831453213343, 28.54841600106738 ], [ 69.931526453239258, 28.561722001079715 ], [ 69.947860453254407, 28.57405500109121 ], [ 69.960197453265891, 28.586750001102928 ], [ 69.963279453268797, 28.587000001103206 ], [ 69.970886453275853, 28.584389001100817 ] ] ] } },
{ "type": "Feature", "properties": { "NAME": null, "HYC_DESCRI": "Non-Perennial/Intermittent/Fluctuating" }, "geometry": { "type": "Polygon", "coordinates": [ [ [ 69.851219453164276, 28.564556001082337 ], [ 69.852447453165496, 28.566944001084494 ], [ 69.860054453172552, 28.568083001085597 ], [ 69.851219453164276, 28.564556001082337 ] ] ] } },
{ "type": "Feature", "properties": { "NAME": null, "HYC_DESCRI": "Non-Perennial/Intermittent/Fluctuating" }, "geometry": { "type": "Polygon", "coordinates": [ [ [ 69.808807453124928, 28.560888001078865 ], [ 69.804862453121132, 28.555834001074118 ], [ 69.803413453119902, 28.54452700106367 ], [ 69.79983545311643, 28.5355550010554 ], [ 69.796524453113307, 28.533556001053512 ], [ 69.78575145310333, 28.528194001048405 ], [ 69.765052453084081, 28.509083001030604 ], [ 69.76258045308191, 28.502806001024737 ], [ 69.76457945308357, 28.483805001007113 ], [ 69.763832453083069, 28.47336200099744 ], [ 69.762527453081702, 28.467277000991771 ], [ 69.752777453072667, 28.446251000972097 ], [ 69.738723453059492, 28.440195000966469 ], [ 69.72708145304864, 28.439611000965897 ], [ 69.727973453049572, 28.445807000971627 ], [ 69.736640453057589, 28.457138000982241 ], [ 69.737861453058713, 28.463583000988365 ], [ 69.732192453053585, 28.478889001002472 ], [ 69.732940453054198, 28.48189000100524 ], [ 69.742752453063304, 28.487028001010003 ], [ 69.748390453068623, 28.49236100101507 ], [ 69.765892453084916, 28.523750001044391 ], [ 69.777969453096148, 28.535360001055096 ], [ 69.786720453104181, 28.541166001060446 ], [ 69.808219453124366, 28.56441700108212 ], [ 69.808807453124928, 28.560888001078865 ] ] ] } },
{ "type": "Feature", "properties": { "NAME": null, "HYC_DESCRI": "Non-Perennial/Intermittent/Fluctuating" }, "geometry": { "type": "Polygon", "coordinates": [ [ [ 69.918113453226624, 28.517279001038332 ], [ 69.916252453224843, 28.514111001035417 ], [ 69.917945453226594, 28.498056001020359 ], [ 69.916664453225394, 28.491138001013951 ], [ 69.911331453220328, 28.484583001007877 ], [ 69.909248453218424, 28.468695000992966 ], [ 69.906669453215954, 28.460945000985703 ], [ 69.887222453197865, 28.458361000983359 ], [ 69.8720854531839, 28.459194000984098 ], [ 69.87310745318473, 28.461861000986573 ], [ 69.874191453185858, 28.46188900098673 ], [ 69.893806453203979, 28.473084000997005 ], [ 69.901779453211475, 28.479360001002988 ], [ 69.906112453215428, 28.487194001010266 ], [ 69.904274453213702, 28.48972100101264 ], [ 69.898002453207937, 28.492861001015626 ], [ 69.89330245320366, 28.493278001015824 ], [ 69.887031453197778, 28.497833001020126 ], [ 69.885696453196488, 28.500305001022525 ], [ 69.88761145319836, 28.503277001025253 ], [ 69.896003453206049, 28.510695001032218 ], [ 69.902610453212219, 28.511000001032471 ], [ 69.911003453220019, 28.517389001038282 ], [ 69.918113453226624, 28.517279001038332 ] ] ] } },
{ "type": "Feature", "properties": { "NAME": null, "HYC_DESCRI": "Non-Perennial/Intermittent/Fluctuating" }, "geometry": { "type": "Polygon", "coordinates": [ [ [ 69.860496453173027, 28.45880500098383 ], [ 69.8720854531839, 28.459194000984098 ], [ 69.887222453197865, 28.458361000983359 ], [ 69.906669453215954, 28.460945000985703 ], [ 69.903335453213003, 28.458723000983809 ], [ 69.889114453199682, 28.452168000977736 ], [ 69.87666345318803, 28.452278000977685 ], [ 69.870971453182847, 28.450861000976374 ], [ 69.859359453171919, 28.437084000963523 ], [ 69.857330453170107, 28.437277000963832 ], [ 69.854309453167161, 28.435778000962273 ], [ 69.852584453165719, 28.432722000959529 ], [ 69.845695453159124, 28.428722000955759 ], [ 69.83061245314525, 28.426861000953977 ], [ 69.797447453114273, 28.431833000958704 ], [ 69.789306453106747, 28.431555000958497 ], [ 69.784805453102535, 28.438360000964849 ], [ 69.78563645310328, 28.456333000981431 ], [ 69.81077545312678, 28.465666000990268 ], [ 69.834663453149005, 28.460278000985227 ], [ 69.860496453173027, 28.45880500098383 ] ] ] } },
{ "type": "Feature", "properties": { "NAME": null, "HYC_DESCRI": "Non-Perennial/Intermittent/Fluctuating" }, "geometry": { "type": "Polygon", "coordinates": [ [ [ 69.8720854531839, 28.459194000984098 ], [ 69.860496453173027, 28.45880500098383 ], [ 69.86563845317778, 28.461584000986477 ], [ 69.87310745318473, 28.461861000986573 ], [ 69.8720854531839, 28.459194000984098 ] ] ] } },
{ "type": "Feature", "properties": { "NAME": null, "HYC_DESCRI": "Non-Perennial/Intermittent/Fluctuating" }, "geometry": { "type": "Polygon", "coordinates": [ [ [ 69.789306453106747, 28.431555000958497 ], [ 69.77999845309796, 28.429722000956644 ], [ 69.767440453086238, 28.432056000958937 ], [ 69.761802453081145, 28.430084000957095 ], [ 69.751586453071468, 28.421806000949346 ], [ 69.743942453064392, 28.412695000940857 ], [ 69.74030345306096, 28.404917000933665 ], [ 69.736190453057134, 28.398582000927718 ], [ 69.727943453049647, 28.409527000937942 ], [ 69.725028453046889, 28.413889000941936 ], [ 69.740249453061097, 28.420999000948541 ], [ 69.745552453066011, 28.428389000955576 ], [ 69.743858453064377, 28.429001000956077 ], [ 69.738082453058951, 28.42347100095094 ], [ 69.731475453052781, 28.423166000950687 ], [ 69.731857453053181, 28.426722000953987 ], [ 69.740501453061142, 28.432083000958983 ], [ 69.747886453068077, 28.440945000967076 ], [ 69.752136453072126, 28.441639000967825 ], [ 69.753913453073665, 28.434778000961387 ], [ 69.751113453071184, 28.43369500096037 ], [ 69.74996945306998, 28.431389000958234 ], [ 69.751663453071615, 28.429945000956877 ], [ 69.755165453074824, 28.43061100095747 ], [ 69.760307453079577, 28.434860000961407 ], [ 69.770805453089451, 28.453833000979103 ], [ 69.78563645310328, 28.456333000981431 ], [ 69.784805453102535, 28.438360000964849 ], [ 69.789306453106747, 28.431555000958497 ] ] ] } },
{ "type": "Feature", "properties": { "NAME": null, "HYC_DESCRI": "Non-Perennial/Intermittent/Fluctuating" }, "geometry": { "type": "Polygon", "coordinates": [ [ [ 69.859359453171919, 28.437084000963523 ], [ 69.858665453171398, 28.436277000962946 ], [ 69.852584453165719, 28.432722000959529 ], [ 69.854309453167161, 28.435778000962273 ], [ 69.857330453170107, 28.437277000963832 ], [ 69.859359453171919, 28.437084000963523 ] ] ] } },
{ "type": "Feature", "properties": { "NAME": null, "HYC_DESCRI": "Non-Perennial/Intermittent/Fluctuating" }, "geometry": { "type": "Polygon", "coordinates": [ [ [ 69.789306453106747, 28.431555000958497 ], [ 69.797111453113985, 28.42350000095098 ], [ 69.798637453115361, 28.418501000946208 ], [ 69.797279453114015, 28.415750000943717 ], [ 69.790725453108053, 28.411501000939779 ], [ 69.789085453106509, 28.399139000928244 ], [ 69.78441645310204, 28.394695000924003 ], [ 69.78355445310126, 28.389668000919528 ], [ 69.785026453102773, 28.387806000917635 ], [ 69.791885453108989, 28.387278000917149 ], [ 69.793113453110209, 28.385195000915246 ], [ 69.788444453105967, 28.381805000912209 ], [ 69.786636453104165, 28.376333000906925 ], [ 69.78778045310537, 28.374195000905047 ], [ 69.783195453100916, 28.368999000900203 ], [ 69.761222453080563, 28.363972000895501 ], [ 69.760696453080072, 28.363640000895202 ], [ 69.758499453078002, 28.366751000898148 ], [ 69.760582453079905, 28.369499000900532 ], [ 69.762527453081702, 28.378277000908838 ], [ 69.761001453080326, 28.385361000915509 ], [ 69.756111453075846, 28.393028000922641 ], [ 69.74030345306096, 28.404917000933665 ], [ 69.743942453064392, 28.412695000940857 ], [ 69.751586453071468, 28.421806000949346 ], [ 69.761802453081145, 28.430084000957095 ], [ 69.767440453086238, 28.432056000958937 ], [ 69.77999845309796, 28.429722000956644 ], [ 69.789306453106747, 28.431555000958497 ] ] ] } },
{ "type": "Feature", "properties": { "NAME": null, "HYC_DESCRI": "Non-Perennial/Intermittent/Fluctuating" }, "geometry": { "type": "Polygon", "coordinates": [ [ [ 69.83061245314525, 28.426861000953977 ], [ 69.822692453137734, 28.426527000953683 ], [ 69.819358453134782, 28.424667000952013 ], [ 69.808364453124341, 28.410111000938514 ], [ 69.800331453116996, 28.388445000918182 ], [ 69.78778045310537, 28.374195000905047 ], [ 69.786636453104165, 28.376333000906925 ], [ 69.788444453105967, 28.381805000912209 ], [ 69.793113453110209, 28.385195000915246 ], [ 69.791885453108989, 28.387278000917149 ], [ 69.785026453102773, 28.387806000917635 ], [ 69.78355445310126, 28.389668000919528 ], [ 69.78441645310204, 28.394695000924003 ], [ 69.789085453106509, 28.399139000928244 ], [ 69.790725453108053, 28.411501000939779 ], [ 69.797279453114015, 28.415750000943717 ], [ 69.798637453115361, 28.418501000946208 ], [ 69.797111453113985, 28.42350000095098 ], [ 69.789306453106747, 28.431555000958497 ], [ 69.797447453114273, 28.431833000958704 ], [ 69.83061245314525, 28.426861000953977 ] ] ] } },
{ "type": "Feature", "properties": { "NAME": null, "HYC_DESCRI": "Non-Perennial/Intermittent/Fluctuating" }, "geometry": { "type": "Polygon", "coordinates": [ [ [ 69.643386452970844, 28.385500000915499 ], [ 69.639724452967357, 28.380638000910949 ], [ 69.636024452963966, 28.371861000902754 ], [ 69.63777945296556, 28.377611000908246 ], [ 69.632499452960701, 28.38375100091389 ], [ 69.644607452971968, 28.391001000920596 ], [ 69.646385452973618, 28.393999000923486 ], [ 69.651558452978406, 28.395666000925075 ], [ 69.661552452987735, 28.403334000932091 ], [ 69.668029452993778, 28.405695000934429 ], [ 69.676582453001629, 28.40580600093449 ], [ 69.694114453018074, 28.413778000941875 ], [ 69.706558453029629, 28.416584000944567 ], [ 69.702613453026061, 28.412500000940781 ], [ 69.685363453009813, 28.400972000929869 ], [ 69.677635453002722, 28.397943000927171 ], [ 69.666053452991946, 28.397333000926665 ], [ 69.657470452983944, 28.390944000920626 ], [ 69.643775452971113, 28.389473000919224 ], [ 69.643386452970844, 28.385500000915499 ] ] ] } },
{ "type": "Feature", "properties": { "NAME": null, "HYC_DESCRI": "Non-Perennial/Intermittent/Fluctuating" }, "geometry": { "type": "Polygon", "coordinates": [ [ [ 69.727943453049647, 28.409527000937942 ], [ 69.724807453046651, 28.400499000929585 ], [ 69.709358453032337, 28.381472000911799 ], [ 69.696830453020539, 28.370028000901129 ], [ 69.684448453009054, 28.363361000894884 ], [ 69.683944453008507, 28.377138000907735 ], [ 69.697586453021358, 28.403667000932501 ], [ 69.702888453026162, 28.410223000938458 ], [ 69.707862453030884, 28.410917000939207 ], [ 69.709083453032008, 28.408417000936879 ], [ 69.700164453023717, 28.392834000922448 ], [ 69.701637453025114, 28.390139000919817 ], [ 69.703971453027179, 28.39080600092052 ], [ 69.706474453029614, 28.39563900092503 ], [ 69.717803453040005, 28.408333000936864 ], [ 69.725028453046889, 28.413889000941936 ], [ 69.727943453049647, 28.409527000937942 ] ] ] } },
{ "type": "Feature", "properties": { "NAME": null, "HYC_DESCRI": "Non-Perennial/Intermittent/Fluctuating" }, "geometry": { "type": "Polygon", "coordinates": [ [ [ 69.736190453057134, 28.398582000927718 ], [ 69.758499453078002, 28.366751000898148 ], [ 69.751525453071508, 28.358166000890151 ], [ 69.740417453061127, 28.351944000884259 ], [ 69.731193453052583, 28.348972000881531 ], [ 69.728332453049916, 28.348473000881086 ], [ 69.718025453040354, 28.34755500088022 ], [ 69.704307453027468, 28.349861000882356 ], [ 69.696525453020286, 28.347860000880473 ], [ 69.68630245301074, 28.351473000883743 ], [ 69.684448453009054, 28.363361000894884 ], [ 69.696830453020539, 28.370028000901129 ], [ 69.709358453032337, 28.381472000911799 ], [ 69.724807453046651, 28.400499000929585 ], [ 69.727943453049647, 28.409527000937942 ], [ 69.736190453057134, 28.398582000927718 ] ] ] } },
{ "type": "Feature", "properties": { "NAME": null, "HYC_DESCRI": "Non-Perennial/Intermittent/Fluctuating" }, "geometry": { "type": "Polygon", "coordinates": [ [ [ 69.758499453078002, 28.366751000898148 ], [ 69.736190453057134, 28.398582000927718 ], [ 69.74030345306096, 28.404917000933665 ], [ 69.756111453075846, 28.393028000922641 ], [ 69.761001453080326, 28.385361000915509 ], [ 69.762527453081702, 28.378277000908838 ], [ 69.760582453079905, 28.369499000900532 ], [ 69.758499453078002, 28.366751000898148 ] ] ] } },
{ "type": "Feature", "properties": { "NAME": null, "HYC_DESCRI": "Non-Perennial/Intermittent/Fluctuating" }, "geometry": { "type": "Polygon", "coordinates": [ [ [ 69.64180745296926, 28.358528000890374 ], [ 69.634307452962275, 28.367834000899165 ], [ 69.639724452967357, 28.380638000910949 ], [ 69.643386452970844, 28.385500000915499 ], [ 69.656112452982597, 28.387167000917088 ], [ 69.662887452989025, 28.392305000921851 ], [ 69.669914452995499, 28.394472000923997 ], [ 69.684974453009545, 28.396360000925597 ], [ 69.687141453011463, 28.394112000923542 ], [ 69.678276453003264, 28.377056000907714 ], [ 69.677307453002413, 28.36658300089789 ], [ 69.681579453006407, 28.352861000885241 ], [ 69.676612453001781, 28.328777000862829 ], [ 69.672470452997914, 28.322640000857064 ], [ 69.658302452984799, 28.311167000846353 ], [ 69.637725452965469, 28.301861000837562 ], [ 69.632057452960225, 28.302195000837855 ], [ 69.628219452956728, 28.305056000840523 ], [ 69.626975452955548, 28.309639000844982 ], [ 69.637527452965287, 28.335695000869237 ], [ 69.641441452969048, 28.341194000874339 ], [ 69.645225452972454, 28.352945000885256 ], [ 69.64180745296926, 28.358528000890374 ] ] ] } },
{ "type": "Feature", "properties": { "NAME": null, "HYC_DESCRI": "Non-Perennial/Intermittent/Fluctuating" }, "geometry": { "type": "Polygon", "coordinates": [ [ [ 69.634307452962275, 28.367834000899165 ], [ 69.623779452952476, 28.351166000883495 ], [ 69.605224452935317, 28.334583000868179 ], [ 69.590469452921525, 28.304667000840254 ], [ 69.58333545291498, 28.297472000833523 ], [ 69.571640452903921, 28.291639000828127 ], [ 69.565635452898277, 28.290445000827049 ], [ 69.56400245289683, 28.295305000831604 ], [ 69.553718452887324, 28.306667000842026 ], [ 69.553665452887344, 28.310806000846014 ], [ 69.557441452890771, 28.317944000852549 ], [ 69.567169452899861, 28.326555000860708 ], [ 69.576500452908476, 28.345249000878084 ], [ 69.582641452914231, 28.350611000882964 ], [ 69.583915452915335, 28.353138000885338 ], [ 69.580192452911888, 28.359306000891138 ], [ 69.591499452922562, 28.367001000898426 ], [ 69.601303452931688, 28.369862000901094 ], [ 69.610916452940501, 28.369749000900811 ], [ 69.616165452945552, 28.365889000897369 ], [ 69.603805452934012, 28.358862000890667 ], [ 69.600502452930868, 28.353111000885292 ], [ 69.603164452933243, 28.348528000881061 ], [ 69.612747452942358, 28.350695000883206 ], [ 69.623802452952532, 28.357945000889913 ], [ 69.635719452963713, 28.371195000902162 ], [ 69.634307452962275, 28.367834000899165 ] ] ] } },
{ "type": "Feature", "properties": { "NAME": null, "HYC_DESCRI": "Non-Perennial/Intermittent/Fluctuating" }, "geometry": { "type": "Polygon", "coordinates": [ [ [ 69.64180745296926, 28.358528000890374 ], [ 69.641502452969007, 28.350584000882918 ], [ 69.63197345296021, 28.331028000864762 ], [ 69.624137452952937, 28.309166000844471 ], [ 69.618164452947212, 28.301556000837309 ], [ 69.610221452939868, 28.297251000833285 ], [ 69.600364452930762, 28.295444000831594 ], [ 69.594055452924749, 28.291779000828228 ], [ 69.583641452915117, 28.282000000819153 ], [ 69.577140452909134, 28.27730600081486 ], [ 69.571029452903304, 28.275972000813454 ], [ 69.56475045289767, 28.270445000808422 ], [ 69.56099645289396, 28.258055000796958 ], [ 69.560806452893985, 28.253221000792337 ], [ 69.554138452887628, 28.261444000800111 ], [ 69.554832452888377, 28.266500000804626 ], [ 69.56652845289932, 28.282250000819431 ], [ 69.566970452899568, 28.286388000823308 ], [ 69.565635452898277, 28.290445000827049 ], [ 69.571640452903921, 28.291639000828127 ], [ 69.58333545291498, 28.297472000833523 ], [ 69.590469452921525, 28.304667000840254 ], [ 69.605224452935317, 28.334583000868179 ], [ 69.623779452952476, 28.351166000883495 ], [ 69.634307452962275, 28.367834000899165 ], [ 69.64180745296926, 28.358528000890374 ] ] ] } },
{ "type": "Feature", "properties": { "NAME": null, "HYC_DESCRI": "Non-Perennial/Intermittent/Fluctuating" }, "geometry": { "type": "Polygon", "coordinates": [ [ [ 69.696525453020286, 28.347860000880473 ], [ 69.693527453017396, 28.345306000878054 ], [ 69.693557453017547, 28.343195000876221 ], [ 69.693000453017021, 28.342388000875417 ], [ 69.690834453014986, 28.330668000864534 ], [ 69.691948453016039, 28.322140000856507 ], [ 69.689392453013625, 28.314972000849821 ], [ 69.694030453018058, 28.306055000841525 ], [ 69.692443453016494, 28.30247300083829 ], [ 69.688026453012299, 28.29949900083534 ], [ 69.683441453008072, 28.29139000082796 ], [ 69.682472453007222, 28.290611000827084 ], [ 69.677360453002393, 28.290138000826801 ], [ 69.664833452990706, 28.303722000839343 ], [ 69.671363452996957, 28.308222000843671 ], [ 69.682662453007424, 28.320500000854963 ], [ 69.686553453010902, 28.339582000872724 ], [ 69.68630245301074, 28.351473000883743 ], [ 69.696525453020286, 28.347860000880473 ] ] ] } },
{ "type": "Feature", "properties": { "NAME": null, "HYC_DESCRI": "Non-Perennial/Intermittent/Fluctuating" }, "geometry": { "type": "Polygon", "coordinates": [ [ [ 69.728332453049916, 28.348473000881086 ], [ 69.719917453042171, 28.347027000879734 ], [ 69.710357453033112, 28.343721000876712 ], [ 69.701805453025145, 28.344555000877335 ], [ 69.696052453019774, 28.346777000879456 ], [ 69.693557453017547, 28.343195000876221 ], [ 69.693527453017396, 28.345306000878054 ], [ 69.696525453020286, 28.347860000880473 ], [ 69.704307453027468, 28.349861000882356 ], [ 69.718025453040354, 28.34755500088022 ], [ 69.728332453049916, 28.348473000881086 ] ] ] } },
{ "type": "Feature", "properties": { "NAME": null, "HYC_DESCRI": "Non-Perennial/Intermittent/Fluctuating" }, "geometry": { "type": "Polygon", "coordinates": [ [ [ 69.539833452874291, 28.306278000841758 ], [ 69.519943452855841, 28.29197300082842 ], [ 69.518837452854768, 28.298695000834641 ], [ 69.510223452846731, 28.319250000853799 ], [ 69.510948452847515, 28.323389000857787 ], [ 69.515274452851372, 28.327555000861594 ], [ 69.523307452858944, 28.328806000862642 ], [ 69.532974452868075, 28.324333000858587 ], [ 69.539833452874291, 28.306278000841758 ] ] ] } },
{ "type": "Feature", "properties": { "NAME": null, "HYC_DESCRI": "Non-Perennial/Intermittent/Fluctuating" }, "geometry": { "type": "Polygon", "coordinates": [ [ [ 69.694694453018656, 28.302055000837754 ], [ 69.692443453016494, 28.30247300083829 ], [ 69.694030453018058, 28.306055000841525 ], [ 69.689392453013625, 28.314972000849821 ], [ 69.691948453016039, 28.322140000856507 ], [ 69.692276453016348, 28.319416000854062 ], [ 69.697364453021009, 28.309389000844703 ], [ 69.694694453018656, 28.302055000837754 ] ] ] } },
{ "type": "Feature", "properties": { "NAME": null, "HYC_DESCRI": "Non-Perennial/Intermittent/Fluctuating" }, "geometry": { "type": "Polygon", "coordinates": [ [ [ 69.55213945288574, 28.287806000824503 ], [ 69.547447452881443, 28.286861000823592 ], [ 69.539749452874275, 28.282778000819917 ], [ 69.527946452863262, 28.271084000808969 ], [ 69.519691452855568, 28.270555000808599 ], [ 69.514503452850704, 28.272139000810057 ], [ 69.518890452854748, 28.278944000816409 ], [ 69.521110452856874, 28.284944000821952 ], [ 69.519943452855841, 28.29197300082842 ], [ 69.539833452874291, 28.306278000841758 ], [ 69.55213945288574, 28.287806000824503 ] ] ] } },
{ "type": "Feature", "properties": { "NAME": null, "HYC_DESCRI": "Non-Perennial/Intermittent/Fluctuating" }, "geometry": { "type": "Polygon", "coordinates": [ [ [ 69.682472453007222, 28.290611000827084 ], [ 69.680778453005587, 28.289249000825976 ], [ 69.671363452996957, 28.275362000812947 ], [ 69.655723452982329, 28.263500000801969 ], [ 69.653694452980289, 28.260250000798806 ], [ 69.653503452980203, 28.255444000794341 ], [ 69.657775452984197, 28.24652900078604 ], [ 69.659248452985594, 28.232555000773118 ], [ 69.658386452984814, 28.219444000760859 ], [ 69.652336452979171, 28.207695000749936 ], [ 69.646247452973512, 28.200138000742982 ], [ 69.633613452961754, 28.194944000738133 ], [ 69.624420452953245, 28.198250000741155 ], [ 69.62322245295195, 28.201140000743862 ], [ 69.605468452935384, 28.216333000757913 ], [ 69.607749452937696, 28.220333000761684 ], [ 69.607391452937236, 28.226389000767313 ], [ 69.601196452931617, 28.240917000780883 ], [ 69.601585452931886, 28.245722000785463 ], [ 69.60500345293508, 28.252056000791299 ], [ 69.610778452940394, 28.257166000796133 ], [ 69.617805452946868, 28.259972000798598 ], [ 69.639473452967195, 28.260944000799554 ], [ 69.65283245297951, 28.265333000803594 ], [ 69.660499452986642, 28.271278000809161 ], [ 69.664833452990706, 28.279083000816399 ], [ 69.664917452990949, 28.286806000823617 ], [ 69.662750452988803, 28.289278000826016 ], [ 69.658226452984536, 28.29152900082795 ], [ 69.643142452970551, 28.290861000827363 ], [ 69.640945452968481, 28.293333000829762 ], [ 69.664833452990706, 28.303722000839343 ], [ 69.677360453002393, 28.290138000826801 ], [ 69.682472453007222, 28.290611000827084 ] ] ] } },
{ "type": "Feature", "properties": { "NAME": null, "HYC_DESCRI": "Non-Perennial/Intermittent/Fluctuating" }, "geometry": { "type": "Polygon", "coordinates": [ [ [ 69.694694453018656, 28.302055000837754 ], [ 69.6938624530178, 28.299694000835643 ], [ 69.683441453008072, 28.29139000082796 ], [ 69.688026453012299, 28.29949900083534 ], [ 69.692443453016494, 28.30247300083829 ], [ 69.694694453018656, 28.302055000837754 ] ] ] } },
{ "type": "Feature", "properties": { "NAME": null, "HYC_DESCRI": "Non-Perennial/Intermittent/Fluctuating" }, "geometry": { "type": "Polygon", "coordinates": [ [ [ 69.660499452986642, 28.271278000809161 ], [ 69.657638452983974, 28.272694000810588 ], [ 69.650802452977814, 28.272612000810341 ], [ 69.647331452974413, 28.270027000808113 ], [ 69.645530452972707, 28.266056000804383 ], [ 69.646057452973309, 28.263140000801513 ], [ 69.639473452967195, 28.260944000799554 ], [ 69.617805452946868, 28.259972000798598 ], [ 69.610778452940394, 28.257166000796133 ], [ 69.60500345293508, 28.252056000791299 ], [ 69.601585452931886, 28.245722000785463 ], [ 69.601196452931617, 28.240917000780883 ], [ 69.607391452937236, 28.226389000767313 ], [ 69.607749452937696, 28.220333000761684 ], [ 69.605468452935384, 28.216333000757913 ], [ 69.603141452933414, 28.21464000075639 ], [ 69.589530452920599, 28.211916000753945 ], [ 69.583473452915086, 28.207834000750154 ], [ 69.565498452898282, 28.18813900073178 ], [ 69.551445452885218, 28.18413900072801 ], [ 69.535141452869993, 28.185556000729321 ], [ 69.524139452859799, 28.19311100073628 ], [ 69.529525452864846, 28.194250000737384 ], [ 69.537696452872297, 28.198973000741717 ], [ 69.546607452880608, 28.200777000743528 ], [ 69.556167452889667, 28.206167000748565 ], [ 69.560333452893474, 28.210417000752386 ], [ 69.56394145289687, 28.218389000759998 ], [ 69.566001452898718, 28.232639000773133 ], [ 69.566474452899229, 28.255417000794296 ], [ 69.598663452929031, 28.28580500082262 ], [ 69.601219452931446, 28.286472000823323 ], [ 69.609085452938871, 28.284082000821172 ], [ 69.624496452953281, 28.291416000827894 ], [ 69.640945452968481, 28.293333000829762 ], [ 69.643142452970551, 28.290861000827363 ], [ 69.658226452984536, 28.29152900082795 ], [ 69.662750452988803, 28.289278000826016 ], [ 69.664917452990949, 28.286806000823617 ], [ 69.664833452990706, 28.279083000816399 ], [ 69.660499452986642, 28.271278000809161 ] ] ] } },
{ "type": "Feature", "properties": { "NAME": null, "HYC_DESCRI": "Non-Perennial/Intermittent/Fluctuating" }, "geometry": { "type": "Polygon", "coordinates": [ [ [ 69.541473452875834, 28.245806000785478 ], [ 69.539024452873491, 28.248083000787574 ], [ 69.519973452855766, 28.257389000796138 ], [ 69.527946452863262, 28.271084000808969 ], [ 69.539749452874275, 28.282778000819917 ], [ 69.547447452881443, 28.286861000823592 ], [ 69.55213945288574, 28.287806000824503 ], [ 69.554832452888377, 28.283722000820717 ], [ 69.55594645288943, 28.279833000817234 ], [ 69.55213945288574, 28.273361000811065 ], [ 69.547470452881498, 28.27422200081196 ], [ 69.541946452876346, 28.27991700081725 ], [ 69.537307452872028, 28.277555000815028 ], [ 69.534301452869158, 28.270861000808736 ], [ 69.543418452877631, 28.250084000789457 ], [ 69.541473452875834, 28.245806000785478 ] ] ] } },
{ "type": "Feature", "properties": { "NAME": null, "HYC_DESCRI": "Non-Perennial/Intermittent/Fluctuating" }, "geometry": { "type": "Polygon", "coordinates": [ [ [ 69.527946452863262, 28.271084000808969 ], [ 69.519973452855766, 28.257389000796138 ], [ 69.510414452847044, 28.252640000791871 ], [ 69.505333452842251, 28.247528000787042 ], [ 69.504554452841603, 28.239584000779587 ], [ 69.492691452830513, 28.232084000772602 ], [ 69.484497452822779, 28.22922100076994 ], [ 69.475997452814909, 28.228889000769641 ], [ 69.436943452778451, 28.236389000776626 ], [ 69.402191452746138, 28.240389000780397 ], [ 69.385170452730335, 28.23894500077904 ], [ 69.391639452736399, 28.243444000783256 ], [ 69.399169452743308, 28.244223000783904 ], [ 69.404891452748643, 28.241751000781733 ], [ 69.415275452758351, 28.240278000780336 ], [ 69.438613452780146, 28.239416000779556 ], [ 69.452163452792774, 28.234528000774844 ], [ 69.460746452800777, 28.233029000773513 ], [ 69.479141452817885, 28.234638000775021 ], [ 69.489891452827806, 28.241638000781677 ], [ 69.496002452833636, 28.250444000789685 ], [ 69.507751452844559, 28.261612000800142 ], [ 69.514503452850704, 28.272139000810057 ], [ 69.519691452855568, 28.270555000808599 ], [ 69.527946452863262, 28.271084000808969 ] ] ] } },
{ "type": "Feature", "properties": { "NAME": null, "HYC_DESCRI": "Non-Perennial/Intermittent/Fluctuating" }, "geometry": { "type": "Polygon", "coordinates": [ [ [ 69.541473452875834, 28.245806000785478 ], [ 69.535888452870722, 28.233473000773984 ], [ 69.537277452871876, 28.228195000769119 ], [ 69.542778452877201, 28.223917000765141 ], [ 69.548721452882546, 28.224194000765237 ], [ 69.555053452888615, 28.226500000767373 ], [ 69.5524974528862, 28.213194000755038 ], [ 69.548805452882789, 28.209168000751333 ], [ 69.539001452873663, 28.204834000747269 ], [ 69.517166452853189, 28.200306000743012 ], [ 69.5100554528467, 28.202084000744662 ], [ 69.497581452834993, 28.212528000754446 ], [ 69.504638452841618, 28.224556000765688 ], [ 69.505668452842428, 28.23189000077241 ], [ 69.504554452841603, 28.239584000779587 ], [ 69.505333452842251, 28.247528000787042 ], [ 69.510414452847044, 28.252640000791871 ], [ 69.519973452855766, 28.257389000796138 ], [ 69.539024452873491, 28.248083000787574 ], [ 69.541473452875834, 28.245806000785478 ] ] ] } },
{ "type": "Feature", "properties": { "NAME": null, "HYC_DESCRI": "Non-Perennial/Intermittent/Fluctuating" }, "geometry": { "type": "Polygon", "coordinates": [ [ [ 69.504554452841603, 28.239584000779587 ], [ 69.505668452842428, 28.23189000077241 ], [ 69.504638452841618, 28.224556000765688 ], [ 69.497581452834993, 28.212528000754446 ], [ 69.494720452832325, 28.214138000756066 ], [ 69.476753452815501, 28.216583000758192 ], [ 69.459053452799026, 28.217527000759219 ], [ 69.43338745277515, 28.216055000757706 ], [ 69.427108452769289, 28.211779000753722 ], [ 69.419357452762142, 28.198889000741701 ], [ 69.417640452760452, 28.191360000734676 ], [ 69.417305452760274, 28.18591700072966 ], [ 69.423332452765862, 28.168249000713104 ], [ 69.420471452763195, 28.159222000704858 ], [ 69.402252452746325, 28.152222000698202 ], [ 69.399169452743308, 28.152166000698344 ], [ 69.39653045274099, 28.155695000701598 ], [ 69.395385452739902, 28.164028000709322 ], [ 69.382026452727359, 28.178778000723014 ], [ 69.378944452724454, 28.183390000727286 ], [ 69.379974452725492, 28.189861000733345 ], [ 69.384636452729865, 28.192028000735263 ], [ 69.392417452737163, 28.192388000735718 ], [ 69.394638452739173, 28.197639000740537 ], [ 69.392250452737017, 28.199055000741964 ], [ 69.38519245273028, 28.199167000741909 ], [ 69.3727184527188, 28.20897300075103 ], [ 69.371223452717231, 28.212500000754517 ], [ 69.37149845271756, 28.22086100076217 ], [ 69.373275452719326, 28.225277000766255 ], [ 69.386192452731166, 28.238861000779025 ], [ 69.402191452746138, 28.240389000780397 ], [ 69.436943452778451, 28.236389000776626 ], [ 69.475997452814909, 28.228889000769641 ], [ 69.484497452822779, 28.22922100076994 ], [ 69.492691452830513, 28.232084000772602 ], [ 69.504554452841603, 28.239584000779587 ] ], [ [ 69.429306452771471, 28.229584000770274 ], [ 69.424499452766895, 28.233889000774298 ], [ 69.413192452756448, 28.23411200077453 ], [ 69.409225452752707, 28.232584000773159 ], [ 69.408554452752014, 28.229639000770476 ], [ 69.41119345275456, 28.228001000768927 ], [ 69.429306452771471, 28.229584000770274 ] ], [ [ 69.399391452743657, 28.217583000759078 ], [ 69.400947452744958, 28.222000000763273 ], [ 69.399475452743673, 28.224890000765981 ], [ 69.395248452739679, 28.22438800076543 ], [ 69.389190452734056, 28.220112000761446 ], [ 69.387222452732203, 28.214222000756081 ], [ 69.388031452733003, 28.209639000751849 ], [ 69.390861452735635, 28.208860000750974 ], [ 69.399391452743657, 28.217583000759078 ] ] ] } },
{ "type": "Feature", "properties": { "NAME": null, "HYC_DESCRI": "Non-Perennial/Intermittent/Fluctuating" }, "geometry": { "type": "Polygon", "coordinates": [ [ [ 69.294586452645945, 28.166973000712005 ], [ 69.295219452646506, 28.168501000713377 ], [ 69.294860452646162, 28.169722000714501 ], [ 69.299079452650176, 28.171112000715993 ], [ 69.306503452657125, 28.175972000720321 ], [ 69.293975452645327, 28.172722000717386 ], [ 69.293304452644861, 28.174889000719304 ], [ 69.295829452647013, 28.179056000723222 ], [ 69.314636452664672, 28.18505500072888 ], [ 69.324501452673758, 28.183111000726967 ], [ 69.345085452692956, 28.192806000736027 ], [ 69.358306452705392, 28.207416000749618 ], [ 69.364807452711375, 28.220583000761962 ], [ 69.369697452715855, 28.225584000766503 ], [ 69.36575345271217, 28.215334000757139 ], [ 69.367332452713754, 28.207416000749618 ], [ 69.378440452724135, 28.19486000073789 ], [ 69.374832452720739, 28.18811000073174 ], [ 69.36386145271058, 28.183332000727205 ], [ 69.329971452678819, 28.159555000705041 ], [ 69.322692452672072, 28.158777000704504 ], [ 69.303443452654165, 28.165750000710887 ], [ 69.294944452646178, 28.166445000711519 ], [ 69.294586452645945, 28.166973000712005 ] ] ] } },
{ "type": "Feature", "properties": { "NAME": null, "HYC_DESCRI": "Non-Perennial/Intermittent/Fluctuating" }, "geometry": { "type": "Polygon", "coordinates": [ [ [ 69.624420452953245, 28.198250000741155 ], [ 69.620864452949718, 28.199528000742248 ], [ 69.604362452934538, 28.193611000736837 ], [ 69.59458145292524, 28.187778000731441 ], [ 69.585693452916985, 28.176416000720792 ], [ 69.565940452898758, 28.165333000710461 ], [ 69.560112452893236, 28.162777000708047 ], [ 69.551361452885203, 28.175778000720129 ], [ 69.551445452885218, 28.18413900072801 ], [ 69.565498452898282, 28.18813900073178 ], [ 69.583473452915086, 28.207834000750154 ], [ 69.589530452920599, 28.211916000753945 ], [ 69.603141452933414, 28.21464000075639 ], [ 69.605468452935384, 28.216333000757913 ], [ 69.62322245295195, 28.201140000743862 ], [ 69.624420452953245, 28.198250000741155 ] ] ] } },
{ "type": "Feature", "properties": { "NAME": null, "HYC_DESCRI": "Non-Perennial/Intermittent/Fluctuating" }, "geometry": { "type": "Polygon", "coordinates": [ [ [ 69.524139452859799, 28.19311100073628 ], [ 69.535141452869993, 28.185556000729321 ], [ 69.551445452885218, 28.18413900072801 ], [ 69.551361452885203, 28.175778000720129 ], [ 69.560112452893236, 28.162777000708047 ], [ 69.558830452892153, 28.161333000706691 ], [ 69.555557452888934, 28.159779000705385 ], [ 69.548919452882728, 28.158333000704033 ], [ 69.541389452875819, 28.160305000705875 ], [ 69.540252452874711, 28.167639000712597 ], [ 69.533996452868905, 28.170084000714951 ], [ 69.50866745284543, 28.166140000711266 ], [ 69.507309452844083, 28.170250000714987 ], [ 69.516502452852592, 28.1793060007235 ], [ 69.518524452854535, 28.183222000727255 ], [ 69.514556452850911, 28.187778000731441 ], [ 69.509918452846478, 28.187027000730723 ], [ 69.498642452836066, 28.178417000722675 ], [ 69.493164452830797, 28.179945000724047 ], [ 69.490280452828301, 28.183111000726967 ], [ 69.487808452825902, 28.191805000735258 ], [ 69.483139452821661, 28.192667000736037 ], [ 69.474670452813598, 28.187529000731274 ], [ 69.470611452809862, 28.181500000725464 ], [ 69.462692452802457, 28.174084000718722 ], [ 69.458831452798904, 28.173334000717887 ], [ 69.454170452794642, 28.174194000718671 ], [ 69.443168452784221, 28.182112000726192 ], [ 69.438530452780014, 28.180889000725074 ], [ 69.437446452779113, 28.179972000724092 ], [ 69.437446452779113, 28.181028000725064 ], [ 69.426170452768474, 28.178972000723206 ], [ 69.425720452768019, 28.188360000732018 ], [ 69.429946452772128, 28.200750000743483 ], [ 69.434806452776456, 28.204584000746991 ], [ 69.458663452798646, 28.212723000754522 ], [ 69.464775452804361, 28.213667000755549 ], [ 69.476692452815541, 28.208000000750189 ], [ 69.487915452825973, 28.200472000743275 ], [ 69.502418452839493, 28.195473000738502 ], [ 69.513053452849363, 28.193138000736326 ], [ 69.524139452859799, 28.19311100073628 ] ] ] } },
{ "type": "Feature", "properties": { "NAME": null, "HYC_DESCRI": "Non-Perennial/Intermittent/Fluctuating" }, "geometry": { "type": "Polygon", "coordinates": [ [ [ 69.633613452961754, 28.194944000738133 ], [ 69.646247452973512, 28.200138000742982 ], [ 69.640586452968137, 28.196083000739236 ], [ 69.633613452961754, 28.194944000738133 ] ] ] } },
{ "type": "Feature", "properties": { "NAME": null, "HYC_DESCRI": "Non-Perennial/Intermittent/Fluctuating" }, "geometry": { "type": "Polygon", "coordinates": [ [ [ 69.427497452769785, 28.164139000709383 ], [ 69.426170452768474, 28.167667000712754 ], [ 69.426834452769072, 28.170195000715012 ], [ 69.432197452774062, 28.174278000718914 ], [ 69.427497452769785, 28.164139000709383 ] ] ] } },
{ "type": "Feature", "properties": { "NAME": null, "HYC_DESCRI": "Non-Perennial/Intermittent/Fluctuating" }, "geometry": { "type": "Polygon", "coordinates": [ [ [ 69.426170452768474, 28.167667000712754 ], [ 69.430809452772792, 28.153139000699184 ], [ 69.427223452769567, 28.140528000687482 ], [ 69.423858452766353, 28.137528000684597 ], [ 69.414581452757602, 28.137806000684805 ], [ 69.410835452754327, 28.135860000683124 ], [ 69.409278452752687, 28.131666000679161 ], [ 69.412750452755972, 28.12369500067166 ], [ 69.411804452755177, 28.11788900066631 ], [ 69.410698452754104, 28.116806000665292 ], [ 69.406112452749767, 28.115944000664513 ], [ 69.402862452746831, 28.113167000661861 ], [ 69.401138452745272, 28.109945000658854 ], [ 69.39260845273725, 28.104805000654096 ], [ 69.378753452724368, 28.101028000650558 ], [ 69.348808452696403, 28.107445000656526 ], [ 69.33711245268546, 28.114555000663131 ], [ 69.330696452679604, 28.117361000665824 ], [ 69.317718452667577, 28.118389000666866 ], [ 69.311752452661949, 28.117195000665561 ], [ 69.308975452659297, 28.121389000669524 ], [ 69.319305452668914, 28.123833000671766 ], [ 69.32733145267639, 28.123472000671427 ], [ 69.335807452684321, 28.127028000674727 ], [ 69.339614452687783, 28.132360000679682 ], [ 69.340080452688426, 28.135584000682684 ], [ 69.339805452688097, 28.136110000683175 ], [ 69.376220452722009, 28.13591600068321 ], [ 69.400085452744179, 28.131916000679439 ], [ 69.403503452747373, 28.137638000684774 ], [ 69.402694452746573, 28.142416000689082 ], [ 69.404663452748537, 28.14933400069549 ], [ 69.420585452763362, 28.153805000699776 ], [ 69.423805452766373, 28.157806000703431 ], [ 69.426170452768474, 28.167667000712754 ] ] ] } },
{ "type": "Feature", "properties": { "NAME": null, "HYC_DESCRI": "Non-Perennial/Intermittent/Fluctuating" }, "geometry": { "type": "Polygon", "coordinates": [ [ [ 69.295585452646947, 28.143278000689861 ], [ 69.29100045264272, 28.144112000690711 ], [ 69.280944452633321, 28.140751000687715 ], [ 69.2734984526262, 28.136749000683949 ], [ 69.255943452609927, 28.119528000667742 ], [ 69.252304452606495, 28.114389000663095 ], [ 69.25141945260566, 28.122639000670688 ], [ 69.257637452611561, 28.139444000686353 ], [ 69.280777452633174, 28.157417000703163 ], [ 69.290001452641718, 28.156528000702338 ], [ 69.293777452645145, 28.14575000069226 ], [ 69.295585452646947, 28.143278000689861 ] ] ] } },
{ "type": "Feature", "properties": { "NAME": null, "HYC_DESCRI": "Non-Perennial/Intermittent/Fluctuating" }, "geometry": { "type": "Polygon", "coordinates": [ [ [ 69.423858452766353, 28.137528000684597 ], [ 69.427223452769567, 28.140528000687482 ], [ 69.430809452772792, 28.153139000699184 ], [ 69.432304452774133, 28.148222000694659 ], [ 69.428558452770631, 28.139917000686864 ], [ 69.423858452766353, 28.137528000684597 ] ] ] } },
{ "type": "Feature", "properties": { "NAME": null, "HYC_DESCRI": "Non-Perennial/Intermittent/Fluctuating" }, "geometry": { "type": "Polygon", "coordinates": [ [ [ 69.252113452606409, 28.103001000652512 ], [ 69.239723452594944, 28.099001000648741 ], [ 69.235252452590657, 28.099556000649272 ], [ 69.227363452583404, 28.104639000654061 ], [ 69.22094745257732, 28.106611000655903 ], [ 69.204444452562029, 28.107779000656819 ], [ 69.199447452557251, 28.1099720006589 ], [ 69.194053452552225, 28.118029000666411 ], [ 69.191001452549472, 28.11880500066718 ], [ 69.181724452540948, 28.112139000661045 ], [ 69.167503452527626, 28.105612000654901 ], [ 69.161415452521851, 28.104250000653565 ], [ 69.156723452517554, 28.12011100066843 ], [ 69.157218452518009, 28.120861000669038 ], [ 69.158584452519335, 28.126917000674666 ], [ 69.161277452521745, 28.130138000677789 ], [ 69.181663452540761, 28.134500000681783 ], [ 69.183136452542158, 28.131195000678645 ], [ 69.186248452544987, 28.129360000677025 ], [ 69.197586452555697, 28.128334000675977 ], [ 69.205802452563375, 28.129723000677359 ], [ 69.228668452584543, 28.1391390006861 ], [ 69.241386452596316, 28.138945000685908 ], [ 69.244720452599495, 28.137556000684526 ], [ 69.247413452601904, 28.133194000680533 ], [ 69.246391452601074, 28.12672200067459 ], [ 69.247413452601904, 28.112305000661081 ], [ 69.252113452606409, 28.103001000652512 ] ] ] } },
{ "type": "Feature", "properties": { "NAME": null, "HYC_DESCRI": "Non-Perennial/Intermittent/Fluctuating" }, "geometry": { "type": "Polygon", "coordinates": [ [ [ 69.423858452766353, 28.137528000684597 ], [ 69.414169452757278, 28.132610000679961 ], [ 69.412750452755972, 28.12369500067166 ], [ 69.409278452752687, 28.131666000679161 ], [ 69.410835452754327, 28.135860000683124 ], [ 69.414581452757602, 28.137806000684805 ], [ 69.423858452766353, 28.137528000684597 ] ] ] } },
{ "type": "Feature", "properties": { "NAME": null, "HYC_DESCRI": "Non-Perennial/Intermittent/Fluctuating" }, "geometry": { "type": "Polygon", "coordinates": [ [ [ 69.252113452606409, 28.103001000652512 ], [ 69.265357452618673, 28.090084000640445 ], [ 69.269531452622687, 28.083666000634366 ], [ 69.262413452615874, 28.074972000626303 ], [ 69.245780452600457, 28.071972000623646 ], [ 69.215583452572446, 28.073194000624653 ], [ 69.209030452566367, 28.074583000626035 ], [ 69.2013324525592, 28.080139000631107 ], [ 69.19752545255551, 28.080694000631638 ], [ 69.184974452543884, 28.075222000626582 ], [ 69.173835452533467, 28.068333000620214 ], [ 69.162307452522782, 28.057888000610546 ], [ 69.147529452508934, 28.035667000589683 ], [ 69.140586452502475, 28.030945000585234 ], [ 69.13610845249832, 28.031694000585958 ], [ 69.12767045249052, 28.030056000584409 ], [ 69.11799645248152, 28.030722000585229 ], [ 69.110641452474738, 28.032862000587102 ], [ 69.107528452471797, 28.035110000589157 ], [ 69.100441452465247, 28.046249000599573 ], [ 69.09285745245802, 28.048611000601795 ], [ 69.050224452418433, 28.047666000600884 ], [ 69.057777452425398, 28.05755600061002 ], [ 69.064697452431801, 28.063749000615871 ], [ 69.079109452445209, 28.071138000622796 ], [ 69.088996452454467, 28.071112000622861 ], [ 69.115059452478818, 28.064306000616398 ], [ 69.136970452499099, 28.063250000615426 ], [ 69.141418452503331, 28.064388000616418 ], [ 69.145805452507375, 28.068445000620159 ], [ 69.148719452510022, 28.084167000634807 ], [ 69.161415452521851, 28.104250000653565 ], [ 69.167503452527626, 28.105612000654901 ], [ 69.181724452540948, 28.112139000661045 ], [ 69.191001452549472, 28.11880500066718 ], [ 69.194053452552225, 28.118029000666411 ], [ 69.199447452557251, 28.1099720006589 ], [ 69.204444452562029, 28.107779000656819 ], [ 69.22094745257732, 28.106611000655903 ], [ 69.227363452583404, 28.104639000654061 ], [ 69.235252452590657, 28.099556000649272 ], [ 69.239723452594944, 28.099001000648741 ], [ 69.252113452606409, 28.103001000652512 ] ] ] } },
{ "type": "Feature", "properties": { "NAME": null, "HYC_DESCRI": "Non-Perennial/Intermittent/Fluctuating" }, "geometry": { "type": "Polygon", "coordinates": [ [ [ 69.33711245268546, 28.114555000663131 ], [ 69.336441452684994, 28.112862000661607 ], [ 69.350219452697729, 28.096582000646549 ], [ 69.351997452699379, 28.090778000640967 ], [ 69.350051452697699, 28.083416000634315 ], [ 69.347442452695077, 28.082695000633521 ], [ 69.335723452684306, 28.093000000643087 ], [ 69.329277452678298, 28.096445000646327 ], [ 69.316558452666413, 28.101973000651469 ], [ 69.313774452663893, 28.114111000662888 ], [ 69.311752452661949, 28.117195000665561 ], [ 69.317718452667577, 28.118389000666866 ], [ 69.330696452679604, 28.117361000665824 ], [ 69.33711245268546, 28.114555000663131 ] ] ] } },
{ "type": "Feature", "properties": { "NAME": null, "HYC_DESCRI": "Non-Perennial/Intermittent/Fluctuating" }, "geometry": { "type": "Polygon", "coordinates": [ [ [ 69.401138452745272, 28.109945000658854 ], [ 69.402862452746831, 28.113167000661861 ], [ 69.406112452749767, 28.115944000664513 ], [ 69.410698452754104, 28.116806000665292 ], [ 69.407753452751422, 28.113945000662625 ], [ 69.401138452745272, 28.109945000658854 ] ] ] } },
{ "type": "Feature", "properties": { "NAME": null, "HYC_DESCRI": "Non-Perennial/Intermittent/Fluctuating" }, "geometry": { "type": "Polygon", "coordinates": [ [ [ 69.274444452627222, 28.086334000636953 ], [ 69.270248452623264, 28.092890000643138 ], [ 69.260192452613865, 28.099583000649318 ], [ 69.258552452612321, 28.10155500065116 ], [ 69.260330452613971, 28.106056000655371 ], [ 69.263641452617094, 28.109306000658307 ], [ 69.281639452633954, 28.116444000665069 ], [ 69.281860452634191, 28.103138000652507 ], [ 69.279693452632046, 28.093445000643442 ], [ 69.274444452627222, 28.086334000636953 ] ] ] } },
{ "type": "Feature", "properties": { "NAME": null, "HYC_DESCRI": "Non-Perennial/Intermittent/Fluctuating" }, "geometry": { "type": "Polygon", "coordinates": [ [ [ 69.378753452724368, 28.101028000650558 ], [ 69.374054452719975, 28.099751000649348 ], [ 69.35552945270274, 28.078611000629735 ], [ 69.349998452697491, 28.079584000630575 ], [ 69.347442452695077, 28.082695000633521 ], [ 69.350051452697699, 28.083416000634315 ], [ 69.351997452699379, 28.090778000640967 ], [ 69.350219452697729, 28.096582000646549 ], [ 69.336441452684994, 28.112862000661607 ], [ 69.33711245268546, 28.114555000663131 ], [ 69.348808452696403, 28.107445000656526 ], [ 69.378753452724368, 28.101028000650558 ] ] ] } },
{ "type": "Feature", "properties": { "NAME": null, "HYC_DESCRI": "Non-Perennial/Intermittent/Fluctuating" }, "geometry": { "type": "Polygon", "coordinates": [ [ [ 69.335723452684306, 28.093000000643087 ], [ 69.326583452675777, 28.09094400064123 ], [ 69.329277452678298, 28.096445000646327 ], [ 69.335723452684306, 28.093000000643087 ] ] ] } },
{ "type": "Feature", "properties": { "NAME": null, "HYC_DESCRI": "Non-Perennial/Intermittent/Fluctuating" }, "geometry": { "type": "Polygon", "coordinates": [ [ [ 69.347442452695077, 28.082695000633521 ], [ 69.341392452689433, 28.080889000631942 ], [ 69.326309452675559, 28.081833000632741 ], [ 69.325058452674284, 28.082111000632949 ], [ 69.320999452670549, 28.08436200063511 ], [ 69.319580452669243, 28.086527000637034 ], [ 69.326583452675777, 28.09094400064123 ], [ 69.335723452684306, 28.093000000643087 ], [ 69.347442452695077, 28.082695000633521 ] ] ] } },
{ "type": "Feature", "properties": { "NAME": null, "HYC_DESCRI": "Non-Perennial/Intermittent/Fluctuating" }, "geometry": { "type": "Polygon", "coordinates": [ [ [ 69.057945452425656, 28.065056000617005 ], [ 69.052086452420099, 28.060167000612637 ], [ 69.040969452409854, 28.060972000613219 ], [ 69.013832452384577, 28.082583000633349 ], [ 69.015113452385776, 28.084084000634903 ], [ 69.016670452387189, 28.084167000634807 ], [ 69.034584452403806, 28.067667000619622 ], [ 69.043472452412061, 28.063667000615851 ], [ 69.050445452418671, 28.063333000615557 ], [ 69.057945452425656, 28.065056000617005 ] ] ] } },
{ "type": "Feature", "properties": { "NAME": null, "HYC_DESCRI": "Non-Perennial/Intermittent/Fluctuating" }, "geometry": { "type": "Polygon", "coordinates": [ [ [ 69.013832452384577, 28.082583000633349 ], [ 69.012306452382973, 28.083944000634801 ], [ 69.015113452385776, 28.084084000634903 ], [ 69.013832452384577, 28.082583000633349 ] ] ] } },
{ "type": "Feature", "properties": { "NAME": null, "HYC_DESCRI": "Non-Perennial/Intermittent/Fluctuating" }, "geometry": { "type": "Polygon", "coordinates": [ [ [ 69.013832452384577, 28.082583000633349 ], [ 68.99913745237086, 28.065556000617562 ], [ 69.000640452372181, 28.070139000621793 ], [ 69.005859452377081, 28.080084000631132 ], [ 69.010192452381034, 28.083834000634624 ], [ 69.012306452382973, 28.083944000634801 ], [ 69.013832452384577, 28.082583000633349 ] ] ] } },
{ "type": "Feature", "properties": { "NAME": null, "HYC_DESCRI": "Non-Perennial/Intermittent/Fluctuating" }, "geometry": { "type": "Polygon", "coordinates": [ [ [ 69.052086452420099, 28.060167000612637 ], [ 69.045639452414207, 28.053749000606558 ], [ 69.039306452408255, 28.04361200059725 ], [ 69.03283645240208, 28.029055000583639 ], [ 69.031166452400612, 28.021084000576138 ], [ 69.035331452404535, 28.005083000561172 ], [ 69.033691452402991, 27.994806000551762 ], [ 69.028610452398198, 27.99200100054918 ], [ 69.018775452389036, 27.989916000547055 ], [ 69.012779452383484, 27.985611000543031 ], [ 69.005836452377025, 27.983862000541421 ], [ 68.994140452366082, 27.987749000545136 ], [ 68.988746452361056, 27.986389000543795 ], [ 68.981445452354365, 27.986445000543881 ], [ 68.972641452346124, 27.981277000539194 ], [ 68.950447452325534, 27.975166000533363 ], [ 68.908386452286322, 27.973055000531531 ], [ 68.897750452276341, 27.985195000542717 ], [ 68.9006654522791, 27.987055000544387 ], [ 68.906364452284379, 27.987833000545152 ], [ 68.919891452296952, 27.995417000552152 ], [ 68.929801452306265, 28.004278000560589 ], [ 68.936943452312789, 28.008528000564411 ], [ 68.956558452331137, 28.011612000567311 ], [ 68.966774452340587, 28.017279000572671 ], [ 68.981025452353833, 28.028278000582759 ], [ 68.98458045235725, 28.031778000586201 ], [ 68.99308045236512, 28.047056000600378 ], [ 68.99913745237086, 28.065556000617562 ], [ 69.013832452384577, 28.082583000633349 ], [ 69.040969452409854, 28.060972000613219 ], [ 69.052086452420099, 28.060167000612637 ] ] ] } },
{ "type": "Feature", "properties": { "NAME": null, "HYC_DESCRI": "Non-Perennial/Intermittent/Fluctuating" }, "geometry": { "type": "Polygon", "coordinates": [ [ [ 69.114723452478529, 28.025972000580623 ], [ 69.102806452467348, 28.01775000057296 ], [ 69.0752254524416, 28.012501000568136 ], [ 69.06539145243255, 28.013500000569138 ], [ 69.052497452420539, 28.011694000567331 ], [ 69.048530452416799, 28.008472000564325 ], [ 69.048835452417052, 28.010361000566263 ], [ 69.044502452413099, 28.014862000570474 ], [ 69.040496452409343, 28.024000000578781 ], [ 69.048111452416379, 28.040028000593793 ], [ 69.055557452423272, 28.042667000596339 ], [ 69.092025452457392, 28.043583000597209 ], [ 69.096778452461649, 28.041805000595559 ], [ 69.1096114524737, 28.027222000581787 ], [ 69.114723452478529, 28.025972000580623 ] ] ] } },
{ "type": "Feature", "properties": { "NAME": null, "HYC_DESCRI": "Non-Perennial/Intermittent/Fluctuating" }, "geometry": { "type": "Polygon", "coordinates": [ [ [ 69.035720452404803, 27.993250000550233 ], [ 69.028640452398349, 27.989084000546427 ], [ 69.008056452379151, 27.98325000054092 ], [ 69.005836452377025, 27.983862000541421 ], [ 69.012779452383484, 27.985611000543031 ], [ 69.018775452389036, 27.989916000547055 ], [ 69.028610452398198, 27.99200100054918 ], [ 69.033691452402991, 27.994806000551762 ], [ 69.035720452404803, 27.993250000550233 ] ] ] } },
{ "type": "Feature", "properties": { "NAME": null, "HYC_DESCRI": "Non-Perennial/Intermittent/Fluctuating" }, "geometry": { "type": "Polygon", "coordinates": [ [ [ 68.361137451776585, 27.364165999964371 ], [ 68.362525451777856, 27.369304999969245 ], [ 68.361808451777279, 27.377639999976964 ], [ 68.356582451772283, 27.387750999986338 ], [ 68.353836451769894, 27.38972299998818 ], [ 68.35524745177122, 27.389832999988357 ], [ 68.360221451775715, 27.386498999985179 ], [ 68.36411245177942, 27.374638999974195 ], [ 68.362525451777856, 27.366555999966522 ], [ 68.361137451776585, 27.364165999964371 ] ] ] } },
{ "type": "Feature", "properties": { "NAME": null, "HYC_DESCRI": "Non-Perennial/Intermittent/Fluctuating" }, "geometry": { "type": "Polygon", "coordinates": [ [ [ 68.998024452369691, 27.986361000543866 ], [ 68.994079452366122, 27.98325000054092 ], [ 68.987052452359649, 27.981388000539255 ], [ 68.989051452361309, 27.983694000541391 ], [ 68.988746452361056, 27.986389000543795 ], [ 68.994140452366082, 27.987749000545136 ], [ 68.998024452369691, 27.986361000543866 ] ] ] } },
{ "type": "Feature", "properties": { "NAME": null, "HYC_DESCRI": "Non-Perennial/Intermittent/Fluctuating" }, "geometry": { "type": "Polygon", "coordinates": [ [ [ 68.908386452286322, 27.973055000531531 ], [ 68.897857452276412, 27.97180600053025 ], [ 68.895080452273987, 27.969223000527791 ], [ 68.893806452272656, 27.964195000523205 ], [ 68.894607452273476, 27.960917000520112 ], [ 68.892669452271548, 27.961916000521114 ], [ 68.88964045226885, 27.971277000529881 ], [ 68.892250452271355, 27.981638000539533 ], [ 68.897750452276341, 27.985195000542717 ], [ 68.908386452286322, 27.973055000531531 ] ] ] } },
{ "type": "Feature", "properties": { "NAME": null, "HYC_DESCRI": "Non-Perennial/Intermittent/Fluctuating" }, "geometry": { "type": "Polygon", "coordinates": [ [ [ 68.94047545231615, 27.87988800044468 ], [ 68.927329452303866, 27.861444000427582 ], [ 68.913749452291313, 27.850529000417282 ], [ 68.900917452279373, 27.846916000414012 ], [ 68.880752452260595, 27.845861000412924 ], [ 68.874496452254789, 27.850529000417282 ], [ 68.867141452247779, 27.853527000420172 ], [ 68.845642452227821, 27.857861000424236 ], [ 68.835586452218422, 27.855972000422298 ], [ 68.832275452215299, 27.854334000420749 ], [ 68.835609452218478, 27.861555000427643 ], [ 68.839996452222522, 27.874500000439639 ], [ 68.839111452221687, 27.879055000443941 ], [ 68.842277452224607, 27.888527000452768 ], [ 68.850585452232508, 27.898306000461844 ], [ 68.872947452253356, 27.916140000478435 ], [ 68.885002452264416, 27.921139000482981 ], [ 68.895805452274544, 27.923166000485026 ], [ 68.905502452283599, 27.929527000490907 ], [ 68.911056452288676, 27.930584000491763 ], [ 68.913581452291055, 27.92844400048989 ], [ 68.934059452310294, 27.900862000464258 ], [ 68.937362452313209, 27.882555000447155 ], [ 68.94047545231615, 27.87988800044468 ] ] ] } },
{ "type": "Feature", "properties": { "NAME": null, "HYC_DESCRI": "Non-Perennial/Intermittent/Fluctuating" }, "geometry": { "type": "Polygon", "coordinates": [ [ [ 68.880752452260595, 27.845861000412924 ], [ 68.874191452254536, 27.844473000411654 ], [ 68.853225452234938, 27.829416000397714 ], [ 68.838165452220892, 27.821777000390512 ], [ 68.834503452217405, 27.817722000386766 ], [ 68.834251452217131, 27.792028000362734 ], [ 68.840721452223306, 27.778778000350485 ], [ 68.845306452227533, 27.774889000346775 ], [ 68.828666452212019, 27.776056000348035 ], [ 68.818275452202442, 27.779306000350971 ], [ 68.812225452196799, 27.785418000356685 ], [ 68.810836452195417, 27.789749000360644 ], [ 68.811553452195994, 27.803305000373257 ], [ 68.816085452200241, 27.820612000389474 ], [ 68.822197452205955, 27.837223000404947 ], [ 68.827468452210951, 27.843973000411097 ], [ 68.832275452215299, 27.854334000420749 ], [ 68.835586452218422, 27.855972000422298 ], [ 68.845642452227821, 27.857861000424236 ], [ 68.867141452247779, 27.853527000420172 ], [ 68.874496452254789, 27.850529000417282 ], [ 68.880752452260595, 27.845861000412924 ] ] ] } },
{ "type": "Feature", "properties": { "NAME": null, "HYC_DESCRI": "Non-Perennial/Intermittent/Fluctuating" }, "geometry": { "type": "Polygon", "coordinates": [ [ [ 68.906059452284126, 27.841000000408485 ], [ 68.899948452278522, 27.835527000403317 ], [ 68.897247452275906, 27.828611000396904 ], [ 68.900085452278518, 27.779528000351092 ], [ 68.909111452286879, 27.767500000340078 ], [ 68.906806452284854, 27.760084000333109 ], [ 68.87905845225896, 27.768305000340661 ], [ 68.847084452229183, 27.787056000358234 ], [ 68.845336452227457, 27.790777000361686 ], [ 68.846359452228398, 27.796249000366743 ], [ 68.84510845222735, 27.807306000377139 ], [ 68.84822045223018, 27.814667000383906 ], [ 68.855079452236623, 27.820889000389798 ], [ 68.88400245226353, 27.838612000406329 ], [ 68.892135452271077, 27.8410840004085 ], [ 68.906059452284126, 27.841000000408485 ] ] ] } },
{ "type": "Feature", "properties": { "NAME": null, "HYC_DESCRI": "Non-Perennial/Intermittent/Fluctuating" }, "geometry": { "type": "Polygon", "coordinates": [ [ [ 68.829917452213294, 27.676945000255728 ], [ 68.813530452197938, 27.665361000244957 ], [ 68.796165452181867, 27.656639000236737 ], [ 68.779136452165858, 27.652721000232987 ], [ 68.771720452158888, 27.648611000229266 ], [ 68.76069645214875, 27.651527000231908 ], [ 68.742668452131966, 27.665306000244755 ], [ 68.735191452125036, 27.667278000246597 ], [ 68.72624945211669, 27.685139000263234 ], [ 68.72486145211542, 27.688778000266666 ], [ 68.720886452111699, 27.703251000280261 ], [ 68.716774452107757, 27.709723000286203 ], [ 68.708114452099835, 27.732639000307472 ], [ 68.707000452098782, 27.733667000308515 ], [ 68.695274452087688, 27.75661100032994 ], [ 68.684692452078025, 27.773722000345742 ], [ 68.677970452071577, 27.779612000351335 ], [ 68.671806452065994, 27.781361000352945 ], [ 68.665031452059566, 27.780806000352413 ], [ 68.652275452047661, 27.774445000346532 ], [ 68.644668452040605, 27.768000000340407 ], [ 68.642303452038504, 27.766834000339259 ], [ 68.63578045203235, 27.760500000333423 ], [ 68.63130145202831, 27.751694000325188 ], [ 68.628776452025932, 27.743000000317124 ], [ 68.627891452025096, 27.732834000307776 ], [ 68.629280452026251, 27.693583000271246 ], [ 68.626083452023295, 27.686861000264798 ], [ 68.617996452015859, 27.680277000258684 ], [ 68.612609452010702, 27.678583000257277 ], [ 68.609306452007786, 27.678278000256796 ], [ 68.601059452000072, 27.679472000258102 ], [ 68.580528451980854, 27.690695000268533 ], [ 68.573196451974127, 27.693445000270913 ], [ 68.563331451964814, 27.693640000271216 ], [ 68.550552451953081, 27.688944000266929 ], [ 68.541862451945008, 27.68163900026002 ], [ 68.525390451929525, 27.659111000239136 ], [ 68.512054451917265, 27.650000000230648 ], [ 68.506919451912381, 27.649471000230051 ], [ 68.499168451905234, 27.6499180002304 ], [ 68.490608451897288, 27.653694000234054 ], [ 68.477417451885003, 27.662972000242689 ], [ 68.463218451871626, 27.667028000246319 ], [ 68.45610845186502, 27.677111000255763 ], [ 68.45158345186087, 27.679695000258107 ], [ 68.445472451855039, 27.679777000258355 ], [ 68.440551451850524, 27.679445000258056 ], [ 68.434165451844592, 27.673861000252828 ], [ 68.421524451832738, 27.657250000237354 ], [ 68.417198451828881, 27.645639000226538 ], [ 68.420333451831766, 27.635279000216769 ], [ 68.424056451835213, 27.617083000199955 ], [ 68.418586451830151, 27.615805000198634 ], [ 68.411720451823612, 27.602888000186795 ], [ 68.408721451820838, 27.601555000185499 ], [ 68.395332451808372, 27.602278000186061 ], [ 68.38491845179874, 27.605362000188961 ], [ 68.36846945178354, 27.606417000190049 ], [ 68.35541545177125, 27.611111000194342 ], [ 68.34955645176592, 27.610972000194124 ], [ 68.344497451761072, 27.608139000191613 ], [ 68.338554451755499, 27.60297200018681 ], [ 68.329109451746717, 27.590805000175351 ], [ 68.324691451742638, 27.581499000166787 ], [ 68.319053451737318, 27.559834000146566 ], [ 68.319885451738173, 27.555695000142805 ], [ 68.314331451733096, 27.553667000140877 ], [ 68.306137451725363, 27.55324900014034 ], [ 68.281501451702525, 27.554722000141737 ], [ 68.279945451700996, 27.554472000141686 ], [ 68.292251451712445, 27.565777000152138 ], [ 68.31377445173257, 27.598833000182822 ], [ 68.322891451741043, 27.606138000189731 ], [ 68.329750451747486, 27.60950100019295 ], [ 68.346389451762889, 27.613751000196771 ], [ 68.358642451774358, 27.618805000201519 ], [ 68.373275451788004, 27.62025100020287 ], [ 68.393196451806489, 27.637417000218875 ], [ 68.439414451849416, 27.686083000264261 ], [ 68.452331451861482, 27.695528000273043 ], [ 68.47244245188017, 27.705555000282402 ], [ 68.48480245189171, 27.706472000283156 ], [ 68.498611451904708, 27.712029000288339 ], [ 68.515083451919963, 27.71349900028963 ], [ 68.51966845192419, 27.715416000291498 ], [ 68.529777451933569, 27.724333000299794 ], [ 68.537246451940518, 27.735945000310494 ], [ 68.54352545194638, 27.742027000316284 ], [ 68.585746451985869, 27.767611000340139 ], [ 68.634330452031008, 27.787582000358725 ], [ 68.67199745206608, 27.788473000359545 ], [ 68.694526452087075, 27.784527000355865 ], [ 68.704002452095892, 27.777584000349407 ], [ 68.711975452103388, 27.766695000339269 ], [ 68.724136452114635, 27.742332000316537 ], [ 68.728805452119104, 27.729334000304334 ], [ 68.739776452129263, 27.712084000288314 ], [ 68.74533045213434, 27.705973000282711 ], [ 68.756805452145045, 27.699528000276587 ], [ 68.771110452158382, 27.694723000272234 ], [ 68.790191452176259, 27.693890000271495 ], [ 68.816108452200297, 27.68744500026537 ], [ 68.827667452211017, 27.689083000266919 ], [ 68.828002452211422, 27.678583000257277 ], [ 68.829917452213294, 27.676945000255728 ] ] ] } },
{ "type": "Feature", "properties": { "NAME": null, "HYC_DESCRI": "Non-Perennial/Intermittent/Fluctuating" }, "geometry": { "type": "Polygon", "coordinates": [ [ [ 68.703086452095022, 27.741333000315535 ], [ 68.698501452090795, 27.746027000320055 ], [ 68.681358452074846, 27.773722000345742 ], [ 68.678718452072417, 27.776445000348303 ], [ 68.668891452063235, 27.777416000349149 ], [ 68.655082452050465, 27.771418000343601 ], [ 68.649948452045692, 27.770639000342953 ], [ 68.644668452040605, 27.768000000340407 ], [ 68.652275452047661, 27.774445000346532 ], [ 68.665031452059566, 27.780806000352413 ], [ 68.671806452065994, 27.781361000352945 ], [ 68.677970452071577, 27.779612000351335 ], [ 68.684692452078025, 27.773722000345742 ], [ 68.695274452087688, 27.75661100032994 ], [ 68.703086452095022, 27.741333000315535 ] ] ] } },
{ "type": "Feature", "properties": { "NAME": null, "HYC_DESCRI": "Non-Perennial/Intermittent/Fluctuating" }, "geometry": { "type": "Polygon", "coordinates": [ [ [ 68.884941452264457, 27.705334000282164 ], [ 68.893219452272206, 27.725000000300497 ], [ 68.894554452273496, 27.735361000310149 ], [ 68.892585452271533, 27.743139000317342 ], [ 68.887497452266871, 27.752001000325663 ], [ 68.881973452261718, 27.757750000330816 ], [ 68.908111452285993, 27.752611000326169 ], [ 68.914802452292179, 27.747723000321457 ], [ 68.917251452294522, 27.744028000318167 ], [ 68.923835452300636, 27.74352800031761 ], [ 68.928169452304701, 27.739861000314249 ], [ 68.930252452306604, 27.731333000306222 ], [ 68.930610452307064, 27.708778000285292 ], [ 68.908027452285978, 27.701639000278647 ], [ 68.899108452277687, 27.701860000278884 ], [ 68.892913452271841, 27.705694000282392 ], [ 68.884941452264457, 27.705334000282164 ] ] ] } },
{ "type": "Feature", "properties": { "NAME": null, "HYC_DESCRI": "Non-Perennial/Intermittent/Fluctuating" }, "geometry": { "type": "Polygon", "coordinates": [ [ [ 68.627891452025096, 27.732834000307776 ], [ 68.628776452025932, 27.743000000317124 ], [ 68.63130145202831, 27.751694000325188 ], [ 68.627891452025096, 27.732834000307776 ] ] ] } },
{ "type": "Feature", "properties": { "NAME": null, "HYC_DESCRI": "Non-Perennial/Intermittent/Fluctuating" }, "geometry": { "type": "Polygon", "coordinates": [ [ [ 68.716774452107757, 27.709723000286203 ], [ 68.714996452106107, 27.71255500028883 ], [ 68.709251452100716, 27.729334000304334 ], [ 68.716774452107757, 27.709723000286203 ] ] ] } },
{ "type": "Feature", "properties": { "NAME": null, "HYC_DESCRI": "Non-Perennial/Intermittent/Fluctuating" }, "geometry": { "type": "Polygon", "coordinates": [ [ [ 68.601059452000072, 27.679472000258102 ], [ 68.599670451998691, 27.677334000255996 ], [ 68.580192451980565, 27.675472000254331 ], [ 68.576309451977068, 27.676306000254954 ], [ 68.565277451966722, 27.674028000252974 ], [ 68.545944451948799, 27.663334000242912 ], [ 68.526580451930613, 27.646055000226852 ], [ 68.512748451917787, 27.642916000223977 ], [ 68.512413451917382, 27.641640000222878 ], [ 68.510635451915732, 27.641083000222352 ], [ 68.494941451901241, 27.64055600022175 ], [ 68.477058451884659, 27.644806000225799 ], [ 68.465194451873458, 27.655138000235411 ], [ 68.451385451860688, 27.660610000240467 ], [ 68.442359451852326, 27.661333000241029 ], [ 68.440330451850286, 27.659695000239481 ], [ 68.424056451835213, 27.617083000199955 ], [ 68.420333451831766, 27.635279000216769 ], [ 68.424141451835339, 27.641001000222104 ], [ 68.428192451839095, 27.654278000234626 ], [ 68.441413451851304, 27.674028000252974 ], [ 68.446136451855864, 27.673945000252843 ], [ 68.458526451867328, 27.667334000246683 ], [ 68.463218451871626, 27.667028000246319 ], [ 68.477417451885003, 27.662972000242689 ], [ 68.490608451897288, 27.653694000234054 ], [ 68.499168451905234, 27.6499180002304 ], [ 68.506919451912381, 27.649471000230051 ], [ 68.512054451917265, 27.650000000230648 ], [ 68.525390451929525, 27.659111000239136 ], [ 68.541862451945008, 27.68163900026002 ], [ 68.550552451953081, 27.688944000266929 ], [ 68.563331451964814, 27.693640000271216 ], [ 68.573196451974127, 27.693445000270913 ], [ 68.580528451980854, 27.690695000268533 ], [ 68.601059452000072, 27.679472000258102 ] ] ] } },
{ "type": "Feature", "properties": { "NAME": "INDUS", "HYC_DESCRI": "Perennial/Permanent" }, "geometry": { "type": "Polygon", "coordinates": [ [ [ 68.463218451871626, 27.667028000246319 ], [ 68.458526451867328, 27.667334000246683 ], [ 68.446136451855864, 27.673945000252843 ], [ 68.441413451851304, 27.674028000252974 ], [ 68.428192451839095, 27.654278000234626 ], [ 68.424141451835339, 27.641001000222104 ], [ 68.420333451831766, 27.635279000216769 ], [ 68.417198451828881, 27.645639000226538 ], [ 68.421524451832738, 27.657250000237354 ], [ 68.434165451844592, 27.673861000252828 ], [ 68.440551451850524, 27.679445000258056 ], [ 68.445472451855039, 27.679777000258355 ], [ 68.45158345186087, 27.679695000258107 ], [ 68.45610845186502, 27.677111000255763 ], [ 68.463218451871626, 27.667028000246319 ] ] ] } },
{ "type": "Feature", "properties": { "NAME": null, "HYC_DESCRI": "Non-Perennial/Intermittent/Fluctuating" }, "geometry": { "type": "Polygon", "coordinates": [ [ [ 68.609306452007786, 27.678278000256796 ], [ 68.599670451998691, 27.677334000255996 ], [ 68.601059452000072, 27.679472000258102 ], [ 68.609306452007786, 27.678278000256796 ] ] ] } },
{ "type": "Feature", "properties": { "NAME": null, "HYC_DESCRI": "Non-Perennial/Intermittent/Fluctuating" }, "geometry": { "type": "Polygon", "coordinates": [ [ [ 68.512413451917382, 27.641640000222878 ], [ 68.512748451917787, 27.642916000223977 ], [ 68.526580451930613, 27.646055000226852 ], [ 68.512413451917382, 27.641640000222878 ] ] ] } },
{ "type": "Feature", "properties": { "NAME": "INDUS", "HYC_DESCRI": "Perennial/Permanent" }, "geometry": { "type": "Polygon", "coordinates": [ [ [ 68.42338545183452, 27.612583000195627 ], [ 68.414665451826522, 27.598555000182614 ], [ 68.409637451821709, 27.594055000178514 ], [ 68.404083451816632, 27.592251000176702 ], [ 68.394722451807866, 27.591389000175923 ], [ 68.38410945179794, 27.59344500017778 ], [ 68.362968451778215, 27.602112000186025 ], [ 68.353752451769651, 27.604389000188121 ], [ 68.348388451764777, 27.604055000187827 ], [ 68.343780451760495, 27.601417000185393 ], [ 68.338333451755261, 27.595222000179547 ], [ 68.33327445175064, 27.584639000169773 ], [ 68.328086451745776, 27.563612000150215 ], [ 68.325416451743422, 27.558750000145665 ], [ 68.319885451738173, 27.555695000142805 ], [ 68.319053451737318, 27.559834000146566 ], [ 68.324691451742638, 27.581499000166787 ], [ 68.329109451746717, 27.590805000175351 ], [ 68.338554451755499, 27.60297200018681 ], [ 68.344497451761072, 27.608139000191613 ], [ 68.34955645176592, 27.610972000194124 ], [ 68.35541545177125, 27.611111000194342 ], [ 68.36846945178354, 27.606417000190049 ], [ 68.38491845179874, 27.605362000188961 ], [ 68.395332451808372, 27.602278000186061 ], [ 68.408721451820838, 27.601555000185499 ], [ 68.411720451823612, 27.602888000186795 ], [ 68.418586451830151, 27.615805000198634 ], [ 68.424056451835213, 27.617083000199955 ], [ 68.42338545183452, 27.612583000195627 ] ] ] } },
{ "type": "Feature", "properties": { "NAME": null, "HYC_DESCRI": "Non-Perennial/Intermittent/Fluctuating" }, "geometry": { "type": "Polygon", "coordinates": [ [ [ 68.411308451823288, 27.583723000168902 ], [ 68.409225451821385, 27.58527800017032 ], [ 68.391777451805183, 27.573139000159017 ], [ 68.382026451796037, 27.56861100015476 ], [ 68.369079451784046, 27.563917000150468 ], [ 68.359253451774748, 27.563555000150018 ], [ 68.355110451770997, 27.561583000148175 ], [ 68.352912451769043, 27.556084000143073 ], [ 68.355941451771741, 27.549278000136837 ], [ 68.358779451774353, 27.547417000135056 ], [ 68.359192451774788, 27.54649900013419 ], [ 68.364891451780068, 27.546167000133892 ], [ 68.369392451784279, 27.551167000138548 ], [ 68.373947451788581, 27.551584000138973 ], [ 68.382248451796158, 27.548027000135562 ], [ 68.388969451802495, 27.542555000130506 ], [ 68.391609451804925, 27.53725100012548 ], [ 68.389358451802991, 27.530251000119051 ], [ 68.379135451793445, 27.519556000109105 ], [ 68.363861451779258, 27.513721000103715 ], [ 68.35408045176996, 27.511806000101842 ], [ 68.349746451765895, 27.508362000098714 ], [ 68.359916451775462, 27.497555000088596 ], [ 68.362167451777623, 27.493221000084532 ], [ 68.362335451777653, 27.487778000079516 ], [ 68.360359451775821, 27.483334000075274 ], [ 68.357635451773376, 27.481138000073315 ], [ 68.350135451766391, 27.480944000073123 ], [ 68.341194451757929, 27.482666000074687 ], [ 68.337997451754973, 27.47944400007168 ], [ 68.330329451747957, 27.485527000077354 ], [ 68.316780451735212, 27.491444000082993 ], [ 68.30544245172473, 27.49430500008566 ], [ 68.302558451722007, 27.496944000087979 ], [ 68.304801451724188, 27.499500000090393 ], [ 68.301834451721334, 27.50508300009551 ], [ 68.296524451716323, 27.509972000100106 ], [ 68.27461245169593, 27.521110000110411 ], [ 68.268692451690413, 27.536833000125171 ], [ 68.269218451690904, 27.540277000128299 ], [ 68.271026451692705, 27.544027000131791 ], [ 68.272941451694578, 27.543833000131599 ], [ 68.283058451703937, 27.550167000137662 ], [ 68.302719451722169, 27.550444000137759 ], [ 68.305725451725039, 27.551556000138817 ], [ 68.306137451725363, 27.55324900014034 ], [ 68.314331451733096, 27.553667000140877 ], [ 68.319885451738173, 27.555695000142805 ], [ 68.325416451743422, 27.558750000145665 ], [ 68.328086451745776, 27.563612000150215 ], [ 68.33327445175064, 27.584639000169773 ], [ 68.338333451755261, 27.595222000179547 ], [ 68.343780451760495, 27.601417000185393 ], [ 68.348388451764777, 27.604055000187827 ], [ 68.353752451769651, 27.604389000188121 ], [ 68.362968451778215, 27.602112000186025 ], [ 68.38410945179794, 27.59344500017778 ], [ 68.394722451807866, 27.591389000175923 ], [ 68.404083451816632, 27.592251000176702 ], [ 68.409637451821709, 27.594055000178514 ], [ 68.414665451826522, 27.598555000182614 ], [ 68.420669451832055, 27.608223000191629 ], [ 68.411308451823288, 27.583723000168902 ] ] ] } },
{ "type": "Feature", "properties": { "NAME": null, "HYC_DESCRI": "Non-Perennial/Intermittent/Fluctuating" }, "geometry": { "type": "Polygon", "coordinates": [ [ [ 68.411308451823288, 27.583723000168902 ], [ 68.410835451823004, 27.582445000167581 ], [ 68.390503451803852, 27.571695000157661 ], [ 68.388336451801933, 27.571501000157468 ], [ 68.391777451805183, 27.573139000159017 ], [ 68.409225451821385, 27.58527800017032 ], [ 68.411308451823288, 27.583723000168902 ] ] ] } },
{ "type": "Feature", "properties": { "NAME": null, "HYC_DESCRI": "Non-Perennial/Intermittent/Fluctuating" }, "geometry": { "type": "Polygon", "coordinates": [ [ [ 68.358779451774353, 27.547417000135056 ], [ 68.355941451771741, 27.549278000136837 ], [ 68.352912451769043, 27.556084000143073 ], [ 68.355110451770997, 27.561583000148175 ], [ 68.359253451774748, 27.563555000150018 ], [ 68.361579451777061, 27.563639000150033 ], [ 68.358276451773918, 27.561861000148383 ], [ 68.355918451771686, 27.553778000140937 ], [ 68.358779451774353, 27.547417000135056 ] ] ] } },
{ "type": "Feature", "properties": { "NAME": "INDUS", "HYC_DESCRI": "Perennial/Permanent" }, "geometry": { "type": "Polygon", "coordinates": [ [ [ 68.306137451725363, 27.55324900014034 ], [ 68.305725451725039, 27.551556000138817 ], [ 68.302719451722169, 27.550444000137759 ], [ 68.283058451703937, 27.550167000137662 ], [ 68.272941451694578, 27.543833000131599 ], [ 68.26799745168978, 27.544332000132044 ], [ 68.269889451691597, 27.550861000138184 ], [ 68.275665451697023, 27.553722000140851 ], [ 68.281501451702525, 27.554722000141737 ], [ 68.306137451725363, 27.55324900014034 ] ] ] } },
{ "type": "Feature", "properties": { "NAME": null, "HYC_DESCRI": "Non-Perennial/Intermittent/Fluctuating" }, "geometry": { "type": "Polygon", "coordinates": [ [ [ 68.391609451804925, 27.53725100012548 ], [ 68.388969451802495, 27.542555000130506 ], [ 68.382248451796158, 27.548027000135562 ], [ 68.373947451788581, 27.551584000138973 ], [ 68.369392451784279, 27.551167000138548 ], [ 68.370140451784891, 27.552000000139287 ], [ 68.373725451788232, 27.55230500013954 ], [ 68.38307945179713, 27.549278000136837 ], [ 68.388862451802424, 27.544584000132318 ], [ 68.391609451804925, 27.53725100012548 ] ] ] } },
{ "type": "Feature", "properties": { "NAME": null, "HYC_DESCRI": "Non-Perennial/Intermittent/Fluctuating" }, "geometry": { "type": "Polygon", "coordinates": [ [ [ 68.343223451759968, 27.463667000057058 ], [ 68.341499451758409, 27.465528000058839 ], [ 68.337997451754973, 27.47944400007168 ], [ 68.341194451757929, 27.482666000074687 ], [ 68.350135451766391, 27.480944000073123 ], [ 68.357635451773376, 27.481138000073315 ], [ 68.360359451775821, 27.483334000075274 ], [ 68.362335451777653, 27.487778000079516 ], [ 68.362167451777623, 27.493221000084532 ], [ 68.359916451775462, 27.497555000088596 ], [ 68.349746451765895, 27.508362000098714 ], [ 68.35408045176996, 27.511806000101842 ], [ 68.363861451779258, 27.513721000103715 ], [ 68.379135451793445, 27.519556000109105 ], [ 68.389358451802991, 27.530251000119051 ], [ 68.391609451804925, 27.53725100012548 ], [ 68.392723451805978, 27.534306000122797 ], [ 68.390525451804024, 27.529223000118009 ], [ 68.381553451795526, 27.518250000107855 ], [ 68.364639451779794, 27.505278000095814 ], [ 68.361694451777112, 27.499027000089882 ], [ 68.365219451780376, 27.492445000083762 ], [ 68.364830451780108, 27.487139000078969 ], [ 68.358833451774444, 27.480612000072824 ], [ 68.347442451763754, 27.472805000065591 ], [ 68.34380345176055, 27.464222000057589 ], [ 68.343223451759968, 27.463667000057058 ] ] ] } },
{ "type": "Feature", "properties": { "NAME": null, "HYC_DESCRI": "Non-Perennial/Intermittent/Fluctuating" }, "geometry": { "type": "Polygon", "coordinates": [ [ [ 68.27461245169593, 27.521110000110411 ], [ 68.27058445169223, 27.515167000105066 ], [ 68.273025451694593, 27.511444000101619 ], [ 68.302558451722007, 27.496944000087979 ], [ 68.30544245172473, 27.49430500008566 ], [ 68.316780451735212, 27.491444000082993 ], [ 68.330329451747957, 27.485527000077354 ], [ 68.337997451754973, 27.47944400007168 ], [ 68.341499451758409, 27.465528000058839 ], [ 68.332107451749607, 27.457972000051768 ], [ 68.324722451742673, 27.454861000048822 ], [ 68.301834451721334, 27.453056000047127 ], [ 68.28697245170747, 27.449528000043756 ], [ 68.280281451701285, 27.446444000041083 ], [ 68.273941451695464, 27.439167000034104 ], [ 68.27191945169352, 27.433834000029265 ], [ 68.264640451686773, 27.44191700003671 ], [ 68.260696451683089, 27.454472000048554 ], [ 68.242385451665996, 27.464861000058136 ], [ 68.238609451662569, 27.472139000064999 ], [ 68.238693451662584, 27.478111000070385 ], [ 68.241889451665656, 27.4841380000762 ], [ 68.253440451676397, 27.494944000086207 ], [ 68.260582451682922, 27.506805000097302 ], [ 68.266586451688454, 27.523001000112345 ], [ 68.268692451690413, 27.536833000125171 ], [ 68.27461245169593, 27.521110000110411 ] ] ] } },
{ "type": "Feature", "properties": { "NAME": "INDUS", "HYC_DESCRI": "Perennial/Permanent" }, "geometry": { "type": "Polygon", "coordinates": [ [ [ 68.302558451722007, 27.496944000087979 ], [ 68.273025451694593, 27.511444000101619 ], [ 68.27058445169223, 27.515167000105066 ], [ 68.27461245169593, 27.521110000110411 ], [ 68.296524451716323, 27.509972000100106 ], [ 68.301834451721334, 27.50508300009551 ], [ 68.304801451724188, 27.499500000090393 ], [ 68.302558451722007, 27.496944000087979 ] ] ] } },
{ "type": "Feature", "properties": { "NAME": null, "HYC_DESCRI": "Non-Perennial/Intermittent/Fluctuating" }, "geometry": { "type": "Polygon", "coordinates": [ [ [ 68.343223451759968, 27.463667000057058 ], [ 68.335281451752508, 27.455999000049815 ], [ 68.294830451714915, 27.447361000041838 ], [ 68.277748451698926, 27.432333000027938 ], [ 68.27416945169557, 27.431333000026825 ], [ 68.27191945169352, 27.433834000029265 ], [ 68.273941451695464, 27.439167000034104 ], [ 68.280281451701285, 27.446444000041083 ], [ 68.28697245170747, 27.449528000043756 ], [ 68.301834451721334, 27.453056000047127 ], [ 68.324722451742673, 27.454861000048822 ], [ 68.332107451749607, 27.457972000051768 ], [ 68.341499451758409, 27.465528000058839 ], [ 68.343223451759968, 27.463667000057058 ] ] ] } },
{ "type": "Feature", "properties": { "NAME": null, "HYC_DESCRI": "Non-Perennial/Intermittent/Fluctuating" }, "geometry": { "type": "Polygon", "coordinates": [ [ [ 68.353836451769894, 27.38972299998818 ], [ 68.356582451772283, 27.387750999986338 ], [ 68.361808451777279, 27.377639999976964 ], [ 68.362525451777856, 27.369304999969245 ], [ 68.361137451776585, 27.364165999964371 ], [ 68.357109451772885, 27.357276999958003 ], [ 68.350860451766948, 27.350833999951874 ], [ 68.345222451761856, 27.346915999948351 ], [ 68.340446451757316, 27.335111999937226 ], [ 68.336776451753849, 27.332500999934837 ], [ 68.331665451749132, 27.331527999933996 ], [ 68.32941445174697, 27.329194999931815 ], [ 68.322914451741099, 27.313693999917405 ], [ 68.314002451732676, 27.305194999909418 ], [ 68.308891451727959, 27.303556999907869 ], [ 68.28594245170666, 27.313472999917167 ], [ 68.280891451701791, 27.31730499992068 ], [ 68.276725451697985, 27.323249999926247 ], [ 68.276168451697458, 27.32616599992889 ], [ 68.278556451699615, 27.33186199993429 ], [ 68.287918451708492, 27.339833999941675 ], [ 68.277000451698314, 27.343944999945506 ], [ 68.291496451711737, 27.351417999952446 ], [ 68.297859451717613, 27.357444999958034 ], [ 68.300247451719997, 27.363776999964102 ], [ 68.297889451717765, 27.371444999971118 ], [ 68.284774451705516, 27.393472999991673 ], [ 68.281303451702342, 27.404362000001811 ], [ 68.287887451708457, 27.408417000005556 ], [ 68.298248451718109, 27.405890000003183 ], [ 68.304557451723895, 27.401193999998895 ], [ 68.314750451733516, 27.384639999983392 ], [ 68.323860451741893, 27.380250999979353 ], [ 68.329559451747173, 27.378528999977789 ], [ 68.337471451754482, 27.381221999980198 ], [ 68.345275451761836, 27.387555999986034 ], [ 68.351913451768041, 27.389527999987877 ], [ 68.353836451769894, 27.38972299998818 ] ] ] } },
{ "type": "Feature", "properties": { "NAME": null, "HYC_DESCRI": "Non-Perennial/Intermittent/Fluctuating" }, "geometry": { "type": "Polygon", "coordinates": [ [ [ 68.277000451698314, 27.343944999945506 ], [ 68.268386451690276, 27.342694999944342 ], [ 68.257614451680183, 27.34388899994542 ], [ 68.228416451652947, 27.349387999950522 ], [ 68.222358451647324, 27.348193999949444 ], [ 68.205696451631866, 27.336276999938491 ], [ 68.198219451624936, 27.335443999937524 ], [ 68.180084451608082, 27.339581999941402 ], [ 68.174247451602469, 27.339000999940936 ], [ 68.170333451598935, 27.337027999938982 ], [ 68.165641451594638, 27.330638999933171 ], [ 68.159919451589303, 27.312499999916326 ], [ 68.148696451578871, 27.298638999903233 ], [ 68.149444451579484, 27.296971999901871 ], [ 68.145301451575506, 27.294776999899796 ], [ 68.141334451571993, 27.287555999892902 ], [ 68.140029451570626, 27.277720999883741 ], [ 68.141418451572008, 27.271054999877606 ], [ 68.153083451582916, 27.243777999852227 ], [ 68.162719451591784, 27.2352499998442 ], [ 68.169334451597933, 27.232720999841831 ], [ 68.196609451623317, 27.227582999837068 ], [ 68.203247451629522, 27.225026999834881 ], [ 68.207832451633749, 27.220138999830169 ], [ 68.208946451634802, 27.214721999825088 ], [ 68.207084451633136, 27.207581999818558 ], [ 68.203666451629942, 27.204554999815628 ], [ 68.192085451619278, 27.201972999813279 ], [ 68.12882945156025, 27.192777999804775 ], [ 68.118667451550891, 27.189361999801577 ], [ 68.112052451544741, 27.185027999797512 ], [ 68.101608451534958, 27.182637999795361 ], [ 68.079475451514327, 27.180999999793812 ], [ 68.077415451512479, 27.179694999792446 ], [ 68.075225451510278, 27.182555999795113 ], [ 68.071502451506831, 27.182056999794668 ], [ 68.068138451503728, 27.177998999791043 ], [ 68.066169451501992, 27.166860999780511 ], [ 68.068748451504234, 27.159833999774037 ], [ 68.054306451490902, 27.151694999766505 ], [ 68.043663451480825, 27.148889999763924 ], [ 68.030525451468748, 27.137055999752874 ], [ 68.026557451464896, 27.13047199974676 ], [ 68.026641451465139, 27.127944999744386 ], [ 68.031471451469542, 27.123277999739912 ], [ 68.040473451477965, 27.119555999736576 ], [ 68.045135451482338, 27.11277799973027 ], [ 68.044082451481245, 27.095611999714265 ], [ 68.047691451484752, 27.065415999686138 ], [ 68.046363451483558, 27.063499999684382 ], [ 68.042724451480126, 27.060693999681689 ], [ 68.027778451466247, 27.060471999681567 ], [ 68.017364451456388, 27.058305999679533 ], [ 67.99988545144015, 27.050944999672538 ], [ 67.995140451435645, 27.046416999668509 ], [ 67.981308451422819, 27.041444999663781 ], [ 67.977668451419504, 27.031943999654914 ], [ 67.975196451417105, 27.016610999640761 ], [ 67.972747451414989, 27.01300099963737 ], [ 67.964141451406931, 27.005860999630613 ], [ 67.955864451399066, 27.00166699962665 ], [ 67.938194451382742, 27.000110999625349 ], [ 67.934196451378966, 26.995194999620708 ], [ 67.935302451380039, 26.989804999615671 ], [ 67.940551451384863, 26.986388999612473 ], [ 67.939720451384119, 26.983027999609476 ], [ 67.932334451377301, 26.974889999601828 ], [ 67.930831451375752, 26.971082999598366 ], [ 67.925941451371273, 26.970944999598032 ], [ 67.925552451371004, 26.971721999598913 ], [ 67.933052451377989, 26.985915999612189 ], [ 67.929306451374487, 26.992026999617792 ], [ 67.920608451366434, 26.999638999624949 ], [ 67.91735845136327, 27.00552699963032 ], [ 67.915138451361145, 27.02016599964395 ], [ 67.918830451364784, 27.034026999656817 ], [ 67.923942451369385, 27.043111999665371 ], [ 67.929725451374907, 27.064137999685045 ], [ 67.934860451379564, 27.072970999693098 ], [ 67.940170451384574, 27.075639999695568 ], [ 67.946556451390506, 27.076470999696312 ], [ 67.961555451404365, 27.07177699969202 ], [ 67.969497451411826, 27.071721999692045 ], [ 67.973808451415834, 27.073888999693963 ], [ 67.979774451421463, 27.080222999699799 ], [ 67.983329451424652, 27.090859999709892 ], [ 68.010612451450243, 27.12341699974013 ], [ 68.017829451456919, 27.139888999755385 ], [ 68.024948451463615, 27.150832999765726 ], [ 68.035697451473425, 27.160722999774862 ], [ 68.054885451491373, 27.171472999784783 ], [ 68.05989045149613, 27.177110999790102 ], [ 68.070388451505778, 27.195943999807696 ], [ 68.081390451515972, 27.206277999817303 ], [ 68.098968451532528, 27.220221999830301 ], [ 68.104858451537893, 27.220805999830873 ], [ 68.118530451550669, 27.218583999828752 ], [ 68.127197451558686, 27.220387999830564 ], [ 68.137054451568019, 27.22635999983595 ], [ 68.139442451570176, 27.233277999842358 ], [ 68.13641345156725, 27.24930599985737 ], [ 68.132057451563242, 27.258388999865929 ], [ 68.124969451556581, 27.281888999887769 ], [ 68.124748451556343, 27.290360999895711 ], [ 68.128364451559719, 27.299638999904346 ], [ 68.14780445157794, 27.321166999924344 ], [ 68.157608451587066, 27.338388999940435 ], [ 68.165611451594486, 27.346137999947587 ], [ 68.174247451602469, 27.349776999951018 ], [ 68.182441451610202, 27.350860999951919 ], [ 68.188942451616185, 27.348693999950001 ], [ 68.200530451626946, 27.348027999949409 ], [ 68.21228045163798, 27.350583999951596 ], [ 68.224418451649171, 27.35797299995852 ], [ 68.232864451657179, 27.359971999960408 ], [ 68.241363451665165, 27.359916999960433 ], [ 68.257751451680406, 27.352471999953423 ], [ 68.27416945169557, 27.353276999954232 ], [ 68.280029451701012, 27.3561379999569 ], [ 68.280471451701487, 27.368083999967894 ], [ 68.277000451698314, 27.37261199997215 ], [ 68.273612451695044, 27.384250999983124 ], [ 68.27491745169641, 27.393222999991394 ], [ 68.27674845169804, 27.401526999999078 ], [ 68.281303451702342, 27.404362000001811 ], [ 68.284774451705516, 27.393472999991673 ], [ 68.297889451717765, 27.371444999971118 ], [ 68.300247451719997, 27.363776999964102 ], [ 68.297859451717613, 27.357444999958034 ], [ 68.291496451711737, 27.351417999952446 ], [ 68.277000451698314, 27.343944999945506 ] ] ] } },
{ "type": "Feature", "properties": { "NAME": null, "HYC_DESCRI": "Non-Perennial/Intermittent/Fluctuating" }, "geometry": { "type": "Polygon", "coordinates": [ [ [ 68.328887451746596, 27.327693999930489 ], [ 68.32941445174697, 27.329194999931815 ], [ 68.331665451749132, 27.331527999933996 ], [ 68.336776451753849, 27.332500999934837 ], [ 68.340446451757316, 27.335111999937226 ], [ 68.345222451761856, 27.346915999948351 ], [ 68.350860451766948, 27.350833999951874 ], [ 68.3468624517634, 27.346721999948159 ], [ 68.340248451757134, 27.333499999935839 ], [ 68.328887451746596, 27.327693999930489 ] ] ] } },
{ "type": "Feature", "properties": { "NAME": null, "HYC_DESCRI": "Non-Perennial/Intermittent/Fluctuating" }, "geometry": { "type": "Polygon", "coordinates": [ [ [ 68.277000451698314, 27.343944999945506 ], [ 68.287918451708492, 27.339833999941675 ], [ 68.278556451699615, 27.33186199993429 ], [ 68.276168451697458, 27.32616599992889 ], [ 68.276725451697985, 27.323249999926247 ], [ 68.280891451701791, 27.31730499992068 ], [ 68.28594245170666, 27.313472999917167 ], [ 68.308891451727959, 27.303556999907869 ], [ 68.313468451732206, 27.292832999897882 ], [ 68.312194451731102, 27.281804999887754 ], [ 68.309280451728227, 27.277915999884044 ], [ 68.306724451726041, 27.276305999882425 ], [ 68.289497451709849, 27.275109999881352 ], [ 68.283996451704752, 27.271609999878137 ], [ 68.277389451698582, 27.262582999869664 ], [ 68.272003451693536, 27.260915999868303 ], [ 68.255920451678548, 27.260777999867969 ], [ 68.251586451674484, 27.261582999868779 ], [ 68.24886345167215, 27.266749999873582 ], [ 68.236915451660934, 27.274804999881098 ], [ 68.232192451656601, 27.275527999881888 ], [ 68.225219451649991, 27.284554999890133 ], [ 68.222053451647071, 27.278388999884555 ], [ 68.214363451639883, 27.271304999877884 ], [ 68.20835845163424, 27.268832999875485 ], [ 68.199470451625984, 27.268611999875475 ], [ 68.19288645161987, 27.269889999876568 ], [ 68.186889451614434, 27.274749999881124 ], [ 68.179832451607808, 27.289832999895225 ], [ 68.173332451601709, 27.295527999900514 ], [ 68.166946451595777, 27.298471999903086 ], [ 68.15966745158903, 27.298915999903556 ], [ 68.149444451579484, 27.296971999901871 ], [ 68.148696451578871, 27.298638999903233 ], [ 68.159919451589303, 27.312499999916326 ], [ 68.165641451594638, 27.330638999933171 ], [ 68.170333451598935, 27.337027999938982 ], [ 68.174247451602469, 27.339000999940936 ], [ 68.180084451608082, 27.339581999941402 ], [ 68.198219451624936, 27.335443999937524 ], [ 68.205696451631866, 27.336276999938491 ], [ 68.222358451647324, 27.348193999949444 ], [ 68.228416451652947, 27.349387999950522 ], [ 68.257614451680183, 27.34388899994542 ], [ 68.268386451690276, 27.342694999944342 ], [ 68.277000451698314, 27.343944999945506 ] ] ] } },
{ "type": "Feature", "properties": { "NAME": null, "HYC_DESCRI": "Non-Perennial/Intermittent/Fluctuating" }, "geometry": { "type": "Polygon", "coordinates": [ [ [ 68.232192451656601, 27.275527999881888 ], [ 68.230224451654749, 27.272332999878927 ], [ 68.239364451663278, 27.264415999871517 ], [ 68.233612451657791, 27.264722999871765 ], [ 68.206001451632119, 27.259526999866921 ], [ 68.19008645161739, 27.259639999866977 ], [ 68.185417451612921, 27.261388999868586 ], [ 68.16994445159844, 27.273000999879514 ], [ 68.163002451592092, 27.272611999879018 ], [ 68.160278451589647, 27.269332999876042 ], [ 68.158470451587846, 27.260110999867493 ], [ 68.160446451589678, 27.254193999861855 ], [ 68.168892451597458, 27.24541699985366 ], [ 68.182472451610238, 27.236972999845875 ], [ 68.204002451630231, 27.229859999839164 ], [ 68.212249451637945, 27.228665999838086 ], [ 68.219055451644181, 27.223527999833323 ], [ 68.222221451647329, 27.210500999821306 ], [ 68.220642451645745, 27.202666999814028 ], [ 68.212585451638233, 27.186889999799178 ], [ 68.206443451632595, 27.176888999789981 ], [ 68.200195451626769, 27.170998999784388 ], [ 68.188804451616079, 27.165250999779119 ], [ 68.171859451600312, 27.165360999779296 ], [ 68.154083451583801, 27.158305999772665 ], [ 68.151390451581165, 27.153193999767836 ], [ 68.146499451576801, 27.12644399974306 ], [ 68.131385451562664, 27.116248999733443 ], [ 68.119636451551742, 27.113694999731024 ], [ 68.117302451549449, 27.106860999724631 ], [ 68.115638451547966, 27.112805999730199 ], [ 68.11116845154379, 27.120610999737437 ], [ 68.101692451534973, 27.1314449997476 ], [ 68.098335451531966, 27.141387999756944 ], [ 68.078391451513198, 27.158000999772412 ], [ 68.07397445150923, 27.164138999778061 ], [ 68.073364451508496, 27.168305999781978 ], [ 68.077415451512479, 27.179694999792446 ], [ 68.079475451514327, 27.180999999793812 ], [ 68.101608451534958, 27.182637999795361 ], [ 68.11077845154341, 27.180804999793509 ], [ 68.152114451581838, 27.181472999794096 ], [ 68.17864245160672, 27.184277999796905 ], [ 68.184890451612546, 27.186526999798843 ], [ 68.188697451616008, 27.191415999803439 ], [ 68.192085451619278, 27.201972999813279 ], [ 68.203666451629942, 27.204554999815628 ], [ 68.207084451633136, 27.207581999818558 ], [ 68.208946451634802, 27.214721999825088 ], [ 68.207832451633749, 27.220138999830169 ], [ 68.203247451629522, 27.225026999834881 ], [ 68.196609451623317, 27.227582999837068 ], [ 68.169334451597933, 27.232720999841831 ], [ 68.162719451591784, 27.2352499998442 ], [ 68.153083451582916, 27.243777999852227 ], [ 68.141418451572008, 27.271054999877606 ], [ 68.140029451570626, 27.277720999883741 ], [ 68.141334451571993, 27.287555999892902 ], [ 68.145301451575506, 27.294776999899796 ], [ 68.149444451579484, 27.296971999901871 ], [ 68.15966745158903, 27.298915999903556 ], [ 68.166946451595777, 27.298471999903086 ], [ 68.173332451601709, 27.295527999900514 ], [ 68.179832451607808, 27.289832999895225 ], [ 68.186889451614434, 27.274749999881124 ], [ 68.19288645161987, 27.269889999876568 ], [ 68.199470451625984, 27.268611999875475 ], [ 68.20835845163424, 27.268832999875485 ], [ 68.214363451639883, 27.271304999877884 ], [ 68.222053451647071, 27.278388999884555 ], [ 68.225219451649991, 27.284554999890133 ], [ 68.232192451656601, 27.275527999881888 ] ] ] } },
{ "type": "Feature", "properties": { "NAME": null, "HYC_DESCRI": "Non-Perennial/Intermittent/Fluctuating" }, "geometry": { "type": "Polygon", "coordinates": [ [ [ 68.277389451698582, 27.262582999869664 ], [ 68.283996451704752, 27.271609999878137 ], [ 68.289497451709849, 27.275109999881352 ], [ 68.306724451726041, 27.276305999882425 ], [ 68.303749451723206, 27.27444499988087 ], [ 68.294998451714946, 27.274278999880607 ], [ 68.285331451706043, 27.271083999877646 ], [ 68.277389451698582, 27.262582999869664 ] ] ] } },
{ "type": "Feature", "properties": { "NAME": "INDUS", "HYC_DESCRI": "Perennial/Permanent" }, "geometry": { "type": "Polygon", "coordinates": [ [ [ 68.251586451674484, 27.261582999868779 ], [ 68.247390451670753, 27.261277999868526 ], [ 68.239364451663278, 27.264415999871517 ], [ 68.230224451654749, 27.272332999878927 ], [ 68.232192451656601, 27.275527999881888 ], [ 68.236915451660934, 27.274804999881098 ], [ 68.24886345167215, 27.266749999873582 ], [ 68.251586451674484, 27.261582999868779 ] ] ] } },
{ "type": "Feature", "properties": { "NAME": null, "HYC_DESCRI": "Non-Perennial/Intermittent/Fluctuating" }, "geometry": { "type": "Polygon", "coordinates": [ [ [ 68.101608451534958, 27.182637999795361 ], [ 68.112052451544741, 27.185027999797512 ], [ 68.118667451550891, 27.189361999801577 ], [ 68.12882945156025, 27.192777999804775 ], [ 68.192085451619278, 27.201972999813279 ], [ 68.188697451616008, 27.191415999803439 ], [ 68.184890451612546, 27.186526999798843 ], [ 68.17864245160672, 27.184277999796905 ], [ 68.152114451581838, 27.181472999794096 ], [ 68.11077845154341, 27.180804999793509 ], [ 68.101608451534958, 27.182637999795361 ] ] ] } },
{ "type": "Feature", "properties": { "NAME": null, "HYC_DESCRI": "Non-Perennial/Intermittent/Fluctuating" }, "geometry": { "type": "Polygon", "coordinates": [ [ [ 68.103858451537008, 27.080722999700356 ], [ 68.084610451518984, 27.077498999697355 ], [ 68.078224451513051, 27.07355499969367 ], [ 68.069862451505287, 27.0651949996859 ], [ 68.067863451503399, 27.061776999682706 ], [ 68.067474451503131, 27.039611999662156 ], [ 68.066001451501734, 27.034555999657414 ], [ 68.066024451501789, 27.012832999637112 ], [ 68.064552451500504, 27.008193999632795 ], [ 68.061607451497594, 27.006026999630876 ], [ 68.056198451492719, 27.006915999631701 ], [ 68.053085451489778, 27.009360999633827 ], [ 68.038970451476644, 27.006444999631185 ], [ 68.012802451452217, 27.007832999632456 ], [ 68.003166451443121, 27.002971999628016 ], [ 67.991638451432436, 26.992610999618364 ], [ 67.978141451420015, 26.971776999598887 ], [ 67.947029451391018, 26.967776999595117 ], [ 67.938613451383162, 26.968360999595689 ], [ 67.930831451375752, 26.971082999598366 ], [ 67.932334451377301, 26.974889999601828 ], [ 67.939720451384119, 26.983027999609476 ], [ 67.940551451384863, 26.986388999612473 ], [ 67.935302451380039, 26.989804999615671 ], [ 67.934196451378966, 26.995194999620708 ], [ 67.938194451382742, 27.000110999625349 ], [ 67.955864451399066, 27.00166699962665 ], [ 67.964141451406931, 27.005860999630613 ], [ 67.972747451414989, 27.01300099963737 ], [ 67.975196451417105, 27.016610999640761 ], [ 67.977668451419504, 27.031943999654914 ], [ 67.981308451422819, 27.041444999663781 ], [ 67.995140451435645, 27.046416999668509 ], [ 67.99988545144015, 27.050944999672538 ], [ 68.017364451456388, 27.058305999679533 ], [ 68.027778451466247, 27.060471999681567 ], [ 68.042724451480126, 27.060693999681689 ], [ 68.046363451483558, 27.063499999684382 ], [ 68.047691451484752, 27.065415999686138 ], [ 68.044082451481245, 27.095611999714265 ], [ 68.045135451482338, 27.11277799973027 ], [ 68.040473451477965, 27.119555999736576 ], [ 68.031471451469542, 27.123277999739912 ], [ 68.026641451465139, 27.127944999744386 ], [ 68.026557451464896, 27.13047199974676 ], [ 68.030525451468748, 27.137055999752874 ], [ 68.043663451480825, 27.148889999763924 ], [ 68.054306451490902, 27.151694999766505 ], [ 68.068748451504234, 27.159833999774037 ], [ 68.084610451518984, 27.146443999761686 ], [ 68.097641451531217, 27.127166999743622 ], [ 68.105613451538602, 27.119637999736597 ], [ 68.110053451542854, 27.112222999729738 ], [ 68.112915451545405, 27.103110999721139 ], [ 68.111083451543664, 27.095332999713946 ], [ 68.103858451537008, 27.080722999700356 ] ] ] } },
{ "type": "Feature", "properties": { "NAME": null, "HYC_DESCRI": "Non-Perennial/Intermittent/Fluctuating" }, "geometry": { "type": "Polygon", "coordinates": [ [ [ 68.042114451479392, 27.003194999628249 ], [ 68.052085451488892, 27.004722999629621 ], [ 68.056198451492719, 27.006915999631701 ], [ 68.061607451497594, 27.006026999630876 ], [ 68.064552451500504, 27.008193999632795 ], [ 68.066024451501789, 27.012832999637112 ], [ 68.066001451501734, 27.034555999657414 ], [ 68.067474451503131, 27.039611999662156 ], [ 68.094360451528246, 27.058305999679533 ], [ 68.10363745153677, 27.066722999687272 ], [ 68.110305451542899, 27.076722999696585 ], [ 68.111083451543664, 27.081332999700862 ], [ 68.115806451548224, 27.086888999706161 ], [ 68.116996451549312, 27.098416999716846 ], [ 68.117668451549889, 27.093221999712114 ], [ 68.122802451554662, 27.082776999702219 ], [ 68.121192451553043, 27.076304999696276 ], [ 68.111641451544301, 27.060943999681967 ], [ 68.110053451542854, 27.043693999665948 ], [ 68.111747451544261, 27.028582999651917 ], [ 68.109611451542378, 27.022777999646451 ], [ 68.104164451537372, 27.016221999640265 ], [ 68.091026451525067, 27.009276999633812 ], [ 68.072280451507595, 27.001971999627131 ], [ 68.055359451491768, 27.001832999626913 ], [ 68.051055451487855, 27.000110999625349 ], [ 68.046447451483573, 26.996470999621806 ], [ 68.042114451479392, 27.003194999628249 ] ] ] } },
{ "type": "Feature", "properties": { "NAME": null, "HYC_DESCRI": "Non-Perennial/Intermittent/Fluctuating" }, "geometry": { "type": "Polygon", "coordinates": [ [ [ 68.10363745153677, 27.066722999687272 ], [ 68.094360451528246, 27.058305999679533 ], [ 68.067474451503131, 27.039611999662156 ], [ 68.067863451503399, 27.061776999682706 ], [ 68.069862451505287, 27.0651949996859 ], [ 68.078224451513051, 27.07355499969367 ], [ 68.084610451518984, 27.077498999697355 ], [ 68.103858451537008, 27.080722999700356 ], [ 68.105163451538147, 27.076360999696362 ], [ 68.10094445153436, 27.070416999690678 ], [ 68.10363745153677, 27.066722999687272 ] ] ] } },
{ "type": "Feature", "properties": { "NAME": "INDUS", "HYC_DESCRI": "Perennial/Permanent" }, "geometry": { "type": "Polygon", "coordinates": [ [ [ 68.056198451492719, 27.006915999631701 ], [ 68.052085451488892, 27.004722999629621 ], [ 68.042114451479392, 27.003194999628249 ], [ 68.02766445146608, 27.002805999627753 ], [ 68.018974451458007, 27.004443999629302 ], [ 68.013885451453234, 27.003470999628462 ], [ 68.007247451447029, 26.999944999625086 ], [ 68.001808451442002, 26.995000999620515 ], [ 67.997413451437751, 26.9873329996135 ], [ 67.987968451428969, 26.977055999603863 ], [ 67.976364451418249, 26.955638999583925 ], [ 67.972168451414291, 26.948609999577229 ], [ 67.967720451410287, 26.949332999578019 ], [ 67.976303451418289, 26.963777999591457 ], [ 67.978141451420015, 26.971776999598887 ], [ 67.991638451432436, 26.992610999618364 ], [ 68.003166451443121, 27.002971999628016 ], [ 68.012802451452217, 27.007832999632456 ], [ 68.038970451476644, 27.006444999631185 ], [ 68.053085451489778, 27.009360999633827 ], [ 68.056198451492719, 27.006915999631701 ] ] ] } },
{ "type": "Feature", "properties": { "NAME": null, "HYC_DESCRI": "Non-Perennial/Intermittent/Fluctuating" }, "geometry": { "type": "Polygon", "coordinates": [ [ [ 67.96549945140805, 26.970138999597339 ], [ 67.961525451404441, 26.967749999595071 ], [ 67.959083451402194, 26.964026999591624 ], [ 67.949913451393513, 26.961749999589529 ], [ 67.936836451381396, 26.962804999590617 ], [ 67.926887451372295, 26.968999999596235 ], [ 67.925941451371273, 26.970944999598032 ], [ 67.930831451375752, 26.971082999598366 ], [ 67.938613451383162, 26.968360999595689 ], [ 67.947029451391018, 26.967776999595117 ], [ 67.96549945140805, 26.970138999597339 ] ] ] } },
{ "type": "Feature", "properties": { "NAME": "INDUS", "HYC_DESCRI": "Perennial/Permanent" }, "geometry": { "type": "Polygon", "coordinates": [ [ [ 67.901611451348572, 26.939944999569207 ], [ 67.902420451349371, 26.930360999560435 ], [ 67.906135451352839, 26.924193999554518 ], [ 67.909141451355708, 26.918221999549132 ], [ 67.908279451354929, 26.916305999547149 ], [ 67.905944451352752, 26.916444999547366 ], [ 67.900749451347792, 26.918611999549512 ], [ 67.900474451347691, 26.91316599954439 ], [ 67.902275451349169, 26.907777999539348 ], [ 67.911087451357389, 26.896527999528871 ], [ 67.911026451357429, 26.891721999524407 ], [ 67.908447451354959, 26.891860999524397 ], [ 67.899025451346233, 26.901221999533163 ], [ 67.892891451340574, 26.936137999565744 ], [ 67.895385451342918, 26.951278999579927 ], [ 67.898696451346041, 26.957221999585272 ], [ 67.90499845135173, 26.96302799959085 ], [ 67.913780451360026, 26.965777999593229 ], [ 67.920135451365923, 26.963887999591634 ], [ 67.938858451383339, 26.948527999577209 ], [ 67.948364451392081, 26.943360999572405 ], [ 67.946304451390233, 26.941609999570801 ], [ 67.935752451380495, 26.943416999572491 ], [ 67.911750451358103, 26.95652799958475 ], [ 67.905220451352079, 26.956361999584487 ], [ 67.902526451349559, 26.953971999582336 ], [ 67.901611451348572, 26.939944999569207 ] ] ] } },
{ "type": "Feature", "properties": { "NAME": null, "HYC_DESCRI": "Non-Perennial/Intermittent/Fluctuating" }, "geometry": { "type": "Polygon", "coordinates": [ [ [ 67.97474645141665, 26.952916999581248 ], [ 67.976364451418249, 26.955638999583925 ], [ 67.980445451422156, 26.952916999581248 ], [ 67.976058451417884, 26.952472999581005 ], [ 67.97474645141665, 26.952916999581248 ] ] ] } },
{ "type": "Feature", "properties": { "NAME": null, "HYC_DESCRI": "Non-Perennial/Intermittent/Fluctuating" }, "geometry": { "type": "Polygon", "coordinates": [ [ [ 67.894081451341663, 26.94327699957239 ], [ 67.892891451340574, 26.936137999565744 ], [ 67.899025451346233, 26.901221999533163 ], [ 67.904586451351406, 26.895944999528183 ], [ 67.902496451349407, 26.888778999521719 ], [ 67.902359451349412, 26.866416999500871 ], [ 67.898834451346147, 26.860665999495495 ], [ 67.881973451330396, 26.850165999485625 ], [ 67.866302451315732, 26.844861999480827 ], [ 67.874641451323441, 26.849082999484608 ], [ 67.882164451330482, 26.854083999489376 ], [ 67.88636045133444, 26.859916999494772 ], [ 67.865943451315388, 26.883306999516435 ], [ 67.861335451311106, 26.891694999524361 ], [ 67.861724451311602, 26.895610999527889 ], [ 67.864280451313789, 26.896583999528957 ], [ 67.873168451322044, 26.890361999523066 ], [ 67.877357451326134, 26.886332999519254 ], [ 67.882553451330978, 26.875193999509065 ], [ 67.888221451336221, 26.874415999508301 ], [ 67.889915451337856, 26.878138999511748 ], [ 67.889503451337305, 26.883166999516334 ], [ 67.884636451332881, 26.891776999524382 ], [ 67.885833451333838, 26.894555999527029 ], [ 67.889663451337583, 26.894889999527322 ], [ 67.894889451342351, 26.890887999523557 ], [ 67.898498451345631, 26.890498999523288 ], [ 67.902191451349154, 26.894971999527343 ], [ 67.898696451346041, 26.900611999532657 ], [ 67.889389451337365, 26.904305999536064 ], [ 67.880332451328741, 26.89880599953085 ], [ 67.875503451324221, 26.906026999537744 ], [ 67.864471451314103, 26.90669399953822 ], [ 67.861580451311283, 26.909139999540685 ], [ 67.885780451333858, 26.939332999568705 ], [ 67.892303451340013, 26.943639999572724 ], [ 67.894081451341663, 26.94327699957239 ] ] ] } },
{ "type": "Feature", "properties": { "NAME": null, "HYC_DESCRI": "Non-Perennial/Intermittent/Fluctuating" }, "geometry": { "type": "Polygon", "coordinates": [ [ [ 67.983360451424687, 26.91316599954439 ], [ 67.982864451424348, 26.895415999527813 ], [ 67.979614451421185, 26.888833999521694 ], [ 67.967414451409923, 26.884110999517361 ], [ 67.963691451406476, 26.890693999523364 ], [ 67.956779451400052, 26.895305999527636 ], [ 67.93497445137973, 26.905776999537466 ], [ 67.930557451375535, 26.905665999537405 ], [ 67.928642451373889, 26.913972999544967 ], [ 67.925468451370762, 26.917638999548444 ], [ 67.91455845136079, 26.923388999553936 ], [ 67.906135451352839, 26.924193999554518 ], [ 67.902420451349371, 26.930360999560435 ], [ 67.902084451349083, 26.934359999564094 ], [ 67.906059451352803, 26.929250999559372 ], [ 67.914833451360892, 26.926471999556725 ], [ 67.927864451373125, 26.919665999550489 ], [ 67.936500451381107, 26.912526999543843 ], [ 67.942360451386548, 26.905305999536949 ], [ 67.949913451393513, 26.900443999532399 ], [ 67.957389451400559, 26.899249999531321 ], [ 67.963974451406784, 26.901221999533163 ], [ 67.978530451420283, 26.912137999543347 ], [ 67.983360451424687, 26.91316599954439 ] ] ] } },
{ "type": "Feature", "properties": { "NAME": null, "HYC_DESCRI": "Non-Perennial/Intermittent/Fluctuating" }, "geometry": { "type": "Polygon", "coordinates": [ [ [ 67.930557451375535, 26.905665999537405 ], [ 67.930084451375251, 26.899583999531615 ], [ 67.926864451372239, 26.891555999524144 ], [ 67.922721451368261, 26.883277999516395 ], [ 67.920524451366191, 26.860026999494949 ], [ 67.923751451369299, 26.847999999483591 ], [ 67.916000451362152, 26.835860999472288 ], [ 67.896667451344001, 26.8231939994605 ], [ 67.892860451340539, 26.818694999456284 ], [ 67.892387451340028, 26.812833999450959 ], [ 67.896057451343495, 26.801221999440031 ], [ 67.900863451347959, 26.796555999435668 ], [ 67.900222451347418, 26.795083999434382 ], [ 67.904891451351659, 26.788833999428562 ], [ 67.905136451351837, 26.780581999420747 ], [ 67.90177945134883, 26.770888999411909 ], [ 67.897224451344528, 26.781472999421567 ], [ 67.895080451342665, 26.787555999427241 ], [ 67.892334451340048, 26.791081999430617 ], [ 67.87791445132666, 26.813666999451698 ], [ 67.87969245132831, 26.81705499945474 ], [ 67.887611451335715, 26.817471999455165 ], [ 67.889831451337614, 26.820054999457625 ], [ 67.89038845133814, 26.827416999464504 ], [ 67.892112451339699, 26.829526999466452 ], [ 67.90183245134881, 26.829970999466923 ], [ 67.905670451352535, 26.831860999468518 ], [ 67.909500451356053, 26.835889999472329 ], [ 67.912025451358431, 26.843276999479258 ], [ 67.911941451358189, 26.845832999481672 ], [ 67.916694451362673, 26.881305999514552 ], [ 67.916030451362076, 26.883193999516379 ], [ 67.918304451364293, 26.88983399952258 ], [ 67.918556451364338, 26.89591599952837 ], [ 67.91719845136322, 26.90172199953372 ], [ 67.905944451352752, 26.916444999547366 ], [ 67.908279451354929, 26.916305999547149 ], [ 67.909141451355708, 26.918221999549132 ], [ 67.906135451352839, 26.924193999554518 ], [ 67.91455845136079, 26.923388999553936 ], [ 67.925468451370762, 26.917638999548444 ], [ 67.928642451373889, 26.913972999544967 ], [ 67.930557451375535, 26.905665999537405 ] ] ] } },
{ "type": "Feature", "properties": { "NAME": null, "HYC_DESCRI": "Non-Perennial/Intermittent/Fluctuating" }, "geometry": { "type": "Polygon", "coordinates": [ [ [ 67.905944451352752, 26.916444999547366 ], [ 67.91719845136322, 26.90172199953372 ], [ 67.918556451364338, 26.89591599952837 ], [ 67.918304451364293, 26.88983399952258 ], [ 67.916030451362076, 26.883193999516379 ], [ 67.91558045136162, 26.8844719995177 ], [ 67.910919451357358, 26.886443999519543 ], [ 67.907417451354149, 26.883361999516637 ], [ 67.906250451352889, 26.87966699951312 ], [ 67.907692451354251, 26.873721999507552 ], [ 67.90016945134721, 26.85977699949467 ], [ 67.900138451347175, 26.852193999487554 ], [ 67.897499451344856, 26.846860999482487 ], [ 67.887252451335371, 26.838805999474971 ], [ 67.88372045133201, 26.832915999469606 ], [ 67.883003451331206, 26.834722999471296 ], [ 67.885582451333676, 26.840444999476631 ], [ 67.892364451339972, 26.846471999482219 ], [ 67.894691451342169, 26.852387999487746 ], [ 67.894279451341845, 26.857610999492636 ], [ 67.898834451346147, 26.860665999495495 ], [ 67.902359451349412, 26.866416999500871 ], [ 67.902496451349407, 26.888778999521719 ], [ 67.904586451351406, 26.895944999528183 ], [ 67.908447451354959, 26.891860999524397 ], [ 67.911026451357429, 26.891721999524407 ], [ 67.911087451357389, 26.896527999528871 ], [ 67.902275451349169, 26.907777999539348 ], [ 67.900474451347691, 26.91316599954439 ], [ 67.900749451347792, 26.918611999549512 ], [ 67.905944451352752, 26.916444999547366 ] ] ] } },
{ "type": "Feature", "properties": { "NAME": null, "HYC_DESCRI": "Non-Perennial/Intermittent/Fluctuating" }, "geometry": { "type": "Polygon", "coordinates": [ [ [ 67.975303451417176, 26.874471999508387 ], [ 67.974525451416639, 26.87386099950777 ], [ 67.974525451416639, 26.872333999506282 ], [ 67.969329451411795, 26.857972999492858 ], [ 67.960670451403757, 26.847665999483297 ], [ 67.956611451399795, 26.836139999472607 ], [ 67.960830451403808, 26.852361999487812 ], [ 67.960388451403333, 26.865109999499509 ], [ 67.966499451409163, 26.877194999510721 ], [ 67.965583451408293, 26.88363799951685 ], [ 67.979614451421185, 26.888833999521694 ], [ 67.982864451424348, 26.895415999527813 ], [ 67.983360451424687, 26.91316599954439 ], [ 67.987999451429005, 26.911887999543069 ], [ 67.99063845143155, 26.908971999540427 ], [ 67.993194451433965, 26.900748999532652 ], [ 67.991417451432199, 26.890832999523582 ], [ 67.976692451418558, 26.878333999511824 ], [ 67.975303451417176, 26.874471999508387 ] ] ] } },
{ "type": "Feature", "properties": { "NAME": null, "HYC_DESCRI": "Non-Perennial/Intermittent/Fluctuating" }, "geometry": { "type": "Polygon", "coordinates": [ [ [ 67.967414451409923, 26.884110999517361 ], [ 67.951721451395315, 26.879916999513398 ], [ 67.946250451390142, 26.876637999510422 ], [ 67.942085451386447, 26.869832999504069 ], [ 67.940834451385172, 26.858498999493349 ], [ 67.942474451386715, 26.84516699948108 ], [ 67.948860451392648, 26.823527999460794 ], [ 67.94024645138461, 26.808499999446894 ], [ 67.932586451377574, 26.80288899944162 ], [ 67.926498451371799, 26.802443999441266 ], [ 67.913497451359717, 26.807582999445913 ], [ 67.908638451355273, 26.807221999445574 ], [ 67.904274451351057, 26.805444999444035 ], [ 67.900863451347959, 26.796555999435668 ], [ 67.896057451343495, 26.801221999440031 ], [ 67.892387451340028, 26.812833999450959 ], [ 67.892860451340539, 26.818694999456284 ], [ 67.896667451344001, 26.8231939994605 ], [ 67.916000451362152, 26.835860999472288 ], [ 67.923751451369299, 26.847999999483591 ], [ 67.92294345136861, 26.850888999486415 ], [ 67.925247451370751, 26.851583999487048 ], [ 67.926719451372037, 26.855582999490707 ], [ 67.930862451375788, 26.876832999510498 ], [ 67.926864451372239, 26.891555999524144 ], [ 67.930084451375251, 26.899583999531615 ], [ 67.930557451375535, 26.905665999537405 ], [ 67.93497445137973, 26.905776999537466 ], [ 67.956779451400052, 26.895305999527636 ], [ 67.963691451406476, 26.890693999523364 ], [ 67.967414451409923, 26.884110999517361 ] ] ] } },
{ "type": "Feature", "properties": { "NAME": null, "HYC_DESCRI": "Non-Perennial/Intermittent/Fluctuating" }, "geometry": { "type": "Polygon", "coordinates": [ [ [ 67.92294345136861, 26.850888999486415 ], [ 67.920524451366191, 26.860026999494949 ], [ 67.922721451368261, 26.883277999516395 ], [ 67.926864451372239, 26.891555999524144 ], [ 67.930862451375788, 26.876832999510498 ], [ 67.926719451372037, 26.855582999490707 ], [ 67.925247451370751, 26.851583999487048 ], [ 67.92294345136861, 26.850888999486415 ] ] ] } },
{ "type": "Feature", "properties": { "NAME": null, "HYC_DESCRI": "Non-Perennial/Intermittent/Fluctuating" }, "geometry": { "type": "Polygon", "coordinates": [ [ [ 67.956611451399795, 26.836139999472607 ], [ 67.953056451396606, 26.827777999464843 ], [ 67.948860451392648, 26.823527999460794 ], [ 67.942474451386715, 26.84516699948108 ], [ 67.940834451385172, 26.858498999493349 ], [ 67.942085451386447, 26.869832999504069 ], [ 67.946250451390142, 26.876637999510422 ], [ 67.951721451395315, 26.879916999513398 ], [ 67.965583451408293, 26.88363799951685 ], [ 67.966499451409163, 26.877194999510721 ], [ 67.960388451403333, 26.865109999499509 ], [ 67.960830451403808, 26.852361999487812 ], [ 67.956611451399795, 26.836139999472607 ] ] ] } },
{ "type": "Feature", "properties": { "NAME": null, "HYC_DESCRI": "Non-Perennial/Intermittent/Fluctuating" }, "geometry": { "type": "Polygon", "coordinates": [ [ [ 67.974525451416639, 26.872333999506282 ], [ 67.974525451416639, 26.87386099950777 ], [ 67.975303451417176, 26.874471999508387 ], [ 67.974525451416639, 26.872333999506282 ] ] ] } },
{ "type": "Feature", "properties": { "NAME": null, "HYC_DESCRI": "Non-Perennial/Intermittent/Fluctuating" }, "geometry": { "type": "Polygon", "coordinates": [ [ [ 67.88372045133201, 26.832915999469606 ], [ 67.878585451327126, 26.827693999464827 ], [ 67.877807451326362, 26.825610999462697 ], [ 67.863975451313536, 26.812528999450706 ], [ 67.862831451312559, 26.808389999446717 ], [ 67.864586451314153, 26.800832999439763 ], [ 67.88238545133072, 26.778304999418651 ], [ 67.88549845133366, 26.768971999410041 ], [ 67.892608451340266, 26.770526999411459 ], [ 67.897224451344528, 26.781472999421567 ], [ 67.90177945134883, 26.770888999411909 ], [ 67.89302845134057, 26.759805999401578 ], [ 67.89130445133901, 26.758666999400475 ], [ 67.874336451323188, 26.763638999404975 ], [ 67.862197451311886, 26.764943999406341 ], [ 67.842887451294018, 26.771083999411985 ], [ 67.840637451291968, 26.774999999415741 ], [ 67.844581451295426, 26.788472999428222 ], [ 67.843750451294682, 26.798694999437657 ], [ 67.840614451291913, 26.808860999447234 ], [ 67.833557451285287, 26.81741699945519 ], [ 67.837196451288719, 26.824860999462089 ], [ 67.84535945129619, 26.833026999469666 ], [ 67.857475451307437, 26.840388999476545 ], [ 67.866302451315732, 26.844861999480827 ], [ 67.881973451330396, 26.850165999485625 ], [ 67.894279451341845, 26.857610999492636 ], [ 67.894691451342169, 26.852387999487746 ], [ 67.892364451339972, 26.846471999482219 ], [ 67.885582451333676, 26.840444999476631 ], [ 67.883003451331206, 26.834722999471296 ], [ 67.88372045133201, 26.832915999469606 ] ] ] } },
{ "type": "Feature", "properties": { "NAME": null, "HYC_DESCRI": "Non-Perennial/Intermittent/Fluctuating" }, "geometry": { "type": "Polygon", "coordinates": [ [ [ 67.84535945129619, 26.833026999469666 ], [ 67.84794645129864, 26.835582999472081 ], [ 67.857475451307437, 26.840388999476545 ], [ 67.84535945129619, 26.833026999469666 ] ] ] } },
{ "type": "Feature", "properties": { "NAME": null, "HYC_DESCRI": "Non-Perennial/Intermittent/Fluctuating" }, "geometry": { "type": "Polygon", "coordinates": [ [ [ 67.949531451393341, 26.822526999460024 ], [ 67.948860451392648, 26.823527999460794 ], [ 67.953056451396606, 26.827777999464843 ], [ 67.951530451395229, 26.825526999462681 ], [ 67.949531451393341, 26.822526999460024 ] ] ] } },
{ "type": "Feature", "properties": { "NAME": null, "HYC_DESCRI": "Non-Perennial/Intermittent/Fluctuating" }, "geometry": { "type": "Polygon", "coordinates": [ [ [ 67.833557451285287, 26.81741699945519 ], [ 67.833778451285525, 26.821443999459007 ], [ 67.837196451288719, 26.824860999462089 ], [ 67.833557451285287, 26.81741699945519 ] ] ] } },
{ "type": "Feature", "properties": { "NAME": null, "HYC_DESCRI": "Non-Perennial/Intermittent/Fluctuating" }, "geometry": { "type": "Polygon", "coordinates": [ [ [ 67.949531451393341, 26.822526999460024 ], [ 67.94147445138583, 26.810637999448772 ], [ 67.948860451392648, 26.823527999460794 ], [ 67.949531451393341, 26.822526999460024 ] ] ] } },
{ "type": "Feature", "properties": { "NAME": null, "HYC_DESCRI": "Non-Perennial/Intermittent/Fluctuating" }, "geometry": { "type": "Polygon", "coordinates": [ [ [ 67.89130445133901, 26.758666999400475 ], [ 67.863418451313009, 26.754193999396193 ], [ 67.859085451309056, 26.754332999396411 ], [ 67.846359451297076, 26.760693999402292 ], [ 67.839248451290587, 26.766944999408224 ], [ 67.834968451286613, 26.781304999421536 ], [ 67.838447451289767, 26.802499999441352 ], [ 67.837974451289483, 26.809833999448074 ], [ 67.833557451285287, 26.81741699945519 ], [ 67.840614451291913, 26.808860999447234 ], [ 67.843750451294682, 26.798694999437657 ], [ 67.844581451295426, 26.788472999428222 ], [ 67.840637451291968, 26.774999999415741 ], [ 67.842887451294018, 26.771083999411985 ], [ 67.862197451311886, 26.764943999406341 ], [ 67.874336451323188, 26.763638999404975 ], [ 67.89130445133901, 26.758666999400475 ] ] ] } },
{ "type": "Feature", "properties": { "NAME": null, "HYC_DESCRI": "Non-Perennial/Intermittent/Fluctuating" }, "geometry": { "type": "Polygon", "coordinates": [ [ [ 67.926498451371799, 26.802443999441266 ], [ 67.924140451369567, 26.802249999441074 ], [ 67.915641451361807, 26.804360999442906 ], [ 67.910552451357034, 26.803082999441813 ], [ 67.904586451351406, 26.797666999436842 ], [ 67.90366345135044, 26.793971999433325 ], [ 67.904891451351659, 26.788833999428562 ], [ 67.900222451347418, 26.795083999434382 ], [ 67.904274451351057, 26.805444999444035 ], [ 67.908638451355273, 26.807221999445574 ], [ 67.913497451359717, 26.807582999445913 ], [ 67.926498451371799, 26.802443999441266 ] ] ] } },
{ "type": "Feature", "properties": { "NAME": null, "HYC_DESCRI": "Non-Perennial/Intermittent/Fluctuating" }, "geometry": { "type": "Polygon", "coordinates": [ [ [ 67.89302845134057, 26.759805999401578 ], [ 67.90177945134883, 26.770888999411909 ], [ 67.905136451351837, 26.780581999420747 ], [ 67.904891451351659, 26.788833999428562 ], [ 67.906585451353294, 26.78163899942183 ], [ 67.904335451351244, 26.772166999413002 ], [ 67.897720451345094, 26.762137999403649 ], [ 67.89302845134057, 26.759805999401578 ] ] ] } },
{ "type": "Feature", "properties": { "NAME": "INDUS", "HYC_DESCRI": "Perennial/Permanent" }, "geometry": { "type": "Polygon", "coordinates": [ [ [ 67.867614451316967, 26.626138999276918 ], [ 67.886917451334966, 26.618527999269872 ], [ 67.89338645134103, 26.613082999264861 ], [ 67.904335451351244, 26.599166999251793 ], [ 67.913528451359753, 26.576026999230407 ], [ 67.925552451371004, 26.556943999212535 ], [ 67.936553451381087, 26.54805599920428 ], [ 67.940528451384807, 26.541055999197852 ], [ 67.936973451381618, 26.529887999187395 ], [ 67.928169451373378, 26.516276999174806 ], [ 67.916168451362182, 26.507583999166627 ], [ 67.911163451357424, 26.49738899915701 ], [ 67.910278451356817, 26.489638999149975 ], [ 67.910804451357308, 26.481721999142565 ], [ 67.925834451371202, 26.450166999113208 ], [ 67.925720451371035, 26.446610999109907 ], [ 67.920913451366687, 26.437915999101733 ], [ 67.890113451338038, 26.410277999076015 ], [ 67.883110451331504, 26.397971999064566 ], [ 67.882415451330871, 26.391889999058776 ], [ 67.883583451331788, 26.38502699905257 ], [ 67.887611451335715, 26.375749999043819 ], [ 67.899917451347164, 26.362304999031267 ], [ 67.902114451349007, 26.352971999022657 ], [ 67.901970451348916, 26.343139999013374 ], [ 67.906417451353036, 26.329249999000467 ], [ 67.91236145135872, 26.324416998995957 ], [ 67.93577545138055, 26.31797199899006 ], [ 67.94147445138583, 26.314166998986366 ], [ 67.943168451387237, 26.305221998978141 ], [ 67.938804451383248, 26.297166998970624 ], [ 67.919280451365012, 26.273221998948429 ], [ 67.91858645136449, 26.266305998941789 ], [ 67.920059451365887, 26.257554998933756 ], [ 67.925445451370933, 26.248527998925283 ], [ 67.934249451378946, 26.242276998919579 ], [ 67.94783045139161, 26.244555998921669 ], [ 67.976776451418573, 26.244111998921198 ], [ 67.986915451428104, 26.239388998916866 ], [ 68.011665451451108, 26.219583998898315 ], [ 68.03089145146896, 26.21322199889255 ], [ 68.03433245147221, 26.206832998886512 ], [ 68.031723451469816, 26.201749998881724 ], [ 68.011390451450779, 26.214776998893967 ], [ 67.985946451427253, 26.233693998911576 ], [ 67.98005645142166, 26.236472998913996 ], [ 67.967888451410317, 26.240304998917736 ], [ 67.932998451377898, 26.238082998915615 ], [ 67.919776451365578, 26.245221998922261 ], [ 67.915168451361296, 26.251138998927672 ], [ 67.911697451358123, 26.264415998940194 ], [ 67.912246451358442, 26.274693998949715 ], [ 67.91461145136077, 26.280610998955126 ], [ 67.934997451379786, 26.299777998973013 ], [ 67.938697451383177, 26.307610998980408 ], [ 67.937637451382216, 26.311137998983668 ], [ 67.934524451379275, 26.313748998986057 ], [ 67.920974451366646, 26.316916998988972 ], [ 67.912498451358715, 26.320443998992232 ], [ 67.903915451350713, 26.32730499899867 ], [ 67.898498451345631, 26.336554999007376 ], [ 67.894332451341825, 26.362555999031429 ], [ 67.885246451333387, 26.370860999039223 ], [ 67.880302451328816, 26.3794989990472 ], [ 67.878196451326858, 26.392610999059571 ], [ 67.877998451326675, 26.398665999065088 ], [ 67.881385451329834, 26.4071099990731 ], [ 67.887359451335442, 26.416055999081436 ], [ 67.901084451348197, 26.428166999092582 ], [ 67.91425345136031, 26.442527999106005 ], [ 67.916420451362455, 26.446776999109943 ], [ 67.916191451362238, 26.453027999115875 ], [ 67.905166451351988, 26.483443999144129 ], [ 67.904197451351138, 26.491555999151615 ], [ 67.905975451352788, 26.500388999159895 ], [ 67.908996451355506, 26.506526999165544 ], [ 67.915252451361312, 26.513804999172407 ], [ 67.919334451365103, 26.522693999180774 ], [ 67.923751451369299, 26.522832999180764 ], [ 67.93277745137766, 26.537082999194126 ], [ 67.932891451377827, 26.540416999197078 ], [ 67.921363451367142, 26.551166999207226 ], [ 67.898246451345585, 26.581027999234948 ], [ 67.897697451345039, 26.583304999237043 ], [ 67.901664451348779, 26.589082999242464 ], [ 67.898750451345904, 26.599444999252228 ], [ 67.894332451341825, 26.606000999258185 ], [ 67.867446451316937, 26.620832999272125 ], [ 67.860641451310585, 26.626138999276918 ], [ 67.858802451308748, 26.631944999282496 ], [ 67.858696451308788, 26.641137999291004 ], [ 67.861053451310909, 26.646638999296101 ], [ 67.869613451318855, 26.654611999303597 ], [ 67.87980645132825, 26.66827799931616 ], [ 67.88280445133114, 26.675666999323084 ], [ 67.884666451332805, 26.6826379993297 ], [ 67.88366745133203, 26.6911659993375 ], [ 67.889808451337558, 26.734387999377759 ], [ 67.892913451340519, 26.731971999375673 ], [ 67.895080451342665, 26.72283399936714 ], [ 67.892944451340554, 26.697915999343877 ], [ 67.888473451336495, 26.679610999326769 ], [ 67.876052451324767, 26.656472999305151 ], [ 67.866165451315737, 26.646582999296015 ], [ 67.861915451311688, 26.635388999285624 ], [ 67.863281451313014, 26.629971999280542 ], [ 67.867614451316967, 26.626138999276918 ] ] ] } },
{ "type": "Feature", "properties": { "NAME": null, "HYC_DESCRI": "Non-Perennial/Intermittent/Fluctuating" }, "geometry": { "type": "Polygon", "coordinates": [ [ [ 67.904335451351244, 26.599166999251793 ], [ 67.89338645134103, 26.613082999264861 ], [ 67.886917451334966, 26.618527999269872 ], [ 67.884780451332972, 26.619388999270768 ], [ 67.882698451330953, 26.622888999273982 ], [ 67.879524451328052, 26.635194999285432 ], [ 67.879722451328234, 26.645555999295084 ], [ 67.883331451331514, 26.652749999301705 ], [ 67.889724451337543, 26.652444999301451 ], [ 67.894638451342189, 26.641999999291784 ], [ 67.899833451346922, 26.621915999273142 ], [ 67.907775451354382, 26.603499999255973 ], [ 67.915947451361944, 26.594972999248057 ], [ 67.915886451361985, 26.592555999245633 ], [ 67.909942451356301, 26.597888999250699 ], [ 67.904335451351244, 26.599166999251793 ] ] ] } },
{ "type": "Feature", "properties": { "NAME": null, "HYC_DESCRI": "Non-Perennial/Intermittent/Fluctuating" }, "geometry": { "type": "Polygon", "coordinates": [ [ [ 67.936553451381087, 26.54805599920428 ], [ 67.936943451381467, 26.556832999212475 ], [ 67.933914451378769, 26.570748999225316 ], [ 67.928947451374142, 26.576859999231147 ], [ 67.928970451374198, 26.578082999232265 ], [ 67.934692451379533, 26.573609999227983 ], [ 67.936058451380632, 26.570887999225533 ], [ 67.939476451383825, 26.558804999214317 ], [ 67.939140451383537, 26.553054999209053 ], [ 67.936553451381087, 26.54805599920428 ] ] ] } },
{ "type": "Feature", "properties": { "NAME": null, "HYC_DESCRI": "Non-Perennial/Intermittent/Fluctuating" }, "geometry": { "type": "Polygon", "coordinates": [ [ [ 67.936553451381087, 26.54805599920428 ], [ 67.926940451372275, 26.555804999211432 ], [ 67.92783345137309, 26.555999999211735 ], [ 67.930831451375752, 26.565944999220847 ], [ 67.928886451373955, 26.571637999226368 ], [ 67.928947451374142, 26.576859999231147 ], [ 67.933914451378769, 26.570748999225316 ], [ 67.936943451381467, 26.556832999212475 ], [ 67.936553451381087, 26.54805599920428 ] ] ] } },
{ "type": "Feature", "properties": { "NAME": null, "HYC_DESCRI": "Non-Perennial/Intermittent/Fluctuating" }, "geometry": { "type": "Polygon", "coordinates": [ [ [ 67.924331451369881, 26.444138999107508 ], [ 67.925720451371035, 26.446610999109907 ], [ 67.925834451371202, 26.450166999113208 ], [ 67.918945451364834, 26.464581999126494 ], [ 67.921142451366904, 26.479388999140383 ], [ 67.925308451370711, 26.485471999146057 ], [ 67.939857451384341, 26.493833999153821 ], [ 67.941887451386265, 26.485639999146088 ], [ 67.936920451381638, 26.454970999117677 ], [ 67.934059451378971, 26.448472999111573 ], [ 67.929557451374649, 26.444694999107924 ], [ 67.924331451369881, 26.444138999107508 ] ] ] } },
{ "type": "Feature", "properties": { "NAME": null, "HYC_DESCRI": "Non-Perennial/Intermittent/Fluctuating" }, "geometry": { "type": "Polygon", "coordinates": [ [ [ 67.884750451333048, 26.45097199911379 ], [ 67.874107451322971, 26.44911199911212 ], [ 67.873474451322409, 26.450582999113522 ], [ 67.876503451325334, 26.453582999116406 ], [ 67.877525451326164, 26.457999999120375 ], [ 67.87619745132497, 26.461526999123635 ], [ 67.881973451330396, 26.467221999128924 ], [ 67.894691451342169, 26.468444999130043 ], [ 67.899391451346673, 26.465333999127324 ], [ 67.889274451337087, 26.452916999115587 ], [ 67.884750451333048, 26.45097199911379 ] ] ] } },
{ "type": "Feature", "properties": { "NAME": null, "HYC_DESCRI": "Non-Perennial/Intermittent/Fluctuating" }, "geometry": { "type": "Polygon", "coordinates": [ [ [ 67.883468451331737, 26.373944999042124 ], [ 67.877472451326184, 26.378722999046659 ], [ 67.87232945132132, 26.388915999056053 ], [ 67.871391451320505, 26.394860999061621 ], [ 67.872497451321578, 26.399943999066409 ], [ 67.87716645132582, 26.406499999072366 ], [ 67.882774451330988, 26.409194999074998 ], [ 67.881385451329834, 26.4071099990731 ], [ 67.877998451326675, 26.398665999065088 ], [ 67.878196451326858, 26.392610999059571 ], [ 67.880302451328816, 26.3794989990472 ], [ 67.883468451331737, 26.373944999042124 ] ] ] } },
{ "type": "Feature", "properties": { "NAME": null, "HYC_DESCRI": "Non-Perennial/Intermittent/Fluctuating" }, "geometry": { "type": "Polygon", "coordinates": [ [ [ 67.902031451349103, 26.347388999017312 ], [ 67.902114451349007, 26.352971999022657 ], [ 67.899917451347164, 26.362304999031267 ], [ 67.887611451335715, 26.375749999043819 ], [ 67.883583451331788, 26.38502699905257 ], [ 67.882415451330871, 26.391889999058776 ], [ 67.883110451331504, 26.397971999064566 ], [ 67.887947451336004, 26.406472999072321 ], [ 67.891220451338995, 26.404777999070802 ], [ 67.896774451344072, 26.398000999064607 ], [ 67.91058345135707, 26.388249999055461 ], [ 67.919136451364921, 26.36572299903446 ], [ 67.92800145137312, 26.35055499902046 ], [ 67.937500451381993, 26.339055999009588 ], [ 67.939781451384079, 26.331305999002325 ], [ 67.93663745138133, 26.325027998996575 ], [ 67.930114451375175, 26.322139998993862 ], [ 67.929473451374633, 26.335193999006151 ], [ 67.92202745136774, 26.336860999007513 ], [ 67.902031451349103, 26.347388999017312 ] ] ] } },
{ "type": "Feature", "properties": { "NAME": null, "HYC_DESCRI": "Non-Perennial/Intermittent/Fluctuating" }, "geometry": { "type": "Polygon", "coordinates": [ [ [ 68.019805451458751, 26.191388998872071 ], [ 68.01750145145661, 26.191333998872096 ], [ 68.015609451454793, 26.185637998866696 ], [ 68.017112451456114, 26.182137998863482 ], [ 68.012359451451857, 26.179666998861194 ], [ 68.006225451445971, 26.18158299886295 ], [ 67.991668451432588, 26.192277998872896 ], [ 67.980362451422025, 26.204389998884153 ], [ 67.981002451422682, 26.208554998888076 ], [ 67.98569445142698, 26.213944998893112 ], [ 67.986862451428124, 26.217637998896635 ], [ 67.996360451436885, 26.214639998893745 ], [ 68.01041445145006, 26.203027998883044 ], [ 68.022056451460912, 26.196637998877122 ], [ 68.019805451458751, 26.191388998872071 ] ] ] } },
{ "type": "Feature", "properties": { "NAME": "INDUS", "HYC_DESCRI": "Perennial/Permanent" }, "geometry": { "type": "Polygon", "coordinates": [ [ [ 68.132003451563151, 26.137193998821658 ], [ 68.130058451561354, 26.119166998804758 ], [ 68.124252451556004, 26.106082998792772 ], [ 68.12180345155366, 26.096194998783403 ], [ 68.122444451554202, 26.084082998772146 ], [ 68.120780451552719, 26.078193998766665 ], [ 68.123725451555401, 26.07283399876178 ], [ 68.148529451578497, 26.050111998740476 ], [ 68.166862451595762, 26.027194998719096 ], [ 68.176307451604544, 26.020555998713007 ], [ 68.18003045160799, 26.019610998712096 ], [ 68.185997451613503, 26.020804998713174 ], [ 68.188079451615522, 26.013555998706579 ], [ 68.204307451630484, 25.997666998691784 ], [ 68.23091845165527, 25.975194998670759 ], [ 68.234497451658626, 25.96419499866056 ], [ 68.230720451655088, 25.945304998642996 ], [ 68.23033145165482, 25.93547199863383 ], [ 68.232696451656921, 25.927388998626157 ], [ 68.236808451660863, 25.921222998620578 ], [ 68.278778451699964, 25.893498998594623 ], [ 68.299003451718818, 25.874360998576776 ], [ 68.318336451736741, 25.861499998564796 ], [ 68.327110451744829, 25.853776998557805 ], [ 68.334114451751475, 25.843720998548406 ], [ 68.33541845175273, 25.838527998543441 ], [ 68.332191451749623, 25.838861998543734 ], [ 68.307502451726577, 25.853694998557557 ], [ 68.298469451718347, 25.86141599856478 ], [ 68.294746451714673, 25.870082998572798 ], [ 68.287170451707652, 25.876582998578897 ], [ 68.245224451668719, 25.903499998604048 ], [ 68.229225451653747, 25.917165998616838 ], [ 68.222503451647526, 25.927972998626728 ], [ 68.221801451646797, 25.934833998633167 ], [ 68.228859451653307, 25.959888998656425 ], [ 68.228530451653114, 25.963221998659719 ], [ 68.221275451646306, 25.973248998668851 ], [ 68.191192451618235, 26.002971998696694 ], [ 68.182891451610658, 26.009860998703061 ], [ 68.168807451597559, 26.016999998709707 ], [ 68.155082451584803, 26.026471998718534 ], [ 68.14817045157838, 26.03316699872471 ], [ 68.135803451566744, 26.050582998740992 ], [ 68.135002451565924, 26.053498998743635 ], [ 68.123558451555255, 26.064471998754016 ], [ 68.116500451548745, 26.074943998763729 ], [ 68.114608451546928, 26.083249998771407 ], [ 68.12088745155279, 26.116832998802693 ], [ 68.126525451558109, 26.13516599881973 ], [ 68.126167451557876, 26.139138998823455 ], [ 68.122085451554085, 26.143416998827433 ], [ 68.116218451548548, 26.146165998829929 ], [ 68.10314145153643, 26.149388998833047 ], [ 68.090194451524212, 26.156138998839197 ], [ 68.079025451513871, 26.158332998841388 ], [ 68.066719451502422, 26.165944998848317 ], [ 68.052276451488979, 26.168887998851233 ], [ 68.021164451459981, 26.179110998860779 ], [ 68.017112451456114, 26.182137998863482 ], [ 68.015609451454793, 26.185637998866696 ], [ 68.01750145145661, 26.191333998872096 ], [ 68.019805451458751, 26.191388998872071 ], [ 68.022834451461449, 26.183970998865107 ], [ 68.027442451465731, 26.180388998861872 ], [ 68.054885451491373, 26.173972998855788 ], [ 68.071998451507397, 26.167748998850129 ], [ 68.089691451523777, 26.164248998846915 ], [ 68.100280451533763, 26.159526998842466 ], [ 68.117469451549596, 26.150166998833811 ], [ 68.124473451556241, 26.148276998831989 ], [ 68.130195451561576, 26.143193998827201 ], [ 68.132003451563151, 26.137193998821658 ] ] ] } },
{ "type": "Feature", "properties": { "NAME": null, "HYC_DESCRI": "Non-Perennial/Intermittent/Fluctuating" }, "geometry": { "type": "Polygon", "coordinates": [ [ [ 68.124054451555821, 26.127082998812284 ], [ 68.123138451554951, 26.128693998813787 ], [ 68.120308451552319, 26.129998998814926 ], [ 68.105888451538931, 26.127387998812537 ], [ 68.101829451535195, 26.136249998820858 ], [ 68.098167451531708, 26.140305998824488 ], [ 68.09305545152688, 26.141332998825419 ], [ 68.088912451523129, 26.14399899882801 ], [ 68.085113451519646, 26.152638998835982 ], [ 68.086692451521003, 26.156833998839829 ], [ 68.090194451524212, 26.156138998839197 ], [ 68.10314145153643, 26.149388998833047 ], [ 68.116218451548548, 26.146165998829929 ], [ 68.122085451554085, 26.143416998827433 ], [ 68.126167451557876, 26.139138998823455 ], [ 68.126525451558109, 26.13516599881973 ], [ 68.124054451555821, 26.127082998812284 ] ] ] } },
{ "type": "Feature", "properties": { "NAME": null, "HYC_DESCRI": "Non-Perennial/Intermittent/Fluctuating" }, "geometry": { "type": "Polygon", "coordinates": [ [ [ 68.363998451779253, 25.960776998657366 ], [ 68.365638451780796, 25.957055998653914 ], [ 68.353531451769413, 25.925056998624086 ], [ 68.35546845177123, 25.884360998586089 ], [ 68.356086451771944, 25.864554998567655 ], [ 68.357444451773063, 25.862304998565605 ], [ 68.357307451773067, 25.858972998562422 ], [ 68.355583451771508, 25.855943998559724 ], [ 68.352859451768836, 25.854054998558013 ], [ 68.345443451762094, 25.85574899855942 ], [ 68.339775451756623, 25.859750998563186 ], [ 68.308441451727504, 25.874944998577348 ], [ 68.304138451723475, 25.874389998576817 ], [ 68.302803451722184, 25.871833998574402 ], [ 68.299003451718818, 25.874360998576776 ], [ 68.278778451699964, 25.893498998594623 ], [ 68.236808451660863, 25.921222998620578 ], [ 68.232696451656921, 25.927388998626157 ], [ 68.23033145165482, 25.93547199863383 ], [ 68.230720451655088, 25.945304998642996 ], [ 68.234497451658626, 25.96419499866056 ], [ 68.23091845165527, 25.975194998670759 ], [ 68.204307451630484, 25.997666998691784 ], [ 68.188079451615522, 26.013555998706579 ], [ 68.185997451613503, 26.020804998713174 ], [ 68.18003045160799, 26.019610998712096 ], [ 68.176307451604544, 26.020555998713007 ], [ 68.166862451595762, 26.027194998719096 ], [ 68.148529451578497, 26.050111998740476 ], [ 68.123725451555401, 26.07283399876178 ], [ 68.120780451552719, 26.078193998766665 ], [ 68.122444451554202, 26.084082998772146 ], [ 68.12180345155366, 26.096194998783403 ], [ 68.124252451556004, 26.106082998792772 ], [ 68.130058451561354, 26.119166998804758 ], [ 68.131774451562933, 26.134944998819492 ], [ 68.139663451570414, 26.128833998813889 ], [ 68.143943451574387, 26.102527998789355 ], [ 68.154083451583801, 26.085526998773503 ], [ 68.16230745159146, 26.08136199876958 ], [ 68.188613451615993, 26.076888998765526 ], [ 68.199531451626171, 26.077109998765764 ], [ 68.210525451636386, 26.074832998763668 ], [ 68.22652445165113, 26.074471998763329 ], [ 68.237274451661278, 26.071721998760722 ], [ 68.244392451667863, 26.072331998761229 ], [ 68.255805451678498, 26.069194998758348 ], [ 68.289802451710102, 26.054944998744986 ], [ 68.307304451726395, 26.036944998728359 ], [ 68.313552451732221, 26.020555998713007 ], [ 68.32441745174242, 26.003333998696917 ], [ 68.32924645174694, 25.982999998677997 ], [ 68.33242045174984, 25.978944998674251 ], [ 68.344779451761269, 25.972304998668051 ], [ 68.358612451774206, 25.967082998663273 ], [ 68.363998451779253, 25.960776998657366 ] ] ] } },
{ "type": "Feature", "properties": { "NAME": null, "HYC_DESCRI": "Non-Perennial/Intermittent/Fluctuating" }, "geometry": { "type": "Polygon", "coordinates": [ [ [ 68.11513545154753, 26.086139998774115 ], [ 68.111556451544175, 26.088721998776464 ], [ 68.108474451541269, 26.098971998786055 ], [ 68.111137451543755, 26.111888998798122 ], [ 68.11605845154827, 26.11888899880455 ], [ 68.120636451552627, 26.118527998804211 ], [ 68.121612451553574, 26.119138998804829 ], [ 68.12088745155279, 26.116832998802693 ], [ 68.11513545154753, 26.086139998774115 ] ] ] } },
{ "type": "Feature", "properties": { "NAME": null, "HYC_DESCRI": "Non-Perennial/Intermittent/Fluctuating" }, "geometry": { "type": "Polygon", "coordinates": [ [ [ 68.365638451780796, 25.957055998653914 ], [ 68.363998451779253, 25.960776998657366 ], [ 68.365135451780361, 25.959416998656025 ], [ 68.365638451780796, 25.957055998653914 ] ] ] } },
{ "type": "Feature", "properties": { "NAME": null, "HYC_DESCRI": "Non-Perennial/Intermittent/Fluctuating" }, "geometry": { "type": "Polygon", "coordinates": [ [ [ 68.354614451770431, 25.902305998602969 ], [ 68.353531451769413, 25.925056998624086 ], [ 68.365638451780796, 25.957055998653914 ], [ 68.366302451781394, 25.953721998650735 ], [ 68.354614451770431, 25.924554998623535 ], [ 68.354614451770431, 25.902305998602969 ] ] ] } },
{ "type": "Feature", "properties": { "NAME": null, "HYC_DESCRI": "Non-Perennial/Intermittent/Fluctuating" }, "geometry": { "type": "Polygon", "coordinates": [ [ [ 68.33541845175273, 25.838527998543441 ], [ 68.340385451757356, 25.83533299854048 ], [ 68.347137451763501, 25.834167998539442 ], [ 68.349220451765405, 25.830722998536203 ], [ 68.352912451769043, 25.821944998528124 ], [ 68.36186245177737, 25.808583998515587 ], [ 68.367057451782102, 25.805915998513228 ], [ 68.375137451789669, 25.799861998507595 ], [ 68.3468624517634, 25.759665998470155 ], [ 68.332496451749876, 25.746972998458205 ], [ 68.317558451735977, 25.738860998450718 ], [ 68.316192451734651, 25.732055998444366 ], [ 68.314720451733365, 25.738749998450658 ], [ 68.29560845171568, 25.772555998481948 ], [ 68.280082451701219, 25.824555998530514 ], [ 68.267692451689527, 25.852055998556125 ], [ 68.253524451676412, 25.889609998591141 ], [ 68.245224451668719, 25.903499998604048 ], [ 68.287170451707652, 25.876582998578897 ], [ 68.294746451714673, 25.870082998572798 ], [ 68.298469451718347, 25.86141599856478 ], [ 68.307502451726577, 25.853694998557557 ], [ 68.332191451749623, 25.838861998543734 ], [ 68.33541845175273, 25.838527998543441 ] ] ] } },
{ "type": "Feature", "properties": { "NAME": null, "HYC_DESCRI": "Non-Perennial/Intermittent/Fluctuating" }, "geometry": { "type": "Polygon", "coordinates": [ [ [ 68.357444451773063, 25.862304998565605 ], [ 68.356086451771944, 25.864554998567655 ], [ 68.35546845177123, 25.884360998586089 ], [ 68.356308451772065, 25.884526998586352 ], [ 68.357803451773407, 25.869082998571912 ], [ 68.357444451773063, 25.862304998565605 ] ] ] } },
{ "type": "Feature", "properties": { "NAME": null, "HYC_DESCRI": "Non-Perennial/Intermittent/Fluctuating" }, "geometry": { "type": "Polygon", "coordinates": [ [ [ 68.34288745175968, 25.834832998540151 ], [ 68.340385451757356, 25.83533299854048 ], [ 68.33541845175273, 25.838527998543441 ], [ 68.334747451752037, 25.84116799854587 ], [ 68.336746451753925, 25.838582998543643 ], [ 68.34288745175968, 25.834832998540151 ] ] ] } },
{ "type": "Feature", "properties": { "NAME": null, "HYC_DESCRI": "Non-Perennial/Intermittent/Fluctuating" }, "geometry": { "type": "Polygon", "coordinates": [ [ [ 68.349220451765405, 25.830722998536203 ], [ 68.347137451763501, 25.834167998539442 ], [ 68.350830451767024, 25.83358399853887 ], [ 68.349220451765405, 25.830722998536203 ] ] ] } },
{ "type": "Feature", "properties": { "NAME": null, "HYC_DESCRI": "Non-Perennial/Intermittent/Fluctuating" }, "geometry": { "type": "Polygon", "coordinates": [ [ [ 68.332138451749643, 25.440110998172486 ], [ 68.32360845174162, 25.447860998179749 ], [ 68.318138451736559, 25.453999998185282 ], [ 68.314613451733294, 25.463916998194691 ], [ 68.316803451735268, 25.482165998211713 ], [ 68.321334451739631, 25.491471998220277 ], [ 68.331947451749329, 25.502500998230516 ], [ 68.336334451753601, 25.498027998226462 ], [ 68.340889451757675, 25.497666998226123 ], [ 68.365585451780817, 25.511027998238433 ], [ 68.375968451790413, 25.508498998236064 ], [ 68.380218451794462, 25.506110998233908 ], [ 68.391975451805365, 25.50597199823369 ], [ 68.396751451809678, 25.507777998235497 ], [ 68.399887451812674, 25.510777998238154 ], [ 68.402999451815504, 25.51777799824481 ], [ 68.405357451817736, 25.52791599825423 ], [ 68.402359451815073, 25.534860998260683 ], [ 68.403358451815848, 25.539693998265193 ], [ 68.401611451814233, 25.544860998269996 ], [ 68.37963845179388, 25.570638998294044 ], [ 68.375968451790413, 25.577832998300664 ], [ 68.373802451788379, 25.588443998310595 ], [ 68.374359451788905, 25.599721998321002 ], [ 68.380218451794462, 25.61930499833943 ], [ 68.385803451799575, 25.624888998344431 ], [ 68.391471451804819, 25.627944998347402 ], [ 68.414718451826502, 25.636249998355197 ], [ 68.422058451833436, 25.637055998355891 ], [ 68.437362451847548, 25.634082998353051 ], [ 68.443306451853232, 25.634665998353739 ], [ 68.447807451857216, 25.638526998357293 ], [ 68.449859451859311, 25.646722998364794 ], [ 68.462387451870882, 25.658915998376187 ], [ 68.463668451872081, 25.662305998379452 ], [ 68.463081451871631, 25.66708399838376 ], [ 68.457969451866802, 25.675332998391468 ], [ 68.451141451860394, 25.681222998397061 ], [ 68.444335451854158, 25.685222998400604 ], [ 68.435470451845731, 25.688138998403474 ], [ 68.422302451833502, 25.690110998405316 ], [ 68.388191451801731, 25.690305998405393 ], [ 68.357719451773391, 25.692248998407194 ], [ 68.346778451763157, 25.695527998410398 ], [ 68.33719645175438, 25.699887998414397 ], [ 68.326362451744217, 25.707555998421412 ], [ 68.322250451740501, 25.713916998427521 ], [ 68.321334451739631, 25.720777998433732 ], [ 68.322250451740501, 25.728526998441112 ], [ 68.325553451743417, 25.733222998445399 ], [ 68.35230245176831, 25.755610998466182 ], [ 68.358863451774596, 25.766639998476649 ], [ 68.368499451783464, 25.775861998485198 ], [ 68.370613451785403, 25.78280599849154 ], [ 68.374107451788632, 25.788138998496606 ], [ 68.396415451809389, 25.806027998513173 ], [ 68.397888451810786, 25.81063799851745 ], [ 68.393669451807, 25.816499998522886 ], [ 68.392196451805603, 25.822749998528707 ], [ 68.385414451799306, 25.829026998534573 ], [ 68.385612451799489, 25.832026998537458 ], [ 68.39952845181233, 25.833444998538653 ], [ 68.408668451820859, 25.812528998519383 ], [ 68.410499451822488, 25.799693998507337 ], [ 68.407608451819897, 25.792998998501162 ], [ 68.396972451809916, 25.782916998491601 ], [ 68.39389045180701, 25.775027998484347 ], [ 68.395835451809035, 25.767972998477717 ], [ 68.422058451833436, 25.75266699846361 ], [ 68.428886451839617, 25.742249998453872 ], [ 68.439056451849183, 25.741527998453194 ], [ 68.446197451855824, 25.749471998460649 ], [ 68.454223451863299, 25.753749998464627 ], [ 68.469612451877538, 25.755443998466035 ], [ 68.483169451890262, 25.750443998461378 ], [ 68.488052451894873, 25.747554998458781 ], [ 68.493278451899641, 25.741221998452829 ], [ 68.497558451903615, 25.720887998433909 ], [ 68.506805451912214, 25.705222998419231 ], [ 68.504417451910058, 25.698998998413572 ], [ 68.488861451895673, 25.68286099839861 ], [ 68.484947451891912, 25.676583998392744 ], [ 68.484054451891097, 25.671527998388001 ], [ 68.48619045189298, 25.667193998383937 ], [ 68.494079451900461, 25.665276998382069 ], [ 68.496223451902324, 25.661193998378394 ], [ 68.494613451900932, 25.654498998371992 ], [ 68.483863451891011, 25.648332998366413 ], [ 68.467025451875315, 25.633082998352165 ], [ 68.461692451870249, 25.633222998352267 ], [ 68.446441451856117, 25.626027998345535 ], [ 68.438362451848434, 25.624944998344517 ], [ 68.432357451843018, 25.622527998342321 ], [ 68.428947451839804, 25.617860998338074 ], [ 68.434135451844668, 25.591361998313232 ], [ 68.430809451841469, 25.562833998286806 ], [ 68.430641451841439, 25.538499998264115 ], [ 68.418304451829954, 25.505694998233594 ], [ 68.413360451825156, 25.50052799822879 ], [ 68.399582451812421, 25.495444998224002 ], [ 68.388221451801883, 25.494971998223491 ], [ 68.381080451795242, 25.496888998225359 ], [ 68.372779451787437, 25.495582998224108 ], [ 68.33908045175599, 25.479054998208767 ], [ 68.333000451750422, 25.469748998199975 ], [ 68.331695451749283, 25.461471998192337 ], [ 68.333084451750437, 25.446582998178428 ], [ 68.332138451749643, 25.440110998172486 ] ] ] } },
{ "type": "Feature", "properties": { "NAME": null, "HYC_DESCRI": "Non-Perennial/Intermittent/Fluctuating" }, "geometry": { "type": "Polygon", "coordinates": [ [ [ 68.394752451808017, 25.814750998521276 ], [ 68.394218451807319, 25.814166998520705 ], [ 68.393669451807, 25.816499998522886 ], [ 68.394752451808017, 25.814750998521276 ] ] ] } },
{ "type": "Feature", "properties": { "NAME": null, "HYC_DESCRI": "Non-Perennial/Intermittent/Fluctuating" }, "geometry": { "type": "Polygon", "coordinates": [ [ [ 68.375137451789669, 25.799861998507595 ], [ 68.367057451782102, 25.805915998513228 ], [ 68.371360451786131, 25.803721998511037 ], [ 68.375137451789669, 25.799861998507595 ] ] ] } },
{ "type": "Feature", "properties": { "NAME": null, "HYC_DESCRI": "Non-Perennial/Intermittent/Fluctuating" }, "geometry": { "type": "Polygon", "coordinates": [ [ [ 68.400527451813332, 25.639277998358011 ], [ 68.401252451813889, 25.641860998360244 ], [ 68.396247451809359, 25.659888998377028 ], [ 68.399971451812689, 25.673276998389611 ], [ 68.398307451811206, 25.679221998395178 ], [ 68.391052451804399, 25.683555998399243 ], [ 68.400886451813676, 25.681861998397608 ], [ 68.406753451818986, 25.678666998394647 ], [ 68.412498451824376, 25.671277998387723 ], [ 68.411468451823566, 25.666665998383451 ], [ 68.407280451819588, 25.668637998385293 ], [ 68.404274451816718, 25.668777998385394 ], [ 68.403640451816273, 25.66708399838376 ], [ 68.411224451823273, 25.660165998377352 ], [ 68.419387451830971, 25.64888999836694 ], [ 68.420440451831837, 25.644944998363144 ], [ 68.418693451830222, 25.641776998360228 ], [ 68.410385451822549, 25.641971998360532 ], [ 68.400527451813332, 25.639277998358011 ] ] ] } },
{ "type": "Feature", "properties": { "NAME": null, "HYC_DESCRI": "Non-Perennial/Intermittent/Fluctuating" }, "geometry": { "type": "Polygon", "coordinates": [ [ [ 68.446891451856573, 25.651610998369506 ], [ 68.44374845185348, 25.643027998361504 ], [ 68.439972451850053, 25.638944998357601 ], [ 68.430946451841692, 25.640611998359191 ], [ 68.424080451835152, 25.646304998364485 ], [ 68.414497451826264, 25.675750998392004 ], [ 68.429779451840432, 25.655526998373034 ], [ 68.437248451847381, 25.650388998368271 ], [ 68.444084451853769, 25.650304998368256 ], [ 68.446891451856573, 25.651610998369506 ] ] ] } },
{ "type": "Feature", "properties": { "NAME": null, "HYC_DESCRI": "Non-Perennial/Intermittent/Fluctuating" }, "geometry": { "type": "Polygon", "coordinates": [ [ [ 68.394836451808033, 25.507054998234707 ], [ 68.399696451812588, 25.511722998239065 ], [ 68.402725451815286, 25.517138998244263 ], [ 68.399887451812674, 25.510777998238154 ], [ 68.396751451809678, 25.507777998235497 ], [ 68.394836451808033, 25.507054998234707 ] ] ] } },
{ "type": "Feature", "properties": { "NAME": null, "HYC_DESCRI": "Non-Perennial/Intermittent/Fluctuating" }, "geometry": { "type": "Polygon", "coordinates": [ [ [ 68.387191451800845, 25.506026998233892 ], [ 68.380218451794462, 25.506110998233908 ], [ 68.375968451790413, 25.508498998236064 ], [ 68.387191451800845, 25.506026998233892 ] ] ] } },
{ "type": "Feature", "properties": { "NAME": null, "HYC_DESCRI": "Non-Perennial/Intermittent/Fluctuating" }, "geometry": { "type": "Polygon", "coordinates": [ [ [ 68.388809451802445, 25.506026998233892 ], [ 68.394836451808033, 25.507054998234707 ], [ 68.391975451805365, 25.50597199823369 ], [ 68.388809451802445, 25.506026998233892 ] ] ] } },
{ "type": "Feature", "properties": { "NAME": null, "HYC_DESCRI": "Non-Perennial/Intermittent/Fluctuating" }, "geometry": { "type": "Polygon", "coordinates": [ [ [ 68.332138451749643, 25.440110998172486 ], [ 68.326637451744546, 25.402610998137561 ], [ 68.321166451739373, 25.389415998125287 ], [ 68.316719451735253, 25.384971998121046 ], [ 68.308250451727417, 25.382054998118292 ], [ 68.306694451725889, 25.386249998122366 ], [ 68.308280451727342, 25.394027998129559 ], [ 68.320968451739191, 25.421916998155439 ], [ 68.324447451742344, 25.43619499816873 ], [ 68.32360845174162, 25.447860998179749 ], [ 68.332138451749643, 25.440110998172486 ] ] ] } },
{ "type": "Feature", "properties": { "NAME": null, "HYC_DESCRI": "Non-Perennial/Intermittent/Fluctuating" }, "geometry": { "type": "Polygon", "coordinates": [ [ [ 68.299720451719395, 25.386388998122356 ], [ 68.298751451718545, 25.387111998123146 ], [ 68.29582945171569, 25.39280499812844 ], [ 68.294998451714946, 25.414582998148717 ], [ 68.296554451716474, 25.422637998156233 ], [ 68.303054451722574, 25.435861998168548 ], [ 68.307891451727073, 25.441222998173544 ], [ 68.304252451723642, 25.427943998161027 ], [ 68.299469451719233, 25.389415998125287 ], [ 68.299720451719395, 25.386388998122356 ] ] ] } },
{ "type": "Feature", "properties": { "NAME": null, "HYC_DESCRI": "Non-Perennial/Intermittent/Fluctuating" }, "geometry": { "type": "Polygon", "coordinates": [ [ [ 68.378440451792812, 25.155415997907312 ], [ 68.341774451758511, 25.178054997928484 ], [ 68.34525245176178, 25.186889997936532 ], [ 68.348861451765288, 25.21311199796105 ], [ 68.345390451761887, 25.241944997987957 ], [ 68.342163451759006, 25.248527997993961 ], [ 68.332389451749805, 25.255443998000374 ], [ 68.331665451749132, 25.255500998000571 ], [ 68.342308451758981, 25.274609998018377 ], [ 68.349304451765647, 25.293166998035531 ], [ 68.349945451766189, 25.302138998044029 ], [ 68.34483345176136, 25.319138998059771 ], [ 68.333999451751424, 25.345138998083939 ], [ 68.340553451757387, 25.352776998091031 ], [ 68.344947451761527, 25.345776998084602 ], [ 68.359107451774662, 25.345248998084116 ], [ 68.359558451775229, 25.346360998085174 ], [ 68.363388451778746, 25.337304998076661 ], [ 68.36208345177738, 25.329249998069145 ], [ 68.36594345178105, 25.315331998056308 ], [ 68.366638451781682, 25.298610998040658 ], [ 68.363052451778458, 25.269610998013604 ], [ 68.361946451777385, 25.234500997981058 ], [ 68.36508145178027, 25.209109997957285 ], [ 68.37744145179181, 25.179305997929532 ], [ 68.38044745179468, 25.16008399791167 ], [ 68.378440451792812, 25.155415997907312 ] ] ] } },
{ "type": "Feature", "properties": { "NAME": null, "HYC_DESCRI": "Non-Perennial/Intermittent/Fluctuating" }, "geometry": { "type": "Polygon", "coordinates": [ [ [ 68.378440451792812, 25.155415997907312 ], [ 68.37566345179016, 25.148971997901299 ], [ 68.370109451784856, 25.149777997901992 ], [ 68.357750451773427, 25.160554997912186 ], [ 68.350196451766351, 25.170472997921252 ], [ 68.347610451764012, 25.172250997922902 ], [ 68.341308451758096, 25.172832997923479 ], [ 68.341194451757929, 25.177388997927665 ], [ 68.341774451758511, 25.178054997928484 ], [ 68.378440451792812, 25.155415997907312 ] ] ] } },
{ "type": "Feature", "properties": { "NAME": null, "HYC_DESCRI": "Non-Perennial/Intermittent/Fluctuating" }, "geometry": { "type": "Polygon", "coordinates": [ [ [ 68.323753451741823, 25.123805997877753 ], [ 68.321723451739899, 25.120805997875095 ], [ 68.305748451725094, 25.114276997868956 ], [ 68.301612451721212, 25.109137997864309 ], [ 68.284111451704803, 25.045693997805074 ], [ 68.275390451696694, 25.042054997801642 ], [ 68.269943451691688, 25.044110997803728 ], [ 68.270721451692452, 25.048110997807271 ], [ 68.27857945169967, 25.067304997825204 ], [ 68.282058451703051, 25.080749997837756 ], [ 68.278419451699619, 25.101527997857147 ], [ 68.278946451699994, 25.107610997862821 ], [ 68.281364451702302, 25.111583997866546 ], [ 68.287414451707946, 25.112498997867306 ], [ 68.31700145173545, 25.127665997881422 ], [ 68.320053451738431, 25.126611997880445 ], [ 68.323753451741823, 25.123805997877753 ] ] ] } },
{ "type": "Feature", "properties": { "NAME": null, "HYC_DESCRI": "Non-Perennial/Intermittent/Fluctuating" }, "geometry": { "type": "Polygon", "coordinates": [ [ [ 68.182029451609878, 24.957833997723355 ], [ 68.153274451583002, 24.954165997719883 ], [ 68.1698304515985, 24.973193997737553 ], [ 68.181114451608892, 24.988721997752009 ], [ 68.183944451611524, 24.987304997750698 ], [ 68.18663745161416, 24.980943997744816 ], [ 68.187500451614824, 24.977082997741263 ], [ 68.185081451612632, 24.963944997728959 ], [ 68.182029451609878, 24.957833997723355 ] ] ] } },
{ "type": "Feature", "properties": { "NAME": null, "HYC_DESCRI": "Non-Perennial/Intermittent/Fluctuating" }, "geometry": { "type": "Polygon", "coordinates": [ [ [ 68.143524451573967, 24.86919399764065 ], [ 68.143417451573896, 24.870194997641647 ], [ 68.130249451561667, 24.894889997664677 ], [ 68.125724451557289, 24.901027997670326 ], [ 68.120864451552734, 24.904443997673525 ], [ 68.131858451563176, 24.932027997699151 ], [ 68.142440451572838, 24.941777997708414 ], [ 68.153274451583002, 24.954165997719883 ], [ 68.182029451609878, 24.957833997723355 ], [ 68.178169451606209, 24.950026997716122 ], [ 68.166969451595833, 24.935805997702801 ], [ 68.16144545159068, 24.926026997693725 ], [ 68.159690451589086, 24.906499997675382 ], [ 68.160614451589936, 24.89116699766123 ], [ 68.165832451594724, 24.874999997646228 ], [ 68.163971451592943, 24.869222997640691 ], [ 68.148696451578871, 24.86727699763901 ], [ 68.143524451573967, 24.86919399764065 ] ] ] } },
{ "type": "Feature", "properties": { "NAME": null, "HYC_DESCRI": "Non-Perennial/Intermittent/Fluctuating" }, "geometry": { "type": "Polygon", "coordinates": [ [ [ 68.095664451529274, 24.868443997640043 ], [ 68.093582451527482, 24.869248997640852 ], [ 68.075584451510622, 24.873776997645109 ], [ 68.071441451506871, 24.873611997644957 ], [ 68.076690451511695, 24.889277997659519 ], [ 68.083358451517825, 24.893554997663387 ], [ 68.086670451521059, 24.892470997662485 ], [ 68.092392451526393, 24.886832997657166 ], [ 68.095886451529623, 24.877305997648364 ], [ 68.095664451529274, 24.868443997640043 ] ] ] } },
{ "type": "Feature", "properties": { "NAME": null, "HYC_DESCRI": "Non-Perennial/Intermittent/Fluctuating" }, "geometry": { "type": "Polygon", "coordinates": [ [ [ 68.019920451458802, 24.700110997483307 ], [ 68.015167451454317, 24.699777997482897 ], [ 68.011558451451037, 24.70313799748601 ], [ 68.013725451452956, 24.716027997498031 ], [ 68.012527451451888, 24.722194997503721 ], [ 68.018501451457496, 24.724166997505563 ], [ 68.037109451474862, 24.740666997520975 ], [ 68.039642451477221, 24.740027997520428 ], [ 68.040802451478385, 24.735000997515726 ], [ 68.035697451473425, 24.719748997501483 ], [ 68.025329451463904, 24.704139997487118 ], [ 68.019920451458802, 24.700110997483307 ] ] ] } }
]
}
